ISO-10303-21;
HEADER;
FILE_DESCRIPTION(('Open CASCADE Model'),'2;1');
FILE_NAME('Open CASCADE Shape Model','2026-09-09T12:14:11',('Author'),(
    'Open CASCADE'),'Open CASCADE STEP processor 7.9','Open CASCADE 7.9'
  ,'Unknown');
FILE_SCHEMA(('AUTOMOTIVE_DESIGN { 1 0 10303 214 1 1 1 1 }'));
ENDSEC;
DATA;
#1 = APPLICATION_PROTOCOL_DEFINITION('international standard',
  'automotive_design',2000,#2);
#2 = APPLICATION_CONTEXT(
  'core data for automotive mechanical design processes');
#3 = SHAPE_DEFINITION_REPRESENTATION(#4,#10);
#4 = PRODUCT_DEFINITION_SHAPE('','',#5);
#5 = PRODUCT_DEFINITION('design','',#6,#9);
#6 = PRODUCT_DEFINITION_FORMATION('','',#7);
#7 = PRODUCT('Open CASCADE STEP translator 7.9 2',
  'Open CASCADE STEP translator 7.9 2','',(#8));
#8 = PRODUCT_CONTEXT('',#2,'mechanical');
#9 = PRODUCT_DEFINITION_CONTEXT('part definition',#2,'design');
#10 = ADVANCED_BREP_SHAPE_REPRESENTATION('',(#11,#15),#2169);
#11 = AXIS2_PLACEMENT_3D('',#12,#13,#14);
#12 = CARTESIAN_POINT('',(0.,0.,0.));
#13 = DIRECTION('',(0.,0.,1.));
#14 = DIRECTION('',(1.,0.,-0.));
#15 = MANIFOLD_SOLID_BREP('',#16);
#16 = CLOSED_SHELL('',(#17,#137,#633,#688,#723,#773,#828,#863,#913,#988,
    #1320,#1396,#1467,#1494,#1521,#1528,#1554,#1581,#1608,#1635,#1662,
    #1688,#1714,#1741,#1748,#1819,#1869,#1918,#2037,#2092,#2096,#2151,
    #2155,#2162));
#17 = ADVANCED_FACE('',(#18),#32,.F.);
#18 = FACE_BOUND('',#19,.F.);
#19 = EDGE_LOOP('',(#20,#55,#83,#111));
#20 = ORIENTED_EDGE('',*,*,#21,.T.);
#21 = EDGE_CURVE('',#22,#24,#26,.T.);
#22 = VERTEX_POINT('',#23);
#23 = CARTESIAN_POINT('',(-9.1,-22.5,-10.));
#24 = VERTEX_POINT('',#25);
#25 = CARTESIAN_POINT('',(-9.1,-22.5,-6.2));
#26 = SURFACE_CURVE('',#27,(#31,#43),.PCURVE_S1.);
#27 = LINE('',#28,#29);
#28 = CARTESIAN_POINT('',(-9.1,-22.5,-10.));
#29 = VECTOR('',#30,1.);
#30 = DIRECTION('',(0.,0.,1.));
#31 = PCURVE('',#32,#37);
#32 = PLANE('',#33);
#33 = AXIS2_PLACEMENT_3D('',#34,#35,#36);
#34 = CARTESIAN_POINT('',(-9.1,-22.5,-10.));
#35 = DIRECTION('',(0.,1.,0.));
#36 = DIRECTION('',(1.,0.,0.));
#37 = DEFINITIONAL_REPRESENTATION('',(#38),#42);
#38 = LINE('',#39,#40);
#39 = CARTESIAN_POINT('',(0.,0.));
#40 = VECTOR('',#41,1.);
#41 = DIRECTION('',(0.,-1.));
#42 = ( GEOMETRIC_REPRESENTATION_CONTEXT(2) 
PARAMETRIC_REPRESENTATION_CONTEXT() REPRESENTATION_CONTEXT('2D SPACE',''
  ) );
#43 = PCURVE('',#44,#49);
#44 = CYLINDRICAL_SURFACE('',#45,3.);
#45 = AXIS2_PLACEMENT_3D('',#46,#47,#48);
#46 = CARTESIAN_POINT('',(-9.1,-19.5,-10.));
#47 = DIRECTION('',(-0.,-0.,-1.));
#48 = DIRECTION('',(-1.,0.,0.));
#49 = DEFINITIONAL_REPRESENTATION('',(#50),#54);
#50 = LINE('',#51,#52);
#51 = CARTESIAN_POINT('',(4.712388980385,0.));
#52 = VECTOR('',#53,1.);
#53 = DIRECTION('',(-0.,-1.));
#54 = ( GEOMETRIC_REPRESENTATION_CONTEXT(2) 
PARAMETRIC_REPRESENTATION_CONTEXT() REPRESENTATION_CONTEXT('2D SPACE',''
  ) );
#55 = ORIENTED_EDGE('',*,*,#56,.T.);
#56 = EDGE_CURVE('',#24,#57,#59,.T.);
#57 = VERTEX_POINT('',#58);
#58 = CARTESIAN_POINT('',(9.1,-22.5,-6.2));
#59 = SURFACE_CURVE('',#60,(#64,#71),.PCURVE_S1.);
#60 = LINE('',#61,#62);
#61 = CARTESIAN_POINT('',(-9.1,-22.5,-6.2));
#62 = VECTOR('',#63,1.);
#63 = DIRECTION('',(1.,0.,0.));
#64 = PCURVE('',#32,#65);
#65 = DEFINITIONAL_REPRESENTATION('',(#66),#70);
#66 = LINE('',#67,#68);
#67 = CARTESIAN_POINT('',(0.,-3.8));
#68 = VECTOR('',#69,1.);
#69 = DIRECTION('',(1.,0.));
#70 = ( GEOMETRIC_REPRESENTATION_CONTEXT(2) 
PARAMETRIC_REPRESENTATION_CONTEXT() REPRESENTATION_CONTEXT('2D SPACE',''
  ) );
#71 = PCURVE('',#72,#77);
#72 = PLANE('',#73);
#73 = AXIS2_PLACEMENT_3D('',#74,#75,#76);
#74 = CARTESIAN_POINT('',(0.,-2.26605589232,-6.2));
#75 = DIRECTION('',(0.,0.,1.));
#76 = DIRECTION('',(1.,0.,0.));
#77 = DEFINITIONAL_REPRESENTATION('',(#78),#82);
#78 = LINE('',#79,#80);
#79 = CARTESIAN_POINT('',(-9.1,-20.23394410768));
#80 = VECTOR('',#81,1.);
#81 = DIRECTION('',(1.,0.));
#82 = ( GEOMETRIC_REPRESENTATION_CONTEXT(2) 
PARAMETRIC_REPRESENTATION_CONTEXT() REPRESENTATION_CONTEXT('2D SPACE',''
  ) );
#83 = ORIENTED_EDGE('',*,*,#84,.F.);
#84 = EDGE_CURVE('',#85,#57,#87,.T.);
#85 = VERTEX_POINT('',#86);
#86 = CARTESIAN_POINT('',(9.1,-22.5,-10.));
#87 = SURFACE_CURVE('',#88,(#92,#99),.PCURVE_S1.);
#88 = LINE('',#89,#90);
#89 = CARTESIAN_POINT('',(9.1,-22.5,-10.));
#90 = VECTOR('',#91,1.);
#91 = DIRECTION('',(0.,0.,1.));
#92 = PCURVE('',#32,#93);
#93 = DEFINITIONAL_REPRESENTATION('',(#94),#98);
#94 = LINE('',#95,#96);
#95 = CARTESIAN_POINT('',(18.2,0.));
#96 = VECTOR('',#97,1.);
#97 = DIRECTION('',(0.,-1.));
#98 = ( GEOMETRIC_REPRESENTATION_CONTEXT(2) 
PARAMETRIC_REPRESENTATION_CONTEXT() REPRESENTATION_CONTEXT('2D SPACE',''
  ) );
#99 = PCURVE('',#100,#105);
#100 = CYLINDRICAL_SURFACE('',#101,3.);
#101 = AXIS2_PLACEMENT_3D('',#102,#103,#104);
#102 = CARTESIAN_POINT('',(9.1,-19.5,-10.));
#103 = DIRECTION('',(-0.,-0.,-1.));
#104 = DIRECTION('',(5.921189464668E-16,-1.,0.));
#105 = DEFINITIONAL_REPRESENTATION('',(#106),#110);
#106 = LINE('',#107,#108);
#107 = CARTESIAN_POINT('',(6.28318530718,0.));
#108 = VECTOR('',#109,1.);
#109 = DIRECTION('',(-0.,-1.));
#110 = ( GEOMETRIC_REPRESENTATION_CONTEXT(2) 
PARAMETRIC_REPRESENTATION_CONTEXT() REPRESENTATION_CONTEXT('2D SPACE',''
  ) );
#111 = ORIENTED_EDGE('',*,*,#112,.F.);
#112 = EDGE_CURVE('',#22,#85,#113,.T.);
#113 = SURFACE_CURVE('',#114,(#118,#125),.PCURVE_S1.);
#114 = LINE('',#115,#116);
#115 = CARTESIAN_POINT('',(-9.1,-22.5,-10.));
#116 = VECTOR('',#117,1.);
#117 = DIRECTION('',(1.,0.,0.));
#118 = PCURVE('',#32,#119);
#119 = DEFINITIONAL_REPRESENTATION('',(#120),#124);
#120 = LINE('',#121,#122);
#121 = CARTESIAN_POINT('',(0.,0.));
#122 = VECTOR('',#123,1.);
#123 = DIRECTION('',(1.,0.));
#124 = ( GEOMETRIC_REPRESENTATION_CONTEXT(2) 
PARAMETRIC_REPRESENTATION_CONTEXT() REPRESENTATION_CONTEXT('2D SPACE',''
  ) );
#125 = PCURVE('',#126,#131);
#126 = PLANE('',#127);
#127 = AXIS2_PLACEMENT_3D('',#128,#129,#130);
#128 = CARTESIAN_POINT('',(0.,-2.26605589232,-10.));
#129 = DIRECTION('',(0.,0.,1.));
#130 = DIRECTION('',(1.,0.,0.));
#131 = DEFINITIONAL_REPRESENTATION('',(#132),#136);
#132 = LINE('',#133,#134);
#133 = CARTESIAN_POINT('',(-9.1,-20.23394410768));
#134 = VECTOR('',#135,1.);
#135 = DIRECTION('',(1.,0.));
#136 = ( GEOMETRIC_REPRESENTATION_CONTEXT(2) 
PARAMETRIC_REPRESENTATION_CONTEXT() REPRESENTATION_CONTEXT('2D SPACE',''
  ) );
#137 = ADVANCED_FACE('',(#138,#272,#571,#602),#72,.T.);
#138 = FACE_BOUND('',#139,.T.);
#139 = EDGE_LOOP('',(#140,#141,#165,#193,#222,#250));
#140 = ORIENTED_EDGE('',*,*,#56,.T.);
#141 = ORIENTED_EDGE('',*,*,#142,.T.);
#142 = EDGE_CURVE('',#57,#143,#145,.T.);
#143 = VERTEX_POINT('',#144);
#144 = CARTESIAN_POINT('',(12.1,-19.5,-6.2));
#145 = SURFACE_CURVE('',#146,(#151,#158),.PCURVE_S1.);
#146 = CIRCLE('',#147,3.);
#147 = AXIS2_PLACEMENT_3D('',#148,#149,#150);
#148 = CARTESIAN_POINT('',(9.1,-19.5,-6.2));
#149 = DIRECTION('',(-0.,0.,1.));
#150 = DIRECTION('',(5.921189464668E-16,-1.,0.));
#151 = PCURVE('',#72,#152);
#152 = DEFINITIONAL_REPRESENTATION('',(#153),#157);
#153 = CIRCLE('',#154,3.);
#154 = AXIS2_PLACEMENT_2D('',#155,#156);
#155 = CARTESIAN_POINT('',(9.1,-17.23394410768));
#156 = DIRECTION('',(5.921189464668E-16,-1.));
#157 = ( GEOMETRIC_REPRESENTATION_CONTEXT(2) 
PARAMETRIC_REPRESENTATION_CONTEXT() REPRESENTATION_CONTEXT('2D SPACE',''
  ) );
#158 = PCURVE('',#100,#159);
#159 = DEFINITIONAL_REPRESENTATION('',(#160),#164);
#160 = LINE('',#161,#162);
#161 = CARTESIAN_POINT('',(6.28318530718,-3.8));
#162 = VECTOR('',#163,1.);
#163 = DIRECTION('',(-1.,0.));
#164 = ( GEOMETRIC_REPRESENTATION_CONTEXT(2) 
PARAMETRIC_REPRESENTATION_CONTEXT() REPRESENTATION_CONTEXT('2D SPACE',''
  ) );
#165 = ORIENTED_EDGE('',*,*,#166,.T.);
#166 = EDGE_CURVE('',#143,#167,#169,.T.);
#167 = VERTEX_POINT('',#168);
#168 = CARTESIAN_POINT('',(12.1,9.9,-6.2));
#169 = SURFACE_CURVE('',#170,(#174,#181),.PCURVE_S1.);
#170 = LINE('',#171,#172);
#171 = CARTESIAN_POINT('',(12.1,-19.5,-6.2));
#172 = VECTOR('',#173,1.);
#173 = DIRECTION('',(6.042030065987E-17,1.,0.));
#174 = PCURVE('',#72,#175);
#175 = DEFINITIONAL_REPRESENTATION('',(#176),#180);
#176 = LINE('',#177,#178);
#177 = CARTESIAN_POINT('',(12.1,-17.23394410768));
#178 = VECTOR('',#179,1.);
#179 = DIRECTION('',(6.042030065987E-17,1.));
#180 = ( GEOMETRIC_REPRESENTATION_CONTEXT(2) 
PARAMETRIC_REPRESENTATION_CONTEXT() REPRESENTATION_CONTEXT('2D SPACE',''
  ) );
#181 = PCURVE('',#182,#187);
#182 = PLANE('',#183);
#183 = AXIS2_PLACEMENT_3D('',#184,#185,#186);
#184 = CARTESIAN_POINT('',(12.1,-19.5,-10.));
#185 = DIRECTION('',(-1.,6.042030065987E-17,0.));
#186 = DIRECTION('',(6.042030065987E-17,1.,0.));
#187 = DEFINITIONAL_REPRESENTATION('',(#188),#192);
#188 = LINE('',#189,#190);
#189 = CARTESIAN_POINT('',(0.,-3.8));
#190 = VECTOR('',#191,1.);
#191 = DIRECTION('',(1.,0.));
#192 = ( GEOMETRIC_REPRESENTATION_CONTEXT(2) 
PARAMETRIC_REPRESENTATION_CONTEXT() REPRESENTATION_CONTEXT('2D SPACE',''
  ) );
#193 = ORIENTED_EDGE('',*,*,#194,.T.);
#194 = EDGE_CURVE('',#167,#195,#197,.T.);
#195 = VERTEX_POINT('',#196);
#196 = CARTESIAN_POINT('',(-12.1,9.9,-6.2));
#197 = SURFACE_CURVE('',#198,(#203,#210),.PCURVE_S1.);
#198 = CIRCLE('',#199,12.1);
#199 = AXIS2_PLACEMENT_3D('',#200,#201,#202);
#200 = CARTESIAN_POINT('',(0.,9.9,-6.2));
#201 = DIRECTION('',(0.,-0.,1.));
#202 = DIRECTION('',(1.,1.468063503637E-16,0.));
#203 = PCURVE('',#72,#204);
#204 = DEFINITIONAL_REPRESENTATION('',(#205),#209);
#205 = CIRCLE('',#206,12.1);
#206 = AXIS2_PLACEMENT_2D('',#207,#208);
#207 = CARTESIAN_POINT('',(0.,12.16605589232));
#208 = DIRECTION('',(1.,1.468063503637E-16));
#209 = ( GEOMETRIC_REPRESENTATION_CONTEXT(2) 
PARAMETRIC_REPRESENTATION_CONTEXT() REPRESENTATION_CONTEXT('2D SPACE',''
  ) );
#210 = PCURVE('',#211,#216);
#211 = CYLINDRICAL_SURFACE('',#212,12.1);
#212 = AXIS2_PLACEMENT_3D('',#213,#214,#215);
#213 = CARTESIAN_POINT('',(0.,9.9,-10.));
#214 = DIRECTION('',(-0.,-0.,-1.));
#215 = DIRECTION('',(1.,1.468063503637E-16,0.));
#216 = DEFINITIONAL_REPRESENTATION('',(#217),#221);
#217 = LINE('',#218,#219);
#218 = CARTESIAN_POINT('',(6.28318530718,-3.8));
#219 = VECTOR('',#220,1.);
#220 = DIRECTION('',(-1.,0.));
#221 = ( GEOMETRIC_REPRESENTATION_CONTEXT(2) 
PARAMETRIC_REPRESENTATION_CONTEXT() REPRESENTATION_CONTEXT('2D SPACE',''
  ) );
#222 = ORIENTED_EDGE('',*,*,#223,.T.);
#223 = EDGE_CURVE('',#195,#224,#226,.T.);
#224 = VERTEX_POINT('',#225);
#225 = CARTESIAN_POINT('',(-12.1,-19.5,-6.2));
#226 = SURFACE_CURVE('',#227,(#231,#238),.PCURVE_S1.);
#227 = LINE('',#228,#229);
#228 = CARTESIAN_POINT('',(-12.1,9.9,-6.2));
#229 = VECTOR('',#230,1.);
#230 = DIRECTION('',(6.042030065987E-17,-1.,0.));
#231 = PCURVE('',#72,#232);
#232 = DEFINITIONAL_REPRESENTATION('',(#233),#237);
#233 = LINE('',#234,#235);
#234 = CARTESIAN_POINT('',(-12.1,12.16605589232));
#235 = VECTOR('',#236,1.);
#236 = DIRECTION('',(6.042030065987E-17,-1.));
#237 = ( GEOMETRIC_REPRESENTATION_CONTEXT(2) 
PARAMETRIC_REPRESENTATION_CONTEXT() REPRESENTATION_CONTEXT('2D SPACE',''
  ) );
#238 = PCURVE('',#239,#244);
#239 = PLANE('',#240);
#240 = AXIS2_PLACEMENT_3D('',#241,#242,#243);
#241 = CARTESIAN_POINT('',(-12.1,9.9,-10.));
#242 = DIRECTION('',(1.,6.042030065987E-17,0.));
#243 = DIRECTION('',(6.042030065987E-17,-1.,0.));
#244 = DEFINITIONAL_REPRESENTATION('',(#245),#249);
#245 = LINE('',#246,#247);
#246 = CARTESIAN_POINT('',(0.,-3.8));
#247 = VECTOR('',#248,1.);
#248 = DIRECTION('',(1.,0.));
#249 = ( GEOMETRIC_REPRESENTATION_CONTEXT(2) 
PARAMETRIC_REPRESENTATION_CONTEXT() REPRESENTATION_CONTEXT('2D SPACE',''
  ) );
#250 = ORIENTED_EDGE('',*,*,#251,.T.);
#251 = EDGE_CURVE('',#224,#24,#252,.T.);
#252 = SURFACE_CURVE('',#253,(#258,#265),.PCURVE_S1.);
#253 = CIRCLE('',#254,3.);
#254 = AXIS2_PLACEMENT_3D('',#255,#256,#257);
#255 = CARTESIAN_POINT('',(-9.1,-19.5,-6.2));
#256 = DIRECTION('',(0.,0.,1.));
#257 = DIRECTION('',(-1.,0.,0.));
#258 = PCURVE('',#72,#259);
#259 = DEFINITIONAL_REPRESENTATION('',(#260),#264);
#260 = CIRCLE('',#261,3.);
#261 = AXIS2_PLACEMENT_2D('',#262,#263);
#262 = CARTESIAN_POINT('',(-9.1,-17.23394410768));
#263 = DIRECTION('',(-1.,0.));
#264 = ( GEOMETRIC_REPRESENTATION_CONTEXT(2) 
PARAMETRIC_REPRESENTATION_CONTEXT() REPRESENTATION_CONTEXT('2D SPACE',''
  ) );
#265 = PCURVE('',#44,#266);
#266 = DEFINITIONAL_REPRESENTATION('',(#267),#271);
#267 = LINE('',#268,#269);
#268 = CARTESIAN_POINT('',(6.28318530718,-3.8));
#269 = VECTOR('',#270,1.);
#270 = DIRECTION('',(-1.,0.));
#271 = ( GEOMETRIC_REPRESENTATION_CONTEXT(2) 
PARAMETRIC_REPRESENTATION_CONTEXT() REPRESENTATION_CONTEXT('2D SPACE',''
  ) );
#272 = FACE_BOUND('',#273,.T.);
#273 = EDGE_LOOP('',(#274,#309,#337,#366,#394,#427,#455,#488,#516,#545)
  );
#274 = ORIENTED_EDGE('',*,*,#275,.T.);
#275 = EDGE_CURVE('',#276,#278,#280,.T.);
#276 = VERTEX_POINT('',#277);
#277 = CARTESIAN_POINT('',(-10.1,9.9,-6.2));
#278 = VERTEX_POINT('',#279);
#279 = CARTESIAN_POINT('',(10.1,9.9,-6.2));
#280 = SURFACE_CURVE('',#281,(#286,#297),.PCURVE_S1.);
#281 = CIRCLE('',#282,10.1);
#282 = AXIS2_PLACEMENT_3D('',#283,#284,#285);
#283 = CARTESIAN_POINT('',(0.,9.9,-6.2));
#284 = DIRECTION('',(0.,0.,-1.));
#285 = DIRECTION('',(1.,1.758769147921E-16,0.));
#286 = PCURVE('',#72,#287);
#287 = DEFINITIONAL_REPRESENTATION('',(#288),#296);
#288 = ( BOUNDED_CURVE() B_SPLINE_CURVE(2,(#289,#290,#291,#292,#293,#294
,#295),.UNSPECIFIED.,.T.,.F.) B_SPLINE_CURVE_WITH_KNOTS((1,2,2,2,2,1),(
    -2.094395102393,0.,2.094395102393,4.188790204786,6.28318530718,
8.377580409573),.UNSPECIFIED.) CURVE() GEOMETRIC_REPRESENTATION_ITEM() 
RATIONAL_B_SPLINE_CURVE((1.,0.5,1.,0.5,1.,0.5,1.)) REPRESENTATION_ITEM(
  '') );
#289 = CARTESIAN_POINT('',(10.1,12.16605589232));
#290 = CARTESIAN_POINT('',(10.1,-5.327657264126));
#291 = CARTESIAN_POINT('',(-5.05,3.419199314097));
#292 = CARTESIAN_POINT('',(-20.2,12.16605589232));
#293 = CARTESIAN_POINT('',(-5.05,20.912912470543));
#294 = CARTESIAN_POINT('',(10.1,29.659769048766));
#295 = CARTESIAN_POINT('',(10.1,12.16605589232));
#296 = ( GEOMETRIC_REPRESENTATION_CONTEXT(2) 
PARAMETRIC_REPRESENTATION_CONTEXT() REPRESENTATION_CONTEXT('2D SPACE',''
  ) );
#297 = PCURVE('',#298,#303);
#298 = CYLINDRICAL_SURFACE('',#299,10.1);
#299 = AXIS2_PLACEMENT_3D('',#300,#301,#302);
#300 = CARTESIAN_POINT('',(0.,9.9,-8.4));
#301 = DIRECTION('',(-0.,-0.,-1.));
#302 = DIRECTION('',(1.,1.758769147921E-16,0.));
#303 = DEFINITIONAL_REPRESENTATION('',(#304),#308);
#304 = LINE('',#305,#306);
#305 = CARTESIAN_POINT('',(-4.138911435803E-13,-2.2));
#306 = VECTOR('',#307,1.);
#307 = DIRECTION('',(1.,-0.));
#308 = ( GEOMETRIC_REPRESENTATION_CONTEXT(2) 
PARAMETRIC_REPRESENTATION_CONTEXT() REPRESENTATION_CONTEXT('2D SPACE',''
  ) );
#309 = ORIENTED_EDGE('',*,*,#310,.T.);
#310 = EDGE_CURVE('',#278,#311,#313,.T.);
#311 = VERTEX_POINT('',#312);
#312 = CARTESIAN_POINT('',(10.1,-13.99600319489,-6.2));
#313 = SURFACE_CURVE('',#314,(#318,#325),.PCURVE_S1.);
#314 = LINE('',#315,#316);
#315 = CARTESIAN_POINT('',(10.1,-10.88302794616,-6.2));
#316 = VECTOR('',#317,1.);
#317 = DIRECTION('',(0.,-1.,0.));
#318 = PCURVE('',#72,#319);
#319 = DEFINITIONAL_REPRESENTATION('',(#320),#324);
#320 = LINE('',#321,#322);
#321 = CARTESIAN_POINT('',(10.1,-8.61697205384));
#322 = VECTOR('',#323,1.);
#323 = DIRECTION('',(0.,-1.));
#324 = ( GEOMETRIC_REPRESENTATION_CONTEXT(2) 
PARAMETRIC_REPRESENTATION_CONTEXT() REPRESENTATION_CONTEXT('2D SPACE',''
  ) );
#325 = PCURVE('',#326,#331);
#326 = PLANE('',#327);
#327 = AXIS2_PLACEMENT_3D('',#328,#329,#330);
#328 = CARTESIAN_POINT('',(10.1,-19.5,-8.4));
#329 = DIRECTION('',(-1.,0.,0.));
#330 = DIRECTION('',(0.,1.,0.));
#331 = DEFINITIONAL_REPRESENTATION('',(#332),#336);
#332 = LINE('',#333,#334);
#333 = CARTESIAN_POINT('',(8.61697205384,-2.2));
#334 = VECTOR('',#335,1.);
#335 = DIRECTION('',(-1.,0.));
#336 = ( GEOMETRIC_REPRESENTATION_CONTEXT(2) 
PARAMETRIC_REPRESENTATION_CONTEXT() REPRESENTATION_CONTEXT('2D SPACE',''
  ) );
#337 = ORIENTED_EDGE('',*,*,#338,.T.);
#338 = EDGE_CURVE('',#311,#339,#341,.T.);
#339 = VERTEX_POINT('',#340);
#340 = CARTESIAN_POINT('',(10.1,-19.00399680511,-6.2));
#341 = SURFACE_CURVE('',#342,(#347,#354),.PCURVE_S1.);
#342 = CIRCLE('',#343,3.4);
#343 = AXIS2_PLACEMENT_3D('',#344,#345,#346);
#344 = CARTESIAN_POINT('',(7.8,-16.5,-6.2));
#345 = DIRECTION('',(0.,0.,1.));
#346 = DIRECTION('',(1.,0.,0.));
#347 = PCURVE('',#72,#348);
#348 = DEFINITIONAL_REPRESENTATION('',(#349),#353);
#349 = CIRCLE('',#350,3.4);
#350 = AXIS2_PLACEMENT_2D('',#351,#352);
#351 = CARTESIAN_POINT('',(7.8,-14.23394410768));
#352 = DIRECTION('',(1.,0.));
#353 = ( GEOMETRIC_REPRESENTATION_CONTEXT(2) 
PARAMETRIC_REPRESENTATION_CONTEXT() REPRESENTATION_CONTEXT('2D SPACE',''
  ) );
#354 = PCURVE('',#355,#360);
#355 = CYLINDRICAL_SURFACE('',#356,3.4);
#356 = AXIS2_PLACEMENT_3D('',#357,#358,#359);
#357 = CARTESIAN_POINT('',(7.8,-16.5,-8.4));
#358 = DIRECTION('',(0.,0.,1.));
#359 = DIRECTION('',(1.,0.,0.));
#360 = DEFINITIONAL_REPRESENTATION('',(#361),#365);
#361 = LINE('',#362,#363);
#362 = CARTESIAN_POINT('',(0.,2.2));
#363 = VECTOR('',#364,1.);
#364 = DIRECTION('',(1.,0.));
#365 = ( GEOMETRIC_REPRESENTATION_CONTEXT(2) 
PARAMETRIC_REPRESENTATION_CONTEXT() REPRESENTATION_CONTEXT('2D SPACE',''
  ) );
#366 = ORIENTED_EDGE('',*,*,#367,.T.);
#367 = EDGE_CURVE('',#339,#368,#370,.T.);
#368 = VERTEX_POINT('',#369);
#369 = CARTESIAN_POINT('',(10.1,-19.5,-6.2));
#370 = SURFACE_CURVE('',#371,(#375,#382),.PCURVE_S1.);
#371 = LINE('',#372,#373);
#372 = CARTESIAN_POINT('',(10.1,-10.88302794616,-6.2));
#373 = VECTOR('',#374,1.);
#374 = DIRECTION('',(0.,-1.,0.));
#375 = PCURVE('',#72,#376);
#376 = DEFINITIONAL_REPRESENTATION('',(#377),#381);
#377 = LINE('',#378,#379);
#378 = CARTESIAN_POINT('',(10.1,-8.61697205384));
#379 = VECTOR('',#380,1.);
#380 = DIRECTION('',(0.,-1.));
#381 = ( GEOMETRIC_REPRESENTATION_CONTEXT(2) 
PARAMETRIC_REPRESENTATION_CONTEXT() REPRESENTATION_CONTEXT('2D SPACE',''
  ) );
#382 = PCURVE('',#383,#388);
#383 = PLANE('',#384);
#384 = AXIS2_PLACEMENT_3D('',#385,#386,#387);
#385 = CARTESIAN_POINT('',(10.1,-19.5,-8.4));
#386 = DIRECTION('',(-1.,0.,0.));
#387 = DIRECTION('',(0.,1.,0.));
#388 = DEFINITIONAL_REPRESENTATION('',(#389),#393);
#389 = LINE('',#390,#391);
#390 = CARTESIAN_POINT('',(8.61697205384,-2.2));
#391 = VECTOR('',#392,1.);
#392 = DIRECTION('',(-1.,0.));
#393 = ( GEOMETRIC_REPRESENTATION_CONTEXT(2) 
PARAMETRIC_REPRESENTATION_CONTEXT() REPRESENTATION_CONTEXT('2D SPACE',''
  ) );
#394 = ORIENTED_EDGE('',*,*,#395,.T.);
#395 = EDGE_CURVE('',#368,#396,#398,.T.);
#396 = VERTEX_POINT('',#397);
#397 = CARTESIAN_POINT('',(9.1,-20.5,-6.2));
#398 = SURFACE_CURVE('',#399,(#404,#415),.PCURVE_S1.);
#399 = CIRCLE('',#400,1.);
#400 = AXIS2_PLACEMENT_3D('',#401,#402,#403);
#401 = CARTESIAN_POINT('',(9.1,-19.5,-6.2));
#402 = DIRECTION('',(-0.,-0.,-1.));
#403 = DIRECTION('',(0.,-1.,0.));
#404 = PCURVE('',#72,#405);
#405 = DEFINITIONAL_REPRESENTATION('',(#406),#414);
#406 = ( BOUNDED_CURVE() B_SPLINE_CURVE(2,(#407,#408,#409,#410,#411,#412
,#413),.UNSPECIFIED.,.T.,.F.) B_SPLINE_CURVE_WITH_KNOTS((1,2,2,2,2,1),(
    -2.094395102393,0.,2.094395102393,4.188790204786,6.28318530718,
8.377580409573),.UNSPECIFIED.) CURVE() GEOMETRIC_REPRESENTATION_ITEM() 
RATIONAL_B_SPLINE_CURVE((1.,0.5,1.,0.5,1.,0.5,1.)) REPRESENTATION_ITEM(
  '') );
#407 = CARTESIAN_POINT('',(9.1,-18.23394410768));
#408 = CARTESIAN_POINT('',(7.367949192431,-18.23394410768));
#409 = CARTESIAN_POINT('',(8.233974596216,-16.73394410768));
#410 = CARTESIAN_POINT('',(9.1,-15.23394410768));
#411 = CARTESIAN_POINT('',(9.966025403784,-16.73394410768));
#412 = CARTESIAN_POINT('',(10.832050807569,-18.23394410768));
#413 = CARTESIAN_POINT('',(9.1,-18.23394410768));
#414 = ( GEOMETRIC_REPRESENTATION_CONTEXT(2) 
PARAMETRIC_REPRESENTATION_CONTEXT() REPRESENTATION_CONTEXT('2D SPACE',''
  ) );
#415 = PCURVE('',#416,#421);
#416 = CYLINDRICAL_SURFACE('',#417,1.);
#417 = AXIS2_PLACEMENT_3D('',#418,#419,#420);
#418 = CARTESIAN_POINT('',(9.1,-19.5,-8.4));
#419 = DIRECTION('',(-0.,-0.,-1.));
#420 = DIRECTION('',(0.,-1.,0.));
#421 = DEFINITIONAL_REPRESENTATION('',(#422),#426);
#422 = LINE('',#423,#424);
#423 = CARTESIAN_POINT('',(-4.138911435803E-13,-2.2));
#424 = VECTOR('',#425,1.);
#425 = DIRECTION('',(1.,-0.));
#426 = ( GEOMETRIC_REPRESENTATION_CONTEXT(2) 
PARAMETRIC_REPRESENTATION_CONTEXT() REPRESENTATION_CONTEXT('2D SPACE',''
  ) );
#427 = ORIENTED_EDGE('',*,*,#428,.T.);
#428 = EDGE_CURVE('',#396,#429,#431,.T.);
#429 = VERTEX_POINT('',#430);
#430 = CARTESIAN_POINT('',(-9.1,-20.5,-6.2));
#431 = SURFACE_CURVE('',#432,(#436,#443),.PCURVE_S1.);
#432 = LINE('',#433,#434);
#433 = CARTESIAN_POINT('',(-4.55,-20.5,-6.2));
#434 = VECTOR('',#435,1.);
#435 = DIRECTION('',(-1.,0.,0.));
#436 = PCURVE('',#72,#437);
#437 = DEFINITIONAL_REPRESENTATION('',(#438),#442);
#438 = LINE('',#439,#440);
#439 = CARTESIAN_POINT('',(-4.55,-18.23394410768));
#440 = VECTOR('',#441,1.);
#441 = DIRECTION('',(-1.,0.));
#442 = ( GEOMETRIC_REPRESENTATION_CONTEXT(2) 
PARAMETRIC_REPRESENTATION_CONTEXT() REPRESENTATION_CONTEXT('2D SPACE',''
  ) );
#443 = PCURVE('',#444,#449);
#444 = PLANE('',#445);
#445 = AXIS2_PLACEMENT_3D('',#446,#447,#448);
#446 = CARTESIAN_POINT('',(-9.1,-20.5,-8.4));
#447 = DIRECTION('',(0.,1.,0.));
#448 = DIRECTION('',(1.,0.,0.));
#449 = DEFINITIONAL_REPRESENTATION('',(#450),#454);
#450 = LINE('',#451,#452);
#451 = CARTESIAN_POINT('',(4.55,-2.2));
#452 = VECTOR('',#453,1.);
#453 = DIRECTION('',(-1.,0.));
#454 = ( GEOMETRIC_REPRESENTATION_CONTEXT(2) 
PARAMETRIC_REPRESENTATION_CONTEXT() REPRESENTATION_CONTEXT('2D SPACE',''
  ) );
#455 = ORIENTED_EDGE('',*,*,#456,.T.);
#456 = EDGE_CURVE('',#429,#457,#459,.T.);
#457 = VERTEX_POINT('',#458);
#458 = CARTESIAN_POINT('',(-10.1,-19.5,-6.2));
#459 = SURFACE_CURVE('',#460,(#465,#476),.PCURVE_S1.);
#460 = CIRCLE('',#461,1.);
#461 = AXIS2_PLACEMENT_3D('',#462,#463,#464);
#462 = CARTESIAN_POINT('',(-9.1,-19.5,-6.2));
#463 = DIRECTION('',(-0.,0.,-1.));
#464 = DIRECTION('',(-1.,-3.5527136788E-15,0.));
#465 = PCURVE('',#72,#466);
#466 = DEFINITIONAL_REPRESENTATION('',(#467),#475);
#467 = ( BOUNDED_CURVE() B_SPLINE_CURVE(2,(#468,#469,#470,#471,#472,#473
,#474),.UNSPECIFIED.,.T.,.F.) B_SPLINE_CURVE_WITH_KNOTS((1,2,2,2,2,1),(
    -2.094395102393,0.,2.094395102393,4.188790204786,6.28318530718,
8.377580409573),.UNSPECIFIED.) CURVE() GEOMETRIC_REPRESENTATION_ITEM() 
RATIONAL_B_SPLINE_CURVE((1.,0.5,1.,0.5,1.,0.5,1.)) REPRESENTATION_ITEM(
  '') );
#468 = CARTESIAN_POINT('',(-10.1,-17.23394410768));
#469 = CARTESIAN_POINT('',(-10.1,-15.50189330011));
#470 = CARTESIAN_POINT('',(-8.6,-16.36791870389));
#471 = CARTESIAN_POINT('',(-7.1,-17.23394410768));
#472 = CARTESIAN_POINT('',(-8.6,-18.09996951146));
#473 = CARTESIAN_POINT('',(-10.1,-18.96599491524));
#474 = CARTESIAN_POINT('',(-10.1,-17.23394410768));
#475 = ( GEOMETRIC_REPRESENTATION_CONTEXT(2) 
PARAMETRIC_REPRESENTATION_CONTEXT() REPRESENTATION_CONTEXT('2D SPACE',''
  ) );
#476 = PCURVE('',#477,#482);
#477 = CYLINDRICAL_SURFACE('',#478,1.);
#478 = AXIS2_PLACEMENT_3D('',#479,#480,#481);
#479 = CARTESIAN_POINT('',(-9.1,-19.5,-8.4));
#480 = DIRECTION('',(-0.,-0.,-1.));
#481 = DIRECTION('',(-1.,-3.5527136788E-15,0.));
#482 = DEFINITIONAL_REPRESENTATION('',(#483),#487);
#483 = LINE('',#484,#485);
#484 = CARTESIAN_POINT('',(-4.138911435803E-13,-2.2));
#485 = VECTOR('',#486,1.);
#486 = DIRECTION('',(1.,-0.));
#487 = ( GEOMETRIC_REPRESENTATION_CONTEXT(2) 
PARAMETRIC_REPRESENTATION_CONTEXT() REPRESENTATION_CONTEXT('2D SPACE',''
  ) );
#488 = ORIENTED_EDGE('',*,*,#489,.T.);
#489 = EDGE_CURVE('',#457,#490,#492,.T.);
#490 = VERTEX_POINT('',#491);
#491 = CARTESIAN_POINT('',(-10.1,-19.00399680511,-6.2));
#492 = SURFACE_CURVE('',#493,(#497,#504),.PCURVE_S1.);
#493 = LINE('',#494,#495);
#494 = CARTESIAN_POINT('',(-10.1,3.81697205384,-6.2));
#495 = VECTOR('',#496,1.);
#496 = DIRECTION('',(-6.042030065987E-17,1.,0.));
#497 = PCURVE('',#72,#498);
#498 = DEFINITIONAL_REPRESENTATION('',(#499),#503);
#499 = LINE('',#500,#501);
#500 = CARTESIAN_POINT('',(-10.1,6.08302794616));
#501 = VECTOR('',#502,1.);
#502 = DIRECTION('',(-6.042030065987E-17,1.));
#503 = ( GEOMETRIC_REPRESENTATION_CONTEXT(2) 
PARAMETRIC_REPRESENTATION_CONTEXT() REPRESENTATION_CONTEXT('2D SPACE',''
  ) );
#504 = PCURVE('',#505,#510);
#505 = PLANE('',#506);
#506 = AXIS2_PLACEMENT_3D('',#507,#508,#509);
#507 = CARTESIAN_POINT('',(-10.1,9.9,-8.4));
#508 = DIRECTION('',(1.,6.042030065987E-17,0.));
#509 = DIRECTION('',(6.042030065987E-17,-1.,0.));
#510 = DEFINITIONAL_REPRESENTATION('',(#511),#515);
#511 = LINE('',#512,#513);
#512 = CARTESIAN_POINT('',(6.08302794616,-2.2));
#513 = VECTOR('',#514,1.);
#514 = DIRECTION('',(-1.,0.));
#515 = ( GEOMETRIC_REPRESENTATION_CONTEXT(2) 
PARAMETRIC_REPRESENTATION_CONTEXT() REPRESENTATION_CONTEXT('2D SPACE',''
  ) );
#516 = ORIENTED_EDGE('',*,*,#517,.T.);
#517 = EDGE_CURVE('',#490,#518,#520,.T.);
#518 = VERTEX_POINT('',#519);
#519 = CARTESIAN_POINT('',(-10.1,-13.99600319489,-6.2));
#520 = SURFACE_CURVE('',#521,(#526,#533),.PCURVE_S1.);
#521 = CIRCLE('',#522,3.4);
#522 = AXIS2_PLACEMENT_3D('',#523,#524,#525);
#523 = CARTESIAN_POINT('',(-7.8,-16.5,-6.2));
#524 = DIRECTION('',(0.,0.,1.));
#525 = DIRECTION('',(-0.676470588235,-0.736469648562,0.));
#526 = PCURVE('',#72,#527);
#527 = DEFINITIONAL_REPRESENTATION('',(#528),#532);
#528 = CIRCLE('',#529,3.4);
#529 = AXIS2_PLACEMENT_2D('',#530,#531);
#530 = CARTESIAN_POINT('',(-7.8,-14.23394410768));
#531 = DIRECTION('',(-0.676470588235,-0.736469648562));
#532 = ( GEOMETRIC_REPRESENTATION_CONTEXT(2) 
PARAMETRIC_REPRESENTATION_CONTEXT() REPRESENTATION_CONTEXT('2D SPACE',''
  ) );
#533 = PCURVE('',#534,#539);
#534 = CYLINDRICAL_SURFACE('',#535,3.4);
#535 = AXIS2_PLACEMENT_3D('',#536,#537,#538);
#536 = CARTESIAN_POINT('',(-7.8,-16.5,-8.4));
#537 = DIRECTION('',(0.,0.,1.));
#538 = DIRECTION('',(1.,0.,0.));
#539 = DEFINITIONAL_REPRESENTATION('',(#540),#544);
#540 = LINE('',#541,#542);
#541 = CARTESIAN_POINT('',(3.969429297053,2.2));
#542 = VECTOR('',#543,1.);
#543 = DIRECTION('',(1.,0.));
#544 = ( GEOMETRIC_REPRESENTATION_CONTEXT(2) 
PARAMETRIC_REPRESENTATION_CONTEXT() REPRESENTATION_CONTEXT('2D SPACE',''
  ) );
#545 = ORIENTED_EDGE('',*,*,#546,.T.);
#546 = EDGE_CURVE('',#518,#276,#547,.T.);
#547 = SURFACE_CURVE('',#548,(#552,#559),.PCURVE_S1.);
#548 = LINE('',#549,#550);
#549 = CARTESIAN_POINT('',(-10.1,3.81697205384,-6.2));
#550 = VECTOR('',#551,1.);
#551 = DIRECTION('',(-6.042030065987E-17,1.,0.));
#552 = PCURVE('',#72,#553);
#553 = DEFINITIONAL_REPRESENTATION('',(#554),#558);
#554 = LINE('',#555,#556);
#555 = CARTESIAN_POINT('',(-10.1,6.08302794616));
#556 = VECTOR('',#557,1.);
#557 = DIRECTION('',(-6.042030065987E-17,1.));
#558 = ( GEOMETRIC_REPRESENTATION_CONTEXT(2) 
PARAMETRIC_REPRESENTATION_CONTEXT() REPRESENTATION_CONTEXT('2D SPACE',''
  ) );
#559 = PCURVE('',#560,#565);
#560 = PLANE('',#561);
#561 = AXIS2_PLACEMENT_3D('',#562,#563,#564);
#562 = CARTESIAN_POINT('',(-10.1,9.9,-8.4));
#563 = DIRECTION('',(1.,6.042030065987E-17,0.));
#564 = DIRECTION('',(6.042030065987E-17,-1.,0.));
#565 = DEFINITIONAL_REPRESENTATION('',(#566),#570);
#566 = LINE('',#567,#568);
#567 = CARTESIAN_POINT('',(6.08302794616,-2.2));
#568 = VECTOR('',#569,1.);
#569 = DIRECTION('',(-1.,0.));
#570 = ( GEOMETRIC_REPRESENTATION_CONTEXT(2) 
PARAMETRIC_REPRESENTATION_CONTEXT() REPRESENTATION_CONTEXT('2D SPACE',''
  ) );
#571 = FACE_BOUND('',#572,.T.);
#572 = EDGE_LOOP('',(#573));
#573 = ORIENTED_EDGE('',*,*,#574,.F.);
#574 = EDGE_CURVE('',#575,#575,#577,.T.);
#575 = VERTEX_POINT('',#576);
#576 = CARTESIAN_POINT('',(-6.7,-16.5,-6.2));
#577 = SURFACE_CURVE('',#578,(#583,#590),.PCURVE_S1.);
#578 = CIRCLE('',#579,1.1);
#579 = AXIS2_PLACEMENT_3D('',#580,#581,#582);
#580 = CARTESIAN_POINT('',(-7.8,-16.5,-6.2));
#581 = DIRECTION('',(0.,0.,1.));
#582 = DIRECTION('',(1.,0.,0.));
#583 = PCURVE('',#72,#584);
#584 = DEFINITIONAL_REPRESENTATION('',(#585),#589);
#585 = CIRCLE('',#586,1.1);
#586 = AXIS2_PLACEMENT_2D('',#587,#588);
#587 = CARTESIAN_POINT('',(-7.8,-14.23394410768));
#588 = DIRECTION('',(1.,0.));
#589 = ( GEOMETRIC_REPRESENTATION_CONTEXT(2) 
PARAMETRIC_REPRESENTATION_CONTEXT() REPRESENTATION_CONTEXT('2D SPACE',''
  ) );
#590 = PCURVE('',#591,#596);
#591 = CYLINDRICAL_SURFACE('',#592,1.1);
#592 = AXIS2_PLACEMENT_3D('',#593,#594,#595);
#593 = CARTESIAN_POINT('',(-7.8,-16.5,-10.1));
#594 = DIRECTION('',(0.,0.,1.));
#595 = DIRECTION('',(1.,0.,0.));
#596 = DEFINITIONAL_REPRESENTATION('',(#597),#601);
#597 = LINE('',#598,#599);
#598 = CARTESIAN_POINT('',(0.,3.9));
#599 = VECTOR('',#600,1.);
#600 = DIRECTION('',(1.,0.));
#601 = ( GEOMETRIC_REPRESENTATION_CONTEXT(2) 
PARAMETRIC_REPRESENTATION_CONTEXT() REPRESENTATION_CONTEXT('2D SPACE',''
  ) );
#602 = FACE_BOUND('',#603,.T.);
#603 = EDGE_LOOP('',(#604));
#604 = ORIENTED_EDGE('',*,*,#605,.F.);
#605 = EDGE_CURVE('',#606,#606,#608,.T.);
#606 = VERTEX_POINT('',#607);
#607 = CARTESIAN_POINT('',(8.9,-16.5,-6.2));
#608 = SURFACE_CURVE('',#609,(#614,#621),.PCURVE_S1.);
#609 = CIRCLE('',#610,1.1);
#610 = AXIS2_PLACEMENT_3D('',#611,#612,#613);
#611 = CARTESIAN_POINT('',(7.8,-16.5,-6.2));
#612 = DIRECTION('',(0.,0.,1.));
#613 = DIRECTION('',(1.,0.,0.));
#614 = PCURVE('',#72,#615);
#615 = DEFINITIONAL_REPRESENTATION('',(#616),#620);
#616 = CIRCLE('',#617,1.1);
#617 = AXIS2_PLACEMENT_2D('',#618,#619);
#618 = CARTESIAN_POINT('',(7.8,-14.23394410768));
#619 = DIRECTION('',(1.,0.));
#620 = ( GEOMETRIC_REPRESENTATION_CONTEXT(2) 
PARAMETRIC_REPRESENTATION_CONTEXT() REPRESENTATION_CONTEXT('2D SPACE',''
  ) );
#621 = PCURVE('',#622,#627);
#622 = CYLINDRICAL_SURFACE('',#623,1.1);
#623 = AXIS2_PLACEMENT_3D('',#624,#625,#626);
#624 = CARTESIAN_POINT('',(7.8,-16.5,-10.1));
#625 = DIRECTION('',(0.,0.,1.));
#626 = DIRECTION('',(1.,0.,0.));
#627 = DEFINITIONAL_REPRESENTATION('',(#628),#632);
#628 = LINE('',#629,#630);
#629 = CARTESIAN_POINT('',(0.,3.9));
#630 = VECTOR('',#631,1.);
#631 = DIRECTION('',(1.,0.));
#632 = ( GEOMETRIC_REPRESENTATION_CONTEXT(2) 
PARAMETRIC_REPRESENTATION_CONTEXT() REPRESENTATION_CONTEXT('2D SPACE',''
  ) );
#633 = ADVANCED_FACE('',(#634),#622,.F.);
#634 = FACE_BOUND('',#635,.F.);
#635 = EDGE_LOOP('',(#636,#659,#660,#661));
#636 = ORIENTED_EDGE('',*,*,#637,.T.);
#637 = EDGE_CURVE('',#638,#606,#640,.T.);
#638 = VERTEX_POINT('',#639);
#639 = CARTESIAN_POINT('',(8.9,-16.5,-8.));
#640 = SEAM_CURVE('',#641,(#645,#652),.PCURVE_S1.);
#641 = LINE('',#642,#643);
#642 = CARTESIAN_POINT('',(8.9,-16.5,-10.1));
#643 = VECTOR('',#644,1.);
#644 = DIRECTION('',(0.,0.,1.));
#645 = PCURVE('',#622,#646);
#646 = DEFINITIONAL_REPRESENTATION('',(#647),#651);
#647 = LINE('',#648,#649);
#648 = CARTESIAN_POINT('',(6.28318530718,0.));
#649 = VECTOR('',#650,1.);
#650 = DIRECTION('',(0.,1.));
#651 = ( GEOMETRIC_REPRESENTATION_CONTEXT(2) 
PARAMETRIC_REPRESENTATION_CONTEXT() REPRESENTATION_CONTEXT('2D SPACE',''
  ) );
#652 = PCURVE('',#622,#653);
#653 = DEFINITIONAL_REPRESENTATION('',(#654),#658);
#654 = LINE('',#655,#656);
#655 = CARTESIAN_POINT('',(4.138911435803E-13,0.));
#656 = VECTOR('',#657,1.);
#657 = DIRECTION('',(0.,1.));
#658 = ( GEOMETRIC_REPRESENTATION_CONTEXT(2) 
PARAMETRIC_REPRESENTATION_CONTEXT() REPRESENTATION_CONTEXT('2D SPACE',''
  ) );
#659 = ORIENTED_EDGE('',*,*,#605,.F.);
#660 = ORIENTED_EDGE('',*,*,#637,.F.);
#661 = ORIENTED_EDGE('',*,*,#662,.T.);
#662 = EDGE_CURVE('',#638,#638,#663,.T.);
#663 = SURFACE_CURVE('',#664,(#669,#676),.PCURVE_S1.);
#664 = CIRCLE('',#665,1.1);
#665 = AXIS2_PLACEMENT_3D('',#666,#667,#668);
#666 = CARTESIAN_POINT('',(7.8,-16.5,-8.));
#667 = DIRECTION('',(0.,0.,1.));
#668 = DIRECTION('',(1.,0.,0.));
#669 = PCURVE('',#622,#670);
#670 = DEFINITIONAL_REPRESENTATION('',(#671),#675);
#671 = LINE('',#672,#673);
#672 = CARTESIAN_POINT('',(0.,2.1));
#673 = VECTOR('',#674,1.);
#674 = DIRECTION('',(1.,0.));
#675 = ( GEOMETRIC_REPRESENTATION_CONTEXT(2) 
PARAMETRIC_REPRESENTATION_CONTEXT() REPRESENTATION_CONTEXT('2D SPACE',''
  ) );
#676 = PCURVE('',#677,#682);
#677 = PLANE('',#678);
#678 = AXIS2_PLACEMENT_3D('',#679,#680,#681);
#679 = CARTESIAN_POINT('',(7.8,-16.5,-8.));
#680 = DIRECTION('',(0.,0.,1.));
#681 = DIRECTION('',(1.,0.,0.));
#682 = DEFINITIONAL_REPRESENTATION('',(#683),#687);
#683 = CIRCLE('',#684,1.1);
#684 = AXIS2_PLACEMENT_2D('',#685,#686);
#685 = CARTESIAN_POINT('',(0.,0.));
#686 = DIRECTION('',(1.,0.));
#687 = ( GEOMETRIC_REPRESENTATION_CONTEXT(2) 
PARAMETRIC_REPRESENTATION_CONTEXT() REPRESENTATION_CONTEXT('2D SPACE',''
  ) );
#688 = ADVANCED_FACE('',(#689,#720),#677,.F.);
#689 = FACE_BOUND('',#690,.F.);
#690 = EDGE_LOOP('',(#691));
#691 = ORIENTED_EDGE('',*,*,#692,.T.);
#692 = EDGE_CURVE('',#693,#693,#695,.T.);
#693 = VERTEX_POINT('',#694);
#694 = CARTESIAN_POINT('',(9.9,-16.5,-8.));
#695 = SURFACE_CURVE('',#696,(#701,#708),.PCURVE_S1.);
#696 = CIRCLE('',#697,2.1);
#697 = AXIS2_PLACEMENT_3D('',#698,#699,#700);
#698 = CARTESIAN_POINT('',(7.8,-16.5,-8.));
#699 = DIRECTION('',(0.,0.,1.));
#700 = DIRECTION('',(1.,0.,0.));
#701 = PCURVE('',#677,#702);
#702 = DEFINITIONAL_REPRESENTATION('',(#703),#707);
#703 = CIRCLE('',#704,2.1);
#704 = AXIS2_PLACEMENT_2D('',#705,#706);
#705 = CARTESIAN_POINT('',(0.,0.));
#706 = DIRECTION('',(1.,0.));
#707 = ( GEOMETRIC_REPRESENTATION_CONTEXT(2) 
PARAMETRIC_REPRESENTATION_CONTEXT() REPRESENTATION_CONTEXT('2D SPACE',''
  ) );
#708 = PCURVE('',#709,#714);
#709 = CYLINDRICAL_SURFACE('',#710,2.1);
#710 = AXIS2_PLACEMENT_3D('',#711,#712,#713);
#711 = CARTESIAN_POINT('',(7.8,-16.5,-10.01));
#712 = DIRECTION('',(0.,0.,1.));
#713 = DIRECTION('',(1.,0.,0.));
#714 = DEFINITIONAL_REPRESENTATION('',(#715),#719);
#715 = LINE('',#716,#717);
#716 = CARTESIAN_POINT('',(0.,2.01));
#717 = VECTOR('',#718,1.);
#718 = DIRECTION('',(1.,0.));
#719 = ( GEOMETRIC_REPRESENTATION_CONTEXT(2) 
PARAMETRIC_REPRESENTATION_CONTEXT() REPRESENTATION_CONTEXT('2D SPACE',''
  ) );
#720 = FACE_BOUND('',#721,.F.);
#721 = EDGE_LOOP('',(#722));
#722 = ORIENTED_EDGE('',*,*,#662,.F.);
#723 = ADVANCED_FACE('',(#724),#709,.F.);
#724 = FACE_BOUND('',#725,.F.);
#725 = EDGE_LOOP('',(#726,#749,#750,#751));
#726 = ORIENTED_EDGE('',*,*,#727,.T.);
#727 = EDGE_CURVE('',#728,#693,#730,.T.);
#728 = VERTEX_POINT('',#729);
#729 = CARTESIAN_POINT('',(9.9,-16.5,-10.));
#730 = SEAM_CURVE('',#731,(#735,#742),.PCURVE_S1.);
#731 = LINE('',#732,#733);
#732 = CARTESIAN_POINT('',(9.9,-16.5,-10.01));
#733 = VECTOR('',#734,1.);
#734 = DIRECTION('',(0.,0.,1.));
#735 = PCURVE('',#709,#736);
#736 = DEFINITIONAL_REPRESENTATION('',(#737),#741);
#737 = LINE('',#738,#739);
#738 = CARTESIAN_POINT('',(6.28318530718,0.));
#739 = VECTOR('',#740,1.);
#740 = DIRECTION('',(0.,1.));
#741 = ( GEOMETRIC_REPRESENTATION_CONTEXT(2) 
PARAMETRIC_REPRESENTATION_CONTEXT() REPRESENTATION_CONTEXT('2D SPACE',''
  ) );
#742 = PCURVE('',#709,#743);
#743 = DEFINITIONAL_REPRESENTATION('',(#744),#748);
#744 = LINE('',#745,#746);
#745 = CARTESIAN_POINT('',(4.138911435803E-13,0.));
#746 = VECTOR('',#747,1.);
#747 = DIRECTION('',(0.,1.));
#748 = ( GEOMETRIC_REPRESENTATION_CONTEXT(2) 
PARAMETRIC_REPRESENTATION_CONTEXT() REPRESENTATION_CONTEXT('2D SPACE',''
  ) );
#749 = ORIENTED_EDGE('',*,*,#692,.F.);
#750 = ORIENTED_EDGE('',*,*,#727,.F.);
#751 = ORIENTED_EDGE('',*,*,#752,.T.);
#752 = EDGE_CURVE('',#728,#728,#753,.T.);
#753 = SURFACE_CURVE('',#754,(#759,#766),.PCURVE_S1.);
#754 = CIRCLE('',#755,2.1);
#755 = AXIS2_PLACEMENT_3D('',#756,#757,#758);
#756 = CARTESIAN_POINT('',(7.8,-16.5,-10.));
#757 = DIRECTION('',(0.,0.,1.));
#758 = DIRECTION('',(1.,0.,0.));
#759 = PCURVE('',#709,#760);
#760 = DEFINITIONAL_REPRESENTATION('',(#761),#765);
#761 = LINE('',#762,#763);
#762 = CARTESIAN_POINT('',(0.,1.E-02));
#763 = VECTOR('',#764,1.);
#764 = DIRECTION('',(1.,0.));
#765 = ( GEOMETRIC_REPRESENTATION_CONTEXT(2) 
PARAMETRIC_REPRESENTATION_CONTEXT() REPRESENTATION_CONTEXT('2D SPACE',''
  ) );
#766 = PCURVE('',#126,#767);
#767 = DEFINITIONAL_REPRESENTATION('',(#768),#772);
#768 = CIRCLE('',#769,2.1);
#769 = AXIS2_PLACEMENT_2D('',#770,#771);
#770 = CARTESIAN_POINT('',(7.8,-14.23394410768));
#771 = DIRECTION('',(1.,0.));
#772 = ( GEOMETRIC_REPRESENTATION_CONTEXT(2) 
PARAMETRIC_REPRESENTATION_CONTEXT() REPRESENTATION_CONTEXT('2D SPACE',''
  ) );
#773 = ADVANCED_FACE('',(#774),#591,.F.);
#774 = FACE_BOUND('',#775,.F.);
#775 = EDGE_LOOP('',(#776,#799,#800,#801));
#776 = ORIENTED_EDGE('',*,*,#777,.T.);
#777 = EDGE_CURVE('',#778,#575,#780,.T.);
#778 = VERTEX_POINT('',#779);
#779 = CARTESIAN_POINT('',(-6.7,-16.5,-8.));
#780 = SEAM_CURVE('',#781,(#785,#792),.PCURVE_S1.);
#781 = LINE('',#782,#783);
#782 = CARTESIAN_POINT('',(-6.7,-16.5,-10.1));
#783 = VECTOR('',#784,1.);
#784 = DIRECTION('',(0.,0.,1.));
#785 = PCURVE('',#591,#786);
#786 = DEFINITIONAL_REPRESENTATION('',(#787),#791);
#787 = LINE('',#788,#789);
#788 = CARTESIAN_POINT('',(6.28318530718,0.));
#789 = VECTOR('',#790,1.);
#790 = DIRECTION('',(0.,1.));
#791 = ( GEOMETRIC_REPRESENTATION_CONTEXT(2) 
PARAMETRIC_REPRESENTATION_CONTEXT() REPRESENTATION_CONTEXT('2D SPACE',''
  ) );
#792 = PCURVE('',#591,#793);
#793 = DEFINITIONAL_REPRESENTATION('',(#794),#798);
#794 = LINE('',#795,#796);
#795 = CARTESIAN_POINT('',(4.138911435803E-13,0.));
#796 = VECTOR('',#797,1.);
#797 = DIRECTION('',(0.,1.));
#798 = ( GEOMETRIC_REPRESENTATION_CONTEXT(2) 
PARAMETRIC_REPRESENTATION_CONTEXT() REPRESENTATION_CONTEXT('2D SPACE',''
  ) );
#799 = ORIENTED_EDGE('',*,*,#574,.F.);
#800 = ORIENTED_EDGE('',*,*,#777,.F.);
#801 = ORIENTED_EDGE('',*,*,#802,.T.);
#802 = EDGE_CURVE('',#778,#778,#803,.T.);
#803 = SURFACE_CURVE('',#804,(#809,#816),.PCURVE_S1.);
#804 = CIRCLE('',#805,1.1);
#805 = AXIS2_PLACEMENT_3D('',#806,#807,#808);
#806 = CARTESIAN_POINT('',(-7.8,-16.5,-8.));
#807 = DIRECTION('',(0.,0.,1.));
#808 = DIRECTION('',(1.,0.,0.));
#809 = PCURVE('',#591,#810);
#810 = DEFINITIONAL_REPRESENTATION('',(#811),#815);
#811 = LINE('',#812,#813);
#812 = CARTESIAN_POINT('',(0.,2.1));
#813 = VECTOR('',#814,1.);
#814 = DIRECTION('',(1.,0.));
#815 = ( GEOMETRIC_REPRESENTATION_CONTEXT(2) 
PARAMETRIC_REPRESENTATION_CONTEXT() REPRESENTATION_CONTEXT('2D SPACE',''
  ) );
#816 = PCURVE('',#817,#822);
#817 = PLANE('',#818);
#818 = AXIS2_PLACEMENT_3D('',#819,#820,#821);
#819 = CARTESIAN_POINT('',(-7.8,-16.5,-8.));
#820 = DIRECTION('',(0.,0.,1.));
#821 = DIRECTION('',(1.,0.,0.));
#822 = DEFINITIONAL_REPRESENTATION('',(#823),#827);
#823 = CIRCLE('',#824,1.1);
#824 = AXIS2_PLACEMENT_2D('',#825,#826);
#825 = CARTESIAN_POINT('',(0.,0.));
#826 = DIRECTION('',(1.,0.));
#827 = ( GEOMETRIC_REPRESENTATION_CONTEXT(2) 
PARAMETRIC_REPRESENTATION_CONTEXT() REPRESENTATION_CONTEXT('2D SPACE',''
  ) );
#828 = ADVANCED_FACE('',(#829,#860),#817,.F.);
#829 = FACE_BOUND('',#830,.F.);
#830 = EDGE_LOOP('',(#831));
#831 = ORIENTED_EDGE('',*,*,#832,.T.);
#832 = EDGE_CURVE('',#833,#833,#835,.T.);
#833 = VERTEX_POINT('',#834);
#834 = CARTESIAN_POINT('',(-5.7,-16.5,-8.));
#835 = SURFACE_CURVE('',#836,(#841,#848),.PCURVE_S1.);
#836 = CIRCLE('',#837,2.1);
#837 = AXIS2_PLACEMENT_3D('',#838,#839,#840);
#838 = CARTESIAN_POINT('',(-7.8,-16.5,-8.));
#839 = DIRECTION('',(0.,0.,1.));
#840 = DIRECTION('',(1.,0.,0.));
#841 = PCURVE('',#817,#842);
#842 = DEFINITIONAL_REPRESENTATION('',(#843),#847);
#843 = CIRCLE('',#844,2.1);
#844 = AXIS2_PLACEMENT_2D('',#845,#846);
#845 = CARTESIAN_POINT('',(0.,0.));
#846 = DIRECTION('',(1.,0.));
#847 = ( GEOMETRIC_REPRESENTATION_CONTEXT(2) 
PARAMETRIC_REPRESENTATION_CONTEXT() REPRESENTATION_CONTEXT('2D SPACE',''
  ) );
#848 = PCURVE('',#849,#854);
#849 = CYLINDRICAL_SURFACE('',#850,2.1);
#850 = AXIS2_PLACEMENT_3D('',#851,#852,#853);
#851 = CARTESIAN_POINT('',(-7.8,-16.5,-10.01));
#852 = DIRECTION('',(0.,0.,1.));
#853 = DIRECTION('',(1.,0.,0.));
#854 = DEFINITIONAL_REPRESENTATION('',(#855),#859);
#855 = LINE('',#856,#857);
#856 = CARTESIAN_POINT('',(0.,2.01));
#857 = VECTOR('',#858,1.);
#858 = DIRECTION('',(1.,0.));
#859 = ( GEOMETRIC_REPRESENTATION_CONTEXT(2) 
PARAMETRIC_REPRESENTATION_CONTEXT() REPRESENTATION_CONTEXT('2D SPACE',''
  ) );
#860 = FACE_BOUND('',#861,.F.);
#861 = EDGE_LOOP('',(#862));
#862 = ORIENTED_EDGE('',*,*,#802,.F.);
#863 = ADVANCED_FACE('',(#864),#849,.F.);
#864 = FACE_BOUND('',#865,.F.);
#865 = EDGE_LOOP('',(#866,#889,#890,#891));
#866 = ORIENTED_EDGE('',*,*,#867,.T.);
#867 = EDGE_CURVE('',#868,#833,#870,.T.);
#868 = VERTEX_POINT('',#869);
#869 = CARTESIAN_POINT('',(-5.7,-16.5,-10.));
#870 = SEAM_CURVE('',#871,(#875,#882),.PCURVE_S1.);
#871 = LINE('',#872,#873);
#872 = CARTESIAN_POINT('',(-5.7,-16.5,-10.01));
#873 = VECTOR('',#874,1.);
#874 = DIRECTION('',(0.,0.,1.));
#875 = PCURVE('',#849,#876);
#876 = DEFINITIONAL_REPRESENTATION('',(#877),#881);
#877 = LINE('',#878,#879);
#878 = CARTESIAN_POINT('',(6.28318530718,0.));
#879 = VECTOR('',#880,1.);
#880 = DIRECTION('',(0.,1.));
#881 = ( GEOMETRIC_REPRESENTATION_CONTEXT(2) 
PARAMETRIC_REPRESENTATION_CONTEXT() REPRESENTATION_CONTEXT('2D SPACE',''
  ) );
#882 = PCURVE('',#849,#883);
#883 = DEFINITIONAL_REPRESENTATION('',(#884),#888);
#884 = LINE('',#885,#886);
#885 = CARTESIAN_POINT('',(4.138911435803E-13,0.));
#886 = VECTOR('',#887,1.);
#887 = DIRECTION('',(0.,1.));
#888 = ( GEOMETRIC_REPRESENTATION_CONTEXT(2) 
PARAMETRIC_REPRESENTATION_CONTEXT() REPRESENTATION_CONTEXT('2D SPACE',''
  ) );
#889 = ORIENTED_EDGE('',*,*,#832,.F.);
#890 = ORIENTED_EDGE('',*,*,#867,.F.);
#891 = ORIENTED_EDGE('',*,*,#892,.T.);
#892 = EDGE_CURVE('',#868,#868,#893,.T.);
#893 = SURFACE_CURVE('',#894,(#899,#906),.PCURVE_S1.);
#894 = CIRCLE('',#895,2.1);
#895 = AXIS2_PLACEMENT_3D('',#896,#897,#898);
#896 = CARTESIAN_POINT('',(-7.8,-16.5,-10.));
#897 = DIRECTION('',(0.,0.,1.));
#898 = DIRECTION('',(1.,0.,0.));
#899 = PCURVE('',#849,#900);
#900 = DEFINITIONAL_REPRESENTATION('',(#901),#905);
#901 = LINE('',#902,#903);
#902 = CARTESIAN_POINT('',(0.,1.E-02));
#903 = VECTOR('',#904,1.);
#904 = DIRECTION('',(1.,0.));
#905 = ( GEOMETRIC_REPRESENTATION_CONTEXT(2) 
PARAMETRIC_REPRESENTATION_CONTEXT() REPRESENTATION_CONTEXT('2D SPACE',''
  ) );
#906 = PCURVE('',#126,#907);
#907 = DEFINITIONAL_REPRESENTATION('',(#908),#912);
#908 = CIRCLE('',#909,2.1);
#909 = AXIS2_PLACEMENT_2D('',#910,#911);
#910 = CARTESIAN_POINT('',(-7.8,-14.23394410768));
#911 = DIRECTION('',(1.,0.));
#912 = ( GEOMETRIC_REPRESENTATION_CONTEXT(2) 
PARAMETRIC_REPRESENTATION_CONTEXT() REPRESENTATION_CONTEXT('2D SPACE',''
  ) );
#913 = ADVANCED_FACE('',(#914),#560,.T.);
#914 = FACE_BOUND('',#915,.T.);
#915 = EDGE_LOOP('',(#916,#946,#967,#968));
#916 = ORIENTED_EDGE('',*,*,#917,.F.);
#917 = EDGE_CURVE('',#918,#920,#922,.T.);
#918 = VERTEX_POINT('',#919);
#919 = CARTESIAN_POINT('',(-10.1,9.9,-8.4));
#920 = VERTEX_POINT('',#921);
#921 = CARTESIAN_POINT('',(-10.1,-13.99600319489,-8.4));
#922 = SURFACE_CURVE('',#923,(#927,#934),.PCURVE_S1.);
#923 = LINE('',#924,#925);
#924 = CARTESIAN_POINT('',(-10.1,9.9,-8.4));
#925 = VECTOR('',#926,1.);
#926 = DIRECTION('',(6.042030065987E-17,-1.,0.));
#927 = PCURVE('',#560,#928);
#928 = DEFINITIONAL_REPRESENTATION('',(#929),#933);
#929 = LINE('',#930,#931);
#930 = CARTESIAN_POINT('',(0.,0.));
#931 = VECTOR('',#932,1.);
#932 = DIRECTION('',(1.,0.));
#933 = ( GEOMETRIC_REPRESENTATION_CONTEXT(2) 
PARAMETRIC_REPRESENTATION_CONTEXT() REPRESENTATION_CONTEXT('2D SPACE',''
  ) );
#934 = PCURVE('',#935,#940);
#935 = PLANE('',#936);
#936 = AXIS2_PLACEMENT_3D('',#937,#938,#939);
#937 = CARTESIAN_POINT('',(0.,-2.184477110612,-8.4));
#938 = DIRECTION('',(0.,0.,1.));
#939 = DIRECTION('',(1.,0.,0.));
#940 = DEFINITIONAL_REPRESENTATION('',(#941),#945);
#941 = LINE('',#942,#943);
#942 = CARTESIAN_POINT('',(-10.1,12.084477110612));
#943 = VECTOR('',#944,1.);
#944 = DIRECTION('',(6.042030065987E-17,-1.));
#945 = ( GEOMETRIC_REPRESENTATION_CONTEXT(2) 
PARAMETRIC_REPRESENTATION_CONTEXT() REPRESENTATION_CONTEXT('2D SPACE',''
  ) );
#946 = ORIENTED_EDGE('',*,*,#947,.T.);
#947 = EDGE_CURVE('',#918,#276,#948,.T.);
#948 = SURFACE_CURVE('',#949,(#953,#960),.PCURVE_S1.);
#949 = LINE('',#950,#951);
#950 = CARTESIAN_POINT('',(-10.1,9.9,-8.4));
#951 = VECTOR('',#952,1.);
#952 = DIRECTION('',(0.,0.,1.));
#953 = PCURVE('',#560,#954);
#954 = DEFINITIONAL_REPRESENTATION('',(#955),#959);
#955 = LINE('',#956,#957);
#956 = CARTESIAN_POINT('',(0.,0.));
#957 = VECTOR('',#958,1.);
#958 = DIRECTION('',(0.,-1.));
#959 = ( GEOMETRIC_REPRESENTATION_CONTEXT(2) 
PARAMETRIC_REPRESENTATION_CONTEXT() REPRESENTATION_CONTEXT('2D SPACE',''
  ) );
#960 = PCURVE('',#298,#961);
#961 = DEFINITIONAL_REPRESENTATION('',(#962),#966);
#962 = LINE('',#963,#964);
#963 = CARTESIAN_POINT('',(3.14159265359,0.));
#964 = VECTOR('',#965,1.);
#965 = DIRECTION('',(-0.,-1.));
#966 = ( GEOMETRIC_REPRESENTATION_CONTEXT(2) 
PARAMETRIC_REPRESENTATION_CONTEXT() REPRESENTATION_CONTEXT('2D SPACE',''
  ) );
#967 = ORIENTED_EDGE('',*,*,#546,.F.);
#968 = ORIENTED_EDGE('',*,*,#969,.F.);
#969 = EDGE_CURVE('',#920,#518,#970,.T.);
#970 = SURFACE_CURVE('',#971,(#975,#982),.PCURVE_S1.);
#971 = LINE('',#972,#973);
#972 = CARTESIAN_POINT('',(-10.1,-13.99600319489,-8.4));
#973 = VECTOR('',#974,1.);
#974 = DIRECTION('',(0.,0.,1.));
#975 = PCURVE('',#560,#976);
#976 = DEFINITIONAL_REPRESENTATION('',(#977),#981);
#977 = LINE('',#978,#979);
#978 = CARTESIAN_POINT('',(23.89600319489,0.));
#979 = VECTOR('',#980,1.);
#980 = DIRECTION('',(0.,-1.));
#981 = ( GEOMETRIC_REPRESENTATION_CONTEXT(2) 
PARAMETRIC_REPRESENTATION_CONTEXT() REPRESENTATION_CONTEXT('2D SPACE',''
  ) );
#982 = PCURVE('',#534,#983);
#983 = DEFINITIONAL_REPRESENTATION('',(#984),#987);
#984 = B_SPLINE_CURVE_WITH_KNOTS('',1,(#985,#986),.UNSPECIFIED.,.F.,.F.,
  (2,2),(0.,2.2),.PIECEWISE_BEZIER_KNOTS.);
#985 = CARTESIAN_POINT('',(8.596941317306,0.));
#986 = CARTESIAN_POINT('',(8.596941317306,2.2));
#987 = ( GEOMETRIC_REPRESENTATION_CONTEXT(2) 
PARAMETRIC_REPRESENTATION_CONTEXT() REPRESENTATION_CONTEXT('2D SPACE',''
  ) );
#988 = ADVANCED_FACE('',(#989,#1206),#935,.T.);
#989 = FACE_BOUND('',#990,.T.);
#990 = EDGE_LOOP('',(#991,#1016,#1040,#1063,#1087,#1110,#1134,#1157,
    #1179,#1180));
#991 = ORIENTED_EDGE('',*,*,#992,.T.);
#992 = EDGE_CURVE('',#993,#995,#997,.T.);
#993 = VERTEX_POINT('',#994);
#994 = CARTESIAN_POINT('',(-10.1,-19.00399680511,-8.4));
#995 = VERTEX_POINT('',#996);
#996 = CARTESIAN_POINT('',(-10.1,-19.5,-8.4));
#997 = SURFACE_CURVE('',#998,(#1002,#1009),.PCURVE_S1.);
#998 = LINE('',#999,#1000);
#999 = CARTESIAN_POINT('',(-10.1,9.9,-8.4));
#1000 = VECTOR('',#1001,1.);
#1001 = DIRECTION('',(6.042030065987E-17,-1.,0.));
#1002 = PCURVE('',#935,#1003);
#1003 = DEFINITIONAL_REPRESENTATION('',(#1004),#1008);
#1004 = LINE('',#1005,#1006);
#1005 = CARTESIAN_POINT('',(-10.1,12.084477110612));
#1006 = VECTOR('',#1007,1.);
#1007 = DIRECTION('',(6.042030065987E-17,-1.));
#1008 = ( GEOMETRIC_REPRESENTATION_CONTEXT(2) 
PARAMETRIC_REPRESENTATION_CONTEXT() REPRESENTATION_CONTEXT('2D SPACE',''
  ) );
#1009 = PCURVE('',#505,#1010);
#1010 = DEFINITIONAL_REPRESENTATION('',(#1011),#1015);
#1011 = LINE('',#1012,#1013);
#1012 = CARTESIAN_POINT('',(0.,0.));
#1013 = VECTOR('',#1014,1.);
#1014 = DIRECTION('',(1.,0.));
#1015 = ( GEOMETRIC_REPRESENTATION_CONTEXT(2) 
PARAMETRIC_REPRESENTATION_CONTEXT() REPRESENTATION_CONTEXT('2D SPACE',''
  ) );
#1016 = ORIENTED_EDGE('',*,*,#1017,.T.);
#1017 = EDGE_CURVE('',#995,#1018,#1020,.T.);
#1018 = VERTEX_POINT('',#1019);
#1019 = CARTESIAN_POINT('',(-9.1,-20.5,-8.4));
#1020 = SURFACE_CURVE('',#1021,(#1026,#1033),.PCURVE_S1.);
#1021 = CIRCLE('',#1022,1.);
#1022 = AXIS2_PLACEMENT_3D('',#1023,#1024,#1025);
#1023 = CARTESIAN_POINT('',(-9.1,-19.5,-8.4));
#1024 = DIRECTION('',(0.,0.,1.));
#1025 = DIRECTION('',(-1.,-3.5527136788E-15,0.));
#1026 = PCURVE('',#935,#1027);
#1027 = DEFINITIONAL_REPRESENTATION('',(#1028),#1032);
#1028 = CIRCLE('',#1029,1.);
#1029 = AXIS2_PLACEMENT_2D('',#1030,#1031);
#1030 = CARTESIAN_POINT('',(-9.1,-17.31552288938));
#1031 = DIRECTION('',(-1.,-3.5527136788E-15));
#1032 = ( GEOMETRIC_REPRESENTATION_CONTEXT(2) 
PARAMETRIC_REPRESENTATION_CONTEXT() REPRESENTATION_CONTEXT('2D SPACE',''
  ) );
#1033 = PCURVE('',#477,#1034);
#1034 = DEFINITIONAL_REPRESENTATION('',(#1035),#1039);
#1035 = LINE('',#1036,#1037);
#1036 = CARTESIAN_POINT('',(6.28318530718,0.));
#1037 = VECTOR('',#1038,1.);
#1038 = DIRECTION('',(-1.,0.));
#1039 = ( GEOMETRIC_REPRESENTATION_CONTEXT(2) 
PARAMETRIC_REPRESENTATION_CONTEXT() REPRESENTATION_CONTEXT('2D SPACE',''
  ) );
#1040 = ORIENTED_EDGE('',*,*,#1041,.T.);
#1041 = EDGE_CURVE('',#1018,#1042,#1044,.T.);
#1042 = VERTEX_POINT('',#1043);
#1043 = CARTESIAN_POINT('',(9.1,-20.5,-8.4));
#1044 = SURFACE_CURVE('',#1045,(#1049,#1056),.PCURVE_S1.);
#1045 = LINE('',#1046,#1047);
#1046 = CARTESIAN_POINT('',(-9.1,-20.5,-8.4));
#1047 = VECTOR('',#1048,1.);
#1048 = DIRECTION('',(1.,0.,0.));
#1049 = PCURVE('',#935,#1050);
#1050 = DEFINITIONAL_REPRESENTATION('',(#1051),#1055);
#1051 = LINE('',#1052,#1053);
#1052 = CARTESIAN_POINT('',(-9.1,-18.31552288938));
#1053 = VECTOR('',#1054,1.);
#1054 = DIRECTION('',(1.,0.));
#1055 = ( GEOMETRIC_REPRESENTATION_CONTEXT(2) 
PARAMETRIC_REPRESENTATION_CONTEXT() REPRESENTATION_CONTEXT('2D SPACE',''
  ) );
#1056 = PCURVE('',#444,#1057);
#1057 = DEFINITIONAL_REPRESENTATION('',(#1058),#1062);
#1058 = LINE('',#1059,#1060);
#1059 = CARTESIAN_POINT('',(0.,0.));
#1060 = VECTOR('',#1061,1.);
#1061 = DIRECTION('',(1.,0.));
#1062 = ( GEOMETRIC_REPRESENTATION_CONTEXT(2) 
PARAMETRIC_REPRESENTATION_CONTEXT() REPRESENTATION_CONTEXT('2D SPACE',''
  ) );
#1063 = ORIENTED_EDGE('',*,*,#1064,.T.);
#1064 = EDGE_CURVE('',#1042,#1065,#1067,.T.);
#1065 = VERTEX_POINT('',#1066);
#1066 = CARTESIAN_POINT('',(10.1,-19.5,-8.4));
#1067 = SURFACE_CURVE('',#1068,(#1073,#1080),.PCURVE_S1.);
#1068 = CIRCLE('',#1069,1.);
#1069 = AXIS2_PLACEMENT_3D('',#1070,#1071,#1072);
#1070 = CARTESIAN_POINT('',(9.1,-19.5,-8.4));
#1071 = DIRECTION('',(-0.,0.,1.));
#1072 = DIRECTION('',(0.,-1.,0.));
#1073 = PCURVE('',#935,#1074);
#1074 = DEFINITIONAL_REPRESENTATION('',(#1075),#1079);
#1075 = CIRCLE('',#1076,1.);
#1076 = AXIS2_PLACEMENT_2D('',#1077,#1078);
#1077 = CARTESIAN_POINT('',(9.1,-17.31552288938));
#1078 = DIRECTION('',(0.,-1.));
#1079 = ( GEOMETRIC_REPRESENTATION_CONTEXT(2) 
PARAMETRIC_REPRESENTATION_CONTEXT() REPRESENTATION_CONTEXT('2D SPACE',''
  ) );
#1080 = PCURVE('',#416,#1081);
#1081 = DEFINITIONAL_REPRESENTATION('',(#1082),#1086);
#1082 = LINE('',#1083,#1084);
#1083 = CARTESIAN_POINT('',(6.28318530718,0.));
#1084 = VECTOR('',#1085,1.);
#1085 = DIRECTION('',(-1.,0.));
#1086 = ( GEOMETRIC_REPRESENTATION_CONTEXT(2) 
PARAMETRIC_REPRESENTATION_CONTEXT() REPRESENTATION_CONTEXT('2D SPACE',''
  ) );
#1087 = ORIENTED_EDGE('',*,*,#1088,.T.);
#1088 = EDGE_CURVE('',#1065,#1089,#1091,.T.);
#1089 = VERTEX_POINT('',#1090);
#1090 = CARTESIAN_POINT('',(10.1,-19.00399680511,-8.4));
#1091 = SURFACE_CURVE('',#1092,(#1096,#1103),.PCURVE_S1.);
#1092 = LINE('',#1093,#1094);
#1093 = CARTESIAN_POINT('',(10.1,-19.5,-8.4));
#1094 = VECTOR('',#1095,1.);
#1095 = DIRECTION('',(0.,1.,0.));
#1096 = PCURVE('',#935,#1097);
#1097 = DEFINITIONAL_REPRESENTATION('',(#1098),#1102);
#1098 = LINE('',#1099,#1100);
#1099 = CARTESIAN_POINT('',(10.1,-17.31552288938));
#1100 = VECTOR('',#1101,1.);
#1101 = DIRECTION('',(0.,1.));
#1102 = ( GEOMETRIC_REPRESENTATION_CONTEXT(2) 
PARAMETRIC_REPRESENTATION_CONTEXT() REPRESENTATION_CONTEXT('2D SPACE',''
  ) );
#1103 = PCURVE('',#383,#1104);
#1104 = DEFINITIONAL_REPRESENTATION('',(#1105),#1109);
#1105 = LINE('',#1106,#1107);
#1106 = CARTESIAN_POINT('',(0.,0.));
#1107 = VECTOR('',#1108,1.);
#1108 = DIRECTION('',(1.,0.));
#1109 = ( GEOMETRIC_REPRESENTATION_CONTEXT(2) 
PARAMETRIC_REPRESENTATION_CONTEXT() REPRESENTATION_CONTEXT('2D SPACE',''
  ) );
#1110 = ORIENTED_EDGE('',*,*,#1111,.F.);
#1111 = EDGE_CURVE('',#1112,#1089,#1114,.T.);
#1112 = VERTEX_POINT('',#1113);
#1113 = CARTESIAN_POINT('',(10.1,-13.99600319489,-8.4));
#1114 = SURFACE_CURVE('',#1115,(#1120,#1127),.PCURVE_S1.);
#1115 = CIRCLE('',#1116,3.4);
#1116 = AXIS2_PLACEMENT_3D('',#1117,#1118,#1119);
#1117 = CARTESIAN_POINT('',(7.8,-16.5,-8.4));
#1118 = DIRECTION('',(0.,0.,1.));
#1119 = DIRECTION('',(1.,0.,0.));
#1120 = PCURVE('',#935,#1121);
#1121 = DEFINITIONAL_REPRESENTATION('',(#1122),#1126);
#1122 = CIRCLE('',#1123,3.4);
#1123 = AXIS2_PLACEMENT_2D('',#1124,#1125);
#1124 = CARTESIAN_POINT('',(7.8,-14.31552288938));
#1125 = DIRECTION('',(1.,0.));
#1126 = ( GEOMETRIC_REPRESENTATION_CONTEXT(2) 
PARAMETRIC_REPRESENTATION_CONTEXT() REPRESENTATION_CONTEXT('2D SPACE',''
  ) );
#1127 = PCURVE('',#355,#1128);
#1128 = DEFINITIONAL_REPRESENTATION('',(#1129),#1133);
#1129 = LINE('',#1130,#1131);
#1130 = CARTESIAN_POINT('',(0.,0.));
#1131 = VECTOR('',#1132,1.);
#1132 = DIRECTION('',(1.,0.));
#1133 = ( GEOMETRIC_REPRESENTATION_CONTEXT(2) 
PARAMETRIC_REPRESENTATION_CONTEXT() REPRESENTATION_CONTEXT('2D SPACE',''
  ) );
#1134 = ORIENTED_EDGE('',*,*,#1135,.T.);
#1135 = EDGE_CURVE('',#1112,#1136,#1138,.T.);
#1136 = VERTEX_POINT('',#1137);
#1137 = CARTESIAN_POINT('',(10.1,9.9,-8.4));
#1138 = SURFACE_CURVE('',#1139,(#1143,#1150),.PCURVE_S1.);
#1139 = LINE('',#1140,#1141);
#1140 = CARTESIAN_POINT('',(10.1,-19.5,-8.4));
#1141 = VECTOR('',#1142,1.);
#1142 = DIRECTION('',(0.,1.,0.));
#1143 = PCURVE('',#935,#1144);
#1144 = DEFINITIONAL_REPRESENTATION('',(#1145),#1149);
#1145 = LINE('',#1146,#1147);
#1146 = CARTESIAN_POINT('',(10.1,-17.31552288938));
#1147 = VECTOR('',#1148,1.);
#1148 = DIRECTION('',(0.,1.));
#1149 = ( GEOMETRIC_REPRESENTATION_CONTEXT(2) 
PARAMETRIC_REPRESENTATION_CONTEXT() REPRESENTATION_CONTEXT('2D SPACE',''
  ) );
#1150 = PCURVE('',#326,#1151);
#1151 = DEFINITIONAL_REPRESENTATION('',(#1152),#1156);
#1152 = LINE('',#1153,#1154);
#1153 = CARTESIAN_POINT('',(0.,0.));
#1154 = VECTOR('',#1155,1.);
#1155 = DIRECTION('',(1.,0.));
#1156 = ( GEOMETRIC_REPRESENTATION_CONTEXT(2) 
PARAMETRIC_REPRESENTATION_CONTEXT() REPRESENTATION_CONTEXT('2D SPACE',''
  ) );
#1157 = ORIENTED_EDGE('',*,*,#1158,.T.);
#1158 = EDGE_CURVE('',#1136,#918,#1159,.T.);
#1159 = SURFACE_CURVE('',#1160,(#1165,#1172),.PCURVE_S1.);
#1160 = CIRCLE('',#1161,10.1);
#1161 = AXIS2_PLACEMENT_3D('',#1162,#1163,#1164);
#1162 = CARTESIAN_POINT('',(0.,9.9,-8.4));
#1163 = DIRECTION('',(0.,-0.,1.));
#1164 = DIRECTION('',(1.,1.758769147921E-16,0.));
#1165 = PCURVE('',#935,#1166);
#1166 = DEFINITIONAL_REPRESENTATION('',(#1167),#1171);
#1167 = CIRCLE('',#1168,10.1);
#1168 = AXIS2_PLACEMENT_2D('',#1169,#1170);
#1169 = CARTESIAN_POINT('',(0.,12.084477110612));
#1170 = DIRECTION('',(1.,1.758769147921E-16));
#1171 = ( GEOMETRIC_REPRESENTATION_CONTEXT(2) 
PARAMETRIC_REPRESENTATION_CONTEXT() REPRESENTATION_CONTEXT('2D SPACE',''
  ) );
#1172 = PCURVE('',#298,#1173);
#1173 = DEFINITIONAL_REPRESENTATION('',(#1174),#1178);
#1174 = LINE('',#1175,#1176);
#1175 = CARTESIAN_POINT('',(6.28318530718,0.));
#1176 = VECTOR('',#1177,1.);
#1177 = DIRECTION('',(-1.,0.));
#1178 = ( GEOMETRIC_REPRESENTATION_CONTEXT(2) 
PARAMETRIC_REPRESENTATION_CONTEXT() REPRESENTATION_CONTEXT('2D SPACE',''
  ) );
#1179 = ORIENTED_EDGE('',*,*,#917,.T.);
#1180 = ORIENTED_EDGE('',*,*,#1181,.T.);
#1181 = EDGE_CURVE('',#920,#993,#1182,.T.);
#1182 = SURFACE_CURVE('',#1183,(#1188,#1199),.PCURVE_S1.);
#1183 = CIRCLE('',#1184,3.4);
#1184 = AXIS2_PLACEMENT_3D('',#1185,#1186,#1187);
#1185 = CARTESIAN_POINT('',(-7.8,-16.5,-8.4));
#1186 = DIRECTION('',(0.,0.,-1.));
#1187 = DIRECTION('',(-0.676470588235,0.736469648562,0.));
#1188 = PCURVE('',#935,#1189);
#1189 = DEFINITIONAL_REPRESENTATION('',(#1190),#1198);
#1190 = ( BOUNDED_CURVE() B_SPLINE_CURVE(2,(#1191,#1192,#1193,#1194,
#1195,#1196,#1197),.UNSPECIFIED.,.T.,.F.) B_SPLINE_CURVE_WITH_KNOTS((1,2
    ,2,2,2,1),(-2.094395102393,0.,2.094395102393,4.188790204786,
6.28318530718,8.377580409573),.UNSPECIFIED.) CURVE() 
GEOMETRIC_REPRESENTATION_ITEM() RATIONAL_B_SPLINE_CURVE((1.,0.5,1.,0.5,
1.,0.5,1.)) REPRESENTATION_ITEM('') );
#1191 = CARTESIAN_POINT('',(-10.09999999999,-11.81152608427));
#1192 = CARTESIAN_POINT('',(-5.762950311557,-7.827809226871));
#1193 = CARTESIAN_POINT('',(-4.48147515578,-13.57566286324));
#1194 = CARTESIAN_POINT('',(-3.200000000002,-19.3235164996));
#1195 = CARTESIAN_POINT('',(-8.818524844221,-17.55937972064));
#1196 = CARTESIAN_POINT('',(-14.43704968844,-15.79524294168));
#1197 = CARTESIAN_POINT('',(-10.09999999999,-11.81152608427));
#1198 = ( GEOMETRIC_REPRESENTATION_CONTEXT(2) 
PARAMETRIC_REPRESENTATION_CONTEXT() REPRESENTATION_CONTEXT('2D SPACE',''
  ) );
#1199 = PCURVE('',#534,#1200);
#1200 = DEFINITIONAL_REPRESENTATION('',(#1201),#1205);
#1201 = LINE('',#1202,#1203);
#1202 = CARTESIAN_POINT('',(8.596941317306,0.));
#1203 = VECTOR('',#1204,1.);
#1204 = DIRECTION('',(-1.,-0.));
#1205 = ( GEOMETRIC_REPRESENTATION_CONTEXT(2) 
PARAMETRIC_REPRESENTATION_CONTEXT() REPRESENTATION_CONTEXT('2D SPACE',''
  ) );
#1206 = FACE_BOUND('',#1207,.T.);
#1207 = EDGE_LOOP('',(#1208,#1238,#1266,#1294));
#1208 = ORIENTED_EDGE('',*,*,#1209,.T.);
#1209 = EDGE_CURVE('',#1210,#1212,#1214,.T.);
#1210 = VERTEX_POINT('',#1211);
#1211 = CARTESIAN_POINT('',(-4.,-19.7,-8.4));
#1212 = VERTEX_POINT('',#1213);
#1213 = CARTESIAN_POINT('',(-4.,-13.3,-8.4));
#1214 = SURFACE_CURVE('',#1215,(#1219,#1226),.PCURVE_S1.);
#1215 = LINE('',#1216,#1217);
#1216 = CARTESIAN_POINT('',(-4.,-19.7,-8.4));
#1217 = VECTOR('',#1218,1.);
#1218 = DIRECTION('',(0.,1.,0.));
#1219 = PCURVE('',#935,#1220);
#1220 = DEFINITIONAL_REPRESENTATION('',(#1221),#1225);
#1221 = LINE('',#1222,#1223);
#1222 = CARTESIAN_POINT('',(-4.,-17.51552288938));
#1223 = VECTOR('',#1224,1.);
#1224 = DIRECTION('',(0.,1.));
#1225 = ( GEOMETRIC_REPRESENTATION_CONTEXT(2) 
PARAMETRIC_REPRESENTATION_CONTEXT() REPRESENTATION_CONTEXT('2D SPACE',''
  ) );
#1226 = PCURVE('',#1227,#1232);
#1227 = PLANE('',#1228);
#1228 = AXIS2_PLACEMENT_3D('',#1229,#1230,#1231);
#1229 = CARTESIAN_POINT('',(-4.,-19.7,-8.4));
#1230 = DIRECTION('',(1.,0.,0.));
#1231 = DIRECTION('',(0.,0.,1.));
#1232 = DEFINITIONAL_REPRESENTATION('',(#1233),#1237);
#1233 = LINE('',#1234,#1235);
#1234 = CARTESIAN_POINT('',(0.,0.));
#1235 = VECTOR('',#1236,1.);
#1236 = DIRECTION('',(0.,-1.));
#1237 = ( GEOMETRIC_REPRESENTATION_CONTEXT(2) 
PARAMETRIC_REPRESENTATION_CONTEXT() REPRESENTATION_CONTEXT('2D SPACE',''
  ) );
#1238 = ORIENTED_EDGE('',*,*,#1239,.T.);
#1239 = EDGE_CURVE('',#1212,#1240,#1242,.T.);
#1240 = VERTEX_POINT('',#1241);
#1241 = CARTESIAN_POINT('',(4.,-13.3,-8.4));
#1242 = SURFACE_CURVE('',#1243,(#1247,#1254),.PCURVE_S1.);
#1243 = LINE('',#1244,#1245);
#1244 = CARTESIAN_POINT('',(-4.,-13.3,-8.4));
#1245 = VECTOR('',#1246,1.);
#1246 = DIRECTION('',(1.,0.,0.));
#1247 = PCURVE('',#935,#1248);
#1248 = DEFINITIONAL_REPRESENTATION('',(#1249),#1253);
#1249 = LINE('',#1250,#1251);
#1250 = CARTESIAN_POINT('',(-4.,-11.11552288938));
#1251 = VECTOR('',#1252,1.);
#1252 = DIRECTION('',(1.,0.));
#1253 = ( GEOMETRIC_REPRESENTATION_CONTEXT(2) 
PARAMETRIC_REPRESENTATION_CONTEXT() REPRESENTATION_CONTEXT('2D SPACE',''
  ) );
#1254 = PCURVE('',#1255,#1260);
#1255 = PLANE('',#1256);
#1256 = AXIS2_PLACEMENT_3D('',#1257,#1258,#1259);
#1257 = CARTESIAN_POINT('',(-4.,-13.3,-8.4));
#1258 = DIRECTION('',(0.,1.,0.));
#1259 = DIRECTION('',(0.,0.,1.));
#1260 = DEFINITIONAL_REPRESENTATION('',(#1261),#1265);
#1261 = LINE('',#1262,#1263);
#1262 = CARTESIAN_POINT('',(0.,0.));
#1263 = VECTOR('',#1264,1.);
#1264 = DIRECTION('',(0.,1.));
#1265 = ( GEOMETRIC_REPRESENTATION_CONTEXT(2) 
PARAMETRIC_REPRESENTATION_CONTEXT() REPRESENTATION_CONTEXT('2D SPACE',''
  ) );
#1266 = ORIENTED_EDGE('',*,*,#1267,.F.);
#1267 = EDGE_CURVE('',#1268,#1240,#1270,.T.);
#1268 = VERTEX_POINT('',#1269);
#1269 = CARTESIAN_POINT('',(4.,-19.7,-8.4));
#1270 = SURFACE_CURVE('',#1271,(#1275,#1282),.PCURVE_S1.);
#1271 = LINE('',#1272,#1273);
#1272 = CARTESIAN_POINT('',(4.,-19.7,-8.4));
#1273 = VECTOR('',#1274,1.);
#1274 = DIRECTION('',(0.,1.,0.));
#1275 = PCURVE('',#935,#1276);
#1276 = DEFINITIONAL_REPRESENTATION('',(#1277),#1281);
#1277 = LINE('',#1278,#1279);
#1278 = CARTESIAN_POINT('',(4.,-17.51552288938));
#1279 = VECTOR('',#1280,1.);
#1280 = DIRECTION('',(0.,1.));
#1281 = ( GEOMETRIC_REPRESENTATION_CONTEXT(2) 
PARAMETRIC_REPRESENTATION_CONTEXT() REPRESENTATION_CONTEXT('2D SPACE',''
  ) );
#1282 = PCURVE('',#1283,#1288);
#1283 = PLANE('',#1284);
#1284 = AXIS2_PLACEMENT_3D('',#1285,#1286,#1287);
#1285 = CARTESIAN_POINT('',(4.,-19.7,-8.4));
#1286 = DIRECTION('',(1.,0.,0.));
#1287 = DIRECTION('',(0.,0.,1.));
#1288 = DEFINITIONAL_REPRESENTATION('',(#1289),#1293);
#1289 = LINE('',#1290,#1291);
#1290 = CARTESIAN_POINT('',(0.,0.));
#1291 = VECTOR('',#1292,1.);
#1292 = DIRECTION('',(0.,-1.));
#1293 = ( GEOMETRIC_REPRESENTATION_CONTEXT(2) 
PARAMETRIC_REPRESENTATION_CONTEXT() REPRESENTATION_CONTEXT('2D SPACE',''
  ) );
#1294 = ORIENTED_EDGE('',*,*,#1295,.F.);
#1295 = EDGE_CURVE('',#1210,#1268,#1296,.T.);
#1296 = SURFACE_CURVE('',#1297,(#1301,#1308),.PCURVE_S1.);
#1297 = LINE('',#1298,#1299);
#1298 = CARTESIAN_POINT('',(-4.,-19.7,-8.4));
#1299 = VECTOR('',#1300,1.);
#1300 = DIRECTION('',(1.,0.,0.));
#1301 = PCURVE('',#935,#1302);
#1302 = DEFINITIONAL_REPRESENTATION('',(#1303),#1307);
#1303 = LINE('',#1304,#1305);
#1304 = CARTESIAN_POINT('',(-4.,-17.51552288938));
#1305 = VECTOR('',#1306,1.);
#1306 = DIRECTION('',(1.,0.));
#1307 = ( GEOMETRIC_REPRESENTATION_CONTEXT(2) 
PARAMETRIC_REPRESENTATION_CONTEXT() REPRESENTATION_CONTEXT('2D SPACE',''
  ) );
#1308 = PCURVE('',#1309,#1314);
#1309 = PLANE('',#1310);
#1310 = AXIS2_PLACEMENT_3D('',#1311,#1312,#1313);
#1311 = CARTESIAN_POINT('',(-4.,-19.7,-8.4));
#1312 = DIRECTION('',(0.,1.,0.));
#1313 = DIRECTION('',(0.,0.,1.));
#1314 = DEFINITIONAL_REPRESENTATION('',(#1315),#1319);
#1315 = LINE('',#1316,#1317);
#1316 = CARTESIAN_POINT('',(0.,0.));
#1317 = VECTOR('',#1318,1.);
#1318 = DIRECTION('',(0.,1.));
#1319 = ( GEOMETRIC_REPRESENTATION_CONTEXT(2) 
PARAMETRIC_REPRESENTATION_CONTEXT() REPRESENTATION_CONTEXT('2D SPACE',''
  ) );
#1320 = ADVANCED_FACE('',(#1321),#1309,.F.);
#1321 = FACE_BOUND('',#1322,.F.);
#1322 = EDGE_LOOP('',(#1323,#1324,#1347,#1375));
#1323 = ORIENTED_EDGE('',*,*,#1295,.F.);
#1324 = ORIENTED_EDGE('',*,*,#1325,.T.);
#1325 = EDGE_CURVE('',#1210,#1326,#1328,.T.);
#1326 = VERTEX_POINT('',#1327);
#1327 = CARTESIAN_POINT('',(-4.,-19.7,-5.5));
#1328 = SURFACE_CURVE('',#1329,(#1333,#1340),.PCURVE_S1.);
#1329 = LINE('',#1330,#1331);
#1330 = CARTESIAN_POINT('',(-4.,-19.7,-8.4));
#1331 = VECTOR('',#1332,1.);
#1332 = DIRECTION('',(0.,0.,1.));
#1333 = PCURVE('',#1309,#1334);
#1334 = DEFINITIONAL_REPRESENTATION('',(#1335),#1339);
#1335 = LINE('',#1336,#1337);
#1336 = CARTESIAN_POINT('',(0.,0.));
#1337 = VECTOR('',#1338,1.);
#1338 = DIRECTION('',(1.,0.));
#1339 = ( GEOMETRIC_REPRESENTATION_CONTEXT(2) 
PARAMETRIC_REPRESENTATION_CONTEXT() REPRESENTATION_CONTEXT('2D SPACE',''
  ) );
#1340 = PCURVE('',#1227,#1341);
#1341 = DEFINITIONAL_REPRESENTATION('',(#1342),#1346);
#1342 = LINE('',#1343,#1344);
#1343 = CARTESIAN_POINT('',(0.,0.));
#1344 = VECTOR('',#1345,1.);
#1345 = DIRECTION('',(1.,0.));
#1346 = ( GEOMETRIC_REPRESENTATION_CONTEXT(2) 
PARAMETRIC_REPRESENTATION_CONTEXT() REPRESENTATION_CONTEXT('2D SPACE',''
  ) );
#1347 = ORIENTED_EDGE('',*,*,#1348,.T.);
#1348 = EDGE_CURVE('',#1326,#1349,#1351,.T.);
#1349 = VERTEX_POINT('',#1350);
#1350 = CARTESIAN_POINT('',(4.,-19.7,-5.5));
#1351 = SURFACE_CURVE('',#1352,(#1356,#1363),.PCURVE_S1.);
#1352 = LINE('',#1353,#1354);
#1353 = CARTESIAN_POINT('',(-4.,-19.7,-5.5));
#1354 = VECTOR('',#1355,1.);
#1355 = DIRECTION('',(1.,0.,0.));
#1356 = PCURVE('',#1309,#1357);
#1357 = DEFINITIONAL_REPRESENTATION('',(#1358),#1362);
#1358 = LINE('',#1359,#1360);
#1359 = CARTESIAN_POINT('',(2.9,0.));
#1360 = VECTOR('',#1361,1.);
#1361 = DIRECTION('',(0.,1.));
#1362 = ( GEOMETRIC_REPRESENTATION_CONTEXT(2) 
PARAMETRIC_REPRESENTATION_CONTEXT() REPRESENTATION_CONTEXT('2D SPACE',''
  ) );
#1363 = PCURVE('',#1364,#1369);
#1364 = PLANE('',#1365);
#1365 = AXIS2_PLACEMENT_3D('',#1366,#1367,#1368);
#1366 = CARTESIAN_POINT('',(-4.,-19.7,-5.5));
#1367 = DIRECTION('',(0.,0.,1.));
#1368 = DIRECTION('',(1.,0.,0.));
#1369 = DEFINITIONAL_REPRESENTATION('',(#1370),#1374);
#1370 = LINE('',#1371,#1372);
#1371 = CARTESIAN_POINT('',(0.,0.));
#1372 = VECTOR('',#1373,1.);
#1373 = DIRECTION('',(1.,0.));
#1374 = ( GEOMETRIC_REPRESENTATION_CONTEXT(2) 
PARAMETRIC_REPRESENTATION_CONTEXT() REPRESENTATION_CONTEXT('2D SPACE',''
  ) );
#1375 = ORIENTED_EDGE('',*,*,#1376,.F.);
#1376 = EDGE_CURVE('',#1268,#1349,#1377,.T.);
#1377 = SURFACE_CURVE('',#1378,(#1382,#1389),.PCURVE_S1.);
#1378 = LINE('',#1379,#1380);
#1379 = CARTESIAN_POINT('',(4.,-19.7,-8.4));
#1380 = VECTOR('',#1381,1.);
#1381 = DIRECTION('',(0.,0.,1.));
#1382 = PCURVE('',#1309,#1383);
#1383 = DEFINITIONAL_REPRESENTATION('',(#1384),#1388);
#1384 = LINE('',#1385,#1386);
#1385 = CARTESIAN_POINT('',(0.,8.));
#1386 = VECTOR('',#1387,1.);
#1387 = DIRECTION('',(1.,0.));
#1388 = ( GEOMETRIC_REPRESENTATION_CONTEXT(2) 
PARAMETRIC_REPRESENTATION_CONTEXT() REPRESENTATION_CONTEXT('2D SPACE',''
  ) );
#1389 = PCURVE('',#1283,#1390);
#1390 = DEFINITIONAL_REPRESENTATION('',(#1391),#1395);
#1391 = LINE('',#1392,#1393);
#1392 = CARTESIAN_POINT('',(0.,0.));
#1393 = VECTOR('',#1394,1.);
#1394 = DIRECTION('',(1.,0.));
#1395 = ( GEOMETRIC_REPRESENTATION_CONTEXT(2) 
PARAMETRIC_REPRESENTATION_CONTEXT() REPRESENTATION_CONTEXT('2D SPACE',''
  ) );
#1396 = ADVANCED_FACE('',(#1397),#1364,.T.);
#1397 = FACE_BOUND('',#1398,.T.);
#1398 = EDGE_LOOP('',(#1399,#1422,#1423,#1446));
#1399 = ORIENTED_EDGE('',*,*,#1400,.F.);
#1400 = EDGE_CURVE('',#1326,#1401,#1403,.T.);
#1401 = VERTEX_POINT('',#1402);
#1402 = CARTESIAN_POINT('',(-4.,-13.3,-5.5));
#1403 = SURFACE_CURVE('',#1404,(#1408,#1415),.PCURVE_S1.);
#1404 = LINE('',#1405,#1406);
#1405 = CARTESIAN_POINT('',(-4.,-19.7,-5.5));
#1406 = VECTOR('',#1407,1.);
#1407 = DIRECTION('',(0.,1.,0.));
#1408 = PCURVE('',#1364,#1409);
#1409 = DEFINITIONAL_REPRESENTATION('',(#1410),#1414);
#1410 = LINE('',#1411,#1412);
#1411 = CARTESIAN_POINT('',(0.,0.));
#1412 = VECTOR('',#1413,1.);
#1413 = DIRECTION('',(0.,1.));
#1414 = ( GEOMETRIC_REPRESENTATION_CONTEXT(2) 
PARAMETRIC_REPRESENTATION_CONTEXT() REPRESENTATION_CONTEXT('2D SPACE',''
  ) );
#1415 = PCURVE('',#1227,#1416);
#1416 = DEFINITIONAL_REPRESENTATION('',(#1417),#1421);
#1417 = LINE('',#1418,#1419);
#1418 = CARTESIAN_POINT('',(2.9,0.));
#1419 = VECTOR('',#1420,1.);
#1420 = DIRECTION('',(0.,-1.));
#1421 = ( GEOMETRIC_REPRESENTATION_CONTEXT(2) 
PARAMETRIC_REPRESENTATION_CONTEXT() REPRESENTATION_CONTEXT('2D SPACE',''
  ) );
#1422 = ORIENTED_EDGE('',*,*,#1348,.T.);
#1423 = ORIENTED_EDGE('',*,*,#1424,.T.);
#1424 = EDGE_CURVE('',#1349,#1425,#1427,.T.);
#1425 = VERTEX_POINT('',#1426);
#1426 = CARTESIAN_POINT('',(4.,-13.3,-5.5));
#1427 = SURFACE_CURVE('',#1428,(#1432,#1439),.PCURVE_S1.);
#1428 = LINE('',#1429,#1430);
#1429 = CARTESIAN_POINT('',(4.,-19.7,-5.5));
#1430 = VECTOR('',#1431,1.);
#1431 = DIRECTION('',(0.,1.,0.));
#1432 = PCURVE('',#1364,#1433);
#1433 = DEFINITIONAL_REPRESENTATION('',(#1434),#1438);
#1434 = LINE('',#1435,#1436);
#1435 = CARTESIAN_POINT('',(8.,0.));
#1436 = VECTOR('',#1437,1.);
#1437 = DIRECTION('',(0.,1.));
#1438 = ( GEOMETRIC_REPRESENTATION_CONTEXT(2) 
PARAMETRIC_REPRESENTATION_CONTEXT() REPRESENTATION_CONTEXT('2D SPACE',''
  ) );
#1439 = PCURVE('',#1283,#1440);
#1440 = DEFINITIONAL_REPRESENTATION('',(#1441),#1445);
#1441 = LINE('',#1442,#1443);
#1442 = CARTESIAN_POINT('',(2.9,0.));
#1443 = VECTOR('',#1444,1.);
#1444 = DIRECTION('',(0.,-1.));
#1445 = ( GEOMETRIC_REPRESENTATION_CONTEXT(2) 
PARAMETRIC_REPRESENTATION_CONTEXT() REPRESENTATION_CONTEXT('2D SPACE',''
  ) );
#1446 = ORIENTED_EDGE('',*,*,#1447,.F.);
#1447 = EDGE_CURVE('',#1401,#1425,#1448,.T.);
#1448 = SURFACE_CURVE('',#1449,(#1453,#1460),.PCURVE_S1.);
#1449 = LINE('',#1450,#1451);
#1450 = CARTESIAN_POINT('',(-4.,-13.3,-5.5));
#1451 = VECTOR('',#1452,1.);
#1452 = DIRECTION('',(1.,0.,0.));
#1453 = PCURVE('',#1364,#1454);
#1454 = DEFINITIONAL_REPRESENTATION('',(#1455),#1459);
#1455 = LINE('',#1456,#1457);
#1456 = CARTESIAN_POINT('',(0.,6.4));
#1457 = VECTOR('',#1458,1.);
#1458 = DIRECTION('',(1.,0.));
#1459 = ( GEOMETRIC_REPRESENTATION_CONTEXT(2) 
PARAMETRIC_REPRESENTATION_CONTEXT() REPRESENTATION_CONTEXT('2D SPACE',''
  ) );
#1460 = PCURVE('',#1255,#1461);
#1461 = DEFINITIONAL_REPRESENTATION('',(#1462),#1466);
#1462 = LINE('',#1463,#1464);
#1463 = CARTESIAN_POINT('',(2.9,0.));
#1464 = VECTOR('',#1465,1.);
#1465 = DIRECTION('',(0.,1.));
#1466 = ( GEOMETRIC_REPRESENTATION_CONTEXT(2) 
PARAMETRIC_REPRESENTATION_CONTEXT() REPRESENTATION_CONTEXT('2D SPACE',''
  ) );
#1467 = ADVANCED_FACE('',(#1468),#1283,.T.);
#1468 = FACE_BOUND('',#1469,.T.);
#1469 = EDGE_LOOP('',(#1470,#1471,#1472,#1493));
#1470 = ORIENTED_EDGE('',*,*,#1376,.F.);
#1471 = ORIENTED_EDGE('',*,*,#1267,.T.);
#1472 = ORIENTED_EDGE('',*,*,#1473,.T.);
#1473 = EDGE_CURVE('',#1240,#1425,#1474,.T.);
#1474 = SURFACE_CURVE('',#1475,(#1479,#1486),.PCURVE_S1.);
#1475 = LINE('',#1476,#1477);
#1476 = CARTESIAN_POINT('',(4.,-13.3,-8.4));
#1477 = VECTOR('',#1478,1.);
#1478 = DIRECTION('',(0.,0.,1.));
#1479 = PCURVE('',#1283,#1480);
#1480 = DEFINITIONAL_REPRESENTATION('',(#1481),#1485);
#1481 = LINE('',#1482,#1483);
#1482 = CARTESIAN_POINT('',(0.,-6.4));
#1483 = VECTOR('',#1484,1.);
#1484 = DIRECTION('',(1.,0.));
#1485 = ( GEOMETRIC_REPRESENTATION_CONTEXT(2) 
PARAMETRIC_REPRESENTATION_CONTEXT() REPRESENTATION_CONTEXT('2D SPACE',''
  ) );
#1486 = PCURVE('',#1255,#1487);
#1487 = DEFINITIONAL_REPRESENTATION('',(#1488),#1492);
#1488 = LINE('',#1489,#1490);
#1489 = CARTESIAN_POINT('',(0.,8.));
#1490 = VECTOR('',#1491,1.);
#1491 = DIRECTION('',(1.,0.));
#1492 = ( GEOMETRIC_REPRESENTATION_CONTEXT(2) 
PARAMETRIC_REPRESENTATION_CONTEXT() REPRESENTATION_CONTEXT('2D SPACE',''
  ) );
#1493 = ORIENTED_EDGE('',*,*,#1424,.F.);
#1494 = ADVANCED_FACE('',(#1495),#1255,.T.);
#1495 = FACE_BOUND('',#1496,.T.);
#1496 = EDGE_LOOP('',(#1497,#1498,#1519,#1520));
#1497 = ORIENTED_EDGE('',*,*,#1239,.F.);
#1498 = ORIENTED_EDGE('',*,*,#1499,.T.);
#1499 = EDGE_CURVE('',#1212,#1401,#1500,.T.);
#1500 = SURFACE_CURVE('',#1501,(#1505,#1512),.PCURVE_S1.);
#1501 = LINE('',#1502,#1503);
#1502 = CARTESIAN_POINT('',(-4.,-13.3,-8.4));
#1503 = VECTOR('',#1504,1.);
#1504 = DIRECTION('',(0.,0.,1.));
#1505 = PCURVE('',#1255,#1506);
#1506 = DEFINITIONAL_REPRESENTATION('',(#1507),#1511);
#1507 = LINE('',#1508,#1509);
#1508 = CARTESIAN_POINT('',(0.,0.));
#1509 = VECTOR('',#1510,1.);
#1510 = DIRECTION('',(1.,0.));
#1511 = ( GEOMETRIC_REPRESENTATION_CONTEXT(2) 
PARAMETRIC_REPRESENTATION_CONTEXT() REPRESENTATION_CONTEXT('2D SPACE',''
  ) );
#1512 = PCURVE('',#1227,#1513);
#1513 = DEFINITIONAL_REPRESENTATION('',(#1514),#1518);
#1514 = LINE('',#1515,#1516);
#1515 = CARTESIAN_POINT('',(0.,-6.4));
#1516 = VECTOR('',#1517,1.);
#1517 = DIRECTION('',(1.,0.));
#1518 = ( GEOMETRIC_REPRESENTATION_CONTEXT(2) 
PARAMETRIC_REPRESENTATION_CONTEXT() REPRESENTATION_CONTEXT('2D SPACE',''
  ) );
#1519 = ORIENTED_EDGE('',*,*,#1447,.T.);
#1520 = ORIENTED_EDGE('',*,*,#1473,.F.);
#1521 = ADVANCED_FACE('',(#1522),#1227,.F.);
#1522 = FACE_BOUND('',#1523,.F.);
#1523 = EDGE_LOOP('',(#1524,#1525,#1526,#1527));
#1524 = ORIENTED_EDGE('',*,*,#1325,.F.);
#1525 = ORIENTED_EDGE('',*,*,#1209,.T.);
#1526 = ORIENTED_EDGE('',*,*,#1499,.T.);
#1527 = ORIENTED_EDGE('',*,*,#1400,.F.);
#1528 = ADVANCED_FACE('',(#1529),#534,.T.);
#1529 = FACE_BOUND('',#1530,.T.);
#1530 = EDGE_LOOP('',(#1531,#1532,#1552,#1553));
#1531 = ORIENTED_EDGE('',*,*,#517,.F.);
#1532 = ORIENTED_EDGE('',*,*,#1533,.F.);
#1533 = EDGE_CURVE('',#993,#490,#1534,.T.);
#1534 = SURFACE_CURVE('',#1535,(#1539,#1545),.PCURVE_S1.);
#1535 = LINE('',#1536,#1537);
#1536 = CARTESIAN_POINT('',(-10.1,-19.00399680511,-8.4));
#1537 = VECTOR('',#1538,1.);
#1538 = DIRECTION('',(0.,0.,1.));
#1539 = PCURVE('',#534,#1540);
#1540 = DEFINITIONAL_REPRESENTATION('',(#1541),#1544);
#1541 = B_SPLINE_CURVE_WITH_KNOTS('',1,(#1542,#1543),.UNSPECIFIED.,.F.,
  .F.,(2,2),(0.,2.2),.PIECEWISE_BEZIER_KNOTS.);
#1542 = CARTESIAN_POINT('',(3.969429297053,0.));
#1543 = CARTESIAN_POINT('',(3.969429297053,2.2));
#1544 = ( GEOMETRIC_REPRESENTATION_CONTEXT(2) 
PARAMETRIC_REPRESENTATION_CONTEXT() REPRESENTATION_CONTEXT('2D SPACE',''
  ) );
#1545 = PCURVE('',#505,#1546);
#1546 = DEFINITIONAL_REPRESENTATION('',(#1547),#1551);
#1547 = LINE('',#1548,#1549);
#1548 = CARTESIAN_POINT('',(28.90399680511,0.));
#1549 = VECTOR('',#1550,1.);
#1550 = DIRECTION('',(0.,-1.));
#1551 = ( GEOMETRIC_REPRESENTATION_CONTEXT(2) 
PARAMETRIC_REPRESENTATION_CONTEXT() REPRESENTATION_CONTEXT('2D SPACE',''
  ) );
#1552 = ORIENTED_EDGE('',*,*,#1181,.F.);
#1553 = ORIENTED_EDGE('',*,*,#969,.T.);
#1554 = ADVANCED_FACE('',(#1555),#505,.T.);
#1555 = FACE_BOUND('',#1556,.T.);
#1556 = EDGE_LOOP('',(#1557,#1558,#1559,#1560));
#1557 = ORIENTED_EDGE('',*,*,#992,.F.);
#1558 = ORIENTED_EDGE('',*,*,#1533,.T.);
#1559 = ORIENTED_EDGE('',*,*,#489,.F.);
#1560 = ORIENTED_EDGE('',*,*,#1561,.F.);
#1561 = EDGE_CURVE('',#995,#457,#1562,.T.);
#1562 = SURFACE_CURVE('',#1563,(#1567,#1574),.PCURVE_S1.);
#1563 = LINE('',#1564,#1565);
#1564 = CARTESIAN_POINT('',(-10.1,-19.5,-8.4));
#1565 = VECTOR('',#1566,1.);
#1566 = DIRECTION('',(0.,0.,1.));
#1567 = PCURVE('',#505,#1568);
#1568 = DEFINITIONAL_REPRESENTATION('',(#1569),#1573);
#1569 = LINE('',#1570,#1571);
#1570 = CARTESIAN_POINT('',(29.4,0.));
#1571 = VECTOR('',#1572,1.);
#1572 = DIRECTION('',(0.,-1.));
#1573 = ( GEOMETRIC_REPRESENTATION_CONTEXT(2) 
PARAMETRIC_REPRESENTATION_CONTEXT() REPRESENTATION_CONTEXT('2D SPACE',''
  ) );
#1574 = PCURVE('',#477,#1575);
#1575 = DEFINITIONAL_REPRESENTATION('',(#1576),#1580);
#1576 = LINE('',#1577,#1578);
#1577 = CARTESIAN_POINT('',(6.28318530718,0.));
#1578 = VECTOR('',#1579,1.);
#1579 = DIRECTION('',(-0.,-1.));
#1580 = ( GEOMETRIC_REPRESENTATION_CONTEXT(2) 
PARAMETRIC_REPRESENTATION_CONTEXT() REPRESENTATION_CONTEXT('2D SPACE',''
  ) );
#1581 = ADVANCED_FACE('',(#1582),#477,.F.);
#1582 = FACE_BOUND('',#1583,.F.);
#1583 = EDGE_LOOP('',(#1584,#1605,#1606,#1607));
#1584 = ORIENTED_EDGE('',*,*,#1585,.T.);
#1585 = EDGE_CURVE('',#1018,#429,#1586,.T.);
#1586 = SURFACE_CURVE('',#1587,(#1591,#1598),.PCURVE_S1.);
#1587 = LINE('',#1588,#1589);
#1588 = CARTESIAN_POINT('',(-9.1,-20.5,-8.4));
#1589 = VECTOR('',#1590,1.);
#1590 = DIRECTION('',(0.,0.,1.));
#1591 = PCURVE('',#477,#1592);
#1592 = DEFINITIONAL_REPRESENTATION('',(#1593),#1597);
#1593 = LINE('',#1594,#1595);
#1594 = CARTESIAN_POINT('',(4.712388980385,0.));
#1595 = VECTOR('',#1596,1.);
#1596 = DIRECTION('',(-0.,-1.));
#1597 = ( GEOMETRIC_REPRESENTATION_CONTEXT(2) 
PARAMETRIC_REPRESENTATION_CONTEXT() REPRESENTATION_CONTEXT('2D SPACE',''
  ) );
#1598 = PCURVE('',#444,#1599);
#1599 = DEFINITIONAL_REPRESENTATION('',(#1600),#1604);
#1600 = LINE('',#1601,#1602);
#1601 = CARTESIAN_POINT('',(0.,0.));
#1602 = VECTOR('',#1603,1.);
#1603 = DIRECTION('',(0.,-1.));
#1604 = ( GEOMETRIC_REPRESENTATION_CONTEXT(2) 
PARAMETRIC_REPRESENTATION_CONTEXT() REPRESENTATION_CONTEXT('2D SPACE',''
  ) );
#1605 = ORIENTED_EDGE('',*,*,#456,.T.);
#1606 = ORIENTED_EDGE('',*,*,#1561,.F.);
#1607 = ORIENTED_EDGE('',*,*,#1017,.T.);
#1608 = ADVANCED_FACE('',(#1609),#444,.T.);
#1609 = FACE_BOUND('',#1610,.T.);
#1610 = EDGE_LOOP('',(#1611,#1612,#1613,#1614));
#1611 = ORIENTED_EDGE('',*,*,#1041,.F.);
#1612 = ORIENTED_EDGE('',*,*,#1585,.T.);
#1613 = ORIENTED_EDGE('',*,*,#428,.F.);
#1614 = ORIENTED_EDGE('',*,*,#1615,.F.);
#1615 = EDGE_CURVE('',#1042,#396,#1616,.T.);
#1616 = SURFACE_CURVE('',#1617,(#1621,#1628),.PCURVE_S1.);
#1617 = LINE('',#1618,#1619);
#1618 = CARTESIAN_POINT('',(9.1,-20.5,-8.4));
#1619 = VECTOR('',#1620,1.);
#1620 = DIRECTION('',(0.,0.,1.));
#1621 = PCURVE('',#444,#1622);
#1622 = DEFINITIONAL_REPRESENTATION('',(#1623),#1627);
#1623 = LINE('',#1624,#1625);
#1624 = CARTESIAN_POINT('',(18.2,0.));
#1625 = VECTOR('',#1626,1.);
#1626 = DIRECTION('',(0.,-1.));
#1627 = ( GEOMETRIC_REPRESENTATION_CONTEXT(2) 
PARAMETRIC_REPRESENTATION_CONTEXT() REPRESENTATION_CONTEXT('2D SPACE',''
  ) );
#1628 = PCURVE('',#416,#1629);
#1629 = DEFINITIONAL_REPRESENTATION('',(#1630),#1634);
#1630 = LINE('',#1631,#1632);
#1631 = CARTESIAN_POINT('',(6.28318530718,0.));
#1632 = VECTOR('',#1633,1.);
#1633 = DIRECTION('',(-0.,-1.));
#1634 = ( GEOMETRIC_REPRESENTATION_CONTEXT(2) 
PARAMETRIC_REPRESENTATION_CONTEXT() REPRESENTATION_CONTEXT('2D SPACE',''
  ) );
#1635 = ADVANCED_FACE('',(#1636),#416,.F.);
#1636 = FACE_BOUND('',#1637,.F.);
#1637 = EDGE_LOOP('',(#1638,#1659,#1660,#1661));
#1638 = ORIENTED_EDGE('',*,*,#1639,.T.);
#1639 = EDGE_CURVE('',#1065,#368,#1640,.T.);
#1640 = SURFACE_CURVE('',#1641,(#1645,#1652),.PCURVE_S1.);
#1641 = LINE('',#1642,#1643);
#1642 = CARTESIAN_POINT('',(10.1,-19.5,-8.4));
#1643 = VECTOR('',#1644,1.);
#1644 = DIRECTION('',(0.,0.,1.));
#1645 = PCURVE('',#416,#1646);
#1646 = DEFINITIONAL_REPRESENTATION('',(#1647),#1651);
#1647 = LINE('',#1648,#1649);
#1648 = CARTESIAN_POINT('',(4.712388980385,0.));
#1649 = VECTOR('',#1650,1.);
#1650 = DIRECTION('',(-0.,-1.));
#1651 = ( GEOMETRIC_REPRESENTATION_CONTEXT(2) 
PARAMETRIC_REPRESENTATION_CONTEXT() REPRESENTATION_CONTEXT('2D SPACE',''
  ) );
#1652 = PCURVE('',#383,#1653);
#1653 = DEFINITIONAL_REPRESENTATION('',(#1654),#1658);
#1654 = LINE('',#1655,#1656);
#1655 = CARTESIAN_POINT('',(0.,0.));
#1656 = VECTOR('',#1657,1.);
#1657 = DIRECTION('',(0.,-1.));
#1658 = ( GEOMETRIC_REPRESENTATION_CONTEXT(2) 
PARAMETRIC_REPRESENTATION_CONTEXT() REPRESENTATION_CONTEXT('2D SPACE',''
  ) );
#1659 = ORIENTED_EDGE('',*,*,#395,.T.);
#1660 = ORIENTED_EDGE('',*,*,#1615,.F.);
#1661 = ORIENTED_EDGE('',*,*,#1064,.T.);
#1662 = ADVANCED_FACE('',(#1663),#383,.T.);
#1663 = FACE_BOUND('',#1664,.T.);
#1664 = EDGE_LOOP('',(#1665,#1666,#1667,#1668));
#1665 = ORIENTED_EDGE('',*,*,#1088,.F.);
#1666 = ORIENTED_EDGE('',*,*,#1639,.T.);
#1667 = ORIENTED_EDGE('',*,*,#367,.F.);
#1668 = ORIENTED_EDGE('',*,*,#1669,.F.);
#1669 = EDGE_CURVE('',#1089,#339,#1670,.T.);
#1670 = SURFACE_CURVE('',#1671,(#1675,#1682),.PCURVE_S1.);
#1671 = LINE('',#1672,#1673);
#1672 = CARTESIAN_POINT('',(10.1,-19.00399680511,-8.4));
#1673 = VECTOR('',#1674,1.);
#1674 = DIRECTION('',(0.,0.,1.));
#1675 = PCURVE('',#383,#1676);
#1676 = DEFINITIONAL_REPRESENTATION('',(#1677),#1681);
#1677 = LINE('',#1678,#1679);
#1678 = CARTESIAN_POINT('',(0.49600319489,0.));
#1679 = VECTOR('',#1680,1.);
#1680 = DIRECTION('',(0.,-1.));
#1681 = ( GEOMETRIC_REPRESENTATION_CONTEXT(2) 
PARAMETRIC_REPRESENTATION_CONTEXT() REPRESENTATION_CONTEXT('2D SPACE',''
  ) );
#1682 = PCURVE('',#355,#1683);
#1683 = DEFINITIONAL_REPRESENTATION('',(#1684),#1687);
#1684 = B_SPLINE_CURVE_WITH_KNOTS('',1,(#1685,#1686),.UNSPECIFIED.,.F.,
  .F.,(2,2),(-5.999999999062E-07,2.2000006),.PIECEWISE_BEZIER_KNOTS.);
#1685 = CARTESIAN_POINT('',(5.455348663717,-5.999999999062E-07));
#1686 = CARTESIAN_POINT('',(5.455348663717,2.2000006));
#1687 = ( GEOMETRIC_REPRESENTATION_CONTEXT(2) 
PARAMETRIC_REPRESENTATION_CONTEXT() REPRESENTATION_CONTEXT('2D SPACE',''
  ) );
#1688 = ADVANCED_FACE('',(#1689),#355,.T.);
#1689 = FACE_BOUND('',#1690,.T.);
#1690 = EDGE_LOOP('',(#1691,#1692,#1712,#1713));
#1691 = ORIENTED_EDGE('',*,*,#338,.F.);
#1692 = ORIENTED_EDGE('',*,*,#1693,.F.);
#1693 = EDGE_CURVE('',#1112,#311,#1694,.T.);
#1694 = SURFACE_CURVE('',#1695,(#1699,#1705),.PCURVE_S1.);
#1695 = LINE('',#1696,#1697);
#1696 = CARTESIAN_POINT('',(10.1,-13.99600319489,-8.4));
#1697 = VECTOR('',#1698,1.);
#1698 = DIRECTION('',(0.,0.,1.));
#1699 = PCURVE('',#355,#1700);
#1700 = DEFINITIONAL_REPRESENTATION('',(#1701),#1704);
#1701 = B_SPLINE_CURVE_WITH_KNOTS('',1,(#1702,#1703),.UNSPECIFIED.,.F.,
  .F.,(2,2),(-5.999999999062E-07,2.2000006),.PIECEWISE_BEZIER_KNOTS.);
#1702 = CARTESIAN_POINT('',(0.827836643463,-5.999999999062E-07));
#1703 = CARTESIAN_POINT('',(0.827836643463,2.2000006));
#1704 = ( GEOMETRIC_REPRESENTATION_CONTEXT(2) 
PARAMETRIC_REPRESENTATION_CONTEXT() REPRESENTATION_CONTEXT('2D SPACE',''
  ) );
#1705 = PCURVE('',#326,#1706);
#1706 = DEFINITIONAL_REPRESENTATION('',(#1707),#1711);
#1707 = LINE('',#1708,#1709);
#1708 = CARTESIAN_POINT('',(5.50399680511,0.));
#1709 = VECTOR('',#1710,1.);
#1710 = DIRECTION('',(0.,-1.));
#1711 = ( GEOMETRIC_REPRESENTATION_CONTEXT(2) 
PARAMETRIC_REPRESENTATION_CONTEXT() REPRESENTATION_CONTEXT('2D SPACE',''
  ) );
#1712 = ORIENTED_EDGE('',*,*,#1111,.T.);
#1713 = ORIENTED_EDGE('',*,*,#1669,.T.);
#1714 = ADVANCED_FACE('',(#1715),#326,.T.);
#1715 = FACE_BOUND('',#1716,.T.);
#1716 = EDGE_LOOP('',(#1717,#1718,#1719,#1720));
#1717 = ORIENTED_EDGE('',*,*,#1135,.F.);
#1718 = ORIENTED_EDGE('',*,*,#1693,.T.);
#1719 = ORIENTED_EDGE('',*,*,#310,.F.);
#1720 = ORIENTED_EDGE('',*,*,#1721,.F.);
#1721 = EDGE_CURVE('',#1136,#278,#1722,.T.);
#1722 = SURFACE_CURVE('',#1723,(#1727,#1734),.PCURVE_S1.);
#1723 = LINE('',#1724,#1725);
#1724 = CARTESIAN_POINT('',(10.1,9.9,-8.4));
#1725 = VECTOR('',#1726,1.);
#1726 = DIRECTION('',(0.,0.,1.));
#1727 = PCURVE('',#326,#1728);
#1728 = DEFINITIONAL_REPRESENTATION('',(#1729),#1733);
#1729 = LINE('',#1730,#1731);
#1730 = CARTESIAN_POINT('',(29.4,0.));
#1731 = VECTOR('',#1732,1.);
#1732 = DIRECTION('',(0.,-1.));
#1733 = ( GEOMETRIC_REPRESENTATION_CONTEXT(2) 
PARAMETRIC_REPRESENTATION_CONTEXT() REPRESENTATION_CONTEXT('2D SPACE',''
  ) );
#1734 = PCURVE('',#298,#1735);
#1735 = DEFINITIONAL_REPRESENTATION('',(#1736),#1740);
#1736 = LINE('',#1737,#1738);
#1737 = CARTESIAN_POINT('',(6.28318530718,0.));
#1738 = VECTOR('',#1739,1.);
#1739 = DIRECTION('',(-0.,-1.));
#1740 = ( GEOMETRIC_REPRESENTATION_CONTEXT(2) 
PARAMETRIC_REPRESENTATION_CONTEXT() REPRESENTATION_CONTEXT('2D SPACE',''
  ) );
#1741 = ADVANCED_FACE('',(#1742),#298,.F.);
#1742 = FACE_BOUND('',#1743,.F.);
#1743 = EDGE_LOOP('',(#1744,#1745,#1746,#1747));
#1744 = ORIENTED_EDGE('',*,*,#947,.T.);
#1745 = ORIENTED_EDGE('',*,*,#275,.T.);
#1746 = ORIENTED_EDGE('',*,*,#1721,.F.);
#1747 = ORIENTED_EDGE('',*,*,#1158,.T.);
#1748 = ADVANCED_FACE('',(#1749),#239,.F.);
#1749 = FACE_BOUND('',#1750,.F.);
#1750 = EDGE_LOOP('',(#1751,#1774,#1775,#1798));
#1751 = ORIENTED_EDGE('',*,*,#1752,.T.);
#1752 = EDGE_CURVE('',#1753,#195,#1755,.T.);
#1753 = VERTEX_POINT('',#1754);
#1754 = CARTESIAN_POINT('',(-12.1,9.9,-10.));
#1755 = SURFACE_CURVE('',#1756,(#1760,#1767),.PCURVE_S1.);
#1756 = LINE('',#1757,#1758);
#1757 = CARTESIAN_POINT('',(-12.1,9.9,-10.));
#1758 = VECTOR('',#1759,1.);
#1759 = DIRECTION('',(0.,0.,1.));
#1760 = PCURVE('',#239,#1761);
#1761 = DEFINITIONAL_REPRESENTATION('',(#1762),#1766);
#1762 = LINE('',#1763,#1764);
#1763 = CARTESIAN_POINT('',(0.,0.));
#1764 = VECTOR('',#1765,1.);
#1765 = DIRECTION('',(0.,-1.));
#1766 = ( GEOMETRIC_REPRESENTATION_CONTEXT(2) 
PARAMETRIC_REPRESENTATION_CONTEXT() REPRESENTATION_CONTEXT('2D SPACE',''
  ) );
#1767 = PCURVE('',#211,#1768);
#1768 = DEFINITIONAL_REPRESENTATION('',(#1769),#1773);
#1769 = LINE('',#1770,#1771);
#1770 = CARTESIAN_POINT('',(3.14159265359,0.));
#1771 = VECTOR('',#1772,1.);
#1772 = DIRECTION('',(-0.,-1.));
#1773 = ( GEOMETRIC_REPRESENTATION_CONTEXT(2) 
PARAMETRIC_REPRESENTATION_CONTEXT() REPRESENTATION_CONTEXT('2D SPACE',''
  ) );
#1774 = ORIENTED_EDGE('',*,*,#223,.T.);
#1775 = ORIENTED_EDGE('',*,*,#1776,.F.);
#1776 = EDGE_CURVE('',#1777,#224,#1779,.T.);
#1777 = VERTEX_POINT('',#1778);
#1778 = CARTESIAN_POINT('',(-12.1,-19.5,-10.));
#1779 = SURFACE_CURVE('',#1780,(#1784,#1791),.PCURVE_S1.);
#1780 = LINE('',#1781,#1782);
#1781 = CARTESIAN_POINT('',(-12.1,-19.5,-10.));
#1782 = VECTOR('',#1783,1.);
#1783 = DIRECTION('',(0.,0.,1.));
#1784 = PCURVE('',#239,#1785);
#1785 = DEFINITIONAL_REPRESENTATION('',(#1786),#1790);
#1786 = LINE('',#1787,#1788);
#1787 = CARTESIAN_POINT('',(29.4,0.));
#1788 = VECTOR('',#1789,1.);
#1789 = DIRECTION('',(0.,-1.));
#1790 = ( GEOMETRIC_REPRESENTATION_CONTEXT(2) 
PARAMETRIC_REPRESENTATION_CONTEXT() REPRESENTATION_CONTEXT('2D SPACE',''
  ) );
#1791 = PCURVE('',#44,#1792);
#1792 = DEFINITIONAL_REPRESENTATION('',(#1793),#1797);
#1793 = LINE('',#1794,#1795);
#1794 = CARTESIAN_POINT('',(6.28318530718,0.));
#1795 = VECTOR('',#1796,1.);
#1796 = DIRECTION('',(-0.,-1.));
#1797 = ( GEOMETRIC_REPRESENTATION_CONTEXT(2) 
PARAMETRIC_REPRESENTATION_CONTEXT() REPRESENTATION_CONTEXT('2D SPACE',''
  ) );
#1798 = ORIENTED_EDGE('',*,*,#1799,.F.);
#1799 = EDGE_CURVE('',#1753,#1777,#1800,.T.);
#1800 = SURFACE_CURVE('',#1801,(#1805,#1812),.PCURVE_S1.);
#1801 = LINE('',#1802,#1803);
#1802 = CARTESIAN_POINT('',(-12.1,9.9,-10.));
#1803 = VECTOR('',#1804,1.);
#1804 = DIRECTION('',(6.042030065987E-17,-1.,0.));
#1805 = PCURVE('',#239,#1806);
#1806 = DEFINITIONAL_REPRESENTATION('',(#1807),#1811);
#1807 = LINE('',#1808,#1809);
#1808 = CARTESIAN_POINT('',(0.,0.));
#1809 = VECTOR('',#1810,1.);
#1810 = DIRECTION('',(1.,0.));
#1811 = ( GEOMETRIC_REPRESENTATION_CONTEXT(2) 
PARAMETRIC_REPRESENTATION_CONTEXT() REPRESENTATION_CONTEXT('2D SPACE',''
  ) );
#1812 = PCURVE('',#126,#1813);
#1813 = DEFINITIONAL_REPRESENTATION('',(#1814),#1818);
#1814 = LINE('',#1815,#1816);
#1815 = CARTESIAN_POINT('',(-12.1,12.16605589232));
#1816 = VECTOR('',#1817,1.);
#1817 = DIRECTION('',(6.042030065987E-17,-1.));
#1818 = ( GEOMETRIC_REPRESENTATION_CONTEXT(2) 
PARAMETRIC_REPRESENTATION_CONTEXT() REPRESENTATION_CONTEXT('2D SPACE',''
  ) );
#1819 = ADVANCED_FACE('',(#1820),#211,.T.);
#1820 = FACE_BOUND('',#1821,.T.);
#1821 = EDGE_LOOP('',(#1822,#1846,#1847,#1848));
#1822 = ORIENTED_EDGE('',*,*,#1823,.T.);
#1823 = EDGE_CURVE('',#1824,#1753,#1826,.T.);
#1824 = VERTEX_POINT('',#1825);
#1825 = CARTESIAN_POINT('',(12.1,9.9,-10.));
#1826 = SURFACE_CURVE('',#1827,(#1832,#1839),.PCURVE_S1.);
#1827 = CIRCLE('',#1828,12.1);
#1828 = AXIS2_PLACEMENT_3D('',#1829,#1830,#1831);
#1829 = CARTESIAN_POINT('',(0.,9.9,-10.));
#1830 = DIRECTION('',(0.,-0.,1.));
#1831 = DIRECTION('',(1.,1.468063503637E-16,0.));
#1832 = PCURVE('',#211,#1833);
#1833 = DEFINITIONAL_REPRESENTATION('',(#1834),#1838);
#1834 = LINE('',#1835,#1836);
#1835 = CARTESIAN_POINT('',(6.28318530718,0.));
#1836 = VECTOR('',#1837,1.);
#1837 = DIRECTION('',(-1.,0.));
#1838 = ( GEOMETRIC_REPRESENTATION_CONTEXT(2) 
PARAMETRIC_REPRESENTATION_CONTEXT() REPRESENTATION_CONTEXT('2D SPACE',''
  ) );
#1839 = PCURVE('',#126,#1840);
#1840 = DEFINITIONAL_REPRESENTATION('',(#1841),#1845);
#1841 = CIRCLE('',#1842,12.1);
#1842 = AXIS2_PLACEMENT_2D('',#1843,#1844);
#1843 = CARTESIAN_POINT('',(0.,12.16605589232));
#1844 = DIRECTION('',(1.,1.468063503637E-16));
#1845 = ( GEOMETRIC_REPRESENTATION_CONTEXT(2) 
PARAMETRIC_REPRESENTATION_CONTEXT() REPRESENTATION_CONTEXT('2D SPACE',''
  ) );
#1846 = ORIENTED_EDGE('',*,*,#1752,.T.);
#1847 = ORIENTED_EDGE('',*,*,#194,.F.);
#1848 = ORIENTED_EDGE('',*,*,#1849,.F.);
#1849 = EDGE_CURVE('',#1824,#167,#1850,.T.);
#1850 = SURFACE_CURVE('',#1851,(#1855,#1862),.PCURVE_S1.);
#1851 = LINE('',#1852,#1853);
#1852 = CARTESIAN_POINT('',(12.1,9.9,-10.));
#1853 = VECTOR('',#1854,1.);
#1854 = DIRECTION('',(0.,0.,1.));
#1855 = PCURVE('',#211,#1856);
#1856 = DEFINITIONAL_REPRESENTATION('',(#1857),#1861);
#1857 = LINE('',#1858,#1859);
#1858 = CARTESIAN_POINT('',(6.28318530718,0.));
#1859 = VECTOR('',#1860,1.);
#1860 = DIRECTION('',(-0.,-1.));
#1861 = ( GEOMETRIC_REPRESENTATION_CONTEXT(2) 
PARAMETRIC_REPRESENTATION_CONTEXT() REPRESENTATION_CONTEXT('2D SPACE',''
  ) );
#1862 = PCURVE('',#182,#1863);
#1863 = DEFINITIONAL_REPRESENTATION('',(#1864),#1868);
#1864 = LINE('',#1865,#1866);
#1865 = CARTESIAN_POINT('',(29.4,0.));
#1866 = VECTOR('',#1867,1.);
#1867 = DIRECTION('',(0.,-1.));
#1868 = ( GEOMETRIC_REPRESENTATION_CONTEXT(2) 
PARAMETRIC_REPRESENTATION_CONTEXT() REPRESENTATION_CONTEXT('2D SPACE',''
  ) );
#1869 = ADVANCED_FACE('',(#1870),#182,.F.);
#1870 = FACE_BOUND('',#1871,.F.);
#1871 = EDGE_LOOP('',(#1872,#1895,#1896,#1897));
#1872 = ORIENTED_EDGE('',*,*,#1873,.T.);
#1873 = EDGE_CURVE('',#1874,#143,#1876,.T.);
#1874 = VERTEX_POINT('',#1875);
#1875 = CARTESIAN_POINT('',(12.1,-19.5,-10.));
#1876 = SURFACE_CURVE('',#1877,(#1881,#1888),.PCURVE_S1.);
#1877 = LINE('',#1878,#1879);
#1878 = CARTESIAN_POINT('',(12.1,-19.5,-10.));
#1879 = VECTOR('',#1880,1.);
#1880 = DIRECTION('',(0.,0.,1.));
#1881 = PCURVE('',#182,#1882);
#1882 = DEFINITIONAL_REPRESENTATION('',(#1883),#1887);
#1883 = LINE('',#1884,#1885);
#1884 = CARTESIAN_POINT('',(0.,0.));
#1885 = VECTOR('',#1886,1.);
#1886 = DIRECTION('',(0.,-1.));
#1887 = ( GEOMETRIC_REPRESENTATION_CONTEXT(2) 
PARAMETRIC_REPRESENTATION_CONTEXT() REPRESENTATION_CONTEXT('2D SPACE',''
  ) );
#1888 = PCURVE('',#100,#1889);
#1889 = DEFINITIONAL_REPRESENTATION('',(#1890),#1894);
#1890 = LINE('',#1891,#1892);
#1891 = CARTESIAN_POINT('',(4.712388980385,0.));
#1892 = VECTOR('',#1893,1.);
#1893 = DIRECTION('',(-0.,-1.));
#1894 = ( GEOMETRIC_REPRESENTATION_CONTEXT(2) 
PARAMETRIC_REPRESENTATION_CONTEXT() REPRESENTATION_CONTEXT('2D SPACE',''
  ) );
#1895 = ORIENTED_EDGE('',*,*,#166,.T.);
#1896 = ORIENTED_EDGE('',*,*,#1849,.F.);
#1897 = ORIENTED_EDGE('',*,*,#1898,.F.);
#1898 = EDGE_CURVE('',#1874,#1824,#1899,.T.);
#1899 = SURFACE_CURVE('',#1900,(#1904,#1911),.PCURVE_S1.);
#1900 = LINE('',#1901,#1902);
#1901 = CARTESIAN_POINT('',(12.1,-19.5,-10.));
#1902 = VECTOR('',#1903,1.);
#1903 = DIRECTION('',(6.042030065987E-17,1.,0.));
#1904 = PCURVE('',#182,#1905);
#1905 = DEFINITIONAL_REPRESENTATION('',(#1906),#1910);
#1906 = LINE('',#1907,#1908);
#1907 = CARTESIAN_POINT('',(0.,0.));
#1908 = VECTOR('',#1909,1.);
#1909 = DIRECTION('',(1.,0.));
#1910 = ( GEOMETRIC_REPRESENTATION_CONTEXT(2) 
PARAMETRIC_REPRESENTATION_CONTEXT() REPRESENTATION_CONTEXT('2D SPACE',''
  ) );
#1911 = PCURVE('',#126,#1912);
#1912 = DEFINITIONAL_REPRESENTATION('',(#1913),#1917);
#1913 = LINE('',#1914,#1915);
#1914 = CARTESIAN_POINT('',(12.1,-17.23394410768));
#1915 = VECTOR('',#1916,1.);
#1916 = DIRECTION('',(6.042030065987E-17,1.));
#1917 = ( GEOMETRIC_REPRESENTATION_CONTEXT(2) 
PARAMETRIC_REPRESENTATION_CONTEXT() REPRESENTATION_CONTEXT('2D SPACE',''
  ) );
#1918 = ADVANCED_FACE('',(#1919,#1969,#1972,#1975,#2006),#126,.F.);
#1919 = FACE_BOUND('',#1920,.F.);
#1920 = EDGE_LOOP('',(#1921,#1922,#1944,#1945,#1946,#1947));
#1921 = ORIENTED_EDGE('',*,*,#112,.T.);
#1922 = ORIENTED_EDGE('',*,*,#1923,.T.);
#1923 = EDGE_CURVE('',#85,#1874,#1924,.T.);
#1924 = SURFACE_CURVE('',#1925,(#1930,#1937),.PCURVE_S1.);
#1925 = CIRCLE('',#1926,3.);
#1926 = AXIS2_PLACEMENT_3D('',#1927,#1928,#1929);
#1927 = CARTESIAN_POINT('',(9.1,-19.5,-10.));
#1928 = DIRECTION('',(-0.,0.,1.));
#1929 = DIRECTION('',(5.921189464668E-16,-1.,0.));
#1930 = PCURVE('',#126,#1931);
#1931 = DEFINITIONAL_REPRESENTATION('',(#1932),#1936);
#1932 = CIRCLE('',#1933,3.);
#1933 = AXIS2_PLACEMENT_2D('',#1934,#1935);
#1934 = CARTESIAN_POINT('',(9.1,-17.23394410768));
#1935 = DIRECTION('',(5.921189464668E-16,-1.));
#1936 = ( GEOMETRIC_REPRESENTATION_CONTEXT(2) 
PARAMETRIC_REPRESENTATION_CONTEXT() REPRESENTATION_CONTEXT('2D SPACE',''
  ) );
#1937 = PCURVE('',#100,#1938);
#1938 = DEFINITIONAL_REPRESENTATION('',(#1939),#1943);
#1939 = LINE('',#1940,#1941);
#1940 = CARTESIAN_POINT('',(6.28318530718,0.));
#1941 = VECTOR('',#1942,1.);
#1942 = DIRECTION('',(-1.,0.));
#1943 = ( GEOMETRIC_REPRESENTATION_CONTEXT(2) 
PARAMETRIC_REPRESENTATION_CONTEXT() REPRESENTATION_CONTEXT('2D SPACE',''
  ) );
#1944 = ORIENTED_EDGE('',*,*,#1898,.T.);
#1945 = ORIENTED_EDGE('',*,*,#1823,.T.);
#1946 = ORIENTED_EDGE('',*,*,#1799,.T.);
#1947 = ORIENTED_EDGE('',*,*,#1948,.T.);
#1948 = EDGE_CURVE('',#1777,#22,#1949,.T.);
#1949 = SURFACE_CURVE('',#1950,(#1955,#1962),.PCURVE_S1.);
#1950 = CIRCLE('',#1951,3.);
#1951 = AXIS2_PLACEMENT_3D('',#1952,#1953,#1954);
#1952 = CARTESIAN_POINT('',(-9.1,-19.5,-10.));
#1953 = DIRECTION('',(0.,0.,1.));
#1954 = DIRECTION('',(-1.,0.,0.));
#1955 = PCURVE('',#126,#1956);
#1956 = DEFINITIONAL_REPRESENTATION('',(#1957),#1961);
#1957 = CIRCLE('',#1958,3.);
#1958 = AXIS2_PLACEMENT_2D('',#1959,#1960);
#1959 = CARTESIAN_POINT('',(-9.1,-17.23394410768));
#1960 = DIRECTION('',(-1.,0.));
#1961 = ( GEOMETRIC_REPRESENTATION_CONTEXT(2) 
PARAMETRIC_REPRESENTATION_CONTEXT() REPRESENTATION_CONTEXT('2D SPACE',''
  ) );
#1962 = PCURVE('',#44,#1963);
#1963 = DEFINITIONAL_REPRESENTATION('',(#1964),#1968);
#1964 = LINE('',#1965,#1966);
#1965 = CARTESIAN_POINT('',(6.28318530718,0.));
#1966 = VECTOR('',#1967,1.);
#1967 = DIRECTION('',(-1.,0.));
#1968 = ( GEOMETRIC_REPRESENTATION_CONTEXT(2) 
PARAMETRIC_REPRESENTATION_CONTEXT() REPRESENTATION_CONTEXT('2D SPACE',''
  ) );
#1969 = FACE_BOUND('',#1970,.F.);
#1970 = EDGE_LOOP('',(#1971));
#1971 = ORIENTED_EDGE('',*,*,#892,.F.);
#1972 = FACE_BOUND('',#1973,.F.);
#1973 = EDGE_LOOP('',(#1974));
#1974 = ORIENTED_EDGE('',*,*,#752,.F.);
#1975 = FACE_BOUND('',#1976,.F.);
#1976 = EDGE_LOOP('',(#1977));
#1977 = ORIENTED_EDGE('',*,*,#1978,.F.);
#1978 = EDGE_CURVE('',#1979,#1979,#1981,.T.);
#1979 = VERTEX_POINT('',#1980);
#1980 = CARTESIAN_POINT('',(-5.,8.,-10.));
#1981 = SURFACE_CURVE('',#1982,(#1987,#1994),.PCURVE_S1.);
#1982 = CIRCLE('',#1983,2.);
#1983 = AXIS2_PLACEMENT_3D('',#1984,#1985,#1986);
#1984 = CARTESIAN_POINT('',(-7.,8.,-10.));
#1985 = DIRECTION('',(0.,0.,1.));
#1986 = DIRECTION('',(1.,0.,0.));
#1987 = PCURVE('',#126,#1988);
#1988 = DEFINITIONAL_REPRESENTATION('',(#1989),#1993);
#1989 = CIRCLE('',#1990,2.);
#1990 = AXIS2_PLACEMENT_2D('',#1991,#1992);
#1991 = CARTESIAN_POINT('',(-7.,10.26605589232));
#1992 = DIRECTION('',(1.,0.));
#1993 = ( GEOMETRIC_REPRESENTATION_CONTEXT(2) 
PARAMETRIC_REPRESENTATION_CONTEXT() REPRESENTATION_CONTEXT('2D SPACE',''
  ) );
#1994 = PCURVE('',#1995,#2000);
#1995 = CYLINDRICAL_SURFACE('',#1996,2.);
#1996 = AXIS2_PLACEMENT_3D('',#1997,#1998,#1999);
#1997 = CARTESIAN_POINT('',(-7.,8.,-11.2));
#1998 = DIRECTION('',(0.,0.,1.));
#1999 = DIRECTION('',(1.,0.,0.));
#2000 = DEFINITIONAL_REPRESENTATION('',(#2001),#2005);
#2001 = LINE('',#2002,#2003);
#2002 = CARTESIAN_POINT('',(0.,1.2));
#2003 = VECTOR('',#2004,1.);
#2004 = DIRECTION('',(1.,0.));
#2005 = ( GEOMETRIC_REPRESENTATION_CONTEXT(2) 
PARAMETRIC_REPRESENTATION_CONTEXT() REPRESENTATION_CONTEXT('2D SPACE',''
  ) );
#2006 = FACE_BOUND('',#2007,.F.);
#2007 = EDGE_LOOP('',(#2008));
#2008 = ORIENTED_EDGE('',*,*,#2009,.F.);
#2009 = EDGE_CURVE('',#2010,#2010,#2012,.T.);
#2010 = VERTEX_POINT('',#2011);
#2011 = CARTESIAN_POINT('',(9.,8.,-10.));
#2012 = SURFACE_CURVE('',#2013,(#2018,#2025),.PCURVE_S1.);
#2013 = CIRCLE('',#2014,2.);
#2014 = AXIS2_PLACEMENT_3D('',#2015,#2016,#2017);
#2015 = CARTESIAN_POINT('',(7.,8.,-10.));
#2016 = DIRECTION('',(0.,0.,1.));
#2017 = DIRECTION('',(1.,0.,0.));
#2018 = PCURVE('',#126,#2019);
#2019 = DEFINITIONAL_REPRESENTATION('',(#2020),#2024);
#2020 = CIRCLE('',#2021,2.);
#2021 = AXIS2_PLACEMENT_2D('',#2022,#2023);
#2022 = CARTESIAN_POINT('',(7.,10.26605589232));
#2023 = DIRECTION('',(1.,0.));
#2024 = ( GEOMETRIC_REPRESENTATION_CONTEXT(2) 
PARAMETRIC_REPRESENTATION_CONTEXT() REPRESENTATION_CONTEXT('2D SPACE',''
  ) );
#2025 = PCURVE('',#2026,#2031);
#2026 = CYLINDRICAL_SURFACE('',#2027,2.);
#2027 = AXIS2_PLACEMENT_3D('',#2028,#2029,#2030);
#2028 = CARTESIAN_POINT('',(7.,8.,-11.2));
#2029 = DIRECTION('',(0.,0.,1.));
#2030 = DIRECTION('',(1.,0.,0.));
#2031 = DEFINITIONAL_REPRESENTATION('',(#2032),#2036);
#2032 = LINE('',#2033,#2034);
#2033 = CARTESIAN_POINT('',(0.,1.2));
#2034 = VECTOR('',#2035,1.);
#2035 = DIRECTION('',(1.,0.));
#2036 = ( GEOMETRIC_REPRESENTATION_CONTEXT(2) 
PARAMETRIC_REPRESENTATION_CONTEXT() REPRESENTATION_CONTEXT('2D SPACE',''
  ) );
#2037 = ADVANCED_FACE('',(#2038),#2026,.T.);
#2038 = FACE_BOUND('',#2039,.T.);
#2039 = EDGE_LOOP('',(#2040,#2041,#2064,#2091));
#2040 = ORIENTED_EDGE('',*,*,#2009,.F.);
#2041 = ORIENTED_EDGE('',*,*,#2042,.F.);
#2042 = EDGE_CURVE('',#2043,#2010,#2045,.T.);
#2043 = VERTEX_POINT('',#2044);
#2044 = CARTESIAN_POINT('',(9.,8.,-11.2));
#2045 = SEAM_CURVE('',#2046,(#2050,#2057),.PCURVE_S1.);
#2046 = LINE('',#2047,#2048);
#2047 = CARTESIAN_POINT('',(9.,8.,-11.2));
#2048 = VECTOR('',#2049,1.);
#2049 = DIRECTION('',(0.,0.,1.));
#2050 = PCURVE('',#2026,#2051);
#2051 = DEFINITIONAL_REPRESENTATION('',(#2052),#2056);
#2052 = LINE('',#2053,#2054);
#2053 = CARTESIAN_POINT('',(0.,-0.));
#2054 = VECTOR('',#2055,1.);
#2055 = DIRECTION('',(0.,1.));
#2056 = ( GEOMETRIC_REPRESENTATION_CONTEXT(2) 
PARAMETRIC_REPRESENTATION_CONTEXT() REPRESENTATION_CONTEXT('2D SPACE',''
  ) );
#2057 = PCURVE('',#2026,#2058);
#2058 = DEFINITIONAL_REPRESENTATION('',(#2059),#2063);
#2059 = LINE('',#2060,#2061);
#2060 = CARTESIAN_POINT('',(6.28318530718,-0.));
#2061 = VECTOR('',#2062,1.);
#2062 = DIRECTION('',(0.,1.));
#2063 = ( GEOMETRIC_REPRESENTATION_CONTEXT(2) 
PARAMETRIC_REPRESENTATION_CONTEXT() REPRESENTATION_CONTEXT('2D SPACE',''
  ) );
#2064 = ORIENTED_EDGE('',*,*,#2065,.T.);
#2065 = EDGE_CURVE('',#2043,#2043,#2066,.T.);
#2066 = SURFACE_CURVE('',#2067,(#2072,#2079),.PCURVE_S1.);
#2067 = CIRCLE('',#2068,2.);
#2068 = AXIS2_PLACEMENT_3D('',#2069,#2070,#2071);
#2069 = CARTESIAN_POINT('',(7.,8.,-11.2));
#2070 = DIRECTION('',(0.,0.,1.));
#2071 = DIRECTION('',(1.,0.,0.));
#2072 = PCURVE('',#2026,#2073);
#2073 = DEFINITIONAL_REPRESENTATION('',(#2074),#2078);
#2074 = LINE('',#2075,#2076);
#2075 = CARTESIAN_POINT('',(0.,0.));
#2076 = VECTOR('',#2077,1.);
#2077 = DIRECTION('',(1.,0.));
#2078 = ( GEOMETRIC_REPRESENTATION_CONTEXT(2) 
PARAMETRIC_REPRESENTATION_CONTEXT() REPRESENTATION_CONTEXT('2D SPACE',''
  ) );
#2079 = PCURVE('',#2080,#2085);
#2080 = PLANE('',#2081);
#2081 = AXIS2_PLACEMENT_3D('',#2082,#2083,#2084);
#2082 = CARTESIAN_POINT('',(7.,8.,-11.2));
#2083 = DIRECTION('',(0.,0.,1.));
#2084 = DIRECTION('',(1.,0.,0.));
#2085 = DEFINITIONAL_REPRESENTATION('',(#2086),#2090);
#2086 = CIRCLE('',#2087,2.);
#2087 = AXIS2_PLACEMENT_2D('',#2088,#2089);
#2088 = CARTESIAN_POINT('',(0.,0.));
#2089 = DIRECTION('',(1.,0.));
#2090 = ( GEOMETRIC_REPRESENTATION_CONTEXT(2) 
PARAMETRIC_REPRESENTATION_CONTEXT() REPRESENTATION_CONTEXT('2D SPACE',''
  ) );
#2091 = ORIENTED_EDGE('',*,*,#2042,.T.);
#2092 = ADVANCED_FACE('',(#2093),#2080,.F.);
#2093 = FACE_BOUND('',#2094,.T.);
#2094 = EDGE_LOOP('',(#2095));
#2095 = ORIENTED_EDGE('',*,*,#2065,.F.);
#2096 = ADVANCED_FACE('',(#2097),#1995,.T.);
#2097 = FACE_BOUND('',#2098,.T.);
#2098 = EDGE_LOOP('',(#2099,#2100,#2123,#2150));
#2099 = ORIENTED_EDGE('',*,*,#1978,.F.);
#2100 = ORIENTED_EDGE('',*,*,#2101,.F.);
#2101 = EDGE_CURVE('',#2102,#1979,#2104,.T.);
#2102 = VERTEX_POINT('',#2103);
#2103 = CARTESIAN_POINT('',(-5.,8.,-11.2));
#2104 = SEAM_CURVE('',#2105,(#2109,#2116),.PCURVE_S1.);
#2105 = LINE('',#2106,#2107);
#2106 = CARTESIAN_POINT('',(-5.,8.,-11.2));
#2107 = VECTOR('',#2108,1.);
#2108 = DIRECTION('',(0.,0.,1.));
#2109 = PCURVE('',#1995,#2110);
#2110 = DEFINITIONAL_REPRESENTATION('',(#2111),#2115);
#2111 = LINE('',#2112,#2113);
#2112 = CARTESIAN_POINT('',(0.,-0.));
#2113 = VECTOR('',#2114,1.);
#2114 = DIRECTION('',(0.,1.));
#2115 = ( GEOMETRIC_REPRESENTATION_CONTEXT(2) 
PARAMETRIC_REPRESENTATION_CONTEXT() REPRESENTATION_CONTEXT('2D SPACE',''
  ) );
#2116 = PCURVE('',#1995,#2117);
#2117 = DEFINITIONAL_REPRESENTATION('',(#2118),#2122);
#2118 = LINE('',#2119,#2120);
#2119 = CARTESIAN_POINT('',(6.28318530718,-0.));
#2120 = VECTOR('',#2121,1.);
#2121 = DIRECTION('',(0.,1.));
#2122 = ( GEOMETRIC_REPRESENTATION_CONTEXT(2) 
PARAMETRIC_REPRESENTATION_CONTEXT() REPRESENTATION_CONTEXT('2D SPACE',''
  ) );
#2123 = ORIENTED_EDGE('',*,*,#2124,.T.);
#2124 = EDGE_CURVE('',#2102,#2102,#2125,.T.);
#2125 = SURFACE_CURVE('',#2126,(#2131,#2138),.PCURVE_S1.);
#2126 = CIRCLE('',#2127,2.);
#2127 = AXIS2_PLACEMENT_3D('',#2128,#2129,#2130);
#2128 = CARTESIAN_POINT('',(-7.,8.,-11.2));
#2129 = DIRECTION('',(0.,0.,1.));
#2130 = DIRECTION('',(1.,0.,0.));
#2131 = PCURVE('',#1995,#2132);
#2132 = DEFINITIONAL_REPRESENTATION('',(#2133),#2137);
#2133 = LINE('',#2134,#2135);
#2134 = CARTESIAN_POINT('',(0.,0.));
#2135 = VECTOR('',#2136,1.);
#2136 = DIRECTION('',(1.,0.));
#2137 = ( GEOMETRIC_REPRESENTATION_CONTEXT(2) 
PARAMETRIC_REPRESENTATION_CONTEXT() REPRESENTATION_CONTEXT('2D SPACE',''
  ) );
#2138 = PCURVE('',#2139,#2144);
#2139 = PLANE('',#2140);
#2140 = AXIS2_PLACEMENT_3D('',#2141,#2142,#2143);
#2141 = CARTESIAN_POINT('',(-7.,8.,-11.2));
#2142 = DIRECTION('',(0.,0.,1.));
#2143 = DIRECTION('',(1.,0.,0.));
#2144 = DEFINITIONAL_REPRESENTATION('',(#2145),#2149);
#2145 = CIRCLE('',#2146,2.);
#2146 = AXIS2_PLACEMENT_2D('',#2147,#2148);
#2147 = CARTESIAN_POINT('',(0.,0.));
#2148 = DIRECTION('',(1.,0.));
#2149 = ( GEOMETRIC_REPRESENTATION_CONTEXT(2) 
PARAMETRIC_REPRESENTATION_CONTEXT() REPRESENTATION_CONTEXT('2D SPACE',''
  ) );
#2150 = ORIENTED_EDGE('',*,*,#2101,.T.);
#2151 = ADVANCED_FACE('',(#2152),#2139,.F.);
#2152 = FACE_BOUND('',#2153,.T.);
#2153 = EDGE_LOOP('',(#2154));
#2154 = ORIENTED_EDGE('',*,*,#2124,.F.);
#2155 = ADVANCED_FACE('',(#2156),#100,.T.);
#2156 = FACE_BOUND('',#2157,.T.);
#2157 = EDGE_LOOP('',(#2158,#2159,#2160,#2161));
#2158 = ORIENTED_EDGE('',*,*,#1923,.T.);
#2159 = ORIENTED_EDGE('',*,*,#1873,.T.);
#2160 = ORIENTED_EDGE('',*,*,#142,.F.);
#2161 = ORIENTED_EDGE('',*,*,#84,.F.);
#2162 = ADVANCED_FACE('',(#2163),#44,.T.);
#2163 = FACE_BOUND('',#2164,.T.);
#2164 = EDGE_LOOP('',(#2165,#2166,#2167,#2168));
#2165 = ORIENTED_EDGE('',*,*,#1948,.T.);
#2166 = ORIENTED_EDGE('',*,*,#21,.T.);
#2167 = ORIENTED_EDGE('',*,*,#251,.F.);
#2168 = ORIENTED_EDGE('',*,*,#1776,.F.);
#2169 = ( GEOMETRIC_REPRESENTATION_CONTEXT(3) 
GLOBAL_UNCERTAINTY_ASSIGNED_CONTEXT((#2173)) 
GLOBAL_UNIT_ASSIGNED_CONTEXT((#2170,#2171,#2172)) REPRESENTATION_CONTEXT
('Context #1','3D Context with UNIT and UNCERTAINTY') );
#2170 = ( LENGTH_UNIT() NAMED_UNIT(*) SI_UNIT(.MILLI.,.METRE.) );
#2171 = ( NAMED_UNIT(*) PLANE_ANGLE_UNIT() SI_UNIT($,.RADIAN.) );
#2172 = ( NAMED_UNIT(*) SI_UNIT($,.STERADIAN.) SOLID_ANGLE_UNIT() );
#2173 = UNCERTAINTY_MEASURE_WITH_UNIT(LENGTH_MEASURE(1.E-07),#2170,
  'distance_accuracy_value','confusion accuracy');
#2174 = PRODUCT_RELATED_PRODUCT_CATEGORY('part',$,(#7));
ENDSEC;
END-ISO-10303-21;
