ISO-10303-21;
HEADER;
FILE_DESCRIPTION(('Open CASCADE Model'),'2;1');
FILE_NAME('Open CASCADE Shape Model','2026-09-09T12:14:11',('Author'),(
    'Open CASCADE'),'Open CASCADE STEP processor 7.9','Open CASCADE 7.9'
  ,'Unknown');
FILE_SCHEMA(('AUTOMOTIVE_DESIGN { 1 0 10303 214 1 1 1 1 }'));
ENDSEC;
DATA;
#1 = APPLICATION_PROTOCOL_DEFINITION('international standard',
  'automotive_design',2000,#2);
#2 = APPLICATION_CONTEXT(
  'core data for automotive mechanical design processes');
#3 = SHAPE_DEFINITION_REPRESENTATION(#4,#10);
#4 = PRODUCT_DEFINITION_SHAPE('','',#5);
#5 = PRODUCT_DEFINITION('design','',#6,#9);
#6 = PRODUCT_DEFINITION_FORMATION('','',#7);
#7 = PRODUCT('Open CASCADE STEP translator 7.9 3',
  'Open CASCADE STEP translator 7.9 3','',(#8));
#8 = PRODUCT_CONTEXT('',#2,'mechanical');
#9 = PRODUCT_DEFINITION_CONTEXT('part definition',#2,'design');
#10 = ADVANCED_BREP_SHAPE_REPRESENTATION('',(#11,#15),#7774);
#11 = AXIS2_PLACEMENT_3D('',#12,#13,#14);
#12 = CARTESIAN_POINT('',(0.,0.,0.));
#13 = DIRECTION('',(0.,0.,1.));
#14 = DIRECTION('',(1.,0.,-0.));
#15 = MANIFOLD_SOLID_BREP('',#16);
#16 = CLOSED_SHELL('',(#17,#137,#442,#603,#888,#1441,#1837,#2345,#2741,
    #2923,#3082,#3143,#3168,#3192,#3216,#3240,#3247,#3323,#3407,#3477,
    #3769,#3843,#3928,#4012,#4094,#4492,#4901,#5137,#5403,#5709,#6191,
    #6485,#6549,#6600,#6678,#6755,#6832,#6900,#6949,#6973,#7229,#7318,
    #7346,#7353,#7360,#7388,#7416,#7444,#7470,#7496,#7522,#7548,#7555,
    #7624,#7671,#7699,#7726,#7753,#7760,#7767));
#17 = ADVANCED_FACE('',(#18),#32,.F.);
#18 = FACE_BOUND('',#19,.F.);
#19 = EDGE_LOOP('',(#20,#55,#83,#111));
#20 = ORIENTED_EDGE('',*,*,#21,.F.);
#21 = EDGE_CURVE('',#22,#24,#26,.T.);
#22 = VERTEX_POINT('',#23);
#23 = CARTESIAN_POINT('',(-7.1,-16.,13.45));
#24 = VERTEX_POINT('',#25);
#25 = CARTESIAN_POINT('',(-7.1,-16.,12.));
#26 = SURFACE_CURVE('',#27,(#31,#43),.PCURVE_S1.);
#27 = LINE('',#28,#29);
#28 = CARTESIAN_POINT('',(-7.1,-16.,13.45));
#29 = VECTOR('',#30,1.);
#30 = DIRECTION('',(6.125368411725E-16,0.,-1.));
#31 = PCURVE('',#32,#37);
#32 = PLANE('',#33);
#33 = AXIS2_PLACEMENT_3D('',#34,#35,#36);
#34 = CARTESIAN_POINT('',(-7.1,-16.,12.));
#35 = DIRECTION('',(0.,1.,0.));
#36 = DIRECTION('',(1.,0.,0.));
#37 = DEFINITIONAL_REPRESENTATION('',(#38),#42);
#38 = LINE('',#39,#40);
#39 = CARTESIAN_POINT('',(0.,-1.45));
#40 = VECTOR('',#41,1.);
#41 = DIRECTION('',(6.125368411725E-16,1.));
#42 = ( GEOMETRIC_REPRESENTATION_CONTEXT(2) 
PARAMETRIC_REPRESENTATION_CONTEXT() REPRESENTATION_CONTEXT('2D SPACE',''
  ) );
#43 = PCURVE('',#44,#49);
#44 = CYLINDRICAL_SURFACE('',#45,4.5);
#45 = AXIS2_PLACEMENT_3D('',#46,#47,#48);
#46 = CARTESIAN_POINT('',(-7.1,-11.5,12.));
#47 = DIRECTION('',(-0.,-0.,-1.));
#48 = DIRECTION('',(-1.,3.947459643112E-16,0.));
#49 = DEFINITIONAL_REPRESENTATION('',(#50),#54);
#50 = LINE('',#51,#52);
#51 = CARTESIAN_POINT('',(4.712388980385,-1.45));
#52 = VECTOR('',#53,1.);
#53 = DIRECTION('',(0.,1.));
#54 = ( GEOMETRIC_REPRESENTATION_CONTEXT(2) 
PARAMETRIC_REPRESENTATION_CONTEXT() REPRESENTATION_CONTEXT('2D SPACE',''
  ) );
#55 = ORIENTED_EDGE('',*,*,#56,.T.);
#56 = EDGE_CURVE('',#22,#57,#59,.T.);
#57 = VERTEX_POINT('',#58);
#58 = CARTESIAN_POINT('',(7.1,-16.,13.45));
#59 = SURFACE_CURVE('',#60,(#64,#71),.PCURVE_S1.);
#60 = LINE('',#61,#62);
#61 = CARTESIAN_POINT('',(-7.1,-16.,13.45));
#62 = VECTOR('',#63,1.);
#63 = DIRECTION('',(1.,0.,0.));
#64 = PCURVE('',#32,#65);
#65 = DEFINITIONAL_REPRESENTATION('',(#66),#70);
#66 = LINE('',#67,#68);
#67 = CARTESIAN_POINT('',(0.,-1.45));
#68 = VECTOR('',#69,1.);
#69 = DIRECTION('',(1.,0.));
#70 = ( GEOMETRIC_REPRESENTATION_CONTEXT(2) 
PARAMETRIC_REPRESENTATION_CONTEXT() REPRESENTATION_CONTEXT('2D SPACE',''
  ) );
#71 = PCURVE('',#72,#77);
#72 = CYLINDRICAL_SURFACE('',#73,0.15);
#73 = AXIS2_PLACEMENT_3D('',#74,#75,#76);
#74 = CARTESIAN_POINT('',(-7.1,-15.85,13.45));
#75 = DIRECTION('',(1.,0.,0.));
#76 = DIRECTION('',(0.,-1.,0.));
#77 = DEFINITIONAL_REPRESENTATION('',(#78),#82);
#78 = LINE('',#79,#80);
#79 = CARTESIAN_POINT('',(6.28318530718,0.));
#80 = VECTOR('',#81,1.);
#81 = DIRECTION('',(-0.,1.));
#82 = ( GEOMETRIC_REPRESENTATION_CONTEXT(2) 
PARAMETRIC_REPRESENTATION_CONTEXT() REPRESENTATION_CONTEXT('2D SPACE',''
  ) );
#83 = ORIENTED_EDGE('',*,*,#84,.F.);
#84 = EDGE_CURVE('',#85,#57,#87,.T.);
#85 = VERTEX_POINT('',#86);
#86 = CARTESIAN_POINT('',(7.1,-16.,12.));
#87 = SURFACE_CURVE('',#88,(#92,#99),.PCURVE_S1.);
#88 = LINE('',#89,#90);
#89 = CARTESIAN_POINT('',(7.1,-16.,12.));
#90 = VECTOR('',#91,1.);
#91 = DIRECTION('',(0.,0.,1.));
#92 = PCURVE('',#32,#93);
#93 = DEFINITIONAL_REPRESENTATION('',(#94),#98);
#94 = LINE('',#95,#96);
#95 = CARTESIAN_POINT('',(14.2,0.));
#96 = VECTOR('',#97,1.);
#97 = DIRECTION('',(0.,-1.));
#98 = ( GEOMETRIC_REPRESENTATION_CONTEXT(2) 
PARAMETRIC_REPRESENTATION_CONTEXT() REPRESENTATION_CONTEXT('2D SPACE',''
  ) );
#99 = PCURVE('',#100,#105);
#100 = CYLINDRICAL_SURFACE('',#101,4.5);
#101 = AXIS2_PLACEMENT_3D('',#102,#103,#104);
#102 = CARTESIAN_POINT('',(7.1,-11.5,12.));
#103 = DIRECTION('',(-0.,-0.,-1.));
#104 = DIRECTION('',(-3.947459643112E-16,-1.,0.));
#105 = DEFINITIONAL_REPRESENTATION('',(#106),#110);
#106 = LINE('',#107,#108);
#107 = CARTESIAN_POINT('',(6.28318530718,0.));
#108 = VECTOR('',#109,1.);
#109 = DIRECTION('',(-0.,-1.));
#110 = ( GEOMETRIC_REPRESENTATION_CONTEXT(2) 
PARAMETRIC_REPRESENTATION_CONTEXT() REPRESENTATION_CONTEXT('2D SPACE',''
  ) );
#111 = ORIENTED_EDGE('',*,*,#112,.F.);
#112 = EDGE_CURVE('',#24,#85,#113,.T.);
#113 = SURFACE_CURVE('',#114,(#118,#125),.PCURVE_S1.);
#114 = LINE('',#115,#116);
#115 = CARTESIAN_POINT('',(-7.1,-16.,12.));
#116 = VECTOR('',#117,1.);
#117 = DIRECTION('',(1.,0.,0.));
#118 = PCURVE('',#32,#119);
#119 = DEFINITIONAL_REPRESENTATION('',(#120),#124);
#120 = LINE('',#121,#122);
#121 = CARTESIAN_POINT('',(0.,0.));
#122 = VECTOR('',#123,1.);
#123 = DIRECTION('',(1.,0.));
#124 = ( GEOMETRIC_REPRESENTATION_CONTEXT(2) 
PARAMETRIC_REPRESENTATION_CONTEXT() REPRESENTATION_CONTEXT('2D SPACE',''
  ) );
#125 = PCURVE('',#126,#131);
#126 = PLANE('',#127);
#127 = AXIS2_PLACEMENT_3D('',#128,#129,#130);
#128 = CARTESIAN_POINT('',(-7.1,-11.5,12.));
#129 = DIRECTION('',(0.,0.,1.));
#130 = DIRECTION('',(-1.,9.601928861623E-16,0.));
#131 = DEFINITIONAL_REPRESENTATION('',(#132),#136);
#132 = LINE('',#133,#134);
#133 = CARTESIAN_POINT('',(-4.32086798773E-15,4.5));
#134 = VECTOR('',#135,1.);
#135 = DIRECTION('',(-1.,-9.601928861623E-16));
#136 = ( GEOMETRIC_REPRESENTATION_CONTEXT(2) 
PARAMETRIC_REPRESENTATION_CONTEXT() REPRESENTATION_CONTEXT('2D SPACE',''
  ) );
#137 = ADVANCED_FACE('',(#138,#272),#126,.F.);
#138 = FACE_BOUND('',#139,.F.);
#139 = EDGE_LOOP('',(#140,#141,#165,#193,#222,#250));
#140 = ORIENTED_EDGE('',*,*,#112,.T.);
#141 = ORIENTED_EDGE('',*,*,#142,.T.);
#142 = EDGE_CURVE('',#85,#143,#145,.T.);
#143 = VERTEX_POINT('',#144);
#144 = CARTESIAN_POINT('',(11.6,-11.5,12.));
#145 = SURFACE_CURVE('',#146,(#151,#158),.PCURVE_S1.);
#146 = CIRCLE('',#147,4.5);
#147 = AXIS2_PLACEMENT_3D('',#148,#149,#150);
#148 = CARTESIAN_POINT('',(7.1,-11.5,12.));
#149 = DIRECTION('',(0.,0.,1.));
#150 = DIRECTION('',(-3.947459643112E-16,-1.,0.));
#151 = PCURVE('',#126,#152);
#152 = DEFINITIONAL_REPRESENTATION('',(#153),#157);
#153 = CIRCLE('',#154,4.5);
#154 = AXIS2_PLACEMENT_2D('',#155,#156);
#155 = CARTESIAN_POINT('',(-14.2,-1.36347389835E-14));
#156 = DIRECTION('',(-5.654469218511E-16,1.));
#157 = ( GEOMETRIC_REPRESENTATION_CONTEXT(2) 
PARAMETRIC_REPRESENTATION_CONTEXT() REPRESENTATION_CONTEXT('2D SPACE',''
  ) );
#158 = PCURVE('',#100,#159);
#159 = DEFINITIONAL_REPRESENTATION('',(#160),#164);
#160 = LINE('',#161,#162);
#161 = CARTESIAN_POINT('',(6.28318530718,0.));
#162 = VECTOR('',#163,1.);
#163 = DIRECTION('',(-1.,0.));
#164 = ( GEOMETRIC_REPRESENTATION_CONTEXT(2) 
PARAMETRIC_REPRESENTATION_CONTEXT() REPRESENTATION_CONTEXT('2D SPACE',''
  ) );
#165 = ORIENTED_EDGE('',*,*,#166,.T.);
#166 = EDGE_CURVE('',#143,#167,#169,.T.);
#167 = VERTEX_POINT('',#168);
#168 = CARTESIAN_POINT('',(11.6,9.,12.));
#169 = SURFACE_CURVE('',#170,(#174,#181),.PCURVE_S1.);
#170 = LINE('',#171,#172);
#171 = CARTESIAN_POINT('',(11.6,-11.5,12.));
#172 = VECTOR('',#173,1.);
#173 = DIRECTION('',(0.,1.,0.));
#174 = PCURVE('',#126,#175);
#175 = DEFINITIONAL_REPRESENTATION('',(#176),#180);
#176 = LINE('',#177,#178);
#177 = CARTESIAN_POINT('',(-18.7,-1.795560697124E-14));
#178 = VECTOR('',#179,1.);
#179 = DIRECTION('',(9.601928861623E-16,-1.));
#180 = ( GEOMETRIC_REPRESENTATION_CONTEXT(2) 
PARAMETRIC_REPRESENTATION_CONTEXT() REPRESENTATION_CONTEXT('2D SPACE',''
  ) );
#181 = PCURVE('',#182,#187);
#182 = PLANE('',#183);
#183 = AXIS2_PLACEMENT_3D('',#184,#185,#186);
#184 = CARTESIAN_POINT('',(11.6,-11.5,12.));
#185 = DIRECTION('',(-1.,0.,0.));
#186 = DIRECTION('',(0.,1.,0.));
#187 = DEFINITIONAL_REPRESENTATION('',(#188),#192);
#188 = LINE('',#189,#190);
#189 = CARTESIAN_POINT('',(0.,0.));
#190 = VECTOR('',#191,1.);
#191 = DIRECTION('',(1.,0.));
#192 = ( GEOMETRIC_REPRESENTATION_CONTEXT(2) 
PARAMETRIC_REPRESENTATION_CONTEXT() REPRESENTATION_CONTEXT('2D SPACE',''
  ) );
#193 = ORIENTED_EDGE('',*,*,#194,.T.);
#194 = EDGE_CURVE('',#167,#195,#197,.T.);
#195 = VERTEX_POINT('',#196);
#196 = CARTESIAN_POINT('',(-11.6,9.,12.));
#197 = SURFACE_CURVE('',#198,(#203,#210),.PCURVE_S1.);
#198 = CIRCLE('',#199,11.6);
#199 = AXIS2_PLACEMENT_3D('',#200,#201,#202);
#200 = CARTESIAN_POINT('',(0.,9.,12.));
#201 = DIRECTION('',(0.,0.,1.));
#202 = DIRECTION('',(1.,0.,0.));
#203 = PCURVE('',#126,#204);
#204 = DEFINITIONAL_REPRESENTATION('',(#205),#209);
#205 = CIRCLE('',#206,11.6);
#206 = AXIS2_PLACEMENT_2D('',#207,#208);
#207 = CARTESIAN_POINT('',(-7.1,-20.5));
#208 = DIRECTION('',(-1.,-9.601928861623E-16));
#209 = ( GEOMETRIC_REPRESENTATION_CONTEXT(2) 
PARAMETRIC_REPRESENTATION_CONTEXT() REPRESENTATION_CONTEXT('2D SPACE',''
  ) );
#210 = PCURVE('',#211,#216);
#211 = CYLINDRICAL_SURFACE('',#212,11.6);
#212 = AXIS2_PLACEMENT_3D('',#213,#214,#215);
#213 = CARTESIAN_POINT('',(0.,9.,12.));
#214 = DIRECTION('',(-0.,-0.,-1.));
#215 = DIRECTION('',(1.,0.,0.));
#216 = DEFINITIONAL_REPRESENTATION('',(#217),#221);
#217 = LINE('',#218,#219);
#218 = CARTESIAN_POINT('',(6.28318530718,0.));
#219 = VECTOR('',#220,1.);
#220 = DIRECTION('',(-1.,0.));
#221 = ( GEOMETRIC_REPRESENTATION_CONTEXT(2) 
PARAMETRIC_REPRESENTATION_CONTEXT() REPRESENTATION_CONTEXT('2D SPACE',''
  ) );
#222 = ORIENTED_EDGE('',*,*,#223,.T.);
#223 = EDGE_CURVE('',#195,#224,#226,.T.);
#224 = VERTEX_POINT('',#225);
#225 = CARTESIAN_POINT('',(-11.6,-11.5,12.));
#226 = SURFACE_CURVE('',#227,(#231,#238),.PCURVE_S1.);
#227 = LINE('',#228,#229);
#228 = CARTESIAN_POINT('',(-11.6,9.,12.));
#229 = VECTOR('',#230,1.);
#230 = DIRECTION('',(8.665155314148E-17,-1.,0.));
#231 = PCURVE('',#126,#232);
#232 = DEFINITIONAL_REPRESENTATION('',(#233),#237);
#233 = LINE('',#234,#235);
#234 = CARTESIAN_POINT('',(4.5,-20.5));
#235 = VECTOR('',#236,1.);
#236 = DIRECTION('',(-1.046844439304E-15,1.));
#237 = ( GEOMETRIC_REPRESENTATION_CONTEXT(2) 
PARAMETRIC_REPRESENTATION_CONTEXT() REPRESENTATION_CONTEXT('2D SPACE',''
  ) );
#238 = PCURVE('',#239,#244);
#239 = PLANE('',#240);
#240 = AXIS2_PLACEMENT_3D('',#241,#242,#243);
#241 = CARTESIAN_POINT('',(-11.6,9.,12.));
#242 = DIRECTION('',(1.,8.665155314148E-17,0.));
#243 = DIRECTION('',(8.665155314148E-17,-1.,0.));
#244 = DEFINITIONAL_REPRESENTATION('',(#245),#249);
#245 = LINE('',#246,#247);
#246 = CARTESIAN_POINT('',(0.,0.));
#247 = VECTOR('',#248,1.);
#248 = DIRECTION('',(1.,0.));
#249 = ( GEOMETRIC_REPRESENTATION_CONTEXT(2) 
PARAMETRIC_REPRESENTATION_CONTEXT() REPRESENTATION_CONTEXT('2D SPACE',''
  ) );
#250 = ORIENTED_EDGE('',*,*,#251,.T.);
#251 = EDGE_CURVE('',#224,#24,#252,.T.);
#252 = SURFACE_CURVE('',#253,(#258,#265),.PCURVE_S1.);
#253 = CIRCLE('',#254,4.5);
#254 = AXIS2_PLACEMENT_3D('',#255,#256,#257);
#255 = CARTESIAN_POINT('',(-7.1,-11.5,12.));
#256 = DIRECTION('',(0.,0.,1.));
#257 = DIRECTION('',(-1.,3.947459643112E-16,0.));
#258 = PCURVE('',#126,#259);
#259 = DEFINITIONAL_REPRESENTATION('',(#260),#264);
#260 = CIRCLE('',#261,4.5);
#261 = AXIS2_PLACEMENT_2D('',#262,#263);
#262 = CARTESIAN_POINT('',(0.,0.));
#263 = DIRECTION('',(1.,5.654469218511E-16));
#264 = ( GEOMETRIC_REPRESENTATION_CONTEXT(2) 
PARAMETRIC_REPRESENTATION_CONTEXT() REPRESENTATION_CONTEXT('2D SPACE',''
  ) );
#265 = PCURVE('',#44,#266);
#266 = DEFINITIONAL_REPRESENTATION('',(#267),#271);
#267 = LINE('',#268,#269);
#268 = CARTESIAN_POINT('',(6.28318530718,0.));
#269 = VECTOR('',#270,1.);
#270 = DIRECTION('',(-1.,0.));
#271 = ( GEOMETRIC_REPRESENTATION_CONTEXT(2) 
PARAMETRIC_REPRESENTATION_CONTEXT() REPRESENTATION_CONTEXT('2D SPACE',''
  ) );
#272 = FACE_BOUND('',#273,.F.);
#273 = EDGE_LOOP('',(#274,#304,#332,#360,#388,#416));
#274 = ORIENTED_EDGE('',*,*,#275,.F.);
#275 = EDGE_CURVE('',#276,#278,#280,.T.);
#276 = VERTEX_POINT('',#277);
#277 = CARTESIAN_POINT('',(-7.1,-14.3,12.));
#278 = VERTEX_POINT('',#279);
#279 = CARTESIAN_POINT('',(7.1,-14.3,12.));
#280 = SURFACE_CURVE('',#281,(#285,#292),.PCURVE_S1.);
#281 = LINE('',#282,#283);
#282 = CARTESIAN_POINT('',(-7.1,-14.3,12.));
#283 = VECTOR('',#284,1.);
#284 = DIRECTION('',(1.,0.,0.));
#285 = PCURVE('',#126,#286);
#286 = DEFINITIONAL_REPRESENTATION('',(#287),#291);
#287 = LINE('',#288,#289);
#288 = CARTESIAN_POINT('',(-2.688540081254E-15,2.8));
#289 = VECTOR('',#290,1.);
#290 = DIRECTION('',(-1.,-9.601928861623E-16));
#291 = ( GEOMETRIC_REPRESENTATION_CONTEXT(2) 
PARAMETRIC_REPRESENTATION_CONTEXT() REPRESENTATION_CONTEXT('2D SPACE',''
  ) );
#292 = PCURVE('',#293,#298);
#293 = PLANE('',#294);
#294 = AXIS2_PLACEMENT_3D('',#295,#296,#297);
#295 = CARTESIAN_POINT('',(-7.1,-13.58725420175,25.6));
#296 = DIRECTION('',(0.,-0.998629534755,5.233595624292E-02));
#297 = DIRECTION('',(1.,0.,0.));
#298 = DEFINITIONAL_REPRESENTATION('',(#299),#303);
#299 = LINE('',#300,#301);
#300 = CARTESIAN_POINT('',(0.,-13.61866390557));
#301 = VECTOR('',#302,1.);
#302 = DIRECTION('',(1.,0.));
#303 = ( GEOMETRIC_REPRESENTATION_CONTEXT(2) 
PARAMETRIC_REPRESENTATION_CONTEXT() REPRESENTATION_CONTEXT('2D SPACE',''
  ) );
#304 = ORIENTED_EDGE('',*,*,#305,.F.);
#305 = EDGE_CURVE('',#306,#276,#308,.T.);
#306 = VERTEX_POINT('',#307);
#307 = CARTESIAN_POINT('',(-9.9,-11.5,12.));
#308 = SURFACE_CURVE('',#309,(#314,#321),.PCURVE_S1.);
#309 = CIRCLE('',#310,2.8);
#310 = AXIS2_PLACEMENT_3D('',#311,#312,#313);
#311 = CARTESIAN_POINT('',(-7.1,-11.5,12.));
#312 = DIRECTION('',(0.,0.,1.));
#313 = DIRECTION('',(-1.,0.,0.));
#314 = PCURVE('',#126,#315);
#315 = DEFINITIONAL_REPRESENTATION('',(#316),#320);
#316 = CIRCLE('',#317,2.8);
#317 = AXIS2_PLACEMENT_2D('',#318,#319);
#318 = CARTESIAN_POINT('',(0.,0.));
#319 = DIRECTION('',(1.,9.601928861623E-16));
#320 = ( GEOMETRIC_REPRESENTATION_CONTEXT(2) 
PARAMETRIC_REPRESENTATION_CONTEXT() REPRESENTATION_CONTEXT('2D SPACE',''
  ) );
#321 = PCURVE('',#322,#327);
#322 = CONICAL_SURFACE('',#323,2.8,5.235987755983E-02);
#323 = AXIS2_PLACEMENT_3D('',#324,#325,#326);
#324 = CARTESIAN_POINT('',(-7.1,-11.5,12.));
#325 = DIRECTION('',(-0.,-0.,-1.));
#326 = DIRECTION('',(-1.,0.,0.));
#327 = DEFINITIONAL_REPRESENTATION('',(#328),#331);
#328 = B_SPLINE_CURVE_WITH_KNOTS('',1,(#329,#330),.UNSPECIFIED.,.F.,.F.,
  (2,2),(0.,1.570796326795),.PIECEWISE_BEZIER_KNOTS.);
#329 = CARTESIAN_POINT('',(6.28318530718,0.));
#330 = CARTESIAN_POINT('',(4.712388980385,0.));
#331 = ( GEOMETRIC_REPRESENTATION_CONTEXT(2) 
PARAMETRIC_REPRESENTATION_CONTEXT() REPRESENTATION_CONTEXT('2D SPACE',''
  ) );
#332 = ORIENTED_EDGE('',*,*,#333,.F.);
#333 = EDGE_CURVE('',#334,#306,#336,.T.);
#334 = VERTEX_POINT('',#335);
#335 = CARTESIAN_POINT('',(-9.9,9.,12.));
#336 = SURFACE_CURVE('',#337,(#341,#348),.PCURVE_S1.);
#337 = LINE('',#338,#339);
#338 = CARTESIAN_POINT('',(-9.9,9.,12.));
#339 = VECTOR('',#340,1.);
#340 = DIRECTION('',(0.,-1.,0.));
#341 = PCURVE('',#126,#342);
#342 = DEFINITIONAL_REPRESENTATION('',(#343),#347);
#343 = LINE('',#344,#345);
#344 = CARTESIAN_POINT('',(2.8,-20.5));
#345 = VECTOR('',#346,1.);
#346 = DIRECTION('',(-9.601928861623E-16,1.));
#347 = ( GEOMETRIC_REPRESENTATION_CONTEXT(2) 
PARAMETRIC_REPRESENTATION_CONTEXT() REPRESENTATION_CONTEXT('2D SPACE',''
  ) );
#348 = PCURVE('',#349,#354);
#349 = PLANE('',#350);
#350 = AXIS2_PLACEMENT_3D('',#351,#352,#353);
#351 = CARTESIAN_POINT('',(-9.18725420175,9.,25.6));
#352 = DIRECTION('',(-0.998629534755,-8.653280019939E-17,
    5.233595624292E-02));
#353 = DIRECTION('',(8.665155314144E-17,-1.,2.321146922246E-30));
#354 = DEFINITIONAL_REPRESENTATION('',(#355),#359);
#355 = LINE('',#356,#357);
#356 = CARTESIAN_POINT('',(-6.176053041334E-17,-13.61866390557));
#357 = VECTOR('',#358,1.);
#358 = DIRECTION('',(1.,-4.534991893593E-18));
#359 = ( GEOMETRIC_REPRESENTATION_CONTEXT(2) 
PARAMETRIC_REPRESENTATION_CONTEXT() REPRESENTATION_CONTEXT('2D SPACE',''
  ) );
#360 = ORIENTED_EDGE('',*,*,#361,.F.);
#361 = EDGE_CURVE('',#362,#334,#364,.T.);
#362 = VERTEX_POINT('',#363);
#363 = CARTESIAN_POINT('',(9.9,9.,12.));
#364 = SURFACE_CURVE('',#365,(#370,#377),.PCURVE_S1.);
#365 = CIRCLE('',#366,9.9);
#366 = AXIS2_PLACEMENT_3D('',#367,#368,#369);
#367 = CARTESIAN_POINT('',(0.,9.,12.));
#368 = DIRECTION('',(0.,-0.,1.));
#369 = DIRECTION('',(1.,1.794299837778E-16,0.));
#370 = PCURVE('',#126,#371);
#371 = DEFINITIONAL_REPRESENTATION('',(#372),#376);
#372 = CIRCLE('',#373,9.9);
#373 = AXIS2_PLACEMENT_2D('',#374,#375);
#374 = CARTESIAN_POINT('',(-7.1,-20.5));
#375 = DIRECTION('',(-1.,-1.13962286994E-15));
#376 = ( GEOMETRIC_REPRESENTATION_CONTEXT(2) 
PARAMETRIC_REPRESENTATION_CONTEXT() REPRESENTATION_CONTEXT('2D SPACE',''
  ) );
#377 = PCURVE('',#378,#383);
#378 = CONICAL_SURFACE('',#379,9.9,5.235987755983E-02);
#379 = AXIS2_PLACEMENT_3D('',#380,#381,#382);
#380 = CARTESIAN_POINT('',(0.,9.,12.));
#381 = DIRECTION('',(-0.,-0.,-1.));
#382 = DIRECTION('',(1.,1.794299837778E-16,0.));
#383 = DEFINITIONAL_REPRESENTATION('',(#384),#387);
#384 = B_SPLINE_CURVE_WITH_KNOTS('',1,(#385,#386),.UNSPECIFIED.,.F.,.F.,
  (2,2),(0.,3.14159265359),.PIECEWISE_BEZIER_KNOTS.);
#385 = CARTESIAN_POINT('',(6.28318530718,0.));
#386 = CARTESIAN_POINT('',(3.14159265359,0.));
#387 = ( GEOMETRIC_REPRESENTATION_CONTEXT(2) 
PARAMETRIC_REPRESENTATION_CONTEXT() REPRESENTATION_CONTEXT('2D SPACE',''
  ) );
#388 = ORIENTED_EDGE('',*,*,#389,.F.);
#389 = EDGE_CURVE('',#390,#362,#392,.T.);
#390 = VERTEX_POINT('',#391);
#391 = CARTESIAN_POINT('',(9.9,-11.5,12.));
#392 = SURFACE_CURVE('',#393,(#397,#404),.PCURVE_S1.);
#393 = LINE('',#394,#395);
#394 = CARTESIAN_POINT('',(9.9,-11.5,12.));
#395 = VECTOR('',#396,1.);
#396 = DIRECTION('',(0.,1.,0.));
#397 = PCURVE('',#126,#398);
#398 = DEFINITIONAL_REPRESENTATION('',(#399),#403);
#399 = LINE('',#400,#401);
#400 = CARTESIAN_POINT('',(-17.,-1.632327906476E-14));
#401 = VECTOR('',#402,1.);
#402 = DIRECTION('',(9.601928861623E-16,-1.));
#403 = ( GEOMETRIC_REPRESENTATION_CONTEXT(2) 
PARAMETRIC_REPRESENTATION_CONTEXT() REPRESENTATION_CONTEXT('2D SPACE',''
  ) );
#404 = PCURVE('',#405,#410);
#405 = PLANE('',#406);
#406 = AXIS2_PLACEMENT_3D('',#407,#408,#409);
#407 = CARTESIAN_POINT('',(9.187254201751,-11.5,25.6));
#408 = DIRECTION('',(0.998629534755,8.653280019939E-17,
    5.233595624292E-02));
#409 = DIRECTION('',(-8.665155314144E-17,1.,2.321146922246E-30));
#410 = DEFINITIONAL_REPRESENTATION('',(#411),#415);
#411 = LINE('',#412,#413);
#412 = CARTESIAN_POINT('',(-6.176053041334E-17,-13.61866390557));
#413 = VECTOR('',#414,1.);
#414 = DIRECTION('',(1.,-4.534991893593E-18));
#415 = ( GEOMETRIC_REPRESENTATION_CONTEXT(2) 
PARAMETRIC_REPRESENTATION_CONTEXT() REPRESENTATION_CONTEXT('2D SPACE',''
  ) );
#416 = ORIENTED_EDGE('',*,*,#417,.F.);
#417 = EDGE_CURVE('',#278,#390,#418,.T.);
#418 = SURFACE_CURVE('',#419,(#424,#431),.PCURVE_S1.);
#419 = CIRCLE('',#420,2.8);
#420 = AXIS2_PLACEMENT_3D('',#421,#422,#423);
#421 = CARTESIAN_POINT('',(7.1,-11.5,12.));
#422 = DIRECTION('',(0.,0.,1.));
#423 = DIRECTION('',(-3.172065784643E-16,-1.,0.));
#424 = PCURVE('',#126,#425);
#425 = DEFINITIONAL_REPRESENTATION('',(#426),#430);
#426 = CIRCLE('',#427,2.8);
#427 = AXIS2_PLACEMENT_2D('',#428,#429);
#428 = CARTESIAN_POINT('',(-14.2,-1.36347389835E-14));
#429 = DIRECTION('',(-6.42986307698E-16,1.));
#430 = ( GEOMETRIC_REPRESENTATION_CONTEXT(2) 
PARAMETRIC_REPRESENTATION_CONTEXT() REPRESENTATION_CONTEXT('2D SPACE',''
  ) );
#431 = PCURVE('',#432,#437);
#432 = CONICAL_SURFACE('',#433,2.8,5.235987755983E-02);
#433 = AXIS2_PLACEMENT_3D('',#434,#435,#436);
#434 = CARTESIAN_POINT('',(7.1,-11.5,12.));
#435 = DIRECTION('',(-0.,-0.,-1.));
#436 = DIRECTION('',(-3.172065784643E-16,-1.,0.));
#437 = DEFINITIONAL_REPRESENTATION('',(#438),#441);
#438 = B_SPLINE_CURVE_WITH_KNOTS('',1,(#439,#440),.UNSPECIFIED.,.F.,.F.,
  (2,2),(0.,1.570796326795),.PIECEWISE_BEZIER_KNOTS.);
#439 = CARTESIAN_POINT('',(6.28318530718,0.));
#440 = CARTESIAN_POINT('',(4.712388980385,0.));
#441 = ( GEOMETRIC_REPRESENTATION_CONTEXT(2) 
PARAMETRIC_REPRESENTATION_CONTEXT() REPRESENTATION_CONTEXT('2D SPACE',''
  ) );
#442 = ADVANCED_FACE('',(#443),#432,.F.);
#443 = FACE_BOUND('',#444,.F.);
#444 = EDGE_LOOP('',(#445,#465,#466,#486));
#445 = ORIENTED_EDGE('',*,*,#446,.F.);
#446 = EDGE_CURVE('',#278,#447,#449,.T.);
#447 = VERTEX_POINT('',#448);
#448 = CARTESIAN_POINT('',(7.1,-13.91195842024,19.404274423827));
#449 = SURFACE_CURVE('',#450,(#453,#459),.PCURVE_S1.);
#450 = B_SPLINE_CURVE_WITH_KNOTS('',1,(#451,#452),.UNSPECIFIED.,.F.,.F.,
  (2,2),(0.,1.),.PIECEWISE_BEZIER_KNOTS.);
#451 = CARTESIAN_POINT('',(7.1,-14.3,12.));
#452 = CARTESIAN_POINT('',(7.1,-13.58725420175,25.6));
#453 = PCURVE('',#432,#454);
#454 = DEFINITIONAL_REPRESENTATION('',(#455),#458);
#455 = B_SPLINE_CURVE_WITH_KNOTS('',1,(#456,#457),.UNSPECIFIED.,.F.,.F.,
  (2,2),(0.,1.),.PIECEWISE_BEZIER_KNOTS.);
#456 = CARTESIAN_POINT('',(6.28318530718,0.));
#457 = CARTESIAN_POINT('',(6.28318530718,-13.6));
#458 = ( GEOMETRIC_REPRESENTATION_CONTEXT(2) 
PARAMETRIC_REPRESENTATION_CONTEXT() REPRESENTATION_CONTEXT('2D SPACE',''
  ) );
#459 = PCURVE('',#293,#460);
#460 = DEFINITIONAL_REPRESENTATION('',(#461),#464);
#461 = B_SPLINE_CURVE_WITH_KNOTS('',1,(#462,#463),.UNSPECIFIED.,.F.,.F.,
  (2,2),(0.,1.),.PIECEWISE_BEZIER_KNOTS.);
#462 = CARTESIAN_POINT('',(14.2,-13.61866390557));
#463 = CARTESIAN_POINT('',(14.2,0.));
#464 = ( GEOMETRIC_REPRESENTATION_CONTEXT(2) 
PARAMETRIC_REPRESENTATION_CONTEXT() REPRESENTATION_CONTEXT('2D SPACE',''
  ) );
#465 = ORIENTED_EDGE('',*,*,#417,.T.);
#466 = ORIENTED_EDGE('',*,*,#467,.T.);
#467 = EDGE_CURVE('',#390,#468,#470,.T.);
#468 = VERTEX_POINT('',#469);
#469 = CARTESIAN_POINT('',(9.509318523047,-11.5,19.454646663107));
#470 = SURFACE_CURVE('',#471,(#474,#480),.PCURVE_S1.);
#471 = B_SPLINE_CURVE_WITH_KNOTS('',1,(#472,#473),.UNSPECIFIED.,.F.,.F.,
  (2,2),(0.,1.),.PIECEWISE_BEZIER_KNOTS.);
#472 = CARTESIAN_POINT('',(9.9,-11.5,12.));
#473 = CARTESIAN_POINT('',(9.187254201751,-11.5,25.6));
#474 = PCURVE('',#432,#475);
#475 = DEFINITIONAL_REPRESENTATION('',(#476),#479);
#476 = B_SPLINE_CURVE_WITH_KNOTS('',1,(#477,#478),.UNSPECIFIED.,.F.,.F.,
  (2,2),(0.,1.),.PIECEWISE_BEZIER_KNOTS.);
#477 = CARTESIAN_POINT('',(4.712388980385,0.));
#478 = CARTESIAN_POINT('',(4.712388980385,-13.6));
#479 = ( GEOMETRIC_REPRESENTATION_CONTEXT(2) 
PARAMETRIC_REPRESENTATION_CONTEXT() REPRESENTATION_CONTEXT('2D SPACE',''
  ) );
#480 = PCURVE('',#405,#481);
#481 = DEFINITIONAL_REPRESENTATION('',(#482),#485);
#482 = B_SPLINE_CURVE_WITH_KNOTS('',1,(#483,#484),.UNSPECIFIED.,.F.,.F.,
  (2,2),(0.,1.),.PIECEWISE_BEZIER_KNOTS.);
#483 = CARTESIAN_POINT('',(0.,-13.61866390557));
#484 = CARTESIAN_POINT('',(0.,0.));
#485 = ( GEOMETRIC_REPRESENTATION_CONTEXT(2) 
PARAMETRIC_REPRESENTATION_CONTEXT() REPRESENTATION_CONTEXT('2D SPACE',''
  ) );
#486 = ORIENTED_EDGE('',*,*,#487,.T.);
#487 = EDGE_CURVE('',#468,#447,#488,.T.);
#488 = SURFACE_CURVE('',#489,(#508,#541),.PCURVE_S1.);
#489 = B_SPLINE_CURVE_WITH_KNOTS('',9,(#490,#491,#492,#493,#494,#495,
    #496,#497,#498,#499,#500,#501,#502,#503,#504,#505,#506,#507),
  .UNSPECIFIED.,.F.,.F.,(10,8,10),(88.925122479332,90.503950224088,
    92.43026088662),.UNSPECIFIED.);
#490 = CARTESIAN_POINT('',(9.509318523047,-11.5,19.454646663107));
#491 = CARTESIAN_POINT('',(9.50984934911,-11.68296290389,19.444517898439
    ));
#492 = CARTESIAN_POINT('',(9.494718927828,-11.87455175142,
    19.434902398477));
#493 = CARTESIAN_POINT('',(9.461433507349,-12.05876426745,
    19.425790645915));
#494 = CARTESIAN_POINT('',(9.414062060247,-12.24212091559,
    19.417522179501));
#495 = CARTESIAN_POINT('',(9.348546582171,-12.42180790377,
    19.409807159278));
#496 = CARTESIAN_POINT('',(9.268325649246,-12.59444363823,
    19.403141066204));
#497 = CARTESIAN_POINT('',(9.17253547623,-12.7599284142,19.397296703522)
  );
#498 = CARTESIAN_POINT('',(9.062623327178,-12.91594236792,
    19.392474162305));
#499 = CARTESIAN_POINT('',(8.789423932807,-13.23852738601,
    19.384043022856));
#500 = CARTESIAN_POINT('',(8.619738790861,-13.39981847877,
    19.380943043517));
#501 = CARTESIAN_POINT('',(8.432528500096,-13.54252119303,
    19.379456713069));
#502 = CARTESIAN_POINT('',(8.230177767159,-13.66428849772,19.37962758987
    ));
#503 = CARTESIAN_POINT('',(8.015738039776,-13.76322459887,
    19.381463668902));
#504 = CARTESIAN_POINT('',(7.792254301548,-13.83799738302,
    19.384932338995));
#505 = CARTESIAN_POINT('',(7.562812214079,-13.88781587853,
    19.389962413242));
#506 = CARTESIAN_POINT('',(7.331057797572,-13.91236833059,
    19.396452868401));
#507 = CARTESIAN_POINT('',(7.1,-13.91195842024,19.404274423827));
#508 = PCURVE('',#432,#509);
#509 = DEFINITIONAL_REPRESENTATION('',(#510),#540);
#510 = B_SPLINE_CURVE_WITH_KNOTS('',10,(#511,#512,#513,#514,#515,#516,
    #517,#518,#519,#520,#521,#522,#523,#524,#525,#526,#527,#528,#529,
    #530,#531,#532,#533,#534,#535,#536,#537,#538,#539),.UNSPECIFIED.,.F.
  ,.F.,(11,9,9,11),(88.925122479332,89.801407081154,90.677691682976,
    92.43026088662),.UNSPECIFIED.);
#511 = CARTESIAN_POINT('',(4.712388980385,-7.454646663107));
#512 = CARTESIAN_POINT('',(4.750322379904,-7.449587141897));
#513 = CARTESIAN_POINT('',(4.78912869435,-7.444653976762));
#514 = CARTESIAN_POINT('',(4.828089630793,-7.439846624552));
#515 = CARTESIAN_POINT('',(4.867030376954,-7.435182792692));
#516 = CARTESIAN_POINT('',(4.905954261639,-7.430676091962));
#517 = CARTESIAN_POINT('',(4.944894804673,-7.426335634862));
#518 = CARTESIAN_POINT('',(4.983875842417,-7.422170850288));
#519 = CARTESIAN_POINT('',(5.022908601386,-7.418192847066));
#520 = CARTESIAN_POINT('',(5.06199277862,-7.414411722214));
#521 = CARTESIAN_POINT('',(5.140260969105,-7.407262821202));
#522 = CARTESIAN_POINT('',(5.179445448811,-7.403894737522));
#523 = CARTESIAN_POINT('',(5.218673150077,-7.400745227387));
#524 = CARTESIAN_POINT('',(5.257960758303,-7.397812250992));
#525 = CARTESIAN_POINT('',(5.297245238748,-7.395132578419));
#526 = CARTESIAN_POINT('',(5.336640358896,-7.39265773047));
#527 = CARTESIAN_POINT('',(5.376000978855,-7.390464288852));
#528 = CARTESIAN_POINT('',(5.415428341304,-7.388503804127));
#529 = CARTESIAN_POINT('',(5.454870347252,-7.38680616336));
#530 = CARTESIAN_POINT('',(5.573263800871,-7.382494768781));
#531 = CARTESIAN_POINT('',(5.652277598537,-7.380665364313));
#532 = CARTESIAN_POINT('',(5.731342917536,-7.379912666556));
#533 = CARTESIAN_POINT('',(5.810422405029,-7.380253473631));
#534 = CARTESIAN_POINT('',(5.889465310919,-7.38168943268));
#535 = CARTESIAN_POINT('',(5.968442142735,-7.38420617229));
#536 = CARTESIAN_POINT('',(6.047343608095,-7.387773470744));
#537 = CARTESIAN_POINT('',(6.126136824984,-7.392346890004));
#538 = CARTESIAN_POINT('',(6.204744479152,-7.397869934828));
#539 = CARTESIAN_POINT('',(6.28318530718,-7.404274423827));
#540 = ( GEOMETRIC_REPRESENTATION_CONTEXT(2) 
PARAMETRIC_REPRESENTATION_CONTEXT() REPRESENTATION_CONTEXT('2D SPACE',''
  ) );
#541 = PCURVE('',#542,#597);
#542 = ( BOUNDED_SURFACE() B_SPLINE_SURFACE(2,9,(
    (#543,#544,#545,#546,#547,#548,#549,#550,#551,#552,#553,#554,#555
      ,#556,#557,#558,#559,#560)
    ,(#561,#562,#563,#564,#565,#566,#567,#568,#569,#570,#571,#572,#573
      ,#574,#575,#576,#577,#578)
    ,(#579,#580,#581,#582,#583,#584,#585,#586,#587,#588,#589,#590,#591
      ,#592,#593,#594,#595,#596
)),.UNSPECIFIED.,.F.,.F.,.F.) B_SPLINE_SURFACE_WITH_KNOTS((3,3),(10,8,10
    ),(0.,3.505138407288),(88.925122479332,90.503950224088,
92.43026088662),.UNSPECIFIED.) GEOMETRIC_REPRESENTATION_ITEM() 
RATIONAL_B_SPLINE_SURFACE((
    (1.,1.,1.,1.,1.,1.,1.,1.,1.,1.,1.,1.,1.,1.,1.,1.,1.,1.)
    ,(0.753263904168,0.756141690558,0.759106048181,0.761633365342
      ,0.764086552438,0.766230665912,0.768161843524,0.769803891041
      ,0.771168525761,0.773545396535,0.774415096442,0.774831672671
      ,0.774782254803,0.774268776231,0.773297798169,0.771881369365
      ,0.770047118569,0.767821660179)
    ,(1.,1.,1.,1.,1.,1.,1.,1.,1.,1.,1.,1.,1.,1.,1.,1.,1.,1.
))) REPRESENTATION_ITEM('') SURFACE() );
#543 = CARTESIAN_POINT('',(9.509318523047,-11.5,19.454646663107));
#544 = CARTESIAN_POINT('',(9.50984934911,-11.68296290389,19.444517898439
    ));
#545 = CARTESIAN_POINT('',(9.494718927828,-11.87455175142,
    19.434902398477));
#546 = CARTESIAN_POINT('',(9.461433507349,-12.05876426745,
    19.425790645915));
#547 = CARTESIAN_POINT('',(9.414062060247,-12.24212091559,
    19.417522179501));
#548 = CARTESIAN_POINT('',(9.348546582171,-12.42180790377,
    19.409807159278));
#549 = CARTESIAN_POINT('',(9.268325649246,-12.59444363823,
    19.403141066204));
#550 = CARTESIAN_POINT('',(9.17253547623,-12.7599284142,19.397296703522)
  );
#551 = CARTESIAN_POINT('',(9.062623327178,-12.91594236792,
    19.392474162305));
#552 = CARTESIAN_POINT('',(8.789423932807,-13.23852738601,
    19.384043022856));
#553 = CARTESIAN_POINT('',(8.619738790861,-13.39981847877,
    19.380943043517));
#554 = CARTESIAN_POINT('',(8.432528500096,-13.54252119303,
    19.379456713069));
#555 = CARTESIAN_POINT('',(8.230177767159,-13.66428849772,19.37962758987
    ));
#556 = CARTESIAN_POINT('',(8.015738039776,-13.76322459887,
    19.381463668902));
#557 = CARTESIAN_POINT('',(7.792254301548,-13.83799738302,
    19.384932338995));
#558 = CARTESIAN_POINT('',(7.562812214079,-13.88781587853,
    19.389962413242));
#559 = CARTESIAN_POINT('',(7.331057797572,-13.91236833059,
    19.396452868401));
#560 = CARTESIAN_POINT('',(7.1,-13.91195842024,19.404274423827));
#561 = CARTESIAN_POINT('',(9.450270832862,-11.62462494815,
    20.581343710623));
#562 = CARTESIAN_POINT('',(9.441872712351,-11.79813549031,
    20.561693178822));
#563 = CARTESIAN_POINT('',(9.41855355016,-11.97123697332,20.543163305833
    ));
#564 = CARTESIAN_POINT('',(9.381192547967,-12.14197594032,
    20.525920704227));
#565 = CARTESIAN_POINT('',(9.329220389891,-12.31126726681,
    20.509895587469));
#566 = CARTESIAN_POINT('',(9.263080248082,-12.47430912245,
    20.495624149534));
#567 = CARTESIAN_POINT('',(9.183404726378,-12.63256560387,
    20.482883448005));
#568 = CARTESIAN_POINT('',(9.090675352644,-12.78293320049,
    20.472006447069));
#569 = CARTESIAN_POINT('',(8.985799950465,-12.92488600334,
    20.462987381348));
#570 = CARTESIAN_POINT('',(8.728598779623,-13.21784199473,
    20.447313861638));
#571 = CARTESIAN_POINT('',(8.570648142582,-13.36451513692,
    20.441570728242));
#572 = CARTESIAN_POINT('',(8.397457296372,-13.49498292853,
    20.438820083107));
#573 = CARTESIAN_POINT('',(8.211314908623,-13.60720703882,
    20.439135341061));
#574 = CARTESIAN_POINT('',(8.014410161706,-13.69968553484,
    20.442534139852));
#575 = CARTESIAN_POINT('',(7.809300610525,-13.77127369678,
    20.448965472339));
#576 = CARTESIAN_POINT('',(7.598876849334,-13.82117272633,
    20.458313601334));
#577 = CARTESIAN_POINT('',(7.38574614496,-13.84914841529,20.470417101791
    ));
#578 = CARTESIAN_POINT('',(7.172611409756,-13.85531649717,20.48506670027
    ));
#579 = CARTESIAN_POINT('',(8.320196827458,-11.58538736226,
    20.680628142748));
#580 = CARTESIAN_POINT('',(8.324553825604,-11.69724217766,
    20.667210294052));
#581 = CARTESIAN_POINT('',(8.320270356648,-11.75467022369,
    20.660727281268));
#582 = CARTESIAN_POINT('',(8.316345394271,-11.85988014963,
    20.648701937921));
#583 = CARTESIAN_POINT('',(8.289264462201,-11.95299952319,
    20.639698623643));
#584 = CARTESIAN_POINT('',(8.265604559263,-12.03758474608,
    20.631507475449));
#585 = CARTESIAN_POINT('',(8.226522661237,-12.12897440469,
    20.623594831022));
#586 = CARTESIAN_POINT('',(8.182107727873,-12.21109757539,
    20.617176316077));
#587 = CARTESIAN_POINT('',(8.129225052733,-12.29045021313,
    20.611690620145));
#588 = CARTESIAN_POINT('',(7.99625907789,-12.4538424025,20.602142520412)
  );
#589 = CARTESIAN_POINT('',(7.912732508101,-12.53545208332,
    20.598614202007));
#590 = CARTESIAN_POINT('',(7.819048318725,-12.60752908889,
    20.596941665166));
#591 = CARTESIAN_POINT('',(7.718635681122,-12.66810727869,
    20.597108234801));
#592 = CARTESIAN_POINT('',(7.610903641157,-12.71677068693,20.59920473265
    ));
#593 = CARTESIAN_POINT('',(7.497896399021,-12.75272976098,
    20.603175653109));
#594 = CARTESIAN_POINT('',(7.383748640858,-12.77490985844,
    20.608847996576));
#595 = CARTESIAN_POINT('',(7.267688249204,-12.7839549992,20.616200435673
    ));
#596 = CARTESIAN_POINT('',(7.153090418573,-12.77984782557,
    20.624990738315));
#597 = DEFINITIONAL_REPRESENTATION('',(#598),#602);
#598 = LINE('',#599,#600);
#599 = CARTESIAN_POINT('',(0.,0.));
#600 = VECTOR('',#601,1.);
#601 = DIRECTION('',(0.,1.));
#602 = ( GEOMETRIC_REPRESENTATION_CONTEXT(2) 
PARAMETRIC_REPRESENTATION_CONTEXT() REPRESENTATION_CONTEXT('2D SPACE',''
  ) );
#603 = ADVANCED_FACE('',(#604),#542,.F.);
#604 = FACE_BOUND('',#605,.F.);
#605 = EDGE_LOOP('',(#606,#688,#786,#887));
#606 = ORIENTED_EDGE('',*,*,#607,.T.);
#607 = EDGE_CURVE('',#468,#608,#610,.T.);
#608 = VERTEX_POINT('',#609);
#609 = CARTESIAN_POINT('',(8.320196827458,-11.58538736226,
    20.680628142748));
#610 = SURFACE_CURVE('',#611,(#615,#621),.PCURVE_S1.);
#611 = ( BOUNDED_CURVE() B_SPLINE_CURVE(2,(#612,#613,#614),
.UNSPECIFIED.,.F.,.F.) B_SPLINE_CURVE_WITH_KNOTS((3,3),(0.,
11.666549008074),.PIECEWISE_BEZIER_KNOTS.) CURVE() 
GEOMETRIC_REPRESENTATION_ITEM() RATIONAL_B_SPLINE_CURVE((1.,
0.753263904168,1.)) REPRESENTATION_ITEM('') );
#612 = CARTESIAN_POINT('',(9.509318523047,-11.5,19.454646663107));
#613 = CARTESIAN_POINT('',(9.450270832862,-11.62462494815,
    20.581343710623));
#614 = CARTESIAN_POINT('',(8.320196827458,-11.58538736226,
    20.680628142748));
#615 = PCURVE('',#542,#616);
#616 = DEFINITIONAL_REPRESENTATION('',(#617),#620);
#617 = B_SPLINE_CURVE_WITH_KNOTS('',1,(#618,#619),.UNSPECIFIED.,.F.,.F.,
  (2,2),(0.,11.666549008074),.PIECEWISE_BEZIER_KNOTS.);
#618 = CARTESIAN_POINT('',(0.,88.925122479332));
#619 = CARTESIAN_POINT('',(3.505138407288,88.925122479332));
#620 = ( GEOMETRIC_REPRESENTATION_CONTEXT(2) 
PARAMETRIC_REPRESENTATION_CONTEXT() REPRESENTATION_CONTEXT('2D SPACE',''
  ) );
#621 = PCURVE('',#622,#683);
#622 = ( BOUNDED_SURFACE() B_SPLINE_SURFACE(2,10,(
    (#623,#624,#625,#626,#627,#628,#629,#630,#631,#632,#633,#634,#635
      ,#636,#637,#638,#639,#640,#641,#642)
    ,(#643,#644,#645,#646,#647,#648,#649,#650,#651,#652,#653,#654,#655
      ,#656,#657,#658,#659,#660,#661,#662)
    ,(#663,#664,#665,#666,#667,#668,#669,#670,#671,#672,#673,#674,#675
      ,#676,#677,#678,#679,#680,#681,#682
)),.UNSPECIFIED.,.F.,.F.,.F.) B_SPLINE_SURFACE_WITH_KNOTS((3,3),(11,9,11
    ),(0.,11.666549008074),(77.258573471257,88.800450166289,
88.925122479332),.UNSPECIFIED.) GEOMETRIC_REPRESENTATION_ITEM() 
RATIONAL_B_SPLINE_SURFACE((
    (1.,1.,1.,0.999999999999,1.000000000001,0.999999999999
      ,1.000000000001,1.,1.,1.,1.,1.,1.,1.,1.,1.,1.,1.,1.,1.)
    ,(0.753202154138,0.753202154138,0.753202897355,0.753197866192
      ,0.753214749877,0.753177802716,0.753236932597,0.753162062783
      ,0.75324188112,0.753172958494,0.753219257739,0.753220459276
      ,0.753222411757,0.753225174062,0.753228819771,0.753233437177
      ,0.753239129269,0.753246013746,0.75325422301,0.753263904168)
    ,(1.,1.,1.,0.999999999999,1.000000000001,0.999999999999
      ,1.000000000001,1.,1.,1.,1.,1.,1.,1.,1.,1.,1.,1.,1.,1.
))) REPRESENTATION_ITEM('') SURFACE() );
#623 = CARTESIAN_POINT('',(9.473931468071,0.,20.129871896076));
#624 = CARTESIAN_POINT('',(9.473931468498,-1.139487231685,
    20.129871887936));
#625 = CARTESIAN_POINT('',(9.474701487172,-2.279041675705,
    20.115179056358));
#626 = CARTESIAN_POINT('',(9.476238683047,-3.417946357085,
    20.085847611751));
#627 = CARTESIAN_POINT('',(9.478554667521,-4.55804477055,20.041655995434
    ));
#628 = CARTESIAN_POINT('',(9.481618132508,-5.693470768644,
    19.983201601281));
#629 = CARTESIAN_POINT('',(9.485484881432,-6.834846193826,
    19.909419636518));
#630 = CARTESIAN_POINT('',(9.490077253615,-7.965684242296,
    19.821791955181));
#631 = CARTESIAN_POINT('',(9.495465978359,-9.104052962658,
    19.718968961766));
#632 = CARTESIAN_POINT('',(9.501603881432,-10.23477997008,
    19.601850794251));
#633 = CARTESIAN_POINT('',(9.508625966134,-11.38582385836,
    19.467861436231));
#634 = CARTESIAN_POINT('',(9.508701547653,-11.39822198201,
    19.466419254923));
#635 = CARTESIAN_POINT('',(9.508777608458,-11.41070878829,
    19.464967928312));
#636 = CARTESIAN_POINT('',(9.508854087813,-11.42327600198,
    19.463508615276));
#637 = CARTESIAN_POINT('',(9.50893092634,-11.43591610635,19.462042448852
    ));
#638 = CARTESIAN_POINT('',(9.509008066012,-11.44862234321,19.46057053623
    ));
#639 = CARTESIAN_POINT('',(9.509085450158,-11.4613887129,19.45909395876)
  );
#640 = CARTESIAN_POINT('',(9.509163023462,-11.47420997426,
    19.457613771948));
#641 = CARTESIAN_POINT('',(9.509240731961,-11.48708164466,
    19.456131005457));
#642 = CARTESIAN_POINT('',(9.509318523047,-11.5,19.454646663107));
#643 = CARTESIAN_POINT('',(9.414513384165,4.036998291213E-09,
    21.263636476811));
#644 = CARTESIAN_POINT('',(9.414513384163,-1.152673365325,
    21.263636476858));
#645 = CARTESIAN_POINT('',(9.415292537555,-2.305429328707,
    21.248769344464));
#646 = CARTESIAN_POINT('',(9.416846017467,-3.457424414112,
    21.219127181946));
#647 = CARTESIAN_POINT('',(9.419193760727,-4.61099191848,21.174329571863
    ));
#648 = CARTESIAN_POINT('',(9.422282100061,-5.759041173718,
    21.115400546931));
#649 = CARTESIAN_POINT('',(9.426210005382,-6.914470736279,
    21.040451648561));
#650 = CARTESIAN_POINT('',(9.430837235461,-8.058264181491,
    20.952158838965));
#651 = CARTESIAN_POINT('',(9.436314004014,-9.211276320222,
    20.847655869587));
#652 = CARTESIAN_POINT('',(9.442512308552,-10.35482713266,
    20.729385173478));
#653 = CARTESIAN_POINT('',(9.449585843187,-11.5131452228,20.594414092242
    ));
#654 = CARTESIAN_POINT('',(9.449661524782,-11.52552312309,
    20.592970001385));
#655 = CARTESIAN_POINT('',(9.44973730482,-11.53790188172,20.591524032107
    ));
#656 = CARTESIAN_POINT('',(9.44981318612,-11.55028193553,20.590076130666
    ));
#657 = CARTESIAN_POINT('',(9.449889172097,-11.56266381012,
    20.588626231854));
#658 = CARTESIAN_POINT('',(9.449965266762,-11.57504811859,
    20.587174259142));
#659 = CARTESIAN_POINT('',(9.450041474712,-11.58743556035,
    20.585720124826));
#660 = CARTESIAN_POINT('',(9.450117801122,-11.59982691988,
    20.584263730168));
#661 = CARTESIAN_POINT('',(9.450194251736,-11.6122230655,20.582804965551
    ));
#662 = CARTESIAN_POINT('',(9.450270832862,-11.62462494815,
    20.581343710623));
#663 = CARTESIAN_POINT('',(8.283070921322,0.,21.357394604463));
#664 = CARTESIAN_POINT('',(8.283070921262,-1.154448574543,
    21.357394605612));
#665 = CARTESIAN_POINT('',(8.283870346101,-2.308970573019,
    21.342503588595));
#666 = CARTESIAN_POINT('',(8.285296750616,-3.462797499911,
    21.312822609408));
#667 = CARTESIAN_POINT('',(8.28808423583,-4.617967970828,21.267932334302
    ));
#668 = CARTESIAN_POINT('',(8.290218043632,-5.768125735967,
    21.208966761359));
#669 = CARTESIAN_POINT('',(8.295697825011,-6.925823837518,
    21.133809702772));
#670 = CARTESIAN_POINT('',(8.298367964503,-8.075713730821,
    21.045314125878));
#671 = CARTESIAN_POINT('',(8.306018309238,-9.236775109555,20.9397260739)
  );
#672 = CARTESIAN_POINT('',(8.310413570289,-10.38194507413,
    20.820742605139));
#673 = CARTESIAN_POINT('',(8.318475323636,-11.50077942285,
    20.690609756658));
#674 = CARTESIAN_POINT('',(8.318576586027,-11.51207233706,
    20.689293002908));
#675 = CARTESIAN_POINT('',(8.318694540159,-11.52276673442,
    20.688042770976));
#676 = CARTESIAN_POINT('',(8.318831130239,-11.53292299587,
    20.686852139608));
#677 = CARTESIAN_POINT('',(8.31898866497,-11.54259710805,20.685714630164
    ));
#678 = CARTESIAN_POINT('',(8.319169817545,-11.5518406633,20.684624206624
    ));
#679 = CARTESIAN_POINT('',(8.319377625653,-11.56070085971,
    20.683575275588));
#680 = CARTESIAN_POINT('',(8.319615491475,-11.56922050105,20.68256268627
    ));
#681 = CARTESIAN_POINT('',(8.319887181687,-11.57743799683,
    20.681581730506));
#682 = CARTESIAN_POINT('',(8.320196827458,-11.58538736226,
    20.680628142748));
#683 = DEFINITIONAL_REPRESENTATION('',(#684),#687);
#684 = B_SPLINE_CURVE_WITH_KNOTS('',1,(#685,#686),.UNSPECIFIED.,.F.,.F.,
  (2,2),(0.,11.666549008074),.PIECEWISE_BEZIER_KNOTS.);
#685 = CARTESIAN_POINT('',(0.,88.925122479332));
#686 = CARTESIAN_POINT('',(11.666549008074,88.925122479332));
#687 = ( GEOMETRIC_REPRESENTATION_CONTEXT(2) 
PARAMETRIC_REPRESENTATION_CONTEXT() REPRESENTATION_CONTEXT('2D SPACE',''
  ) );
#688 = ORIENTED_EDGE('',*,*,#689,.T.);
#689 = EDGE_CURVE('',#608,#690,#692,.T.);
#690 = VERTEX_POINT('',#691);
#691 = CARTESIAN_POINT('',(7.153090418573,-12.77984782557,
    20.624990738315));
#692 = SURFACE_CURVE('',#693,(#712,#719),.PCURVE_S1.);
#693 = B_SPLINE_CURVE_WITH_KNOTS('',9,(#694,#695,#696,#697,#698,#699,
    #700,#701,#702,#703,#704,#705,#706,#707,#708,#709,#710,#711),
  .UNSPECIFIED.,.F.,.F.,(10,8,10),(88.925122479332,90.503950224088,
    92.43026088662),.UNSPECIFIED.);
#694 = CARTESIAN_POINT('',(8.320196827458,-11.58538736226,
    20.680628142748));
#695 = CARTESIAN_POINT('',(8.324553825604,-11.69724217766,
    20.667210294052));
#696 = CARTESIAN_POINT('',(8.320270356648,-11.75467022369,
    20.660727281268));
#697 = CARTESIAN_POINT('',(8.316345394271,-11.85988014963,
    20.648701937921));
#698 = CARTESIAN_POINT('',(8.289264462201,-11.95299952319,
    20.639698623643));
#699 = CARTESIAN_POINT('',(8.265604559263,-12.03758474608,
    20.631507475449));
#700 = CARTESIAN_POINT('',(8.226522661237,-12.12897440469,
    20.623594831022));
#701 = CARTESIAN_POINT('',(8.182107727873,-12.21109757539,
    20.617176316077));
#702 = CARTESIAN_POINT('',(8.129225052733,-12.29045021313,
    20.611690620145));
#703 = CARTESIAN_POINT('',(7.99625907789,-12.4538424025,20.602142520412)
  );
#704 = CARTESIAN_POINT('',(7.912732508101,-12.53545208332,
    20.598614202007));
#705 = CARTESIAN_POINT('',(7.819048318725,-12.60752908889,
    20.596941665166));
#706 = CARTESIAN_POINT('',(7.718635681122,-12.66810727869,
    20.597108234801));
#707 = CARTESIAN_POINT('',(7.610903641157,-12.71677068693,20.59920473265
    ));
#708 = CARTESIAN_POINT('',(7.497896399021,-12.75272976098,
    20.603175653109));
#709 = CARTESIAN_POINT('',(7.383748640858,-12.77490985844,
    20.608847996576));
#710 = CARTESIAN_POINT('',(7.267688249204,-12.7839549992,20.616200435673
    ));
#711 = CARTESIAN_POINT('',(7.153090418573,-12.77984782557,
    20.624990738315));
#712 = PCURVE('',#542,#713);
#713 = DEFINITIONAL_REPRESENTATION('',(#714),#718);
#714 = LINE('',#715,#716);
#715 = CARTESIAN_POINT('',(3.505138407288,0.));
#716 = VECTOR('',#717,1.);
#717 = DIRECTION('',(0.,1.));
#718 = ( GEOMETRIC_REPRESENTATION_CONTEXT(2) 
PARAMETRIC_REPRESENTATION_CONTEXT() REPRESENTATION_CONTEXT('2D SPACE',''
  ) );
#719 = PCURVE('',#720,#725);
#720 = SPHERICAL_SURFACE('',#721,100.3);
#721 = AXIS2_PLACEMENT_3D('',#722,#723,#724);
#722 = CARTESIAN_POINT('',(0.,0.,-78.6));
#723 = DIRECTION('',(0.,0.,1.));
#724 = DIRECTION('',(1.,0.,0.));
#725 = DEFINITIONAL_REPRESENTATION('',(#726),#785);
#726 = B_SPLINE_CURVE_WITH_KNOTS('',9,(#727,#728,#729,#730,#731,#732,
    #733,#734,#735,#736,#737,#738,#739,#740,#741,#742,#743,#744,#745,
    #746,#747,#748,#749,#750,#751,#752,#753,#754,#755,#756,#757,#758,
    #759,#760,#761,#762,#763,#764,#765,#766,#767,#768,#769,#770,#771,
    #772,#773,#774,#775,#776,#777,#778,#779,#780,#781,#782,#783,#784),
  .UNSPECIFIED.,.F.,.F.,(10,8,8,8,8,8,8,10),(88.925122479332,
    89.363264780243,89.801407081154,90.239549382065,90.45862053252,
    90.568156107748,90.677691682976,92.43026088662),.UNSPECIFIED.);
#727 = CARTESIAN_POINT('',(5.33520116918,1.428104414628));
#728 = CARTESIAN_POINT('',(5.334000566763,1.427843356143));
#729 = CARTESIAN_POINT('',(5.332938328491,1.427620260213));
#730 = CARTESIAN_POINT('',(5.331934093609,1.427416211583));
#731 = CARTESIAN_POINT('',(5.33093759521,1.427221199928));
#732 = CARTESIAN_POINT('',(5.329919882008,1.427030379339));
#733 = CARTESIAN_POINT('',(5.328866163116,1.426841713726));
#734 = CARTESIAN_POINT('',(5.327770292704,1.426654628574));
#735 = CARTESIAN_POINT('',(5.326630911654,1.426469289546));
#736 = CARTESIAN_POINT('',(5.324267614529,1.426102967212));
#737 = CARTESIAN_POINT('',(5.323043704895,1.425921986087));
#738 = CARTESIAN_POINT('',(5.321778727139,1.42574362641));
#739 = CARTESIAN_POINT('',(5.320476420118,1.425568606702));
#740 = CARTESIAN_POINT('',(5.319140652015,1.425397539048));
#741 = CARTESIAN_POINT('',(5.317774427466,1.425230826209));
#742 = CARTESIAN_POINT('',(5.316379818022,1.425068717677));
#743 = CARTESIAN_POINT('',(5.314958315659,1.424911402979));
#744 = CARTESIAN_POINT('',(5.312063902282,1.424606638003));
#745 = CARTESIAN_POINT('',(5.310590998669,1.42445919084));
#746 = CARTESIAN_POINT('',(5.309093559959,1.424316813148));
#747 = CARTESIAN_POINT('',(5.307572468455,1.424179618451));
#748 = CARTESIAN_POINT('',(5.306028665765,1.424047725992));
#749 = CARTESIAN_POINT('',(5.304463309684,1.42392126996));
#750 = CARTESIAN_POINT('',(5.302877749042,1.42380039158));
#751 = CARTESIAN_POINT('',(5.301273316632,1.423685214083));
#752 = CARTESIAN_POINT('',(5.298839751849,1.423521093783));
#753 = CARTESIAN_POINT('',(5.298024071814,1.423467827946));
#754 = CARTESIAN_POINT('',(5.297204047298,1.423416014336));
#755 = CARTESIAN_POINT('',(5.296379778303,1.423365659442));
#756 = CARTESIAN_POINT('',(5.295551342606,1.423316767506));
#757 = CARTESIAN_POINT('',(5.29471882087,1.423269343098));
#758 = CARTESIAN_POINT('',(5.293882321701,1.423223393677));
#759 = CARTESIAN_POINT('',(5.293042006754,1.423178932165));
#760 = CARTESIAN_POINT('',(5.291776170332,1.423114503184));
#761 = CARTESIAN_POINT('',(5.291353340805,1.423093406714));
#762 = CARTESIAN_POINT('',(5.29092963436,1.423072679138));
#763 = CARTESIAN_POINT('',(5.290505048419,1.423052349345));
#764 = CARTESIAN_POINT('',(5.290080085107,1.423032433801));
#765 = CARTESIAN_POINT('',(5.289653778514,1.423012831679));
#766 = CARTESIAN_POINT('',(5.289227035864,1.422993662473));
#767 = CARTESIAN_POINT('',(5.288799393801,1.422974857937));
#768 = CARTESIAN_POINT('',(5.287942628558,1.422938025263));
#769 = CARTESIAN_POINT('',(5.287513485383,1.42291999398));
#770 = CARTESIAN_POINT('',(5.287083596455,1.422902348923));
#771 = CARTESIAN_POINT('',(5.286652977372,1.4228850912));
#772 = CARTESIAN_POINT('',(5.286221644562,1.422868221862));
#773 = CARTESIAN_POINT('',(5.285789615236,1.422851741892));
#774 = CARTESIAN_POINT('',(5.28535690744,1.422835652221));
#775 = CARTESIAN_POINT('',(5.284923540012,1.422819953709));
#776 = CARTESIAN_POINT('',(5.277545414112,1.4225597424));
#777 = CARTESIAN_POINT('',(5.270437445173,1.422415184711));
#778 = CARTESIAN_POINT('',(5.263244003319,1.422374331822));
#779 = CARTESIAN_POINT('',(5.256074676103,1.422437572597));
#780 = CARTESIAN_POINT('',(5.248935495527,1.422606972757));
#781 = CARTESIAN_POINT('',(5.241934255807,1.422878938284));
#782 = CARTESIAN_POINT('',(5.235220836928,1.423246681969));
#783 = CARTESIAN_POINT('',(5.228748907019,1.423709209034));
#784 = CARTESIAN_POINT('',(5.222661381015,1.424255278536));
#785 = ( GEOMETRIC_REPRESENTATION_CONTEXT(2) 
PARAMETRIC_REPRESENTATION_CONTEXT() REPRESENTATION_CONTEXT('2D SPACE',''
  ) );
#786 = ORIENTED_EDGE('',*,*,#787,.F.);
#787 = EDGE_CURVE('',#447,#690,#788,.T.);
#788 = SURFACE_CURVE('',#789,(#793,#799),.PCURVE_S1.);
#789 = ( BOUNDED_CURVE() B_SPLINE_CURVE(2,(#790,#791,#792),
.UNSPECIFIED.,.F.,.F.) B_SPLINE_CURVE_WITH_KNOTS((3,3),(0.,
14.340540780196),.PIECEWISE_BEZIER_KNOTS.) CURVE() 
GEOMETRIC_REPRESENTATION_ITEM() RATIONAL_B_SPLINE_CURVE((1.,
0.767821660179,1.)) REPRESENTATION_ITEM('') );
#790 = CARTESIAN_POINT('',(7.1,-13.91195842024,19.404274423827));
#791 = CARTESIAN_POINT('',(7.172611409756,-13.85531649717,20.48506670027
    ));
#792 = CARTESIAN_POINT('',(7.153090418573,-12.77984782557,
    20.624990738315));
#793 = PCURVE('',#542,#794);
#794 = DEFINITIONAL_REPRESENTATION('',(#795),#798);
#795 = B_SPLINE_CURVE_WITH_KNOTS('',1,(#796,#797),.UNSPECIFIED.,.F.,.F.,
  (2,2),(0.,14.340540780196),.PIECEWISE_BEZIER_KNOTS.);
#796 = CARTESIAN_POINT('',(0.,92.43026088662));
#797 = CARTESIAN_POINT('',(3.505138407288,92.43026088662));
#798 = ( GEOMETRIC_REPRESENTATION_CONTEXT(2) 
PARAMETRIC_REPRESENTATION_CONTEXT() REPRESENTATION_CONTEXT('2D SPACE',''
  ) );
#799 = PCURVE('',#800,#882);
#800 = ( BOUNDED_SURFACE() B_SPLINE_SURFACE(2,9,(
    (#801,#802,#803,#804,#805,#806,#807,#808,#809,#810,#811,#812,#813
      ,#814,#815,#816,#817,#818,#819,#820,#821,#822,#823,#824,#825,#826
      ,#827)
    ,(#828,#829,#830,#831,#832,#833,#834,#835,#836,#837,#838,#839,#840
      ,#841,#842,#843,#844,#845,#846,#847,#848,#849,#850,#851,#852,#853
      ,#854)
    ,(#855,#856,#857,#858,#859,#860,#861,#862,#863,#864,#865,#866,#867
      ,#868,#869,#870,#871,#872,#873,#874,#875,#876,#877,#878,#879,#880
,#881
    )),.UNSPECIFIED.,.F.,.F.,.F.) B_SPLINE_SURFACE_WITH_KNOTS((3,3),(10,
    9,8,10),(0.,14.340540780196),(-7.228308330673E-02,0.,14.195452822989
,14.26825769689),.UNSPECIFIED.) GEOMETRIC_REPRESENTATION_ITEM() 
RATIONAL_B_SPLINE_SURFACE((
    (1.,1.,1.,1.,1.,1.,1.,1.,1.,1.,1.,1.,1.,1.,1.,1.,1.,1.,1.,1.,1.,1.
      ,1.,1.,1.,1.,1.)
    ,(0.767821660179,0.767815164157,0.767809482298,0.767804613986
      ,0.767800558603,0.767797315531,0.767794884154,0.767793263853
      ,0.767792454012,0.767792454012,0.767792454012,0.767791693881
      ,0.767796298346,0.767782742845,0.767808199584,0.767774253243
      ,0.767808362654,0.767782550033,0.767797273549,0.767797740944
      ,0.767798643823,0.767800036401,0.767801983895,0.767804562521
      ,0.767807859493,0.76781197303,0.767817012345)
    ,(1.,1.,1.,1.,1.,1.,1.,1.,1.,1.,1.,1.,1.,1.,1.,1.,1.,1.,1.,1.,1.,1.
,1.,1.,1.,1.,1.))) REPRESENTATION_ITEM('') SURFACE() );
#801 = CARTESIAN_POINT('',(7.1,-13.91195842024,19.404274423827));
#802 = CARTESIAN_POINT('',(7.09135068459,-13.91192671841,19.404879330721
    ));
#803 = CARTESIAN_POINT('',(7.082703793098,-13.911894898,19.405486500294)
  );
#804 = CARTESIAN_POINT('',(7.07405904998,-13.91186295808,19.406095950426
    ));
#805 = CARTESIAN_POINT('',(7.065416179689,-13.91183089769,19.406707699)
  );
#806 = CARTESIAN_POINT('',(7.056774906684,-13.91179871591,
    19.407321763896));
#807 = CARTESIAN_POINT('',(7.048134955413,-13.91176641181,
    19.407938162997));
#808 = CARTESIAN_POINT('',(7.039496050339,-13.91173398443,
    19.408556914184));
#809 = CARTESIAN_POINT('',(7.030857915907,-13.91170143285,
    19.409178035339));
#810 = CARTESIAN_POINT('',(7.022220276581,-13.91166875613,
    19.409801544343));
#811 = CARTESIAN_POINT('',(5.464436253671,-13.9057755631,19.522250366072
    ));
#812 = CARTESIAN_POINT('',(3.904668660478,-13.90135301579,19.6066375958)
  );
#813 = CARTESIAN_POINT('',(2.343116195831,-13.89840402574,19.6629076781)
  );
#814 = CARTESIAN_POINT('',(0.781798270003,-13.89692751906,
    19.691081103707));
#815 = CARTESIAN_POINT('',(-0.782117117533,-13.8969296076,
    19.691041252004));
#816 = CARTESIAN_POINT('',(-2.342189939168,-13.89840372749,
    19.66291336904));
#817 = CARTESIAN_POINT('',(-3.904438850792,-13.90135260018,
    19.606645526009));
#818 = CARTESIAN_POINT('',(-5.462694929479,-13.90576891537,
    19.522377212249));
#819 = CARTESIAN_POINT('',(-7.032799518838,-13.91170776471,
    19.409057216261));
#820 = CARTESIAN_POINT('',(-7.04092959157,-13.91173847225,
    19.408471281546));
#821 = CARTESIAN_POINT('',(-7.049161886753,-13.91176951493,
    19.407878951855));
#822 = CARTESIAN_POINT('',(-7.057481790469,-13.91180082747,
    19.407281472942));
#823 = CARTESIAN_POINT('',(-7.065876346657,-13.91183234826,
    19.406680020506));
#824 = CARTESIAN_POINT('',(-7.074334257118,-13.91186401935,
    19.406075700191));
#825 = CARTESIAN_POINT('',(-7.082845881508,-13.91189578646,
    19.405469547582));
#826 = CARTESIAN_POINT('',(-7.091403237344,-13.911927599,19.404862528212
    ));
#827 = CARTESIAN_POINT('',(-7.1,-13.91195941003,19.404255537557));
#828 = CARTESIAN_POINT('',(7.172611409756,-13.85531649717,20.48506670027
    ));
#829 = CARTESIAN_POINT('',(7.1645857009,-13.85528581221,20.485652204173)
  );
#830 = CARTESIAN_POINT('',(7.156562107595,-13.85525517574,
    20.486236782787));
#831 = CARTESIAN_POINT('',(7.148540327086,-13.85522458659,
    20.486820458437));
#832 = CARTESIAN_POINT('',(7.14052005657,-13.8551940436,20.487403253456)
  );
#833 = CARTESIAN_POINT('',(7.132500993204,-13.85516354559,
    20.487985190186));
#834 = CARTESIAN_POINT('',(7.124482834102,-13.85513309139,
    20.488566290975));
#835 = CARTESIAN_POINT('',(7.116465276347,-13.85510267982,20.48914657818
    ));
#836 = CARTESIAN_POINT('',(7.108448016984,-13.85507230973,
    20.489726074165));
#837 = CARTESIAN_POINT('',(7.100430753034,-13.85504197992,20.4903048013)
  );
#838 = CARTESIAN_POINT('',(5.525296800067,-13.84908315104,
    20.604006029758));
#839 = CARTESIAN_POINT('',(3.94817194911,-13.84461115788,20.689336742501
    ));
#840 = CARTESIAN_POINT('',(2.369147043509,-13.84163048117,
    20.746211442159));
#841 = CARTESIAN_POINT('',(0.790648011828,-13.84013411192,
    20.774763868402));
#842 = CARTESIAN_POINT('',(-0.791016788527,-13.84014260491,
    20.77460181244));
#843 = CARTESIAN_POINT('',(-2.368326617443,-13.84162396214,
    20.746335832744));
#844 = CARTESIAN_POINT('',(-3.948937952719,-13.84461494506,
    20.689264478751));
#845 = CARTESIAN_POINT('',(-5.524921349382,-13.8490817173,
    20.604033387105));
#846 = CARTESIAN_POINT('',(-7.108503446944,-13.85507252898,
    20.48972189062));
#847 = CARTESIAN_POINT('',(-7.116583217892,-13.85510313549,
    20.489137883621));
#848 = CARTESIAN_POINT('',(-7.124662745177,-13.85513378127,
    20.488553127204));
#849 = CARTESIAN_POINT('',(-7.132742240678,-13.85516446724,
    20.487967604056));
#850 = CARTESIAN_POINT('',(-7.140821947845,-13.85519519445,
    20.48738129402));
#851 = CARTESIAN_POINT('',(-7.148902141094,-13.8552259641,
    20.486794174138));
#852 = CARTESIAN_POINT('',(-7.156983125251,-13.85525677754,
    20.486206218693));
#853 = CARTESIAN_POINT('',(-7.165065234949,-13.85528763626,
    20.485617399254));
#854 = CARTESIAN_POINT('',(-7.173148834053,-13.85531854188,
    20.485027684718));
#855 = CARTESIAN_POINT('',(7.153090418573,-12.77984782557,
    20.624990738315));
#856 = CARTESIAN_POINT('',(7.148790237559,-12.77969370756,
    20.625320586554));
#857 = CARTESIAN_POINT('',(7.144492644474,-12.77955685373,
    20.625647814109));
#858 = CARTESIAN_POINT('',(7.140197035687,-12.7794372552,20.625972465691
    ));
#859 = CARTESIAN_POINT('',(7.135902807567,-12.77933490306,20.62629458601
    ));
#860 = CARTESIAN_POINT('',(7.131609356486,-12.77924978845,
    20.626614219773));
#861 = CARTESIAN_POINT('',(7.127316078809,-12.77918190245,
    20.626931411691));
#862 = CARTESIAN_POINT('',(7.123022370908,-12.77913123619,
    20.627246206473));
#863 = CARTESIAN_POINT('',(7.118727629152,-12.77909778077,
    20.627558648828));
#864 = CARTESIAN_POINT('',(7.11443124991,-12.7790815273,20.627868783466)
  );
#865 = CARTESIAN_POINT('',(5.536191477204,-12.77311094891,
    20.741794205884));
#866 = CARTESIAN_POINT('',(3.95594212231,-12.76861418597,20.827294862098
    ));
#867 = CARTESIAN_POINT('',(2.373884467279,-12.76572430252,
    20.884271665854));
#868 = CARTESIAN_POINT('',(0.792063260607,-12.76394018115,
    20.912909812284));
#869 = CARTESIAN_POINT('',(-0.792383881159,-12.76448412893,
    20.912691326595));
#870 = CARTESIAN_POINT('',(-2.374277667073,-12.76524905097,
    20.884527762413));
#871 = CARTESIAN_POINT('',(-3.961469595946,-12.76897167957,
    20.827152844479));
#872 = CARTESIAN_POINT('',(-5.543183034148,-12.77293890997,
    20.741099910955));
#873 = CARTESIAN_POINT('',(-7.1088420859,-12.77916265035,20.628259232481
    ));
#874 = CARTESIAN_POINT('',(-7.116204210727,-12.77920040101,
    20.627726827062));
#875 = CARTESIAN_POINT('',(-7.123026541314,-12.77924538421,
    20.627231569758));
#876 = CARTESIAN_POINT('',(-7.129387553513,-12.77929903989,
    20.626767790246));
#877 = CARTESIAN_POINT('',(-7.135357223302,-12.7793630089,
    20.626330372519));
#878 = CARTESIAN_POINT('',(-7.140997026766,-12.77943913301,
    20.625914754885));
#879 = CARTESIAN_POINT('',(-7.146359940117,-12.77952945493,
    20.625516929965));
#880 = CARTESIAN_POINT('',(-7.151490439676,-12.77963621831,
    20.625133444697));
#881 = CARTESIAN_POINT('',(-7.156424501886,-12.7797618677,
    20.624761400336));
#882 = DEFINITIONAL_REPRESENTATION('',(#883),#886);
#883 = B_SPLINE_CURVE_WITH_KNOTS('',1,(#884,#885),.UNSPECIFIED.,.F.,.F.,
  (2,2),(0.,14.340540780196),.PIECEWISE_BEZIER_KNOTS.);
#884 = CARTESIAN_POINT('',(0.,-7.228308330673E-02));
#885 = CARTESIAN_POINT('',(14.340540780196,-7.228308330673E-02));
#886 = ( GEOMETRIC_REPRESENTATION_CONTEXT(2) 
PARAMETRIC_REPRESENTATION_CONTEXT() REPRESENTATION_CONTEXT('2D SPACE',''
  ) );
#887 = ORIENTED_EDGE('',*,*,#487,.F.);
#888 = ADVANCED_FACE('',(#889),#800,.F.);
#889 = FACE_BOUND('',#890,.F.);
#890 = EDGE_LOOP('',(#891,#892,#1245,#1372));
#891 = ORIENTED_EDGE('',*,*,#787,.T.);
#892 = ORIENTED_EDGE('',*,*,#893,.T.);
#893 = EDGE_CURVE('',#690,#894,#896,.T.);
#894 = VERTEX_POINT('',#895);
#895 = CARTESIAN_POINT('',(-7.156424501886,-12.7797618677,
    20.624761400336));
#896 = SURFACE_CURVE('',#897,(#925,#932),.PCURVE_S1.);
#897 = B_SPLINE_CURVE_WITH_KNOTS('',9,(#898,#899,#900,#901,#902,#903,
    #904,#905,#906,#907,#908,#909,#910,#911,#912,#913,#914,#915,#916,
    #917,#918,#919,#920,#921,#922,#923,#924),.UNSPECIFIED.,.F.,.F.,(10,9
    ,8,10),(-7.228308330673E-02,0.,14.195452822989,14.26825769689),
  .UNSPECIFIED.);
#898 = CARTESIAN_POINT('',(7.153090418573,-12.77984782557,
    20.624990738315));
#899 = CARTESIAN_POINT('',(7.148790237559,-12.77969370756,
    20.625320586554));
#900 = CARTESIAN_POINT('',(7.144492644474,-12.77955685373,
    20.625647814109));
#901 = CARTESIAN_POINT('',(7.140197035687,-12.7794372552,20.625972465691
    ));
#902 = CARTESIAN_POINT('',(7.135902807567,-12.77933490306,20.62629458601
    ));
#903 = CARTESIAN_POINT('',(7.131609356486,-12.77924978845,
    20.626614219773));
#904 = CARTESIAN_POINT('',(7.127316078809,-12.77918190245,
    20.626931411691));
#905 = CARTESIAN_POINT('',(7.123022370908,-12.77913123619,
    20.627246206473));
#906 = CARTESIAN_POINT('',(7.118727629152,-12.77909778077,
    20.627558648828));
#907 = CARTESIAN_POINT('',(7.11443124991,-12.7790815273,20.627868783466)
  );
#908 = CARTESIAN_POINT('',(5.536191477204,-12.77311094891,
    20.741794205884));
#909 = CARTESIAN_POINT('',(3.95594212231,-12.76861418597,20.827294862098
    ));
#910 = CARTESIAN_POINT('',(2.373884467279,-12.76572430252,
    20.884271665854));
#911 = CARTESIAN_POINT('',(0.792063260607,-12.76394018115,
    20.912909812284));
#912 = CARTESIAN_POINT('',(-0.792383881159,-12.76448412893,
    20.912691326595));
#913 = CARTESIAN_POINT('',(-2.374277667073,-12.76524905097,
    20.884527762413));
#914 = CARTESIAN_POINT('',(-3.961469595946,-12.76897167957,
    20.827152844479));
#915 = CARTESIAN_POINT('',(-5.543183034148,-12.77293890997,
    20.741099910955));
#916 = CARTESIAN_POINT('',(-7.1088420859,-12.77916265035,20.628259232481
    ));
#917 = CARTESIAN_POINT('',(-7.116204210727,-12.77920040101,
    20.627726827062));
#918 = CARTESIAN_POINT('',(-7.123026541314,-12.77924538421,
    20.627231569758));
#919 = CARTESIAN_POINT('',(-7.129387553513,-12.77929903989,
    20.626767790246));
#920 = CARTESIAN_POINT('',(-7.135357223302,-12.7793630089,
    20.626330372519));
#921 = CARTESIAN_POINT('',(-7.140997026766,-12.77943913301,
    20.625914754885));
#922 = CARTESIAN_POINT('',(-7.146359940117,-12.77952945493,
    20.625516929965));
#923 = CARTESIAN_POINT('',(-7.151490439676,-12.77963621831,
    20.625133444697));
#924 = CARTESIAN_POINT('',(-7.156424501886,-12.7797618677,
    20.624761400336));
#925 = PCURVE('',#800,#926);
#926 = DEFINITIONAL_REPRESENTATION('',(#927),#931);
#927 = LINE('',#928,#929);
#928 = CARTESIAN_POINT('',(14.340540780196,0.));
#929 = VECTOR('',#930,1.);
#930 = DIRECTION('',(0.,1.));
#931 = ( GEOMETRIC_REPRESENTATION_CONTEXT(2) 
PARAMETRIC_REPRESENTATION_CONTEXT() REPRESENTATION_CONTEXT('2D SPACE',''
  ) );
#932 = PCURVE('',#720,#933);
#933 = DEFINITIONAL_REPRESENTATION('',(#934),#1244);
#934 = B_SPLINE_CURVE_WITH_KNOTS('',11,(#935,#936,#937,#938,#939,#940,
    #941,#942,#943,#944,#945,#946,#947,#948,#949,#950,#951,#952,#953,
    #954,#955,#956,#957,#958,#959,#960,#961,#962,#963,#964,#965,#966,
    #967,#968,#969,#970,#971,#972,#973,#974,#975,#976,#977,#978,#979,
    #980,#981,#982,#983,#984,#985,#986,#987,#988,#989,#990,#991,#992,
    #993,#994,#995,#996,#997,#998,#999,#1000,#1001,#1002,#1003,#1004,
    #1005,#1006,#1007,#1008,#1009,#1010,#1011,#1012,#1013,#1014,#1015,
    #1016,#1017,#1018,#1019,#1020,#1021,#1022,#1023,#1024,#1025,#1026,
    #1027,#1028,#1029,#1030,#1031,#1032,#1033,#1034,#1035,#1036,#1037,
    #1038,#1039,#1040,#1041,#1042,#1043,#1044,#1045,#1046,#1047,#1048,
    #1049,#1050,#1051,#1052,#1053,#1054,#1055,#1056,#1057,#1058,#1059,
    #1060,#1061,#1062,#1063,#1064,#1065,#1066,#1067,#1068,#1069,#1070,
    #1071,#1072,#1073,#1074,#1075,#1076,#1077,#1078,#1079,#1080,#1081,
    #1082,#1083,#1084,#1085,#1086,#1087,#1088,#1089,#1090,#1091,#1092,
    #1093,#1094,#1095,#1096,#1097,#1098,#1099,#1100,#1101,#1102,#1103,
    #1104,#1105,#1106,#1107,#1108,#1109,#1110,#1111,#1112,#1113,#1114,
    #1115,#1116,#1117,#1118,#1119,#1120,#1121,#1122,#1123,#1124,#1125,
    #1126,#1127,#1128,#1129,#1130,#1131,#1132,#1133,#1134,#1135,#1136,
    #1137,#1138,#1139,#1140,#1141,#1142,#1143,#1144,#1145,#1146,#1147,
    #1148,#1149,#1150,#1151,#1152,#1153,#1154,#1155,#1156,#1157,#1158,
    #1159,#1160,#1161,#1162,#1163,#1164,#1165,#1166,#1167,#1168,#1169,
    #1170,#1171,#1172,#1173,#1174,#1175,#1176,#1177,#1178,#1179,#1180,
    #1181,#1182,#1183,#1184,#1185,#1186,#1187,#1188,#1189,#1190,#1191,
    #1192,#1193,#1194,#1195,#1196,#1197,#1198,#1199,#1200,#1201,#1202,
    #1203,#1204,#1205,#1206,#1207,#1208,#1209,#1210,#1211,#1212,#1213,
    #1214,#1215,#1216,#1217,#1218,#1219,#1220,#1221,#1222,#1223,#1224,
    #1225,#1226,#1227,#1228,#1229,#1230,#1231,#1232,#1233,#1234,#1235,
    #1236,#1237,#1238,#1239,#1240,#1241,#1242,#1243),.UNSPECIFIED.,.F.,
  .F.,(12,11,11,11,11,11,11,11,11,11,11,11,11,11,11,11,11,11,11,11,11,11
    ,11,11,11,11,11,11,12),(-7.228308330673E-02,-1.626534588409E-02,
    -2.260911528432E-03,-5.103572339749E-04,-7.271866036054E-05,
    -1.801383865874E-05,3.669098304305E-05,1.461006264467E-04,
    3.649199132538E-04,1.240197060483E-03,4.741305649398E-03,
    1.174352282723E-02,3.975239153855E-02,0.151787866384,0.375858816074,
    0.824000715456,1.720284514218,3.512852111742,7.097987306791,
    10.68312250184,12.475690099365,13.371973898127,13.820115797508,
    14.044186747199,14.156222222044,14.184231090756,14.198235525111,
    14.212239959467,14.26825769689),.UNSPECIFIED.);
#935 = CARTESIAN_POINT('',(5.222661381015,1.424255278536));
#936 = CARTESIAN_POINT('',(5.222502181752,1.424269559192));
#937 = CARTESIAN_POINT('',(5.222342782948,1.424283771019));
#938 = CARTESIAN_POINT('',(5.222183176322,1.424297914721));
#939 = CARTESIAN_POINT('',(5.222023353558,1.424311990993));
#940 = CARTESIAN_POINT('',(5.221863306401,1.424326000546));
#941 = CARTESIAN_POINT('',(5.221703026511,1.42433994407));
#942 = CARTESIAN_POINT('',(5.221542505645,1.424353822278));
#943 = CARTESIAN_POINT('',(5.221381735469,1.424367635861));
#944 = CARTESIAN_POINT('',(5.221220707719,1.424381385527));
#945 = CARTESIAN_POINT('',(5.221059414087,1.424395071974));
#946 = CARTESIAN_POINT('',(5.220897846287,1.424408695904));
#947 = CARTESIAN_POINT('',(5.220857455307,1.424412101805));
#948 = CARTESIAN_POINT('',(5.220817046606,1.424415503847));
#949 = CARTESIAN_POINT('',(5.22077662019,1.424418902033));
#950 = CARTESIAN_POINT('',(5.220736176045,1.424422296359));
#951 = CARTESIAN_POINT('',(5.220695714194,1.424425686829));
#952 = CARTESIAN_POINT('',(5.220655234607,1.424429073439));
#953 = CARTESIAN_POINT('',(5.220614737316,1.424432456193));
#954 = CARTESIAN_POINT('',(5.220574222293,1.424435835088));
#955 = CARTESIAN_POINT('',(5.220533689558,1.424439210125));
#956 = CARTESIAN_POINT('',(5.2204931391,1.424442581305));
#957 = CARTESIAN_POINT('',(5.220452570923,1.424445948627));
#958 = CARTESIAN_POINT('',(5.220447498346,1.424446369255));
#959 = CARTESIAN_POINT('',(5.220442425767,1.424446789883));
#960 = CARTESIAN_POINT('',(5.220437353194,1.424447210513));
#961 = CARTESIAN_POINT('',(5.220432280609,1.424447631137));
#962 = CARTESIAN_POINT('',(5.220427208042,1.42444805177));
#963 = CARTESIAN_POINT('',(5.220422135454,1.424448472394));
#964 = CARTESIAN_POINT('',(5.220417062885,1.424448893026));
#965 = CARTESIAN_POINT('',(5.220411990303,1.424449313652));
#966 = CARTESIAN_POINT('',(5.220406917727,1.424449734281));
#967 = CARTESIAN_POINT('',(5.220401845149,1.424450154909));
#968 = CARTESIAN_POINT('',(5.220396772572,1.424450575537));
#969 = CARTESIAN_POINT('',(5.220395503978,1.424450680602));
#970 = CARTESIAN_POINT('',(5.220394235387,1.424450785667));
#971 = CARTESIAN_POINT('',(5.220392966785,1.424450890729));
#972 = CARTESIAN_POINT('',(5.220391698206,1.424450995797));
#973 = CARTESIAN_POINT('',(5.220390429592,1.424451100857));
#974 = CARTESIAN_POINT('',(5.22038916102,1.424451205926));
#975 = CARTESIAN_POINT('',(5.220387892407,1.424451310986));
#976 = CARTESIAN_POINT('',(5.220386623826,1.424451416053));
#977 = CARTESIAN_POINT('',(5.220385355225,1.424451521116));
#978 = CARTESIAN_POINT('',(5.220384086634,1.424451626181));
#979 = CARTESIAN_POINT('',(5.22038281804,1.424451731245));
#980 = CARTESIAN_POINT('',(5.220382659453,1.424451744375));
#981 = CARTESIAN_POINT('',(5.220382500865,1.424451757505));
#982 = CARTESIAN_POINT('',(5.220382342281,1.424451770637));
#983 = CARTESIAN_POINT('',(5.220382183689,1.424451783765));
#984 = CARTESIAN_POINT('',(5.220382025109,1.424451796899));
#985 = CARTESIAN_POINT('',(5.220381866514,1.424451810025));
#986 = CARTESIAN_POINT('',(5.220381707934,1.424451823159));
#987 = CARTESIAN_POINT('',(5.220381549343,1.424451836287));
#988 = CARTESIAN_POINT('',(5.220381390758,1.424451849419));
#989 = CARTESIAN_POINT('',(5.22038123217,1.424451862549));
#990 = CARTESIAN_POINT('',(5.220381073584,1.42445187568));
#991 = CARTESIAN_POINT('',(5.220380975627,1.42445188379));
#992 = CARTESIAN_POINT('',(5.220380534449,1.424451920316));
#993 = CARTESIAN_POINT('',(5.220380814883,1.424451897099));
#994 = CARTESIAN_POINT('',(5.220380659987,1.424451909921));
#995 = CARTESIAN_POINT('',(5.22038004231,1.424451961064));
#996 = CARTESIAN_POINT('',(5.220379608351,1.424451996987));
#997 = CARTESIAN_POINT('',(5.220379535147,1.424452003052));
#998 = CARTESIAN_POINT('',(5.220379337932,1.424452019377));
#999 = CARTESIAN_POINT('',(5.220378790338,1.424452064715));
#1000 = CARTESIAN_POINT('',(5.220378638217,1.424452077309));
#1001 = CARTESIAN_POINT('',(5.220378310582,1.424452104434));
#1002 = CARTESIAN_POINT('',(5.220377717296,1.424452153553));
#1003 = CARTESIAN_POINT('',(5.220377124008,1.424452202672));
#1004 = CARTESIAN_POINT('',(5.220376530726,1.424452251791));
#1005 = CARTESIAN_POINT('',(5.220375937431,1.424452300908));
#1006 = CARTESIAN_POINT('',(5.220375344159,1.42445235003));
#1007 = CARTESIAN_POINT('',(5.220374750856,1.424452399145));
#1008 = CARTESIAN_POINT('',(5.220374157585,1.424452448267));
#1009 = CARTESIAN_POINT('',(5.220373564288,1.424452497383));
#1010 = CARTESIAN_POINT('',(5.220372971007,1.424452546503));
#1011 = CARTESIAN_POINT('',(5.220372377719,1.424452595621));
#1012 = CARTESIAN_POINT('',(5.220371784433,1.42445264474));
#1013 = CARTESIAN_POINT('',(5.220370597848,1.424452742976));
#1014 = CARTESIAN_POINT('',(5.220369411262,1.424452841211));
#1015 = CARTESIAN_POINT('',(5.220368224675,1.424452939447));
#1016 = CARTESIAN_POINT('',(5.220367038093,1.424453037683));
#1017 = CARTESIAN_POINT('',(5.220365851502,1.424453135918));
#1018 = CARTESIAN_POINT('',(5.220364664923,1.424453234154));
#1019 = CARTESIAN_POINT('',(5.220363478331,1.424453332389));
#1020 = CARTESIAN_POINT('',(5.22036229175,1.424453430625));
#1021 = CARTESIAN_POINT('',(5.220361105162,1.424453528861));
#1022 = CARTESIAN_POINT('',(5.220359918577,1.424453627096));
#1023 = CARTESIAN_POINT('',(5.220358731991,1.424453725332));
#1024 = CARTESIAN_POINT('',(5.220353985472,1.424454118252));
#1025 = CARTESIAN_POINT('',(5.22034923895,1.424454511171));
#1026 = CARTESIAN_POINT('',(5.22034449244,1.424454904092));
#1027 = CARTESIAN_POINT('',(5.220339745904,1.424455297008));
#1028 = CARTESIAN_POINT('',(5.220334999408,1.424455689933));
#1029 = CARTESIAN_POINT('',(5.220330252863,1.424456082846));
#1030 = CARTESIAN_POINT('',(5.220325506366,1.424456475771));
#1031 = CARTESIAN_POINT('',(5.220320759832,1.424456868687));
#1032 = CARTESIAN_POINT('',(5.22031601332,1.424457261609));
#1033 = CARTESIAN_POINT('',(5.220311266798,1.424457654528));
#1034 = CARTESIAN_POINT('',(5.22030652028,1.424458047447));
#1035 = CARTESIAN_POINT('',(5.220287531379,1.424459618757));
#1036 = CARTESIAN_POINT('',(5.220268542475,1.424461190067));
#1037 = CARTESIAN_POINT('',(5.220249553579,1.424462761378));
#1038 = CARTESIAN_POINT('',(5.220230564666,1.424464332685));
#1039 = CARTESIAN_POINT('',(5.220211575781,1.424465903998));
#1040 = CARTESIAN_POINT('',(5.220192586861,1.424467475305));
#1041 = CARTESIAN_POINT('',(5.220173597976,1.424469046618));
#1042 = CARTESIAN_POINT('',(5.220154609063,1.424470617926));
#1043 = CARTESIAN_POINT('',(5.220135620167,1.424472189237));
#1044 = CARTESIAN_POINT('',(5.220116631264,1.424473760546));
#1045 = CARTESIAN_POINT('',(5.220097642363,1.424475331856));
#1046 = CARTESIAN_POINT('',(5.220059651001,1.424478472707));
#1047 = CARTESIAN_POINT('',(5.220021659641,1.424481613559));
#1048 = CARTESIAN_POINT('',(5.219983668274,1.42448475441));
#1049 = CARTESIAN_POINT('',(5.219945676923,1.424487895262));
#1050 = CARTESIAN_POINT('',(5.219907685547,1.424491036112));
#1051 = CARTESIAN_POINT('',(5.219869694201,1.424494176964));
#1052 = CARTESIAN_POINT('',(5.219831702825,1.424497317815));
#1053 = CARTESIAN_POINT('',(5.219793711474,1.424500458666));
#1054 = CARTESIAN_POINT('',(5.219755720107,1.424503599517));
#1055 = CARTESIAN_POINT('',(5.219717728747,1.424506740369));
#1056 = CARTESIAN_POINT('',(5.219679737385,1.42450988122));
#1057 = CARTESIAN_POINT('',(5.219527735781,1.424522439916));
#1058 = CARTESIAN_POINT('',(5.219375705253,1.424534994831));
#1059 = CARTESIAN_POINT('',(5.219223645806,1.424547545967));
#1060 = CARTESIAN_POINT('',(5.219071557427,1.424560093319));
#1061 = CARTESIAN_POINT('',(5.218919440143,1.424572636896));
#1062 = CARTESIAN_POINT('',(5.218767293912,1.424585176683));
#1063 = CARTESIAN_POINT('',(5.218615118783,1.424597712699));
#1064 = CARTESIAN_POINT('',(5.218462914712,1.424610244927));
#1065 = CARTESIAN_POINT('',(5.21831068173,1.424622773379));
#1066 = CARTESIAN_POINT('',(5.21815841982,1.424635298047));
#1067 = CARTESIAN_POINT('',(5.218006128989,1.424647818936));
#1068 = CARTESIAN_POINT('',(5.217396965413,1.42469790304));
#1069 = CARTESIAN_POINT('',(5.216787339246,1.424747926211));
#1070 = CARTESIAN_POINT('',(5.216177250496,1.42479788845));
#1071 = CARTESIAN_POINT('',(5.215566699146,1.424847789753));
#1072 = CARTESIAN_POINT('',(5.214955685224,1.424897630128));
#1073 = CARTESIAN_POINT('',(5.214344208692,1.424947409563));
#1074 = CARTESIAN_POINT('',(5.213732269593,1.424997128072));
#1075 = CARTESIAN_POINT('',(5.213119867888,1.425046785642));
#1076 = CARTESIAN_POINT('',(5.212507003604,1.425096382283));
#1077 = CARTESIAN_POINT('',(5.211893676727,1.425145917989));
#1078 = CARTESIAN_POINT('',(5.211279887263,1.425195392762));
#1079 = CARTESIAN_POINT('',(5.210052304861,1.425294345811));
#1080 = CARTESIAN_POINT('',(5.208822875153,1.425393050912));
#1081 = CARTESIAN_POINT('',(5.207591598146,1.425491508067));
#1082 = CARTESIAN_POINT('',(5.206358473821,1.425589717274));
#1083 = CARTESIAN_POINT('',(5.205123502211,1.425687678535));
#1084 = CARTESIAN_POINT('',(5.203886683271,1.425785391848));
#1085 = CARTESIAN_POINT('',(5.202648017051,1.425882857214));
#1086 = CARTESIAN_POINT('',(5.201407503507,1.425980074634));
#1087 = CARTESIAN_POINT('',(5.200165142669,1.426077044107));
#1088 = CARTESIAN_POINT('',(5.198920934521,1.426173765633));
#1089 = CARTESIAN_POINT('',(5.19767487907,1.426270239212));
#1090 = CARTESIAN_POINT('',(5.195182782349,1.426463177066));
#1091 = CARTESIAN_POINT('',(5.192683302618,1.426655111907));
#1092 = CARTESIAN_POINT('',(5.190176448988,1.426846038792));
#1093 = CARTESIAN_POINT('',(5.18766223057,1.427035952781));
#1094 = CARTESIAN_POINT('',(5.185140656474,1.427224848924));
#1095 = CARTESIAN_POINT('',(5.182611735812,1.427412722286));
#1096 = CARTESIAN_POINT('',(5.180075477692,1.427599567916));
#1097 = CARTESIAN_POINT('',(5.177531891227,1.427785380877));
#1098 = CARTESIAN_POINT('',(5.174980985526,1.427970156223));
#1099 = CARTESIAN_POINT('',(5.1724227697,1.428153889011));
#1100 = CARTESIAN_POINT('',(5.169857252859,1.428336574299));
#1101 = CARTESIAN_POINT('',(5.164726228311,1.428701944886));
#1102 = CARTESIAN_POINT('',(5.159566023064,1.429063125685));
#1103 = CARTESIAN_POINT('',(5.154376733312,1.429420077227));
#1104 = CARTESIAN_POINT('',(5.149158468135,1.42977276015));
#1105 = CARTESIAN_POINT('',(5.143911349509,1.430121135198));
#1106 = CARTESIAN_POINT('',(5.138635512293,1.430465163227));
#1107 = CARTESIAN_POINT('',(5.133331104242,1.430804805194));
#1108 = CARTESIAN_POINT('',(5.127998285998,1.43114002217));
#1109 = CARTESIAN_POINT('',(5.122637231093,1.431470775329));
#1110 = CARTESIAN_POINT('',(5.11724812595,1.431797025954));
#1111 = CARTESIAN_POINT('',(5.111831169883,1.432118735437));
#1112 = CARTESIAN_POINT('',(5.100997248182,1.43276215087));
#1113 = CARTESIAN_POINT('',(5.090051948612,1.433387408672));
#1114 = CARTESIAN_POINT('',(5.078996852241,1.433994194711));
#1115 = CARTESIAN_POINT('',(5.067833772356,1.434582201082));
#1116 = CARTESIAN_POINT('',(5.056564754447,1.435151126107));
#1117 = CARTESIAN_POINT('',(5.045192076237,1.435700674338));
#1118 = CARTESIAN_POINT('',(5.033718247634,1.436230556553));
#1119 = CARTESIAN_POINT('',(5.022146010795,1.43674048976));
#1120 = CARTESIAN_POINT('',(5.01047834006,1.437230197191));
#1121 = CARTESIAN_POINT('',(4.998718442003,1.437699408309));
#1122 = CARTESIAN_POINT('',(4.986869755403,1.438147858805));
#1123 = CARTESIAN_POINT('',(4.963172385549,1.439044767694));
#1124 = CARTESIAN_POINT('',(4.9391199361,1.439858659875));
#1125 = CARTESIAN_POINT('',(4.914739904509,1.440587476407));
#1126 = CARTESIAN_POINT('',(4.890063588639,1.441229314596));
#1127 = CARTESIAN_POINT('',(4.865125900675,1.441782467999));
#1128 = CARTESIAN_POINT('',(4.839965061259,1.442245460571));
#1129 = CARTESIAN_POINT('',(4.814622174032,1.442617075002));
#1130 = CARTESIAN_POINT('',(4.789140680359,1.44289637517));
#1131 = CARTESIAN_POINT('',(4.763565694462,1.443082722793));
#1132 = CARTESIAN_POINT('',(4.737943218778,1.443175788207));
#1133 = CARTESIAN_POINT('',(4.712319239663,1.443175555328));
#1134 = CARTESIAN_POINT('',(4.686695263427,1.443175321749));
#1135 = CARTESIAN_POINT('',(4.661069863813,1.443081790274));
#1136 = CARTESIAN_POINT('',(4.635489047356,1.442894939953));
#1137 = CARTESIAN_POINT('',(4.609999062539,1.442615065152));
#1138 = CARTESIAN_POINT('',(4.584645522903,1.442242773999));
#1139 = CARTESIAN_POINT('',(4.559472650924,1.441778983451));
#1140 = CARTESIAN_POINT('',(4.534522642282,1.441224910851));
#1141 = CARTESIAN_POINT('',(4.509835150997,1.440582062119));
#1142 = CARTESIAN_POINT('',(4.485446894936,1.439852216438));
#1143 = CARTESIAN_POINT('',(4.461391382119,1.439037407556));
#1144 = CARTESIAN_POINT('',(4.437698757516,1.438139901609));
#1145 = CARTESIAN_POINT('',(4.425852443632,1.437691150989));
#1146 = CARTESIAN_POINT('',(4.414096865462,1.43722172251));
#1147 = CARTESIAN_POINT('',(4.402435792264,1.436731903495));
#1148 = CARTESIAN_POINT('',(4.390872785953,1.436221993878));
#1149 = CARTESIAN_POINT('',(4.379411201069,1.435692306161));
#1150 = CARTESIAN_POINT('',(4.368054184829,1.435143165476));
#1151 = CARTESIAN_POINT('',(4.356804677066,1.434574909511));
#1152 = CARTESIAN_POINT('',(4.345665410281,1.433987888586));
#1153 = CARTESIAN_POINT('',(4.334638909609,1.433382465584));
#1154 = CARTESIAN_POINT('',(4.323727492837,1.432759016004));
#1155 = CARTESIAN_POINT('',(4.312933270398,1.432117927931));
#1156 = CARTESIAN_POINT('',(4.307536163022,1.431797382852));
#1157 = CARTESIAN_POINT('',(4.302168359568,1.431472427094));
#1158 = CARTESIAN_POINT('',(4.296830125183,1.431143108786));
#1159 = CARTESIAN_POINT('',(4.291521713378,1.430809476653));
#1160 = CARTESIAN_POINT('',(4.286243366117,1.430471580042));
#1161 = CARTESIAN_POINT('',(4.280995313675,1.430129468874));
#1162 = CARTESIAN_POINT('',(4.275777774824,1.429783193713));
#1163 = CARTESIAN_POINT('',(4.270590956633,1.42943280569));
#1164 = CARTESIAN_POINT('',(4.265435054643,1.429078356567));
#1165 = CARTESIAN_POINT('',(4.260310252746,1.428719898695));
#1166 = CARTESIAN_POINT('',(4.255216723248,1.428357485037));
#1167 = CARTESIAN_POINT('',(4.252669954518,1.42817627843));
#1168 = CARTESIAN_POINT('',(4.25013100892,1.427994082583));
#1169 = CARTESIAN_POINT('',(4.247599905345,1.427810904253));
#1170 = CARTESIAN_POINT('',(4.245076662691,1.427626750192));
#1171 = CARTESIAN_POINT('',(4.242561299847,1.427441627157));
#1172 = CARTESIAN_POINT('',(4.240053835713,1.427255541902));
#1173 = CARTESIAN_POINT('',(4.237554289176,1.427068501183));
#1174 = CARTESIAN_POINT('',(4.235062679136,1.426880511753));
#1175 = CARTESIAN_POINT('',(4.232579024482,1.426691580369));
#1176 = CARTESIAN_POINT('',(4.230103344112,1.426501713784));
#1177 = CARTESIAN_POINT('',(4.227635656916,1.426310918754));
#1178 = CARTESIAN_POINT('',(4.226401797243,1.426215514854));
#1179 = CARTESIAN_POINT('',(4.225169943251,1.426119882812));
#1180 = CARTESIAN_POINT('',(4.223940094945,1.426024022632));
#1181 = CARTESIAN_POINT('',(4.222712252316,1.425927934305));
#1182 = CARTESIAN_POINT('',(4.221486415378,1.425831617845));
#1183 = CARTESIAN_POINT('',(4.220262584114,1.425735073235));
#1184 = CARTESIAN_POINT('',(4.219040758541,1.425638300493));
#1185 = CARTESIAN_POINT('',(4.217820938645,1.425541299603));
#1186 = CARTESIAN_POINT('',(4.216603124435,1.425444070576));
#1187 = CARTESIAN_POINT('',(4.215387315907,1.425346613406));
#1188 = CARTESIAN_POINT('',(4.214173513061,1.425248928096));
#1189 = CARTESIAN_POINT('',(4.213566616866,1.425200087883));
#1190 = CARTESIAN_POINT('',(4.21296022493,1.425151192108));
#1191 = CARTESIAN_POINT('',(4.212354337264,1.425102240778));
#1192 = CARTESIAN_POINT('',(4.211748953842,1.425053233879));
#1193 = CARTESIAN_POINT('',(4.211144074712,1.425004171433));
#1194 = CARTESIAN_POINT('',(4.210539699806,1.424955053411));
#1195 = CARTESIAN_POINT('',(4.209935829199,1.424905879844));
#1196 = CARTESIAN_POINT('',(4.209332462826,1.424856650706));
#1197 = CARTESIAN_POINT('',(4.208729600732,1.424807366015));
#1198 = CARTESIAN_POINT('',(4.208127242892,1.42475802576));
#1199 = CARTESIAN_POINT('',(4.207525389317,1.424708629946));
#1200 = CARTESIAN_POINT('',(4.207374926256,1.424696281187));
#1201 = CARTESIAN_POINT('',(4.207224494773,1.424683928992));
#1202 = CARTESIAN_POINT('',(4.207074094881,1.424671573367));
#1203 = CARTESIAN_POINT('',(4.206923726548,1.424659214301));
#1204 = CARTESIAN_POINT('',(4.206773389832,1.424646851812));
#1205 = CARTESIAN_POINT('',(4.206623084654,1.424634485877));
#1206 = CARTESIAN_POINT('',(4.206472811098,1.42462211652));
#1207 = CARTESIAN_POINT('',(4.206322569092,1.42460974372));
#1208 = CARTESIAN_POINT('',(4.206172358686,1.424597367492));
#1209 = CARTESIAN_POINT('',(4.206022179852,1.424584987828));
#1210 = CARTESIAN_POINT('',(4.205872032602,1.424572604731));
#1211 = CARTESIAN_POINT('',(4.205797049176,1.424566420412));
#1212 = CARTESIAN_POINT('',(4.205721236476,1.424560168185));
#1213 = CARTESIAN_POINT('',(4.205649260096,1.424554221732));
#1214 = CARTESIAN_POINT('',(4.205566146976,1.424547381804));
#1215 = CARTESIAN_POINT('',(4.20550557732,1.424542346017));
#1216 = CARTESIAN_POINT('',(4.205412358713,1.424534693641));
#1217 = CARTESIAN_POINT('',(4.205352849579,1.424529739934));
#1218 = CARTESIAN_POINT('',(4.205270061911,1.424522919956));
#1219 = CARTESIAN_POINT('',(4.205195752138,1.424516777804));
#1220 = CARTESIAN_POINT('',(4.205121893732,1.424510670175));
#1221 = CARTESIAN_POINT('',(4.205048611781,1.424504607183));
#1222 = CARTESIAN_POINT('',(4.204975396289,1.424498549498));
#1223 = CARTESIAN_POINT('',(4.204903064536,1.424492561052));
#1224 = CARTESIAN_POINT('',(4.204831599143,1.424486640405));
#1225 = CARTESIAN_POINT('',(4.204760982719,1.424480786115));
#1226 = CARTESIAN_POINT('',(4.204691197898,1.424474996748));
#1227 = CARTESIAN_POINT('',(4.204622227277,1.424469270856));
#1228 = CARTESIAN_POINT('',(4.204554053496,1.424463607008));
#1229 = CARTESIAN_POINT('',(4.204486659156,1.424458003757));
#1230 = CARTESIAN_POINT('',(4.204420026885,1.424452459668));
#1231 = CARTESIAN_POINT('',(4.204354139296,1.4244469733));
#1232 = CARTESIAN_POINT('',(4.204288979009,1.424441543212));
#1233 = CARTESIAN_POINT('',(4.204028344931,1.424419823379));
#1234 = CARTESIAN_POINT('',(4.203779379734,1.424399006383));
#1235 = CARTESIAN_POINT('',(4.203541041361,1.424379005218));
#1236 = CARTESIAN_POINT('',(4.203312358152,1.424359738016));
#1237 = CARTESIAN_POINT('',(4.203092428832,1.424341128046));
#1238 = CARTESIAN_POINT('',(4.202880422525,1.424323103707));
#1239 = CARTESIAN_POINT('',(4.202675578734,1.424305598541));
#1240 = CARTESIAN_POINT('',(4.202477207366,1.424288551219));
#1241 = CARTESIAN_POINT('',(4.202284688709,1.424271905554));
#1242 = CARTESIAN_POINT('',(4.202097473448,1.424255610489));
#1243 = CARTESIAN_POINT('',(4.201915082656,1.424239620107));
#1244 = ( GEOMETRIC_REPRESENTATION_CONTEXT(2) 
PARAMETRIC_REPRESENTATION_CONTEXT() REPRESENTATION_CONTEXT('2D SPACE',''
  ) );
#1245 = ORIENTED_EDGE('',*,*,#1246,.F.);
#1246 = EDGE_CURVE('',#1247,#894,#1249,.T.);
#1247 = VERTEX_POINT('',#1248);
#1248 = CARTESIAN_POINT('',(-7.1,-13.91195941003,19.404255537557));
#1249 = SURFACE_CURVE('',#1250,(#1254,#1260),.PCURVE_S1.);
#1250 = ( BOUNDED_CURVE() B_SPLINE_CURVE(2,(#1251,#1252,#1253),
.UNSPECIFIED.,.F.,.F.) B_SPLINE_CURVE_WITH_KNOTS((3,3),(0.,
14.340540780196),.PIECEWISE_BEZIER_KNOTS.) CURVE() 
GEOMETRIC_REPRESENTATION_ITEM() RATIONAL_B_SPLINE_CURVE((1.,
0.767817012345,1.)) REPRESENTATION_ITEM('') );
#1251 = CARTESIAN_POINT('',(-7.1,-13.91195941003,19.404255537557));
#1252 = CARTESIAN_POINT('',(-7.173148834053,-13.85531854188,
    20.485027684718));
#1253 = CARTESIAN_POINT('',(-7.156424501886,-12.7797618677,
    20.624761400336));
#1254 = PCURVE('',#800,#1255);
#1255 = DEFINITIONAL_REPRESENTATION('',(#1256),#1259);
#1256 = B_SPLINE_CURVE_WITH_KNOTS('',1,(#1257,#1258),.UNSPECIFIED.,.F.,
  .F.,(2,2),(0.,14.340540780196),.PIECEWISE_BEZIER_KNOTS.);
#1257 = CARTESIAN_POINT('',(0.,14.26825769689));
#1258 = CARTESIAN_POINT('',(14.340540780196,14.26825769689));
#1259 = ( GEOMETRIC_REPRESENTATION_CONTEXT(2) 
PARAMETRIC_REPRESENTATION_CONTEXT() REPRESENTATION_CONTEXT('2D SPACE',''
  ) );
#1260 = PCURVE('',#1261,#1367);
#1261 = ( BOUNDED_SURFACE() B_SPLINE_SURFACE(2,12,(
    (#1262,#1263,#1264,#1265,#1266,#1267,#1268,#1269,#1270,#1271,#1272
      ,#1273,#1274,#1275,#1276,#1277,#1278,#1279,#1280,#1281,#1282,#1283
      ,#1284,#1285,#1286,#1287,#1288,#1289,#1290,#1291,#1292,#1293,#1294
      ,#1295,#1296)
    ,(#1297,#1298,#1299,#1300,#1301,#1302,#1303,#1304,#1305,#1306,#1307
      ,#1308,#1309,#1310,#1311,#1312,#1313,#1314,#1315,#1316,#1317,#1318
      ,#1319,#1320,#1321,#1322,#1323,#1324,#1325,#1326,#1327,#1328,#1329
      ,#1330,#1331)
    ,(#1332,#1333,#1334,#1335,#1336,#1337,#1338,#1339,#1340,#1341,#1342
      ,#1343,#1344,#1345,#1346,#1347,#1348,#1349,#1350,#1351,#1352,#1353
      ,#1354,#1355,#1356,#1357,#1358,#1359,#1360,#1361,#1362,#1363,#1364
      ,#1365,#1366
)),.UNSPECIFIED.,.F.,.F.,.F.) B_SPLINE_SURFACE_WITH_KNOTS((3,3),(13,11,
    11,13),(0.,3.504794340722),(14.26825769689,15.499750609799,
    16.197803226571,17.773052037612),.UNSPECIFIED.) 
GEOMETRIC_REPRESENTATION_ITEM() RATIONAL_B_SPLINE_SURFACE((
    (1.,1.,1.,1.000000000001,0.999999999998,1.000000000003
      ,0.999999999997,1.000000000003,0.999999999998,1.000000000001
      ,0.999999999999,1.,1.,1.000000000001,0.999999999999,1.000000000003
      ,0.999999999996,1.000000000004,0.999999999997,1.000000000002
      ,0.999999999999,1.,1.,1.,1.,0.999999999999,1.000000000001
      ,0.999999999998,1.000000000002,0.999999999998,1.000000000001
      ,0.999999999999,1.,1.,1.)
    ,(0.767817012345,0.76885914538,0.769919791914,0.770725453754
      ,0.771576860903,0.772262081041,0.77285718346,0.77338080947
      ,0.773773442397,0.774083877625,0.774284732865,0.774385111147
      ,0.774381696388,0.774347574219,0.774280573253,0.77418073624
      ,0.774048140636,0.773882898651,0.773685157192,0.77345509792
      ,0.773192937201,0.772898926141,0.772573350565,0.771411320167
      ,0.770446766948,0.769328308545,0.768054584693,0.766641803682
      ,0.765089818132,0.763395420756,0.761579487965,0.759669941313
      ,0.757641961244,0.755430368357,0.75326648227)
    ,(1.,1.,1.,1.000000000001,0.999999999998,1.000000000003
      ,0.999999999997,1.000000000003,0.999999999998,1.000000000001
      ,0.999999999999,1.,1.,1.000000000001,0.999999999999,1.000000000003
      ,0.999999999996,1.000000000004,0.999999999997,1.000000000002
      ,0.999999999999,1.,1.,1.,1.,0.999999999999,1.000000000001
      ,0.999999999998,1.000000000002,0.999999999998,1.000000000001
,0.999999999999,1.,1.,1.))) REPRESENTATION_ITEM('') SURFACE() );
#1262 = CARTESIAN_POINT('',(-7.1,-13.91195941003,19.404255537557));
#1263 = CARTESIAN_POINT('',(-7.209328249819,-13.91215568195,
    19.40051044625));
#1264 = CARTESIAN_POINT('',(-7.324635665928,-13.90693575838,
    19.397048842831));
#1265 = CARTESIAN_POINT('',(-7.431820141561,-13.89526449512,
    19.393911167475));
#1266 = CARTESIAN_POINT('',(-7.542964192884,-13.87982737186,
    19.391112401472));
#1267 = CARTESIAN_POINT('',(-7.654603654296,-13.85632865845,
    19.388561164116));
#1268 = CARTESIAN_POINT('',(-7.759278449241,-13.82979725894,
    19.386501352162));
#1269 = CARTESIAN_POINT('',(-7.869637293326,-13.79582549881,
    19.384618973198));
#1270 = CARTESIAN_POINT('',(-7.97261969701,-13.7576719022,
    19.383228690904));
#1271 = CARTESIAN_POINT('',(-8.07657677067,-13.71368513057,
    19.38212000937));
#1272 = CARTESIAN_POINT('',(-8.176978358658,-13.66474195496,
    19.38140529167));
#1273 = CARTESIAN_POINT('',(-8.274963076352,-13.61077078243,
    19.38104755329));
#1274 = CARTESIAN_POINT('',(-8.423769929834,-13.51867657283,
    19.381059749438));
#1275 = CARTESIAN_POINT('',(-8.476646670798,-13.48381363363,
    19.381181314393));
#1276 = CARTESIAN_POINT('',(-8.528514108424,-13.44743742419,
    19.381420007803));
#1277 = CARTESIAN_POINT('',(-8.579321848753,-13.40958232521,
    19.381775647258));
#1278 = CARTESIAN_POINT('',(-8.629021221016,-13.37028439578,
    19.382247892229));
#1279 = CARTESIAN_POINT('',(-8.677565277642,-13.32958137337,
    19.382836244073));
#1280 = CARTESIAN_POINT('',(-8.724908794253,-13.28751267381,
    19.383540046027));
#1281 = CARTESIAN_POINT('',(-8.771008269667,-13.2441193913,
    19.384358483216));
#1282 = CARTESIAN_POINT('',(-8.815821925897,-13.19944429844,
    19.385290582642));
#1283 = CARTESIAN_POINT('',(-8.859309708147,-13.15353184619,
    19.386335213196));
#1284 = CARTESIAN_POINT('',(-8.90143328482,-13.10642816388,
    19.38749108565));
#1285 = CARTESIAN_POINT('',(-9.03405239167,-12.94930503411,
    19.39161289903));
#1286 = CARTESIAN_POINT('',(-9.11881706323,-12.83458267111,
    19.395029800917));
#1287 = CARTESIAN_POINT('',(-9.19601172614,-12.71472516741,
    19.398980261968));
#1288 = CARTESIAN_POINT('',(-9.26533396958,-12.58982465051,
    19.40347231273));
#1289 = CARTESIAN_POINT('',(-9.32630188126,-12.46131038657,
    19.408442946977));
#1290 = CARTESIAN_POINT('',(-9.37890445974,-12.32925694044,
    19.413885978772));
#1291 = CARTESIAN_POINT('',(-9.42291978933,-12.19381918152,
    19.419790644625));
#1292 = CARTESIAN_POINT('',(-9.45784851108,-12.0566286025,19.42609148409
    ));
#1293 = CARTESIAN_POINT('',(-9.48385968062,-11.91890295777,
    19.432747227421));
#1294 = CARTESIAN_POINT('',(-9.50157628999,-11.77926170195,
    19.439776162044));
#1295 = CARTESIAN_POINT('',(-9.50971523215,-11.63726808465,
    19.447077002324));
#1296 = CARTESIAN_POINT('',(-9.50931798598,-11.5,19.454656910921));
#1297 = CARTESIAN_POINT('',(-7.173148834053,-13.85531854188,
    20.485027684718));
#1298 = CARTESIAN_POINT('',(-7.275507754209,-13.8523762202,
    20.477989744806));
#1299 = CARTESIAN_POINT('',(-7.377770615931,-13.84437527204,
    20.471549574144));
#1300 = CARTESIAN_POINT('',(-7.479683399415,-13.83178989871,
    20.46566959264));
#1301 = CARTESIAN_POINT('',(-7.581420242047,-13.81409134227,
    20.46039913199));
#1302 = CARTESIAN_POINT('',(-7.681540055384,-13.79163782935,
    20.455801878129));
#1303 = CARTESIAN_POINT('',(-7.781554024746,-13.76444541151,
    20.451763585892));
#1304 = CARTESIAN_POINT('',(-7.879259884431,-13.73237835202,
    20.448463596797));
#1305 = CARTESIAN_POINT('',(-7.975987982397,-13.69578409037,
    20.445761118041));
#1306 = CARTESIAN_POINT('',(-8.070500232438,-13.65454864448,
    20.443761749296));
#1307 = CARTESIAN_POINT('',(-8.162996126515,-13.60889891849,
    20.442423145811));
#1308 = CARTESIAN_POINT('',(-8.253083007028,-13.55892979516,
    20.441763070716));
#1309 = CARTESIAN_POINT('',(-8.390146610077,-13.47411470961,
    20.441785644312));
#1310 = CARTESIAN_POINT('',(-8.438904725093,-13.44208615028,
    20.442010636647));
#1311 = CARTESIAN_POINT('',(-8.486792465995,-13.40873904957,
    20.442452463538));
#1312 = CARTESIAN_POINT('',(-8.533768375969,-13.3741010332,
    20.443110886282));
#1313 = CARTESIAN_POINT('',(-8.57979229792,-13.33820103594,
    20.44398541834));
#1314 = CARTESIAN_POINT('',(-8.624825348705,-13.30106932376,
    20.44507532461));
#1315 = CARTESIAN_POINT('',(-8.668829894867,-13.26273751758,
    20.446379620388));
#1316 = CARTESIAN_POINT('',(-8.711769529939,-13.2232386187,
    20.447897070044));
#1317 = CARTESIAN_POINT('',(-8.753609053344,-13.18260703576,
    20.449626185379));
#1318 = CARTESIAN_POINT('',(-8.794314450899,-13.1408786133,
    20.451565223701));
#1319 = CARTESIAN_POINT('',(-8.833852876993,-13.09809066172,
    20.453712185594));
#1320 = CARTESIAN_POINT('',(-8.958841751753,-12.95527295683,
    20.461381825853));
#1321 = CARTESIAN_POINT('',(-9.03942151671,-12.85100143773,
    20.467751179745));
#1322 = CARTESIAN_POINT('',(-9.11354843349,-12.74182171353,
    20.475159200411));
#1323 = CARTESIAN_POINT('',(-9.18090175632,-12.62846281195,
    20.483543213689));
#1324 = CARTESIAN_POINT('',(-9.24120128795,-12.51098896204,
    20.492916476932));
#1325 = CARTESIAN_POINT('',(-9.29419026463,-12.39013695961,
    20.503210868236));
#1326 = CARTESIAN_POINT('',(-9.33966384459,-12.26664655934,
    20.51435420628));
#1327 = CARTESIAN_POINT('',(-9.37745869008,-12.14070829812,
    20.526336442229));
#1328 = CARTESIAN_POINT('',(-9.4074361401,-12.01279321663,
    20.539112488916));
#1329 = CARTESIAN_POINT('',(-9.42956084503,-11.88405062907,
    20.552549422383));
#1330 = CARTESIAN_POINT('',(-9.44397080892,-11.75437353039,
    20.566650822892));
#1331 = CARTESIAN_POINT('',(-9.45026975412,-11.62444932838,
    20.581364294117));
#1332 = CARTESIAN_POINT('',(-7.156424501886,-12.7797618677,
    20.624761400336));
#1333 = CARTESIAN_POINT('',(-7.219019170871,-12.78135588533,
    20.620041558414));
#1334 = CARTESIAN_POINT('',(-7.250892344417,-12.78022004043,
    20.617846035065));
#1335 = CARTESIAN_POINT('',(-7.325643414376,-12.77913680303,
    20.612573587453));
#1336 = CARTESIAN_POINT('',(-7.376175947638,-12.76672743227,
    20.610350921831));
#1337 = CARTESIAN_POINT('',(-7.419486010374,-12.76369146979,
    20.60757787078));
#1338 = CARTESIAN_POINT('',(-7.493930045756,-12.74475349772,
    20.604397823683));
#1339 = CARTESIAN_POINT('',(-7.528646075896,-12.73327852157,
    20.603231626962));
#1340 = CARTESIAN_POINT('',(-7.593172571694,-12.71253173995,
    20.600987721839));
#1341 = CARTESIAN_POINT('',(-7.639818511467,-12.69192562502,
    20.600026130641));
#1342 = CARTESIAN_POINT('',(-7.691579695968,-12.6675874146,
    20.599131124448));
#1343 = CARTESIAN_POINT('',(-7.740380368599,-12.64082124681,
    20.598736162406));
#1344 = CARTESIAN_POINT('',(-7.814631978642,-12.59485950843,
    20.59875018894));
#1345 = CARTESIAN_POINT('',(-7.840982409603,-12.57741572058,
    20.598888226578));
#1346 = CARTESIAN_POINT('',(-7.866793913532,-12.55917230283,
    20.599159262638));
#1347 = CARTESIAN_POINT('',(-7.892039696271,-12.54014734997,
    20.599563113333));
#1348 = CARTESIAN_POINT('',(-7.916693486723,-12.52036049391,
    20.600099375911));
#1349 = CARTESIAN_POINT('',(-7.940729536855,-12.49983290364,
    20.600767428668));
#1350 = CARTESIAN_POINT('',(-7.964122621695,-12.47858728525,
    20.601566430932));
#1351 = CARTESIAN_POINT('',(-7.986848039334,-12.45664788196,
    20.602495323081));
#1352 = CARTESIAN_POINT('',(-8.008881610927,-12.43404047407,
    20.603552826526));
#1353 = CARTESIAN_POINT('',(-8.030199680687,-12.41079237898,
    20.604737443723));
#1354 = CARTESIAN_POINT('',(-8.050779115894,-12.38693245121,
    20.606047458168));
#1355 = CARTESIAN_POINT('',(-8.115319697507,-12.30733587445,
    20.610715764649));
#1356 = CARTESIAN_POINT('',(-8.156143118404,-12.24943605355,
    20.614555401069));
#1357 = CARTESIAN_POINT('',(-8.193045955406,-12.18764811548,
    20.619136506852));
#1358 = CARTESIAN_POINT('',(-8.225000474329,-12.12679757401,
    20.623964609381));
#1359 = CARTESIAN_POINT('',(-8.253774492953,-12.06016229756,
    20.629703827753));
#1360 = CARTESIAN_POINT('',(-8.277260357379,-11.99205459617,
    20.635998183244));
#1361 = CARTESIAN_POINT('',(-8.295000676804,-11.92748040275,20.642293569
    ));
#1362 = CARTESIAN_POINT('',(-8.309912686081,-11.85999994021,
    20.649137126499));
#1363 = CARTESIAN_POINT('',(-8.320904311245,-11.7848009108,
    20.657166499375));
#1364 = CARTESIAN_POINT('',(-8.322735134306,-11.71649109239,
    20.665045332653));
#1365 = CARTESIAN_POINT('',(-8.323714614473,-11.66509088311,
    20.67103358044));
#1366 = CARTESIAN_POINT('',(-8.320258248301,-11.5840264074,
    20.680781800276));
#1367 = DEFINITIONAL_REPRESENTATION('',(#1368),#1371);
#1368 = B_SPLINE_CURVE_WITH_KNOTS('',1,(#1369,#1370),.UNSPECIFIED.,.F.,
  .F.,(2,2),(0.,14.340540780196),.PIECEWISE_BEZIER_KNOTS.);
#1369 = CARTESIAN_POINT('',(0.,14.26825769689));
#1370 = CARTESIAN_POINT('',(3.504794340722,14.26825769689));
#1371 = ( GEOMETRIC_REPRESENTATION_CONTEXT(2) 
PARAMETRIC_REPRESENTATION_CONTEXT() REPRESENTATION_CONTEXT('2D SPACE',''
  ) );
#1372 = ORIENTED_EDGE('',*,*,#1373,.F.);
#1373 = EDGE_CURVE('',#447,#1247,#1374,.T.);
#1374 = SURFACE_CURVE('',#1375,(#1403,#1410),.PCURVE_S1.);
#1375 = B_SPLINE_CURVE_WITH_KNOTS('',9,(#1376,#1377,#1378,#1379,#1380,
    #1381,#1382,#1383,#1384,#1385,#1386,#1387,#1388,#1389,#1390,#1391,
    #1392,#1393,#1394,#1395,#1396,#1397,#1398,#1399,#1400,#1401,#1402),
  .UNSPECIFIED.,.F.,.F.,(10,9,8,10),(-7.228308330673E-02,0.,
    14.195452822989,14.26825769689),.UNSPECIFIED.);
#1376 = CARTESIAN_POINT('',(7.1,-13.91195842024,19.404274423827));
#1377 = CARTESIAN_POINT('',(7.09135068459,-13.91192671841,
    19.404879330721));
#1378 = CARTESIAN_POINT('',(7.082703793098,-13.911894898,19.405486500294
    ));
#1379 = CARTESIAN_POINT('',(7.07405904998,-13.91186295808,
    19.406095950426));
#1380 = CARTESIAN_POINT('',(7.065416179689,-13.91183089769,19.406707699)
  );
#1381 = CARTESIAN_POINT('',(7.056774906684,-13.91179871591,
    19.407321763896));
#1382 = CARTESIAN_POINT('',(7.048134955413,-13.91176641181,
    19.407938162997));
#1383 = CARTESIAN_POINT('',(7.039496050339,-13.91173398443,
    19.408556914184));
#1384 = CARTESIAN_POINT('',(7.030857915907,-13.91170143285,
    19.409178035339));
#1385 = CARTESIAN_POINT('',(7.022220276581,-13.91166875613,
    19.409801544343));
#1386 = CARTESIAN_POINT('',(5.464436253671,-13.9057755631,
    19.522250366072));
#1387 = CARTESIAN_POINT('',(3.904668660478,-13.90135301579,19.6066375958
    ));
#1388 = CARTESIAN_POINT('',(2.343116195831,-13.89840402574,19.6629076781
    ));
#1389 = CARTESIAN_POINT('',(0.781798270003,-13.89692751906,
    19.691081103707));
#1390 = CARTESIAN_POINT('',(-0.782117117533,-13.8969296076,
    19.691041252004));
#1391 = CARTESIAN_POINT('',(-2.342189939168,-13.89840372749,
    19.66291336904));
#1392 = CARTESIAN_POINT('',(-3.904438850792,-13.90135260018,
    19.606645526009));
#1393 = CARTESIAN_POINT('',(-5.462694929479,-13.90576891537,
    19.522377212249));
#1394 = CARTESIAN_POINT('',(-7.032799518838,-13.91170776471,
    19.409057216261));
#1395 = CARTESIAN_POINT('',(-7.04092959157,-13.91173847225,
    19.408471281546));
#1396 = CARTESIAN_POINT('',(-7.049161886753,-13.91176951493,
    19.407878951855));
#1397 = CARTESIAN_POINT('',(-7.057481790469,-13.91180082747,
    19.407281472942));
#1398 = CARTESIAN_POINT('',(-7.065876346657,-13.91183234826,
    19.406680020506));
#1399 = CARTESIAN_POINT('',(-7.074334257118,-13.91186401935,
    19.406075700191));
#1400 = CARTESIAN_POINT('',(-7.082845881508,-13.91189578646,
    19.405469547582));
#1401 = CARTESIAN_POINT('',(-7.091403237344,-13.911927599,
    19.404862528212));
#1402 = CARTESIAN_POINT('',(-7.1,-13.91195941003,19.404255537557));
#1403 = PCURVE('',#800,#1404);
#1404 = DEFINITIONAL_REPRESENTATION('',(#1405),#1409);
#1405 = LINE('',#1406,#1407);
#1406 = CARTESIAN_POINT('',(0.,0.));
#1407 = VECTOR('',#1408,1.);
#1408 = DIRECTION('',(0.,1.));
#1409 = ( GEOMETRIC_REPRESENTATION_CONTEXT(2) 
PARAMETRIC_REPRESENTATION_CONTEXT() REPRESENTATION_CONTEXT('2D SPACE',''
  ) );
#1410 = PCURVE('',#293,#1411);
#1411 = DEFINITIONAL_REPRESENTATION('',(#1412),#1440);
#1412 = B_SPLINE_CURVE_WITH_KNOTS('',9,(#1413,#1414,#1415,#1416,#1417,
    #1418,#1419,#1420,#1421,#1422,#1423,#1424,#1425,#1426,#1427,#1428,
    #1429,#1430,#1431,#1432,#1433,#1434,#1435,#1436,#1437,#1438,#1439),
  .UNSPECIFIED.,.F.,.F.,(10,9,8,10),(-7.228308330673E-02,0.,
    14.195452822989,14.26825769689),.UNSPECIFIED.);
#1413 = CARTESIAN_POINT('',(14.2,-6.204228255372));
#1414 = CARTESIAN_POINT('',(14.19135068459,-6.203622518336));
#1415 = CARTESIAN_POINT('',(14.182703793098,-6.203014515516));
#1416 = CARTESIAN_POINT('',(14.17405904998,-6.202404229008));
#1417 = CARTESIAN_POINT('',(14.165416179689,-6.201791640903));
#1418 = CARTESIAN_POINT('',(14.156774906684,-6.201176733298));
#1419 = CARTESIAN_POINT('',(14.148134955413,-6.200559488284));
#1420 = CARTESIAN_POINT('',(14.139496050339,-6.199939887956));
#1421 = CARTESIAN_POINT('',(14.130857915907,-6.199317914408));
#1422 = CARTESIAN_POINT('',(14.122220276581,-6.198693549734));
#1423 = CARTESIAN_POINT('',(12.564436253671,-6.086090409314));
#1424 = CARTESIAN_POINT('',(11.004668660478,-6.001587371109));
#1425 = CARTESIAN_POINT('',(9.443116195831,-5.945240066787));
#1426 = CARTESIAN_POINT('',(7.881798270003,-5.917027977492));
#1427 = CARTESIAN_POINT('',(6.317882882467,-5.917067883886));
#1428 = CARTESIAN_POINT('',(4.757810060832,-5.945234368037));
#1429 = CARTESIAN_POINT('',(3.195561149208,-6.001579430018));
#1430 = CARTESIAN_POINT('',(1.637305070521,-6.085963389061));
#1431 = CARTESIAN_POINT('',(6.7200481162E-02,-6.199438899292));
#1432 = CARTESIAN_POINT('',(5.907040843E-02,-6.200025638112));
#1433 = CARTESIAN_POINT('',(5.0838113247E-02,-6.200618780684));
#1434 = CARTESIAN_POINT('',(4.2518209531E-02,-6.201217079545));
#1435 = CARTESIAN_POINT('',(3.4123653343E-02,-6.201819357382));
#1436 = CARTESIAN_POINT('',(2.5665742882E-02,-6.202424507033));
#1437 = CARTESIAN_POINT('',(1.7154118492E-02,-6.203031491493));
#1438 = CARTESIAN_POINT('',(8.596762656E-03,-6.203639343904));
#1439 = CARTESIAN_POINT('',(0.,-6.20424716756));
#1440 = ( GEOMETRIC_REPRESENTATION_CONTEXT(2) 
PARAMETRIC_REPRESENTATION_CONTEXT() REPRESENTATION_CONTEXT('2D SPACE',''
  ) );
#1441 = ADVANCED_FACE('',(#1442),#1261,.F.);
#1442 = FACE_BOUND('',#1443,.F.);
#1443 = EDGE_LOOP('',(#1444,#1445,#1616,#1740));
#1444 = ORIENTED_EDGE('',*,*,#1246,.T.);
#1445 = ORIENTED_EDGE('',*,*,#1446,.T.);
#1446 = EDGE_CURVE('',#894,#1447,#1449,.T.);
#1447 = VERTEX_POINT('',#1448);
#1448 = CARTESIAN_POINT('',(-8.320258248301,-11.5840264074,
    20.680781800276));
#1449 = SURFACE_CURVE('',#1450,(#1486,#1493),.PCURVE_S1.);
#1450 = ( BOUNDED_CURVE() B_SPLINE_CURVE(12,(#1451,#1452,#1453,#1454,
    #1455,#1456,#1457,#1458,#1459,#1460,#1461,#1462,#1463,#1464,#1465,
    #1466,#1467,#1468,#1469,#1470,#1471,#1472,#1473,#1474,#1475,#1476,
    #1477,#1478,#1479,#1480,#1481,#1482,#1483,#1484,#1485),
.UNSPECIFIED.,.F.,.F.) B_SPLINE_CURVE_WITH_KNOTS((13,11,11,13),(
    14.26825769689,15.499750609799,16.197803226571,17.773052037612),
.UNSPECIFIED.) CURVE() GEOMETRIC_REPRESENTATION_ITEM() 
RATIONAL_B_SPLINE_CURVE((1.,1.,1.,1.000000000001,0.999999999998,
    1.000000000003,0.999999999997,1.000000000003,0.999999999998,
    1.000000000001,0.999999999999,1.,1.,1.000000000001,0.999999999999,
    1.000000000003,0.999999999996,1.000000000004,0.999999999997,
    1.000000000002,0.999999999999,1.,1.,1.,1.,0.999999999999,
    1.000000000001,0.999999999998,1.000000000002,0.999999999998,
1.000000000001,0.999999999999,1.,1.,1.)) REPRESENTATION_ITEM('') );
#1451 = CARTESIAN_POINT('',(-7.156424501886,-12.7797618677,
    20.624761400336));
#1452 = CARTESIAN_POINT('',(-7.219019170871,-12.78135588533,
    20.620041558414));
#1453 = CARTESIAN_POINT('',(-7.250892344417,-12.78022004043,
    20.617846035065));
#1454 = CARTESIAN_POINT('',(-7.325643414376,-12.77913680303,
    20.612573587453));
#1455 = CARTESIAN_POINT('',(-7.376175947638,-12.76672743227,
    20.610350921831));
#1456 = CARTESIAN_POINT('',(-7.419486010374,-12.76369146979,
    20.60757787078));
#1457 = CARTESIAN_POINT('',(-7.493930045756,-12.74475349772,
    20.604397823683));
#1458 = CARTESIAN_POINT('',(-7.528646075896,-12.73327852157,
    20.603231626962));
#1459 = CARTESIAN_POINT('',(-7.593172571694,-12.71253173995,
    20.600987721839));
#1460 = CARTESIAN_POINT('',(-7.639818511467,-12.69192562502,
    20.600026130641));
#1461 = CARTESIAN_POINT('',(-7.691579695968,-12.6675874146,
    20.599131124448));
#1462 = CARTESIAN_POINT('',(-7.740380368599,-12.64082124681,
    20.598736162406));
#1463 = CARTESIAN_POINT('',(-7.814631978642,-12.59485950843,
    20.59875018894));
#1464 = CARTESIAN_POINT('',(-7.840982409603,-12.57741572058,
    20.598888226578));
#1465 = CARTESIAN_POINT('',(-7.866793913532,-12.55917230283,
    20.599159262638));
#1466 = CARTESIAN_POINT('',(-7.892039696271,-12.54014734997,
    20.599563113333));
#1467 = CARTESIAN_POINT('',(-7.916693486723,-12.52036049391,
    20.600099375911));
#1468 = CARTESIAN_POINT('',(-7.940729536855,-12.49983290364,
    20.600767428668));
#1469 = CARTESIAN_POINT('',(-7.964122621695,-12.47858728525,
    20.601566430932));
#1470 = CARTESIAN_POINT('',(-7.986848039334,-12.45664788196,
    20.602495323081));
#1471 = CARTESIAN_POINT('',(-8.008881610927,-12.43404047407,
    20.603552826526));
#1472 = CARTESIAN_POINT('',(-8.030199680687,-12.41079237898,
    20.604737443723));
#1473 = CARTESIAN_POINT('',(-8.050779115894,-12.38693245121,
    20.606047458168));
#1474 = CARTESIAN_POINT('',(-8.115319697507,-12.30733587445,
    20.610715764649));
#1475 = CARTESIAN_POINT('',(-8.156143118404,-12.24943605355,
    20.614555401069));
#1476 = CARTESIAN_POINT('',(-8.193045955406,-12.18764811548,
    20.619136506852));
#1477 = CARTESIAN_POINT('',(-8.225000474329,-12.12679757401,
    20.623964609381));
#1478 = CARTESIAN_POINT('',(-8.253774492953,-12.06016229756,
    20.629703827753));
#1479 = CARTESIAN_POINT('',(-8.277260357379,-11.99205459617,
    20.635998183244));
#1480 = CARTESIAN_POINT('',(-8.295000676804,-11.92748040275,20.642293569
    ));
#1481 = CARTESIAN_POINT('',(-8.309912686081,-11.85999994021,
    20.649137126499));
#1482 = CARTESIAN_POINT('',(-8.320904311245,-11.7848009108,
    20.657166499375));
#1483 = CARTESIAN_POINT('',(-8.322735134306,-11.71649109239,
    20.665045332653));
#1484 = CARTESIAN_POINT('',(-8.323714614473,-11.66509088311,
    20.67103358044));
#1485 = CARTESIAN_POINT('',(-8.320258248301,-11.5840264074,
    20.680781800276));
#1486 = PCURVE('',#1261,#1487);
#1487 = DEFINITIONAL_REPRESENTATION('',(#1488),#1492);
#1488 = LINE('',#1489,#1490);
#1489 = CARTESIAN_POINT('',(3.504794340722,0.));
#1490 = VECTOR('',#1491,1.);
#1491 = DIRECTION('',(0.,1.));
#1492 = ( GEOMETRIC_REPRESENTATION_CONTEXT(2) 
PARAMETRIC_REPRESENTATION_CONTEXT() REPRESENTATION_CONTEXT('2D SPACE',''
  ) );
#1493 = PCURVE('',#720,#1494);
#1494 = DEFINITIONAL_REPRESENTATION('',(#1495),#1615);
#1495 = B_SPLINE_CURVE_WITH_KNOTS('',10,(#1496,#1497,#1498,#1499,#1500,
    #1501,#1502,#1503,#1504,#1505,#1506,#1507,#1508,#1509,#1510,#1511,
    #1512,#1513,#1514,#1515,#1516,#1517,#1518,#1519,#1520,#1521,#1522,
    #1523,#1524,#1525,#1526,#1527,#1528,#1529,#1530,#1531,#1532,#1533,
    #1534,#1535,#1536,#1537,#1538,#1539,#1540,#1541,#1542,#1543,#1544,
    #1545,#1546,#1547,#1548,#1549,#1550,#1551,#1552,#1553,#1554,#1555,
    #1556,#1557,#1558,#1559,#1560,#1561,#1562,#1563,#1564,#1565,#1566,
    #1567,#1568,#1569,#1570,#1571,#1572,#1573,#1574,#1575,#1576,#1577,
    #1578,#1579,#1580,#1581,#1582,#1583,#1584,#1585,#1586,#1587,#1588,
    #1589,#1590,#1591,#1592,#1593,#1594,#1595,#1596,#1597,#1598,#1599,
    #1600,#1601,#1602,#1603,#1604,#1605,#1606,#1607,#1608,#1609,#1610,
    #1611,#1612,#1613,#1614),.UNSPECIFIED.,.F.,.F.,(11,9,9,9,9,9,9,9,9,9
    ,9,9,9,11),(14.26825769689,14.70635698948,15.14445628207,
    15.363505928365,15.473030751513,15.527793163087,15.58255557466,
    16.020654867251,16.130179690398,16.184942101972,16.239704513546,
    16.458754159841,16.896853452431,17.773052037612),.UNSPECIFIED.);
#1496 = CARTESIAN_POINT('',(4.201915082656,1.424239620107));
#1497 = CARTESIAN_POINT('',(4.200346011697,1.424102058098));
#1498 = CARTESIAN_POINT('',(4.199102974313,1.423996625244));
#1499 = CARTESIAN_POINT('',(4.197829275553,1.423891661516));
#1500 = CARTESIAN_POINT('',(4.196471651238,1.423785871544));
#1501 = CARTESIAN_POINT('',(4.19505868995,1.423681932696));
#1502 = CARTESIAN_POINT('',(4.193614539106,1.423581498653));
#1503 = CARTESIAN_POINT('',(4.192149271587,1.423485390276));
#1504 = CARTESIAN_POINT('',(4.190669146158,1.423393860467));
#1505 = CARTESIAN_POINT('',(4.189175422772,1.423307035959));
#1506 = CARTESIAN_POINT('',(4.186163359335,1.423142916302));
#1507 = CARTESIAN_POINT('',(4.184644986865,1.423065622119));
#1508 = CARTESIAN_POINT('',(4.183115378879,1.422993155096));
#1509 = CARTESIAN_POINT('',(4.18157457041,1.422925531368));
#1510 = CARTESIAN_POINT('',(4.180024167785,1.422862855587));
#1511 = CARTESIAN_POINT('',(4.178465762472,1.422805214257));
#1512 = CARTESIAN_POINT('',(4.176899688798,1.422752606253));
#1513 = CARTESIAN_POINT('',(4.175325834981,1.422705006236));
#1514 = CARTESIAN_POINT('',(4.173745354236,1.422662474514));
#1515 = CARTESIAN_POINT('',(4.17136621379,1.422606330015));
#1516 = CARTESIAN_POINT('',(4.170571770485,1.422588891185));
#1517 = CARTESIAN_POINT('',(4.169776053941,1.42257273289));
#1518 = CARTESIAN_POINT('',(4.168979225973,1.422557861235));
#1519 = CARTESIAN_POINT('',(4.168181437189,1.422544280994));
#1520 = CARTESIAN_POINT('',(4.167382799281,1.422531994078));
#1521 = CARTESIAN_POINT('',(4.166583379119,1.422520999333));
#1522 = CARTESIAN_POINT('',(4.165783214968,1.42251129372));
#1523 = CARTESIAN_POINT('',(4.164982354506,1.422502874824));
#1524 = CARTESIAN_POINT('',(4.163780195112,1.422492179695));
#1525 = CARTESIAN_POINT('',(4.16337933525,1.422488937114));
#1526 = CARTESIAN_POINT('',(4.162978340568,1.422486016677));
#1527 = CARTESIAN_POINT('',(4.162577231491,1.422483418959));
#1528 = CARTESIAN_POINT('',(4.162176038094,1.422481145095));
#1529 = CARTESIAN_POINT('',(4.161774794503,1.42247919642));
#1530 = CARTESIAN_POINT('',(4.161373533377,1.422477574153));
#1531 = CARTESIAN_POINT('',(4.160972280313,1.422476279031));
#1532 = CARTESIAN_POINT('',(4.160571048314,1.422475310986));
#1533 = CARTESIAN_POINT('',(4.159969224158,1.422474347696));
#1534 = CARTESIAN_POINT('',(4.159768631137,1.422474108708));
#1535 = CARTESIAN_POINT('',(4.159567959803,1.422473946289));
#1536 = CARTESIAN_POINT('',(4.159367488108,1.422473876434));
#1537 = CARTESIAN_POINT('',(4.159166762198,1.422473872797));
#1538 = CARTESIAN_POINT('',(4.15896601167,1.42247394839));
#1539 = CARTESIAN_POINT('',(4.158765495552,1.422474118096));
#1540 = CARTESIAN_POINT('',(4.158564801366,1.422474358205));
#1541 = CARTESIAN_POINT('',(4.158364185565,1.422474683266));
#1542 = CARTESIAN_POINT('',(4.157962951561,1.422475494065));
#1543 = CARTESIAN_POINT('',(4.157762344447,1.422475980442));
#1544 = CARTESIAN_POINT('',(4.15756174873,1.422476547791));
#1545 = CARTESIAN_POINT('',(4.157361165912,1.422477196105));
#1546 = CARTESIAN_POINT('',(4.15716059751,1.422477925382));
#1547 = CARTESIAN_POINT('',(4.156960045019,1.422478735613));
#1548 = CARTESIAN_POINT('',(4.156759509957,1.422479626796));
#1549 = CARTESIAN_POINT('',(4.156558993825,1.422480598923));
#1550 = CARTESIAN_POINT('',(4.156358498133,1.42248165199));
#1551 = CARTESIAN_POINT('',(4.154554234417,1.422491858007));
#1552 = CARTESIAN_POINT('',(4.152951856771,1.42250610949));
#1553 = CARTESIAN_POINT('',(4.151351661233,1.422525535554));
#1554 = CARTESIAN_POINT('',(4.149754430973,1.422550126739));
#1555 = CARTESIAN_POINT('',(4.148160962596,1.422579869027));
#1556 = CARTESIAN_POINT('',(4.146572066069,1.42261474382));
#1557 = CARTESIAN_POINT('',(4.144988564805,1.422654727961));
#1558 = CARTESIAN_POINT('',(4.143411295585,1.42269979372));
#1559 = CARTESIAN_POINT('',(4.141841108615,1.422749908802));
#1560 = CARTESIAN_POINT('',(4.139888307214,1.422818818226));
#1561 = CARTESIAN_POINT('',(4.13949824354,1.422832913469));
#1562 = CARTESIAN_POINT('',(4.139108690264,1.422847321427));
#1563 = CARTESIAN_POINT('',(4.138719661166,1.422862041454));
#1564 = CARTESIAN_POINT('',(4.138331170044,1.422877072914));
#1565 = CARTESIAN_POINT('',(4.137943230674,1.422892415156));
#1566 = CARTESIAN_POINT('',(4.137555856856,1.422908067545));
#1567 = CARTESIAN_POINT('',(4.137169062368,1.422924029431));
#1568 = CARTESIAN_POINT('',(4.136782861004,1.422940300176));
#1569 = CARTESIAN_POINT('',(4.13620446932,1.422965168614));
#1570 = CARTESIAN_POINT('',(4.136011823839,1.422973535133));
#1571 = CARTESIAN_POINT('',(4.135819331852,1.422981978598));
#1572 = CARTESIAN_POINT('',(4.135626995115,1.422990498919));
#1573 = CARTESIAN_POINT('',(4.135434815369,1.422999096002));
#1574 = CARTESIAN_POINT('',(4.135242794375,1.423007769759));
#1575 = CARTESIAN_POINT('',(4.135050933873,1.423016520094));
#1576 = CARTESIAN_POINT('',(4.13485923562,1.423025346918));
#1577 = CARTESIAN_POINT('',(4.134667701362,1.423034250138));
#1578 = CARTESIAN_POINT('',(4.134284964342,1.423052209188));
#1579 = CARTESIAN_POINT('',(4.134093755827,1.423061265936));
#1580 = CARTESIAN_POINT('',(4.133902719549,1.423070398175));
#1581 = CARTESIAN_POINT('',(4.133711864941,1.423079604512));
#1582 = CARTESIAN_POINT('',(4.133521196546,1.423088884317));
#1583 = CARTESIAN_POINT('',(4.133330713571,1.423098237827));
#1584 = CARTESIAN_POINT('',(4.1331404112,1.423107665972));
#1585 = CARTESIAN_POINT('',(4.132950283509,1.423117169889));
#1586 = CARTESIAN_POINT('',(4.132760328136,1.423126750144));
#1587 = CARTESIAN_POINT('',(4.131811450406,1.423175027697));
#1588 = CARTESIAN_POINT('',(4.131055176536,1.423214861845));
#1589 = CARTESIAN_POINT('',(4.130301746774,1.42325591647));
#1590 = CARTESIAN_POINT('',(4.129551278638,1.423298183385));
#1591 = CARTESIAN_POINT('',(4.128803930352,1.42334164679));
#1592 = CARTESIAN_POINT('',(4.128059858192,1.423386289715));
#1593 = CARTESIAN_POINT('',(4.127319192059,1.423432097908));
#1594 = CARTESIAN_POINT('',(4.12658202942,1.423479061214));
#1595 = CARTESIAN_POINT('',(4.125848447494,1.423527172418));
#1596 = CARTESIAN_POINT('',(4.123658706339,1.423674925844));
#1597 = CARTESIAN_POINT('',(4.122213531718,1.423777990629));
#1598 = CARTESIAN_POINT('',(4.120783657083,1.423885558319));
#1599 = CARTESIAN_POINT('',(4.119369457804,1.423997613375));
#1600 = CARTESIAN_POINT('',(4.117971510278,1.424114119046));
#1601 = CARTESIAN_POINT('',(4.116590695144,1.424234995734));
#1602 = CARTESIAN_POINT('',(4.115228069594,1.424360129045));
#1603 = CARTESIAN_POINT('',(4.113884647637,1.424489393601));
#1604 = CARTESIAN_POINT('',(4.11256122701,1.424622678646));
#1605 = CARTESIAN_POINT('',(4.108652750725,1.425034347317));
#1606 = CARTESIAN_POINT('',(4.106129485941,1.42532454292));
#1607 = CARTESIAN_POINT('',(4.103693684083,1.425629770572));
#1608 = CARTESIAN_POINT('',(4.101347090372,1.425949714803));
#1609 = CARTESIAN_POINT('',(4.099092304549,1.426284075409));
#1610 = CARTESIAN_POINT('',(4.096942747528,1.426631569408));
#1611 = CARTESIAN_POINT('',(4.094959500447,1.426983872227));
#1612 = CARTESIAN_POINT('',(4.093230554675,1.427323986256));
#1613 = CARTESIAN_POINT('',(4.091599428947,1.427658975512));
#1614 = CARTESIAN_POINT('',(4.089517631678,1.428115187825));
#1615 = ( GEOMETRIC_REPRESENTATION_CONTEXT(2) 
PARAMETRIC_REPRESENTATION_CONTEXT() REPRESENTATION_CONTEXT('2D SPACE',''
  ) );
#1616 = ORIENTED_EDGE('',*,*,#1617,.F.);
#1617 = EDGE_CURVE('',#1618,#1447,#1620,.T.);
#1618 = VERTEX_POINT('',#1619);
#1619 = CARTESIAN_POINT('',(-9.50931798598,-11.5,19.454656910921));
#1620 = SURFACE_CURVE('',#1621,(#1625,#1631),.PCURVE_S1.);
#1621 = ( BOUNDED_CURVE() B_SPLINE_CURVE(2,(#1622,#1623,#1624),
.UNSPECIFIED.,.F.,.F.) B_SPLINE_CURVE_WITH_KNOTS((3,3),(0.,
3.504794340722),.PIECEWISE_BEZIER_KNOTS.) CURVE() 
GEOMETRIC_REPRESENTATION_ITEM() RATIONAL_B_SPLINE_CURVE((1.,
0.75326648227,1.)) REPRESENTATION_ITEM('') );
#1622 = CARTESIAN_POINT('',(-9.50931798598,-11.5,19.454656910921));
#1623 = CARTESIAN_POINT('',(-9.45026975412,-11.62444932838,
    20.581364294117));
#1624 = CARTESIAN_POINT('',(-8.320258248301,-11.5840264074,
    20.680781800276));
#1625 = PCURVE('',#1261,#1626);
#1626 = DEFINITIONAL_REPRESENTATION('',(#1627),#1630);
#1627 = B_SPLINE_CURVE_WITH_KNOTS('',1,(#1628,#1629),.UNSPECIFIED.,.F.,
  .F.,(2,2),(0.,3.504794340722),.PIECEWISE_BEZIER_KNOTS.);
#1628 = CARTESIAN_POINT('',(0.,17.773052037612));
#1629 = CARTESIAN_POINT('',(3.504794340722,17.773052037612));
#1630 = ( GEOMETRIC_REPRESENTATION_CONTEXT(2) 
PARAMETRIC_REPRESENTATION_CONTEXT() REPRESENTATION_CONTEXT('2D SPACE',''
  ) );
#1631 = PCURVE('',#1632,#1735);
#1632 = ( BOUNDED_SURFACE() B_SPLINE_SURFACE(2,9,(
    (#1633,#1634,#1635,#1636,#1637,#1638,#1639,#1640,#1641,#1642,#1643
      ,#1644,#1645,#1646,#1647,#1648,#1649,#1650,#1651,#1652,#1653,#1654
      ,#1655,#1656,#1657,#1658,#1659,#1660,#1661,#1662,#1663,#1664,#1665
      ,#1666)
    ,(#1667,#1668,#1669,#1670,#1671,#1672,#1673,#1674,#1675,#1676,#1677
      ,#1678,#1679,#1680,#1681,#1682,#1683,#1684,#1685,#1686,#1687,#1688
      ,#1689,#1690,#1691,#1692,#1693,#1694,#1695,#1696,#1697,#1698,#1699
      ,#1700)
    ,(#1701,#1702,#1703,#1704,#1705,#1706,#1707,#1708,#1709,#1710,#1711
      ,#1712,#1713,#1714,#1715,#1716,#1717,#1718,#1719,#1720,#1721,#1722
      ,#1723,#1724,#1725,#1726,#1727,#1728,#1729,#1730,#1731,#1732,#1733
,#1734
    )),.UNSPECIFIED.,.F.,.F.,.F.) B_SPLINE_SURFACE_WITH_KNOTS((3,3),(10,
    8,8,8,10),(0.,20.793311028108),(17.773052037612,17.897613096617,
    28.180849681757,38.464086266898,38.56636306572),.UNSPECIFIED.) 
GEOMETRIC_REPRESENTATION_ITEM() RATIONAL_B_SPLINE_SURFACE((
    (1.,1.,1.,1.,1.,1.,1.,1.,1.,1.,1.,1.,1.,1.,1.,1.,1.,1.,1.,1.,1.,1.
      ,1.,1.,1.,1.,1.,1.,1.,1.,1.,1.,1.,1.)
    ,(0.75326648227,0.753254905004,0.753245321225,0.753237508512
      ,0.753231271976,0.75322644426,0.75322288554,0.753220483526
      ,0.753219153461,0.753192804787,0.753204367977,0.753202118149
      ,0.753203761799,0.753202291775,0.753202578836,0.753202260918
      ,0.753202210067,0.753202139176,0.753202144965,0.753202176054
      ,0.75320216588,0.753202249757,0.75320215419,0.753202284962
      ,0.753201587426,0.753203189528,0.753203244936,0.753203344492
      ,0.753203492711,0.753203694112,0.753203953207,0.753204274516
      ,0.753204662553,0.753205121835)
    ,(1.,1.,1.,1.,1.,1.,1.,1.,1.,1.,1.,1.,1.,1.,1.,1.,1.,1.,1.,1.,1.,1.
,1.,1.,1.,1.,1.,1.,1.,1.,1.,1.,1.,1.
  ))) REPRESENTATION_ITEM('') SURFACE() );
#1633 = CARTESIAN_POINT('',(-9.50931798598,-11.5,19.454656910921));
#1634 = CARTESIAN_POINT('',(-9.5092315689,-11.48562143125,
    19.456305846957));
#1635 = CARTESIAN_POINT('',(-9.50914522939,-11.47130218456,
    19.457953302937));
#1636 = CARTESIAN_POINT('',(-9.50905905212,-11.45704869532,
    19.459597663238));
#1637 = CARTESIAN_POINT('',(-9.50897312645,-11.44286918194,
    19.46123722265));
#1638 = CARTESIAN_POINT('',(-9.50888754645,-11.42877364591,
    19.462870186374));
#1639 = CARTESIAN_POINT('',(-9.50880241087,-11.41477387173,
    19.464494670025));
#1640 = CARTESIAN_POINT('',(-9.50871782316,-11.40088342696,
    19.466108699628));
#1641 = CARTESIAN_POINT('',(-9.50863389148,-11.38711766219,
    19.467710211622));
#1642 = CARTESIAN_POINT('',(-9.50168515595,-10.24875766679,
    19.600299983951));
#1643 = CARTESIAN_POINT('',(-9.49560136081,-9.126450021992,
    19.716385710705));
#1644 = CARTESIAN_POINT('',(-9.49027247385,-8.001953138095,
    19.818066931025));
#1645 = CARTESIAN_POINT('',(-9.48571348888,-6.87728517033,
    19.905057546553));
#1646 = CARTESIAN_POINT('',(-9.48191231846,-5.751361936657,
    19.97758819882));
#1647 = CARTESIAN_POINT('',(-9.47887607333,-4.624882075597,
    20.035523207086));
#1648 = CARTESIAN_POINT('',(-9.47660157885,-3.497682728344,
    20.078923147245));
#1649 = CARTESIAN_POINT('',(-9.47509063481,-2.370075073084,
    20.107753676915));
#1650 = CARTESIAN_POINT('',(-9.47359561037,-0.114411197392,
    20.136280442632));
#1651 = CARTESIAN_POINT('',(-9.47361156982,1.013641304619,
    20.135975918151));
#1652 = CARTESIAN_POINT('',(-9.4743912509,2.141703075504,20.121098717009
    ));
#1653 = CARTESIAN_POINT('',(-9.47593463315,3.269533538639,
    20.091649229281));
#1654 = CARTESIAN_POINT('',(-9.47824166819,4.396924718798,
    20.047628378306));
#1655 = CARTESIAN_POINT('',(-9.48131152944,5.523631031517,
    19.989051936167));
#1656 = CARTESIAN_POINT('',(-9.48514433066,6.649539921694,
    19.915917732299));
#1657 = CARTESIAN_POINT('',(-9.48973884338,7.774420326007,19.82824920697
    ));
#1658 = CARTESIAN_POINT('',(-9.49515132275,8.909865719923,
    19.724972948392));
#1659 = CARTESIAN_POINT('',(-9.49520480438,8.921070985523,
    19.723952457984));
#1660 = CARTESIAN_POINT('',(-9.49525845562,8.932297690517,
    19.722928731471));
#1661 = CARTESIAN_POINT('',(-9.49531226664,8.943543903697,
    19.721901955943));
#1662 = CARTESIAN_POINT('',(-9.49536622766,8.95480769385,19.720872318491
    ));
#1663 = CARTESIAN_POINT('',(-9.49542032885,8.966087129767,
    19.719840006208));
#1664 = CARTESIAN_POINT('',(-9.49547456042,8.977380280238,
    19.718805206183));
#1665 = CARTESIAN_POINT('',(-9.49552891256,8.988685214052,19.71776810551
    ));
#1666 = CARTESIAN_POINT('',(-9.49558337547,9.,19.716728891278));
#1667 = CARTESIAN_POINT('',(-9.45026975412,-11.62444932838,
    20.581364294117));
#1668 = CARTESIAN_POINT('',(-9.45018475796,-11.61068475099,
    20.582986117408));
#1669 = CARTESIAN_POINT('',(-9.45009992772,-11.59692778209,
    20.584604774992));
#1670 = CARTESIAN_POINT('',(-9.45001525321,-11.58317688336,
    20.586220460788));
#1671 = CARTESIAN_POINT('',(-9.44993072511,-11.56943063302,
    20.587833352975));
#1672 = CARTESIAN_POINT('',(-9.44984633493,-11.55568772839,
    20.589443613686));
#1673 = CARTESIAN_POINT('',(-9.44976207501,-11.54194698842,
    20.591051388704));
#1674 = CARTESIAN_POINT('',(-9.44967793859,-11.52820735628,
    20.592656807154));
#1675 = CARTESIAN_POINT('',(-9.4495939198,-11.51446790182,
    20.594259981211));
#1676 = CARTESIAN_POINT('',(-9.44258283343,-10.3663651834,20.72803947848
    ));
#1677 = CARTESIAN_POINT('',(-9.43643858945,-9.232627570517,
    20.845278637826));
#1678 = CARTESIAN_POINT('',(-9.43104798414,-8.095545457213,
    20.948137514467));
#1679 = CARTESIAN_POINT('',(-9.42643578997,-6.95791599227,
    21.036143421859));
#1680 = CARTESIAN_POINT('',(-9.42258886889,-5.81876962639,
    21.109547048969));
#1681 = CARTESIAN_POINT('',(-9.41951665067,-4.679056977822,
    21.168168464576));
#1682 = CARTESIAN_POINT('',(-9.41721508181,-3.538613969768,21.2120850147
    ));
#1683 = CARTESIAN_POINT('',(-9.4156862624,-2.397793025926,
    21.241256626851));
#1684 = CARTESIAN_POINT('',(-9.41417355703,-0.115756136663,
    21.270120764805));
#1685 = CARTESIAN_POINT('',(-9.41418972178,1.025454995386,
    21.269812322857));
#1686 = CARTESIAN_POINT('',(-9.41497858476,2.1666453015,21.254759920629)
  );
#1687 = CARTESIAN_POINT('',(-9.41654002339,3.307584332192,
    21.224965896578));
#1688 = CARTESIAN_POINT('',(-9.41887404277,4.448065071311,
    21.180430153863));
#1689 = CARTESIAN_POINT('',(-9.42197966304,5.587803573369,
    21.121171389032));
#1690 = CARTESIAN_POINT('',(-9.42585682018,6.7266248766,21.047190823564)
  );
#1691 = CARTESIAN_POINT('',(-9.4305030752,7.864150853625,20.958534996563
    ));
#1692 = CARTESIAN_POINT('',(-9.43597381039,9.01188582213,20.854147150518
    ));
#1693 = CARTESIAN_POINT('',(-9.43602776182,9.023188466145,
    20.853117695876));
#1694 = CARTESIAN_POINT('',(-9.43608178908,9.034490899152,20.85208679434
    ));
#1695 = CARTESIAN_POINT('',(-9.43613589239,9.045793165087,
    20.851054441694));
#1696 = CARTESIAN_POINT('',(-9.43619007197,9.057095307618,20.85002063375
    ));
#1697 = CARTESIAN_POINT('',(-9.43624432804,9.068397370137,
    20.848985366344));
#1698 = CARTESIAN_POINT('',(-9.43629866081,9.079699395772,
    20.847948635338));
#1699 = CARTESIAN_POINT('',(-9.4363530705,9.091001427372,20.846910436618
    ));
#1700 = CARTESIAN_POINT('',(-9.43640755732,9.102303507521,
    20.845870766099));
#1701 = CARTESIAN_POINT('',(-8.320258248301,-11.5840264074,
    20.680781800276));
#1702 = CARTESIAN_POINT('',(-8.319893837187,-11.57547962895,
    20.681809573225));
#1703 = CARTESIAN_POINT('',(-8.319580972305,-11.5665953733,
    20.682871522861));
#1704 = CARTESIAN_POINT('',(-8.319313375258,-11.55731584186,
    20.683974869818));
#1705 = CARTESIAN_POINT('',(-8.319085432603,-11.54757221963,
    20.685127980521));
#1706 = CARTESIAN_POINT('',(-8.318892195855,-11.53728467515,
    20.686340367182));
#1707 = CARTESIAN_POINT('',(-8.318729381485,-11.52636236052,
    20.687622687803));
#1708 = CARTESIAN_POINT('',(-8.318593370924,-11.51470341141,
    20.688986746175));
#1709 = CARTESIAN_POINT('',(-8.318481210556,-11.50219494705,
    20.690445491879));
#1710 = CARTESIAN_POINT('',(-8.310911153673,-10.37570608292,
    20.821421565698));
#1711 = CARTESIAN_POINT('',(-8.305110781154,-9.250322235324,
    20.937896228682));
#1712 = CARTESIAN_POINT('',(-8.299667170378,-8.114857540078,
    21.040805734724));
#1713 = CARTESIAN_POINT('',(-8.295074696415,-6.97558394606,
    21.129084333783));
#1714 = CARTESIAN_POINT('',(-8.291181330975,-5.833550683555,
    21.202767517673));
#1715 = CARTESIAN_POINT('',(-8.288101177748,-4.690658325956,
    21.261607236186));
#1716 = CARTESIAN_POINT('',(-8.285784473435,-3.547141897382,
    21.305676765542));
#1717 = CARTESIAN_POINT('',(-8.284249070189,-2.403450800432,
    21.334943157923));
#1718 = CARTESIAN_POINT('',(-8.282729629788,-0.116083584967,
    21.363899167977));
#1719 = CARTESIAN_POINT('',(-8.282746105364,1.027588096017,
    21.363587799231));
#1720 = CARTESIAN_POINT('',(-8.283537995868,2.171032841357,
    21.348492761521));
#1721 = CARTESIAN_POINT('',(-8.285103053209,3.314118300853,
    21.318626782626));
#1722 = CARTESIAN_POINT('',(-8.287444467672,4.456636044472,
    21.273988811596));
#1723 = CARTESIAN_POINT('',(-8.290554465175,5.598103856153,
    21.214603944685));
#1724 = CARTESIAN_POINT('',(-8.294440482823,6.737851196403,
    21.140515180767));
#1725 = CARTESIAN_POINT('',(-8.299066577785,7.874619144271,
    21.051888838726));
#1726 = CARTESIAN_POINT('',(-8.304556938306,9.018340219093,
    20.947948254426));
#1727 = CARTESIAN_POINT('',(-8.304611380122,9.029441495798,
    20.946937870607));
#1728 = CARTESIAN_POINT('',(-8.304666379014,9.040394242264,
    20.945939509106));
#1729 = CARTESIAN_POINT('',(-8.304722119449,9.051212045656,
    20.944951966554));
#1730 = CARTESIAN_POINT('',(-8.304778785897,9.061908493141,
    20.943974039581));
#1731 = CARTESIAN_POINT('',(-8.304836562826,9.072497171883,
    20.943004524818));
#1732 = CARTESIAN_POINT('',(-8.304895634704,9.08299166905,
    20.942042218895));
#1733 = CARTESIAN_POINT('',(-8.304956186001,9.093405571806,
    20.941085918442));
#1734 = CARTESIAN_POINT('',(-8.305018401184,9.103752467318,
    20.940134420091));
#1735 = DEFINITIONAL_REPRESENTATION('',(#1736),#1739);
#1736 = B_SPLINE_CURVE_WITH_KNOTS('',1,(#1737,#1738),.UNSPECIFIED.,.F.,
  .F.,(2,2),(0.,3.504794340722),.PIECEWISE_BEZIER_KNOTS.);
#1737 = CARTESIAN_POINT('',(0.,17.773052037612));
#1738 = CARTESIAN_POINT('',(20.793311028108,17.773052037612));
#1739 = ( GEOMETRIC_REPRESENTATION_CONTEXT(2) 
PARAMETRIC_REPRESENTATION_CONTEXT() REPRESENTATION_CONTEXT('2D SPACE',''
  ) );
#1740 = ORIENTED_EDGE('',*,*,#1741,.F.);
#1741 = EDGE_CURVE('',#1247,#1618,#1742,.T.);
#1742 = SURFACE_CURVE('',#1743,(#1779,#1786),.PCURVE_S1.);
#1743 = ( BOUNDED_CURVE() B_SPLINE_CURVE(12,(#1744,#1745,#1746,#1747,
    #1748,#1749,#1750,#1751,#1752,#1753,#1754,#1755,#1756,#1757,#1758,
    #1759,#1760,#1761,#1762,#1763,#1764,#1765,#1766,#1767,#1768,#1769,
    #1770,#1771,#1772,#1773,#1774,#1775,#1776,#1777,#1778),
.UNSPECIFIED.,.F.,.F.) B_SPLINE_CURVE_WITH_KNOTS((13,11,11,13),(
    14.26825769689,15.499750609799,16.197803226571,17.773052037612),
.UNSPECIFIED.) CURVE() GEOMETRIC_REPRESENTATION_ITEM() 
RATIONAL_B_SPLINE_CURVE((1.,1.,1.,1.000000000001,0.999999999998,
    1.000000000003,0.999999999997,1.000000000003,0.999999999998,
    1.000000000001,0.999999999999,1.,1.,1.000000000001,0.999999999999,
    1.000000000003,0.999999999996,1.000000000004,0.999999999997,
    1.000000000002,0.999999999999,1.,1.,1.,1.,0.999999999999,
    1.000000000001,0.999999999998,1.000000000002,0.999999999998,
1.000000000001,0.999999999999,1.,1.,1.)) REPRESENTATION_ITEM('') );
#1744 = CARTESIAN_POINT('',(-7.1,-13.91195941003,19.404255537557));
#1745 = CARTESIAN_POINT('',(-7.209328249819,-13.91215568195,
    19.40051044625));
#1746 = CARTESIAN_POINT('',(-7.324635665928,-13.90693575838,
    19.397048842831));
#1747 = CARTESIAN_POINT('',(-7.431820141561,-13.89526449512,
    19.393911167475));
#1748 = CARTESIAN_POINT('',(-7.542964192884,-13.87982737186,
    19.391112401472));
#1749 = CARTESIAN_POINT('',(-7.654603654296,-13.85632865845,
    19.388561164116));
#1750 = CARTESIAN_POINT('',(-7.759278449241,-13.82979725894,
    19.386501352162));
#1751 = CARTESIAN_POINT('',(-7.869637293326,-13.79582549881,
    19.384618973198));
#1752 = CARTESIAN_POINT('',(-7.97261969701,-13.7576719022,
    19.383228690904));
#1753 = CARTESIAN_POINT('',(-8.07657677067,-13.71368513057,
    19.38212000937));
#1754 = CARTESIAN_POINT('',(-8.176978358658,-13.66474195496,
    19.38140529167));
#1755 = CARTESIAN_POINT('',(-8.274963076352,-13.61077078243,
    19.38104755329));
#1756 = CARTESIAN_POINT('',(-8.423769929834,-13.51867657283,
    19.381059749438));
#1757 = CARTESIAN_POINT('',(-8.476646670798,-13.48381363363,
    19.381181314393));
#1758 = CARTESIAN_POINT('',(-8.528514108424,-13.44743742419,
    19.381420007803));
#1759 = CARTESIAN_POINT('',(-8.579321848753,-13.40958232521,
    19.381775647258));
#1760 = CARTESIAN_POINT('',(-8.629021221016,-13.37028439578,
    19.382247892229));
#1761 = CARTESIAN_POINT('',(-8.677565277642,-13.32958137337,
    19.382836244073));
#1762 = CARTESIAN_POINT('',(-8.724908794253,-13.28751267381,
    19.383540046027));
#1763 = CARTESIAN_POINT('',(-8.771008269667,-13.2441193913,
    19.384358483216));
#1764 = CARTESIAN_POINT('',(-8.815821925897,-13.19944429844,
    19.385290582642));
#1765 = CARTESIAN_POINT('',(-8.859309708147,-13.15353184619,
    19.386335213196));
#1766 = CARTESIAN_POINT('',(-8.90143328482,-13.10642816388,
    19.38749108565));
#1767 = CARTESIAN_POINT('',(-9.03405239167,-12.94930503411,
    19.39161289903));
#1768 = CARTESIAN_POINT('',(-9.11881706323,-12.83458267111,
    19.395029800917));
#1769 = CARTESIAN_POINT('',(-9.19601172614,-12.71472516741,
    19.398980261968));
#1770 = CARTESIAN_POINT('',(-9.26533396958,-12.58982465051,
    19.40347231273));
#1771 = CARTESIAN_POINT('',(-9.32630188126,-12.46131038657,
    19.408442946977));
#1772 = CARTESIAN_POINT('',(-9.37890445974,-12.32925694044,
    19.413885978772));
#1773 = CARTESIAN_POINT('',(-9.42291978933,-12.19381918152,
    19.419790644625));
#1774 = CARTESIAN_POINT('',(-9.45784851108,-12.0566286025,19.42609148409
    ));
#1775 = CARTESIAN_POINT('',(-9.48385968062,-11.91890295777,
    19.432747227421));
#1776 = CARTESIAN_POINT('',(-9.50157628999,-11.77926170195,
    19.439776162044));
#1777 = CARTESIAN_POINT('',(-9.50971523215,-11.63726808465,
    19.447077002324));
#1778 = CARTESIAN_POINT('',(-9.50931798598,-11.5,19.454656910921));
#1779 = PCURVE('',#1261,#1780);
#1780 = DEFINITIONAL_REPRESENTATION('',(#1781),#1785);
#1781 = LINE('',#1782,#1783);
#1782 = CARTESIAN_POINT('',(0.,0.));
#1783 = VECTOR('',#1784,1.);
#1784 = DIRECTION('',(0.,1.));
#1785 = ( GEOMETRIC_REPRESENTATION_CONTEXT(2) 
PARAMETRIC_REPRESENTATION_CONTEXT() REPRESENTATION_CONTEXT('2D SPACE',''
  ) );
#1786 = PCURVE('',#322,#1787);
#1787 = DEFINITIONAL_REPRESENTATION('',(#1788),#1836);
#1788 = B_SPLINE_CURVE_WITH_KNOTS('',10,(#1789,#1790,#1791,#1792,#1793,
    #1794,#1795,#1796,#1797,#1798,#1799,#1800,#1801,#1802,#1803,#1804,
    #1805,#1806,#1807,#1808,#1809,#1810,#1811,#1812,#1813,#1814,#1815,
    #1816,#1817,#1818,#1819,#1820,#1821,#1822,#1823,#1824,#1825,#1826,
    #1827,#1828,#1829,#1830,#1831,#1832,#1833,#1834,#1835),
  .UNSPECIFIED.,.F.,.F.,(11,9,9,9,9,11),(14.26825769689,15.14445628207,
    15.58255557466,16.020654867251,16.896853452431,17.773052037612),
  .UNSPECIFIED.);
#1789 = CARTESIAN_POINT('',(4.712388980385,-7.404255537557));
#1790 = CARTESIAN_POINT('',(4.751089275567,-7.401058010065));
#1791 = CARTESIAN_POINT('',(4.791626631596,-7.398070702135));
#1792 = CARTESIAN_POINT('',(4.830197394658,-7.395322727666));
#1793 = CARTESIAN_POINT('',(4.869723368339,-7.392814136469));
#1794 = CARTESIAN_POINT('',(4.909178161406,-7.390530479367));
#1795 = CARTESIAN_POINT('',(4.948481541114,-7.388519705669));
#1796 = CARTESIAN_POINT('',(4.987962352086,-7.386749161977));
#1797 = CARTESIAN_POINT('',(5.027407679604,-7.385244453183));
#1798 = CARTESIAN_POINT('',(5.066884380275,-7.384002009672));
#1799 = CARTESIAN_POINT('',(5.12611801176,-7.382538091108));
#1800 = CARTESIAN_POINT('',(5.145866814671,-7.382116646949));
#1801 = CARTESIAN_POINT('',(5.165615324668,-7.381762364872));
#1802 = CARTESIAN_POINT('',(5.185374792776,-7.381474664652));
#1803 = CARTESIAN_POINT('',(5.205130533221,-7.381254857261));
#1804 = CARTESIAN_POINT('',(5.224883930871,-7.381102890072));
#1805 = CARTESIAN_POINT('',(5.244644032596,-7.381018126496));
#1806 = CARTESIAN_POINT('',(5.264404066284,-7.381001149918));
#1807 = CARTESIAN_POINT('',(5.284161650774,-7.3810519907));
#1808 = CARTESIAN_POINT('',(5.323675932897,-7.381288800036));
#1809 = CARTESIAN_POINT('',(5.343431923724,-7.381474810209));
#1810 = CARTESIAN_POINT('',(5.363186194728,-7.381728336753));
#1811 = CARTESIAN_POINT('',(5.38293820147,-7.382049233241));
#1812 = CARTESIAN_POINT('',(5.402687424649,-7.382437296016));
#1813 = CARTESIAN_POINT('',(5.422433370118,-7.382892264101));
#1814 = CARTESIAN_POINT('',(5.442175568868,-7.383413819299));
#1815 = CARTESIAN_POINT('',(5.461913577041,-7.384001586104));
#1816 = CARTESIAN_POINT('',(5.48164697592,-7.384655131765));
#1817 = CARTESIAN_POINT('',(5.540832163972,-7.386811635218));
#1818 = CARTESIAN_POINT('',(5.580269938516,-7.388510759192));
#1819 = CARTESIAN_POINT('',(5.619673766289,-7.390464617063));
#1820 = CARTESIAN_POINT('',(5.659089251025,-7.392679820922));
#1821 = CARTESIAN_POINT('',(5.698388616248,-7.395123718175));
#1822 = CARTESIAN_POINT('',(5.737751863068,-7.39782764378));
#1823 = CARTESIAN_POINT('',(5.776995981458,-7.400750648669));
#1824 = CARTESIAN_POINT('',(5.81623046431,-7.403903875383));
#1825 = CARTESIAN_POINT('',(5.855410725149,-7.407271539804));
#1826 = CARTESIAN_POINT('',(5.933673226365,-7.414420592642));
#1827 = CARTESIAN_POINT('',(5.972755414853,-7.418201303378));
#1828 = CARTESIAN_POINT('',(6.011777608628,-7.422180947835));
#1829 = CARTESIAN_POINT('',(6.050744091778,-7.426346399478));
#1830 = CARTESIAN_POINT('',(6.089638071238,-7.430686942101));
#1831 = CARTESIAN_POINT('',(6.128467929194,-7.435194102574));
#1832 = CARTESIAN_POINT('',(6.167308241436,-7.439857850001));
#1833 = CARTESIAN_POINT('',(6.206247781361,-7.444663981678));
#1834 = CARTESIAN_POINT('',(6.245156729346,-7.449597515751));
#1835 = CARTESIAN_POINT('',(6.28318530718,-7.454656910921));
#1836 = ( GEOMETRIC_REPRESENTATION_CONTEXT(2) 
PARAMETRIC_REPRESENTATION_CONTEXT() REPRESENTATION_CONTEXT('2D SPACE',''
  ) );
#1837 = ADVANCED_FACE('',(#1838),#1632,.F.);
#1838 = FACE_BOUND('',#1839,.F.);
#1839 = EDGE_LOOP('',(#1840,#1841,#2054,#2262));
#1840 = ORIENTED_EDGE('',*,*,#1617,.T.);
#1841 = ORIENTED_EDGE('',*,*,#1842,.T.);
#1842 = EDGE_CURVE('',#1447,#1843,#1845,.T.);
#1843 = VERTEX_POINT('',#1844);
#1844 = CARTESIAN_POINT('',(-8.305018401184,9.103752467318,
    20.940134420091));
#1845 = SURFACE_CURVE('',#1846,(#1881,#1888),.PCURVE_S1.);
#1846 = B_SPLINE_CURVE_WITH_KNOTS('',9,(#1847,#1848,#1849,#1850,#1851,
    #1852,#1853,#1854,#1855,#1856,#1857,#1858,#1859,#1860,#1861,#1862,
    #1863,#1864,#1865,#1866,#1867,#1868,#1869,#1870,#1871,#1872,#1873,
    #1874,#1875,#1876,#1877,#1878,#1879,#1880),.UNSPECIFIED.,.F.,.F.,(10
    ,8,8,8,10),(17.773052037612,17.897613096617,28.180849681757,
    38.464086266898,38.56636306572),.UNSPECIFIED.);
#1847 = CARTESIAN_POINT('',(-8.320258248301,-11.5840264074,
    20.680781800276));
#1848 = CARTESIAN_POINT('',(-8.319893837187,-11.57547962895,
    20.681809573225));
#1849 = CARTESIAN_POINT('',(-8.319580972305,-11.5665953733,
    20.682871522861));
#1850 = CARTESIAN_POINT('',(-8.319313375258,-11.55731584186,
    20.683974869818));
#1851 = CARTESIAN_POINT('',(-8.319085432603,-11.54757221963,
    20.685127980521));
#1852 = CARTESIAN_POINT('',(-8.318892195855,-11.53728467515,
    20.686340367182));
#1853 = CARTESIAN_POINT('',(-8.318729381485,-11.52636236052,
    20.687622687803));
#1854 = CARTESIAN_POINT('',(-8.318593370924,-11.51470341141,
    20.688986746175));
#1855 = CARTESIAN_POINT('',(-8.318481210556,-11.50219494705,
    20.690445491879));
#1856 = CARTESIAN_POINT('',(-8.310911153673,-10.37570608292,
    20.821421565698));
#1857 = CARTESIAN_POINT('',(-8.305110781154,-9.250322235324,
    20.937896228682));
#1858 = CARTESIAN_POINT('',(-8.299667170378,-8.114857540078,
    21.040805734724));
#1859 = CARTESIAN_POINT('',(-8.295074696415,-6.97558394606,
    21.129084333783));
#1860 = CARTESIAN_POINT('',(-8.291181330975,-5.833550683555,
    21.202767517673));
#1861 = CARTESIAN_POINT('',(-8.288101177748,-4.690658325956,
    21.261607236186));
#1862 = CARTESIAN_POINT('',(-8.285784473435,-3.547141897382,
    21.305676765542));
#1863 = CARTESIAN_POINT('',(-8.284249070189,-2.403450800432,
    21.334943157923));
#1864 = CARTESIAN_POINT('',(-8.282729629788,-0.116083584967,
    21.363899167977));
#1865 = CARTESIAN_POINT('',(-8.282746105364,1.027588096017,
    21.363587799231));
#1866 = CARTESIAN_POINT('',(-8.283537995868,2.171032841357,
    21.348492761521));
#1867 = CARTESIAN_POINT('',(-8.285103053209,3.314118300853,
    21.318626782626));
#1868 = CARTESIAN_POINT('',(-8.287444467672,4.456636044472,
    21.273988811596));
#1869 = CARTESIAN_POINT('',(-8.290554465175,5.598103856153,
    21.214603944685));
#1870 = CARTESIAN_POINT('',(-8.294440482823,6.737851196403,
    21.140515180767));
#1871 = CARTESIAN_POINT('',(-8.299066577785,7.874619144271,
    21.051888838726));
#1872 = CARTESIAN_POINT('',(-8.304556938306,9.018340219093,
    20.947948254426));
#1873 = CARTESIAN_POINT('',(-8.304611380122,9.029441495798,
    20.946937870607));
#1874 = CARTESIAN_POINT('',(-8.304666379014,9.040394242264,
    20.945939509106));
#1875 = CARTESIAN_POINT('',(-8.304722119449,9.051212045656,
    20.944951966554));
#1876 = CARTESIAN_POINT('',(-8.304778785897,9.061908493141,
    20.943974039581));
#1877 = CARTESIAN_POINT('',(-8.304836562826,9.072497171883,
    20.943004524818));
#1878 = CARTESIAN_POINT('',(-8.304895634704,9.08299166905,
    20.942042218895));
#1879 = CARTESIAN_POINT('',(-8.304956186001,9.093405571806,
    20.941085918442));
#1880 = CARTESIAN_POINT('',(-8.305018401184,9.103752467318,
    20.940134420091));
#1881 = PCURVE('',#1632,#1882);
#1882 = DEFINITIONAL_REPRESENTATION('',(#1883),#1887);
#1883 = LINE('',#1884,#1885);
#1884 = CARTESIAN_POINT('',(20.793311028108,0.));
#1885 = VECTOR('',#1886,1.);
#1886 = DIRECTION('',(0.,1.));
#1887 = ( GEOMETRIC_REPRESENTATION_CONTEXT(2) 
PARAMETRIC_REPRESENTATION_CONTEXT() REPRESENTATION_CONTEXT('2D SPACE',''
  ) );
#1888 = PCURVE('',#720,#1889);
#1889 = DEFINITIONAL_REPRESENTATION('',(#1890),#2053);
#1890 = B_SPLINE_CURVE_WITH_KNOTS('',9,(#1891,#1892,#1893,#1894,#1895,
    #1896,#1897,#1898,#1899,#1900,#1901,#1902,#1903,#1904,#1905,#1906,
    #1907,#1908,#1909,#1910,#1911,#1912,#1913,#1914,#1915,#1916,#1917,
    #1918,#1919,#1920,#1921,#1922,#1923,#1924,#1925,#1926,#1927,#1928,
    #1929,#1930,#1931,#1932,#1933,#1934,#1935,#1936,#1937,#1938,#1939,
    #1940,#1941,#1942,#1943,#1944,#1945,#1946,#1947,#1948,#1949,#1950,
    #1951,#1952,#1953,#1954,#1955,#1956,#1957,#1958,#1959,#1960,#1961,
    #1962,#1963,#1964,#1965,#1966,#1967,#1968,#1969,#1970,#1971,#1972,
    #1973,#1974,#1975,#1976,#1977,#1978,#1979,#1980,#1981,#1982,#1983,
    #1984,#1985,#1986,#1987,#1988,#1989,#1990,#1991,#1992,#1993,#1994,
    #1995,#1996,#1997,#1998,#1999,#2000,#2001,#2002,#2003,#2004,#2005,
    #2006,#2007,#2008,#2009,#2010,#2011,#2012,#2013,#2014,#2015,#2016,
    #2017,#2018,#2019,#2020,#2021,#2022,#2023,#2024,#2025,#2026,#2027,
    #2028,#2029,#2030,#2031,#2032,#2033,#2034,#2035,#2036,#2037,#2038,
    #2039,#2040,#2041,#2042,#2043,#2044,#2045,#2046,#2047,#2048,#2049,
    #2050,#2051,#2052),.UNSPECIFIED.,.F.,.F.,(10,8,8,8,8,8,8,8,8,8,8,8,8
    ,8,8,8,8,8,8,8,10),(17.773052037612,17.854275908816,17.894887844417,
    17.915193812218,17.935499780019,18.097947522426,18.42284300724,
    19.072633976869,20.372215916126,22.971379794639,28.169707551666,
    33.368035308693,35.967199187207,37.266781126463,37.916572096092,
    38.241467580906,38.403915323313,38.444527258915,38.464833226716,
    38.485139194517,38.56636306572),.UNSPECIFIED.);
#1891 = CARTESIAN_POINT('',(4.089517631678,1.428115187825));
#1892 = CARTESIAN_POINT('',(4.089303205867,1.428162177845));
#1893 = CARTESIAN_POINT('',(4.08908149673,1.4282102048));
#1894 = CARTESIAN_POINT('',(4.088851941107,1.428259409602));
#1895 = CARTESIAN_POINT('',(4.088613880514,1.428309948375));
#1896 = CARTESIAN_POINT('',(4.088366561149,1.428361992466));
#1897 = CARTESIAN_POINT('',(4.088109133893,1.428415728434));
#1898 = CARTESIAN_POINT('',(4.087840654302,1.428471358059));
#1899 = CARTESIAN_POINT('',(4.087560082618,1.428529098333));
#1900 = CARTESIAN_POINT('',(4.087119384332,1.428619223036));
#1901 = CARTESIAN_POINT('',(4.086969178109,1.428649850319));
#1902 = CARTESIAN_POINT('',(4.086815523209,1.428681092344));
#1903 = CARTESIAN_POINT('',(4.086658271786,1.428712979088));
#1904 = CARTESIAN_POINT('',(4.086497270044,1.42874554148));
#1905 = CARTESIAN_POINT('',(4.086332358223,1.428778811399));
#1906 = CARTESIAN_POINT('',(4.08616337061,1.428812821677));
#1907 = CARTESIAN_POINT('',(4.085990135531,1.428847606093));
#1908 = CARTESIAN_POINT('',(4.08572364527,1.428900996027));
#1909 = CARTESIAN_POINT('',(4.085633763185,1.428918984631));
#1910 = CARTESIAN_POINT('',(4.085541064351,1.428937498314));
#1911 = CARTESIAN_POINT('',(4.085455717922,1.428954619122));
#1912 = CARTESIAN_POINT('',(4.085360824717,1.428973533998));
#1913 = CARTESIAN_POINT('',(4.085273712253,1.428990975348));
#1914 = CARTESIAN_POINT('',(4.085182400246,1.429009202337));
#1915 = CARTESIAN_POINT('',(4.085092408362,1.429027174114));
#1916 = CARTESIAN_POINT('',(4.084911962908,1.429063192164));
#1917 = CARTESIAN_POINT('',(4.084821712197,1.429081200185));
#1918 = CARTESIAN_POINT('',(4.084731433492,1.429099207201));
#1919 = CARTESIAN_POINT('',(4.08464112678,1.429117213212));
#1920 = CARTESIAN_POINT('',(4.084550792052,1.429135218216));
#1921 = CARTESIAN_POINT('',(4.084460429296,1.429153222212));
#1922 = CARTESIAN_POINT('',(4.084370038501,1.4291712252));
#1923 = CARTESIAN_POINT('',(4.084279619656,1.429189227178));
#1924 = CARTESIAN_POINT('',(4.083465597503,1.429351235898));
#1925 = CARTESIAN_POINT('',(4.082740226408,1.429495179023));
#1926 = CARTESIAN_POINT('',(4.082013053745,1.429639057081));
#1927 = CARTESIAN_POINT('',(4.081284073801,1.429782869633));
#1928 = CARTESIAN_POINT('',(4.080553280852,1.429926616234));
#1929 = CARTESIAN_POINT('',(4.079820669189,1.430070296446));
#1930 = CARTESIAN_POINT('',(4.079086233087,1.430213909827));
#1931 = CARTESIAN_POINT('',(4.078349966832,1.430357455935));
#1932 = CARTESIAN_POINT('',(4.076135660453,1.430787891119));
#1933 = CARTESIAN_POINT('',(4.074652113474,1.431074577199));
#1934 = CARTESIAN_POINT('',(4.073161176762,1.431360988781));
#1935 = CARTESIAN_POINT('',(4.071662803312,1.431647122079));
#1936 = CARTESIAN_POINT('',(4.070156946117,1.431932973305));
#1937 = CARTESIAN_POINT('',(4.068643558171,1.432218538672));
#1938 = CARTESIAN_POINT('',(4.067122592468,1.432503814392));
#1939 = CARTESIAN_POINT('',(4.065594002001,1.432788796678));
#1940 = CARTESIAN_POINT('',(4.060985215292,1.433642851873));
#1941 = CARTESIAN_POINT('',(4.057882015892,1.434211035132));
#1942 = CARTESIAN_POINT('',(4.054747744511,1.434777997522));
#1943 = CARTESIAN_POINT('',(4.051582004095,1.435343705043));
#1944 = CARTESIAN_POINT('',(4.048384397589,1.435908123697));
#1945 = CARTESIAN_POINT('',(4.045154527943,1.436471219486));
#1946 = CARTESIAN_POINT('',(4.0418919981,1.437032958409));
#1947 = CARTESIAN_POINT('',(4.038596411008,1.43759330647));
#1948 = CARTESIAN_POINT('',(4.028609286823,1.439270076064));
#1949 = CARTESIAN_POINT('',(4.021817330894,1.440382212911));
#1950 = CARTESIAN_POINT('',(4.014888198874,1.441488349467));
#1951 = CARTESIAN_POINT('',(4.007818522508,1.442588185185));
#1952 = CARTESIAN_POINT('',(4.000604868239,1.443681409719));
#1953 = CARTESIAN_POINT('',(3.993243737204,1.444767702915));
#1954 = CARTESIAN_POINT('',(3.985731565238,1.445846734818));
#1955 = CARTESIAN_POINT('',(3.978064722873,1.446918165668));
#1956 = CARTESIAN_POINT('',(3.954589100264,1.450108606374));
#1957 = CARTESIAN_POINT('',(3.938305121847,1.452203764691));
#1958 = CARTESIAN_POINT('',(3.921358577662,1.454264329863));
#1959 = CARTESIAN_POINT('',(3.903719165774,1.456287356424));
#1960 = CARTESIAN_POINT('',(3.885356099712,1.458269735924));
#1961 = CARTESIAN_POINT('',(3.866238923471,1.46020818843));
#1962 = CARTESIAN_POINT('',(3.84633832648,1.462099254011));
#1963 = CARTESIAN_POINT('',(3.825626958599,1.463939284242));
#1964 = CARTESIAN_POINT('',(3.760986818089,1.469294732588));
#1965 = CARTESIAN_POINT('',(3.714552621299,1.472645520916));
#1966 = CARTESIAN_POINT('',(3.664584702028,1.475746087425));
#1967 = CARTESIAN_POINT('',(3.610945187973,1.478562813454));
#1968 = CARTESIAN_POINT('',(3.553597758625,1.481059440388));
#1969 = CARTESIAN_POINT('',(3.492677606526,1.483198046281));
#1970 = CARTESIAN_POINT('',(3.428583096102,1.48494255904));
#1971 = CARTESIAN_POINT('',(3.362016841426,1.486264130592));
#1972 = CARTESIAN_POINT('',(3.225650033929,1.488026256074));
#1973 = CARTESIAN_POINT('',(3.155852807517,1.488466587954));
#1974 = CARTESIAN_POINT('',(3.085298354466,1.488449093167));
#1975 = CARTESIAN_POINT('',(3.015023219594,1.487965941174));
#1976 = CARTESIAN_POINT('',(2.94611953643,1.48702443978));
#1977 = CARTESIAN_POINT('',(2.879539212467,1.485647208231));
#1978 = CARTESIAN_POINT('',(2.815900175507,1.483864920745));
#1979 = CARTESIAN_POINT('',(2.755587155554,1.481712295268));
#1980 = CARTESIAN_POINT('',(2.67036361444,1.477981116108));
#1981 = CARTESIAN_POINT('',(2.642830214038,1.476653669563));
#1982 = CARTESIAN_POINT('',(2.616192849829,1.475246977539));
#1983 = CARTESIAN_POINT('',(2.590460414923,1.473765512456));
#1984 = CARTESIAN_POINT('',(2.565631099577,1.472213692133));
#1985 = CARTESIAN_POINT('',(2.541694384777,1.470595827434));
#1986 = CARTESIAN_POINT('',(2.518633035835,1.468916069916));
#1987 = CARTESIAN_POINT('',(2.496425095973,1.467178359484));
#1988 = CARTESIAN_POINT('',(2.464356271888,1.464490378317));
#1989 = CARTESIAN_POINT('',(2.453873873155,1.463580819039));
#1990 = CARTESIAN_POINT('',(2.443595455175,1.462658157903));
#1991 = CARTESIAN_POINT('',(2.433517671888,1.461722845946));
#1992 = CARTESIAN_POINT('',(2.42363705973,1.460775321545));
#1993 = CARTESIAN_POINT('',(2.413950037616,1.459816010411));
#1994 = CARTESIAN_POINT('',(2.404452906953,1.458845325596));
#1995 = CARTESIAN_POINT('',(2.395141851633,1.457863667491));
#1996 = CARTESIAN_POINT('',(2.38144848124,1.456375301989));
#1997 = CARTESIAN_POINT('',(2.376929577987,1.455876537099));
#1998 = CARTESIAN_POINT('',(2.372455744078,1.455375175125));
#1999 = CARTESIAN_POINT('',(2.368026495312,1.454871262041));
#2000 = CARTESIAN_POINT('',(2.363641347487,1.454364843817));
#2001 = CARTESIAN_POINT('',(2.359299816403,1.453855966427));
#2002 = CARTESIAN_POINT('',(2.355001417857,1.453344675843));
#2003 = CARTESIAN_POINT('',(2.35074566765,1.452831018038));
#2004 = CARTESIAN_POINT('',(2.344425288544,1.452057049457));
#2005 = CARTESIAN_POINT('',(2.342329035519,1.451798479027));
#2006 = CARTESIAN_POINT('',(2.340243263496,1.451539332907));
#2007 = CARTESIAN_POINT('',(2.338167913466,1.451279616308));
#2008 = CARTESIAN_POINT('',(2.336102926417,1.451019334442));
#2009 = CARTESIAN_POINT('',(2.334048243342,1.450758492522));
#2010 = CARTESIAN_POINT('',(2.332003805231,1.450497095759));
#2011 = CARTESIAN_POINT('',(2.329969553075,1.450235149366));
#2012 = CARTESIAN_POINT('',(2.326933365258,1.449841413149));
#2013 = CARTESIAN_POINT('',(2.32592383457,1.449710031589));
#2014 = CARTESIAN_POINT('',(2.324916828751,1.449578514491));
#2015 = CARTESIAN_POINT('',(2.323912340748,1.449446862468));
#2016 = CARTESIAN_POINT('',(2.322910363512,1.449315076138));
#2017 = CARTESIAN_POINT('',(2.32191088999,1.449183156113));
#2018 = CARTESIAN_POINT('',(2.320913913134,1.44905110301));
#2019 = CARTESIAN_POINT('',(2.319919425891,1.448918917443));
#2020 = CARTESIAN_POINT('',(2.318679420042,1.448753520673));
#2021 = CARTESIAN_POINT('',(2.318431574043,1.448720433077));
#2022 = CARTESIAN_POINT('',(2.318183883108,1.448687337251));
#2023 = CARTESIAN_POINT('',(2.31793634713,1.4486542332));
#2024 = CARTESIAN_POINT('',(2.317688966003,1.448621120938));
#2025 = CARTESIAN_POINT('',(2.317441739618,1.448588000471));
#2026 = CARTESIAN_POINT('',(2.31719466787,1.44855487181));
#2027 = CARTESIAN_POINT('',(2.316947750652,1.448521734963));
#2028 = CARTESIAN_POINT('',(2.316577606458,1.448472017431));
#2029 = CARTESIAN_POINT('',(2.316454231758,1.448455438615));
#2030 = CARTESIAN_POINT('',(2.316330932831,1.448438862722));
#2031 = CARTESIAN_POINT('',(2.316207707269,1.448422289431));
#2032 = CARTESIAN_POINT('',(2.316084515865,1.448405713512));
#2033 = CARTESIAN_POINT('',(2.315961317275,1.448389129445));
#2034 = CARTESIAN_POINT('',(2.3158381027,1.448372536061));
#2035 = CARTESIAN_POINT('',(2.31571493055,1.448355941161));
#2036 = CARTESIAN_POINT('',(2.315468991696,1.448322791139));
#2037 = CARTESIAN_POINT('',(2.31534641159,1.448306260935));
#2038 = CARTESIAN_POINT('',(2.315224214787,1.448289774756));
#2039 = CARTESIAN_POINT('',(2.315102395264,1.44827333182));
#2040 = CARTESIAN_POINT('',(2.314980947004,1.448256931346));
#2041 = CARTESIAN_POINT('',(2.314859863984,1.44824057255));
#2042 = CARTESIAN_POINT('',(2.314739140186,1.448224254652));
#2043 = CARTESIAN_POINT('',(2.314618769588,1.44820797687));
#2044 = CARTESIAN_POINT('',(2.314018652504,1.448126784623));
#2045 = CARTESIAN_POINT('',(2.313544113731,1.448062460161));
#2046 = CARTESIAN_POINT('',(2.313074744561,1.447998714987));
#2047 = CARTESIAN_POINT('',(2.3126101597,1.447935499059));
#2048 = CARTESIAN_POINT('',(2.312149973856,1.44787276233));
#2049 = CARTESIAN_POINT('',(2.311693801737,1.447810454755));
#2050 = CARTESIAN_POINT('',(2.31124125805,1.447748526289));
#2051 = CARTESIAN_POINT('',(2.310791957503,1.447686926888));
#2052 = CARTESIAN_POINT('',(2.310345514802,1.447625606505));
#2053 = ( GEOMETRIC_REPRESENTATION_CONTEXT(2) 
PARAMETRIC_REPRESENTATION_CONTEXT() REPRESENTATION_CONTEXT('2D SPACE',''
  ) );
#2054 = ORIENTED_EDGE('',*,*,#2055,.F.);
#2055 = EDGE_CURVE('',#2056,#1843,#2058,.T.);
#2056 = VERTEX_POINT('',#2057);
#2057 = CARTESIAN_POINT('',(-9.49558337547,9.,19.716728891278));
#2058 = SURFACE_CURVE('',#2059,(#2063,#2069),.PCURVE_S1.);
#2059 = ( BOUNDED_CURVE() B_SPLINE_CURVE(2,(#2060,#2061,#2062),
.UNSPECIFIED.,.F.,.F.) B_SPLINE_CURVE_WITH_KNOTS((3,3),(0.,
20.793311028108),.PIECEWISE_BEZIER_KNOTS.) CURVE() 
GEOMETRIC_REPRESENTATION_ITEM() RATIONAL_B_SPLINE_CURVE((1.,
0.753205121835,1.)) REPRESENTATION_ITEM('') );
#2060 = CARTESIAN_POINT('',(-9.49558337547,9.,19.716728891278));
#2061 = CARTESIAN_POINT('',(-9.43640755732,9.102303507521,
    20.845870766099));
#2062 = CARTESIAN_POINT('',(-8.305018401184,9.103752467318,
    20.940134420091));
#2063 = PCURVE('',#1632,#2064);
#2064 = DEFINITIONAL_REPRESENTATION('',(#2065),#2068);
#2065 = B_SPLINE_CURVE_WITH_KNOTS('',1,(#2066,#2067),.UNSPECIFIED.,.F.,
  .F.,(2,2),(0.,20.793311028108),.PIECEWISE_BEZIER_KNOTS.);
#2066 = CARTESIAN_POINT('',(0.,38.56636306572));
#2067 = CARTESIAN_POINT('',(20.793311028108,38.56636306572));
#2068 = ( GEOMETRIC_REPRESENTATION_CONTEXT(2) 
PARAMETRIC_REPRESENTATION_CONTEXT() REPRESENTATION_CONTEXT('2D SPACE',''
  ) );
#2069 = PCURVE('',#2070,#2257);
#2070 = ( BOUNDED_SURFACE() B_SPLINE_SURFACE(2,13,(
    (#2071,#2072,#2073,#2074,#2075,#2076,#2077,#2078,#2079,#2080,#2081
      ,#2082,#2083,#2084,#2085,#2086,#2087,#2088,#2089,#2090,#2091,#2092
      ,#2093,#2094,#2095,#2096,#2097,#2098,#2099,#2100,#2101,#2102,#2103
      ,#2104,#2105,#2106,#2107,#2108,#2109,#2110,#2111,#2112,#2113,#2114
      ,#2115,#2116,#2117,#2118,#2119,#2120,#2121,#2122,#2123,#2124,#2125
      ,#2126,#2127,#2128,#2129,#2130,#2131,#2132)
    ,(#2133,#2134,#2135,#2136,#2137,#2138,#2139,#2140,#2141,#2142,#2143
      ,#2144,#2145,#2146,#2147,#2148,#2149,#2150,#2151,#2152,#2153,#2154
      ,#2155,#2156,#2157,#2158,#2159,#2160,#2161,#2162,#2163,#2164,#2165
      ,#2166,#2167,#2168,#2169,#2170,#2171,#2172,#2173,#2174,#2175,#2176
      ,#2177,#2178,#2179,#2180,#2181,#2182,#2183,#2184,#2185,#2186,#2187
      ,#2188,#2189,#2190,#2191,#2192,#2193,#2194)
    ,(#2195,#2196,#2197,#2198,#2199,#2200,#2201,#2202,#2203,#2204,#2205
      ,#2206,#2207,#2208,#2209,#2210,#2211,#2212,#2213,#2214,#2215,#2216
      ,#2217,#2218,#2219,#2220,#2221,#2222,#2223,#2224,#2225,#2226,#2227
      ,#2228,#2229,#2230,#2231,#2232,#2233,#2234,#2235,#2236,#2237,#2238
      ,#2239,#2240,#2241,#2242,#2243,#2244,#2245,#2246,#2247,#2248,#2249
      ,#2250,#2251,#2252,#2253,#2254,#2255,#2256
)),.UNSPECIFIED.,.F.,.F.,.F.) B_SPLINE_SURFACE_WITH_KNOTS((3,3),(14,12,
    12,12,12,14),(0.,29.569439817248),(38.56636306572,39.363015268433,
    42.305562254421,46.044761443121,53.33433679582,68.135802882968),
.UNSPECIFIED.) GEOMETRIC_REPRESENTATION_ITEM() RATIONAL_B_SPLINE_SURFACE
((
    (1.,1.,1.000000000001,0.999999999998,1.000000000003,0.999999999996
      ,1.000000000005,0.999999999996,1.000000000003,0.999999999999,1.,1.
      ,1.,1.,0.999999999998,1.000000000005,0.999999999989,1.000000000016
      ,0.99999999998,1.000000000019,0.999999999985,1.000000000009
      ,0.999999999996,1.000000000001,1.,1.,1.,0.999999999999
      ,1.000000000002,0.999999999998,1.000000000002,0.999999999998
      ,1.000000000001,0.999999999999,1.,1.,1.,1.,1.000000000001
      ,0.999999999999,1.000000000003,0.999999999997,1.000000000004
      ,0.999999999997,1.000000000002,0.999999999999,1.,1.,1.,1.
      ,0.999999999999,1.000000000002,0.999999999995,1.000000000007
      ,0.999999999991,1.000000000008,0.999999999994,1.000000000004
      ,0.999999999998,1.000000000001,1.,1.)
    ,(0.753205121835,0.753397995051,0.753592685754,0.753787951088
      ,0.753983157755,0.754178070863,0.754372682428,0.754567079271
      ,0.754761350669,0.754955535338,0.755149608164,0.755343506341
      ,0.755537195145,0.756445781079,0.757158653399,0.757868872684
      ,0.758575926179,0.759279305974,0.759978508811,0.760673036379
      ,0.76136239494,0.762046095725,0.762723654584,0.763394592242
      ,0.764058434146,0.76554866431,0.76637042099,0.767179029513
      ,0.767973560732,0.768753107382,0.76951678415,0.770263727569
      ,0.770993096149,0.771704070242,0.772395852159,0.773067666085
      ,0.77371875813,0.77557587703,0.776721866632,0.77778097818
      ,0.778748263408,0.779619242546,0.780389930959,0.781056862511
      ,0.781617109721,0.782068300685,0.782408632745,0.782636882948
      ,0.782752415257,0.782760807539,0.782299782987,0.78139086336
      ,0.779947347788,0.778316479956,0.775731646862,0.773719333402
      ,0.770105021141,0.76765347699,0.763694024933,0.760562605422
      ,0.756730109739,0.753233919363)
    ,(1.,1.,1.000000000001,0.999999999998,1.000000000003,0.999999999996
      ,1.000000000005,0.999999999996,1.000000000003,0.999999999999,1.,1.
      ,1.,1.,0.999999999998,1.000000000005,0.999999999989,1.000000000016
      ,0.99999999998,1.000000000019,0.999999999985,1.000000000009
      ,0.999999999996,1.000000000001,1.,1.,1.,0.999999999999
      ,1.000000000002,0.999999999998,1.000000000002,0.999999999998
      ,1.000000000001,0.999999999999,1.,1.,1.,1.,1.000000000001
      ,0.999999999999,1.000000000003,0.999999999997,1.000000000004
      ,0.999999999997,1.000000000002,0.999999999999,1.,1.,1.,1.
      ,0.999999999999,1.000000000002,0.999999999995,1.000000000007
      ,0.999999999991,1.000000000008,0.999999999994,1.000000000004
,0.999999999998,1.000000000001,1.,1.
  ))) REPRESENTATION_ITEM('') SURFACE() );
#2071 = CARTESIAN_POINT('',(-9.49558337547,9.,19.716728891278));
#2072 = CARTESIAN_POINT('',(-9.49583784082,9.06108288759,19.711873403288
    ));
#2073 = CARTESIAN_POINT('',(-9.49566676,9.122457407465,19.706998238469)
  );
#2074 = CARTESIAN_POINT('',(-9.49506516297,9.183937089627,
    19.702115628295));
#2075 = CARTESIAN_POINT('',(-9.49403141332,9.245423151385,
    19.697232151287));
#2076 = CARTESIAN_POINT('',(-9.49256579007,9.306875120902,
    19.692350599586));
#2077 = CARTESIAN_POINT('',(-9.49066937726,9.368286791712,
    19.687471511704));
#2078 = CARTESIAN_POINT('',(-9.48834326304,9.429667507864,
    19.682594371452));
#2079 = CARTESIAN_POINT('',(-9.48558804587,9.491028780119,
    19.677718473052));
#2080 = CARTESIAN_POINT('',(-9.48240365074,9.55237623277,19.672843452412
    ));
#2081 = CARTESIAN_POINT('',(-9.47878945236,9.613706881437,
    19.667969484595));
#2082 = CARTESIAN_POINT('',(-9.474744708,9.67501174161,19.663097147458)
  );
#2083 = CARTESIAN_POINT('',(-9.47026929804,9.736283768048,
    19.658226951466));
#2084 = CARTESIAN_POINT('',(-9.44724923104,10.023756854358,
    19.63537635713));
#2085 = CARTESIAN_POINT('',(-9.42327069574,10.249588999556,
    19.617421239274));
#2086 = CARTESIAN_POINT('',(-9.39343595706,10.474861035071,
    19.599506442433));
#2087 = CARTESIAN_POINT('',(-9.35775693958,10.699407093991,
    19.581645188331));
#2088 = CARTESIAN_POINT('',(-9.31625070475,10.923061968122,
    19.563850660099));
#2089 = CARTESIAN_POINT('',(-9.26893945116,11.145661107835,
    19.546136002285));
#2090 = CARTESIAN_POINT('',(-9.21585051408,11.36704062223,
    19.528514320849));
#2091 = CARTESIAN_POINT('',(-9.15701636609,11.587037279015,
    19.51099868316));
#2092 = CARTESIAN_POINT('',(-9.09247461639,11.805488504545,
    19.493602118005));
#2093 = CARTESIAN_POINT('',(-9.02226801142,12.022232383865,
    19.476337615578));
#2094 = CARTESIAN_POINT('',(-8.946444434396,12.237107660621,
    19.459218127491));
#2095 = CARTESIAN_POINT('',(-8.865056905595,12.44995373715,
    19.442256566763));
#2096 = CARTESIAN_POINT('',(-8.667745143426,12.928299942481,
    19.404129192823));
#2097 = CARTESIAN_POINT('',(-8.54843498399,13.192462606277,
    19.383067688374));
#2098 = CARTESIAN_POINT('',(-8.420351131908,13.452773519636,
    19.362307488059));
#2099 = CARTESIAN_POINT('',(-8.283623926296,13.70891355829,
    19.341874324583));
#2100 = CARTESIAN_POINT('',(-8.138396017233,13.960569619842,
    19.321793469801));
#2101 = CARTESIAN_POINT('',(-7.984822366059,14.20743462381,
    19.302089734678));
#2102 = CARTESIAN_POINT('',(-7.823070244911,14.449207511574,
    19.28278746935));
#2103 = CARTESIAN_POINT('',(-7.653319237318,14.685593246429,
    19.263910563044));
#2104 = CARTESIAN_POINT('',(-7.475761237569,14.916302813537,
    19.245482444168));
#2105 = CARTESIAN_POINT('',(-7.290600451272,15.14105321997,
    19.227526080227));
#2106 = CARTESIAN_POINT('',(-7.09805339494,15.359567494673,
    19.210063977888));
#2107 = CARTESIAN_POINT('',(-6.898348896248,15.571574688492,
    19.193118182937));
#2108 = CARTESIAN_POINT('',(-6.288920478656,16.176916227261,
    19.144723045449));
#2109 = CARTESIAN_POINT('',(-5.859826093314,16.551306562246,
    19.11477829732));
#2110 = CARTESIAN_POINT('',(-5.406220675899,16.898043759409,
    19.087033681288));
#2111 = CARTESIAN_POINT('',(-4.9300612976,17.215327687219,19.06163603543
    ));
#2112 = CARTESIAN_POINT('',(-4.433462672124,17.50151273318,
    19.038719855677));
#2113 = CARTESIAN_POINT('',(-3.918675400805,17.755123359288,
    19.018405933708));
#2114 = CARTESIAN_POINT('',(-3.388066154157,17.974867682835,
    19.000800167535));
#2115 = CARTESIAN_POINT('',(-2.844099788903,18.159649081332,
    18.985992544847));
#2116 = CARTESIAN_POINT('',(-2.289323401642,18.308575823196,
    18.974056299039));
#2117 = CARTESIAN_POINT('',(-1.72635231796,18.420968722353,
    18.965047238004));
#2118 = CARTESIAN_POINT('',(-1.157858018034,18.496366818511,
    18.959003245607));
#2119 = CARTESIAN_POINT('',(-0.586557997951,18.534531081699,
    18.955943955917));
#2120 = CARTESIAN_POINT('',(1.144918176093,18.537304169882,
    18.955721651399));
#2121 = CARTESIAN_POINT('',(2.305353204155,18.385786997297,
    18.967858376918));
#2122 = CARTESIAN_POINT('',(3.442578126385,18.0789679971,18.992530371831
    ));
#2123 = CARTESIAN_POINT('',(4.53689243253,17.630707510298,
    19.028126177792));
#2124 = CARTESIAN_POINT('',(5.557942415368,17.014777030505,
    19.07839783353));
#2125 = CARTESIAN_POINT('',(6.501858296118,16.326551298496,
    19.131597603562));
#2126 = CARTESIAN_POINT('',(7.334713482465,15.42199593192,
    19.206895325888));
#2127 = CARTESIAN_POINT('',(8.041499856229,14.543385829431,
    19.273535506879));
#2128 = CARTESIAN_POINT('',(8.630829348483,13.469444242301,
    19.362664923991));
#2129 = CARTESIAN_POINT('',(9.061904968403,12.408874182162,
    19.444622760617));
#2130 = CARTESIAN_POINT('',(9.358910626879,11.282814951526,
    19.535840527469));
#2131 = CARTESIAN_POINT('',(9.500312449605,10.132632250932,
    19.626492781464));
#2132 = CARTESIAN_POINT('',(9.495577392917,9.,19.716843045362));
#2133 = CARTESIAN_POINT('',(-9.43640755732,9.102303507521,
    20.845870766099));
#2134 = CARTESIAN_POINT('',(-9.43604049086,9.163235270828,
    20.840320829948));
#2135 = CARTESIAN_POINT('',(-9.43524405792,9.224165042384,
    20.834770970173));
#2136 = CARTESIAN_POINT('',(-9.43402026309,9.285090222066,
    20.829221284337));
#2137 = CARTESIAN_POINT('',(-9.43237014191,9.346008406316,
    20.823671917554));
#2138 = CARTESIAN_POINT('',(-9.430294098,9.406917102885,20.818123066983)
  );
#2139 = CARTESIAN_POINT('',(-9.42779218004,9.467813574763,
    20.812574978397));
#2140 = CARTESIAN_POINT('',(-9.42486429526,9.528694790903,
    20.807027936846));
#2141 = CARTESIAN_POINT('',(-9.42151036158,9.58955746082,20.801482253513
    ));
#2142 = CARTESIAN_POINT('',(-9.41773039486,9.650398131121,
    20.795938250728));
#2143 = CARTESIAN_POINT('',(-9.41352453559,9.711213320776,
    20.790396247275));
#2144 = CARTESIAN_POINT('',(-9.40889301259,9.771999673531,
    20.784856545928));
#2145 = CARTESIAN_POINT('',(-9.40383604851,9.832754104438,
    20.779319425326));
#2146 = CARTESIAN_POINT('',(-9.37812823216,10.117481710503,
    20.753368022841));
#2147 = CARTESIAN_POINT('',(-9.35211414402,10.341022678698,
    20.73298904261));
#2148 = CARTESIAN_POINT('',(-9.32032072462,10.563933299097,
    20.712663129231));
#2149 = CARTESIAN_POINT('',(-9.28276256442,10.78605081724,
    20.692405158971));
#2150 = CARTESIAN_POINT('',(-9.23945950046,11.00721322696,
    20.672229954455));
#2151 = CARTESIAN_POINT('',(-9.1904365558,11.227259246659,
    20.652152286721));
#2152 = CARTESIAN_POINT('',(-9.13572387995,11.446028294,20.63218687746)
  );
#2153 = CARTESIAN_POINT('',(-9.07535669168,11.663360458527,
    20.612348401393));
#2154 = CARTESIAN_POINT('',(-9.00937522282,11.879096472671,
    20.592651488861));
#2155 = CARTESIAN_POINT('',(-8.93782466454,12.093077681071,
    20.573110728511));
#2156 = CARTESIAN_POINT('',(-8.860755115049,12.305146008116,
    20.553740670202));
#2157 = CARTESIAN_POINT('',(-8.778221529615,12.515143924082,
    20.534555828005));
#2158 = CARTESIAN_POINT('',(-8.578755433675,12.986421812133,
    20.491492546703));
#2159 = CARTESIAN_POINT('',(-8.458528271388,13.246373190056,
    20.46773314781));
#2160 = CARTESIAN_POINT('',(-8.329720586054,13.502450781396,
    20.444321812646));
#2161 = CARTESIAN_POINT('',(-8.192463386042,13.754343545615,
    20.42128727287));
#2162 = CARTESIAN_POINT('',(-8.046900160131,14.001746988027,
    20.398657681791));
#2163 = CARTESIAN_POINT('',(-7.893186760842,14.244362981612,
    20.376460630531));
#2164 = CARTESIAN_POINT('',(-7.731491299454,14.481899586685,
    20.354723164445));
#2165 = CARTESIAN_POINT('',(-7.561994052198,14.714070868819,
    20.333471799654));
#2166 = CARTESIAN_POINT('',(-7.384887378542,14.940596715739,
    20.312732539768));
#2167 = CARTESIAN_POINT('',(-7.200375651143,15.161202653207,
    20.292530892635));
#2168 = CARTESIAN_POINT('',(-7.008675197991,15.37561966079,
    20.272891887191));
#2169 = CARTESIAN_POINT('',(-6.810014256687,15.583583987441,
    20.253840090292));
#2170 = CARTESIAN_POINT('',(-6.205200445258,16.176240537421,
    20.199535983135));
#2171 = CARTESIAN_POINT('',(-5.780218682444,16.542413121973,
    20.165970444908));
#2172 = CARTESIAN_POINT('',(-5.331409947645,16.881479997002,
    20.134877642485));
#2173 = CARTESIAN_POINT('',(-4.860679547994,17.191692041376,
    20.106420842944));
#2174 = CARTESIAN_POINT('',(-4.370091840235,17.471447087852,
    20.080749856153));
#2175 = CARTESIAN_POINT('',(-3.861848237221,17.719308305567,
    20.057999231493));
#2176 = CARTESIAN_POINT('',(-3.338267096553,17.934019781313,
    20.038286726091));
#2177 = CARTESIAN_POINT('',(-2.80176539602,18.114519453865,
    20.02171203007));
#2178 = CARTESIAN_POINT('',(-2.254842087795,18.25994953692,
    20.008355735782));
#2179 = CARTESIAN_POINT('',(-1.700063021078,18.369664549344,
    19.998278539934));
#2180 = CARTESIAN_POINT('',(-1.140047313912,18.443237047936,
    19.991520669367));
#2181 = CARTESIAN_POINT('',(-0.577455055837,18.480461137659,
    19.98810152348));
#2182 = CARTESIAN_POINT('',(1.127123526833,18.483166356559,
    19.987853039563));
#2183 = CARTESIAN_POINT('',(2.270887758424,18.335355103781,
    20.001430288281));
#2184 = CARTESIAN_POINT('',(3.393312630187,18.035139989323,
    20.029003608839));
#2185 = CARTESIAN_POINT('',(4.475138559247,17.597505712847,
    20.069204505533));
#2186 = CARTESIAN_POINT('',(5.485253162905,16.989846278207,
    20.124959656604));
#2187 = CARTESIAN_POINT('',(6.421937187581,16.322535778278,
    20.186231432671));
#2188 = CARTESIAN_POINT('',(7.249300457117,15.420644145026,
    20.268842727606));
#2189 = CARTESIAN_POINT('',(7.951052410036,14.573304482818,
    20.346509822508));
#2190 = CARTESIAN_POINT('',(8.544073621939,13.503781881376,
    20.444311594875));
#2191 = CARTESIAN_POINT('',(8.975534973939,12.465507608611,
    20.539224590991));
#2192 = CARTESIAN_POINT('',(9.277796346491,11.356476418756,
    20.640441513738));
#2193 = CARTESIAN_POINT('',(9.430129595438,10.226643457917,
    20.743464099166));
#2194 = CARTESIAN_POINT('',(9.436387258931,9.098079482466,20.84625808251
    ));
#2195 = CARTESIAN_POINT('',(-8.305018401184,9.103752467318,
    20.940134420091));
#2196 = CARTESIAN_POINT('',(-8.305353897055,9.159548183349,
    20.935003457692));
#2197 = CARTESIAN_POINT('',(-8.305307235655,9.213369140044,
    20.930051388584));
#2198 = CARTESIAN_POINT('',(-8.304895608798,9.266487925707,
    20.925162863223));
#2199 = CARTESIAN_POINT('',(-8.304121637641,9.319565782382,
    20.920277888629));
#2200 = CARTESIAN_POINT('',(-8.302980237479,9.372857612713,
    20.91537328583));
#2201 = CARTESIAN_POINT('',(-8.301463912225,9.426379771677,
    20.910447509721));
#2202 = CARTESIAN_POINT('',(-8.299566480813,9.480040643351,
    20.905508831203));
#2203 = CARTESIAN_POINT('',(-8.297285232165,9.533734002431,
    20.900566881826));
#2204 = CARTESIAN_POINT('',(-8.294621512991,9.587395160933,
    20.895627560638));
#2205 = CARTESIAN_POINT('',(-8.291579743807,9.641019899516,
    20.890691303564));
#2206 = CARTESIAN_POINT('',(-8.288164867414,9.694646184043,
    20.885754715022));
#2207 = CARTESIAN_POINT('',(-8.284378226533,9.748298666815,20.880815562)
  );
#2208 = CARTESIAN_POINT('',(-8.264822858961,9.999865163156,
    20.857655113311));
#2209 = CARTESIAN_POINT('',(-8.24430050311,10.197513747238,
    20.839454975893));
#2210 = CARTESIAN_POINT('',(-8.218649450061,10.394695494855,
    20.821294199581));
#2211 = CARTESIAN_POINT('',(-8.187878876529,10.591264721769,
    20.803186227478));
#2212 = CARTESIAN_POINT('',(-8.152002490817,10.787076289971,
    20.785144464372));
#2213 = CARTESIAN_POINT('',(-8.111038533352,10.9819856074,
    20.767182276774));
#2214 = CARTESIAN_POINT('',(-8.065009775825,11.175848628304,
    20.749312992873));
#2215 = CARTESIAN_POINT('',(-8.013943522337,11.368521852865,
    20.731549902581));
#2216 = CARTESIAN_POINT('',(-7.95787160812,11.559862327514,
    20.713906257496));
#2217 = CARTESIAN_POINT('',(-7.896830400736,11.749727644721,
    20.696395270928));
#2218 = CARTESIAN_POINT('',(-7.830860799135,11.937975943099,
    20.679030117882));
#2219 = CARTESIAN_POINT('',(-7.760008234269,12.124465907375,
    20.66182393507));
#2220 = CARTESIAN_POINT('',(-7.588146326823,12.543622945582,
    20.623143965735));
#2221 = CARTESIAN_POINT('',(-7.48416393873,12.775131344248,
    20.601775123852));
#2222 = CARTESIAN_POINT('',(-7.372477422985,13.003294556047,
    20.580710053086));
#2223 = CARTESIAN_POINT('',(-7.253199597033,13.227830521517,
    20.559975034684));
#2224 = CARTESIAN_POINT('',(-7.126454177262,13.448462530049,
    20.539595873299));
#2225 = CARTESIAN_POINT('',(-6.992375779007,13.664919219903,
    20.51959789701));
#2226 = CARTESIAN_POINT('',(-6.851109916544,13.876934578208,
    20.500005957284));
#2227 = CARTESIAN_POINT('',(-6.702813003109,14.084247940941,
    20.48084442903));
#2228 = CARTESIAN_POINT('',(-6.547652350859,14.286603992962,
    20.462137210538));
#2229 = CARTESIAN_POINT('',(-6.385806170927,14.483752767979,
    20.443907723536));
#2230 = CARTESIAN_POINT('',(-6.217463573363,14.675449648573,
    20.426178913145));
#2231 = CARTESIAN_POINT('',(-6.042824567183,14.861455366184,
    20.408973247907));
#2232 = CARTESIAN_POINT('',(-5.509777318427,15.392603513615,
    20.359832991065));
#2233 = CARTESIAN_POINT('',(-5.134317223314,15.721181143172,
    20.329422368309));
#2234 = CARTESIAN_POINT('',(-4.737262041563,16.025556510032,
    20.301241674997));
#2235 = CARTESIAN_POINT('',(-4.320328308359,16.304131281665,
    20.2754412995));
#2236 = CARTESIAN_POINT('',(-3.885379892432,16.555440873609,
    20.252159264343));
#2237 = CARTESIAN_POINT('',(-3.434404063413,16.778171362194,
    20.23151956419));
#2238 = CARTESIAN_POINT('',(-2.969490562073,16.97117360965,
    20.21363077246));
#2239 = CARTESIAN_POINT('',(-2.492813672846,17.13347460078,
    20.198584916676));
#2240 = CARTESIAN_POINT('',(-2.006617299322,17.264285992279,
    20.186456622425));
#2241 = CARTESIAN_POINT('',(-1.513203042024,17.363009873521,
    20.177302526066));
#2242 = CARTESIAN_POINT('',(-1.014921279066,17.42924173989,
    20.171160956046));
#2243 = CARTESIAN_POINT('',(-0.514165249249,17.462770677829,
    20.168051882945));
#2244 = CARTESIAN_POINT('',(1.003499251802,17.465213514466,
    20.167825369074));
#2245 = CARTESIAN_POINT('',(2.020694646481,17.332209480557,
    20.180166428118));
#2246 = CARTESIAN_POINT('',(3.017603362108,17.061938615068,
    20.205162479541));
#2247 = CARTESIAN_POINT('',(3.976797498997,16.67145368942,20.24164428388
    ));
#2248 = CARTESIAN_POINT('',(4.870935989019,16.11984419046,
    20.291990314464));
#2249 = CARTESIAN_POINT('',(5.692277020137,15.540470128009,
    20.347207503834));
#2250 = CARTESIAN_POINT('',(6.439518344987,14.704582121552,
    20.422227719048));
#2251 = CARTESIAN_POINT('',(7.019110276897,13.982785197379,
    20.491731234492));
#2252 = CARTESIAN_POINT('',(7.579841038509,13.010463659933,
    20.579016666654));
#2253 = CARTESIAN_POINT('',(7.924937422215,12.075177503978,
    20.667202346337));
#2254 = CARTESIAN_POINT('',(8.182900649974,11.105992775263,
    20.755442468599));
#2255 = CARTESIAN_POINT('',(8.313693338684,10.136256700045,
    20.845327783324));
#2256 = CARTESIAN_POINT('',(8.305637862073,9.070988856788,
    20.943073796544));
#2257 = DEFINITIONAL_REPRESENTATION('',(#2258),#2261);
#2258 = B_SPLINE_CURVE_WITH_KNOTS('',1,(#2259,#2260),.UNSPECIFIED.,.F.,
  .F.,(2,2),(0.,20.793311028108),.PIECEWISE_BEZIER_KNOTS.);
#2259 = CARTESIAN_POINT('',(0.,38.56636306572));
#2260 = CARTESIAN_POINT('',(29.569439817248,38.56636306572));
#2261 = ( GEOMETRIC_REPRESENTATION_CONTEXT(2) 
PARAMETRIC_REPRESENTATION_CONTEXT() REPRESENTATION_CONTEXT('2D SPACE',''
  ) );
#2262 = ORIENTED_EDGE('',*,*,#2263,.F.);
#2263 = EDGE_CURVE('',#1618,#2056,#2264,.T.);
#2264 = SURFACE_CURVE('',#2265,(#2300,#2307),.PCURVE_S1.);
#2265 = B_SPLINE_CURVE_WITH_KNOTS('',9,(#2266,#2267,#2268,#2269,#2270,
    #2271,#2272,#2273,#2274,#2275,#2276,#2277,#2278,#2279,#2280,#2281,
    #2282,#2283,#2284,#2285,#2286,#2287,#2288,#2289,#2290,#2291,#2292,
    #2293,#2294,#2295,#2296,#2297,#2298,#2299),.UNSPECIFIED.,.F.,.F.,(10
    ,8,8,8,10),(17.773052037612,17.897613096617,28.180849681757,
    38.464086266898,38.56636306572),.UNSPECIFIED.);
#2266 = CARTESIAN_POINT('',(-9.50931798598,-11.5,19.454656910921));
#2267 = CARTESIAN_POINT('',(-9.5092315689,-11.48562143125,
    19.456305846957));
#2268 = CARTESIAN_POINT('',(-9.50914522939,-11.47130218456,
    19.457953302937));
#2269 = CARTESIAN_POINT('',(-9.50905905212,-11.45704869532,
    19.459597663238));
#2270 = CARTESIAN_POINT('',(-9.50897312645,-11.44286918194,
    19.46123722265));
#2271 = CARTESIAN_POINT('',(-9.50888754645,-11.42877364591,
    19.462870186374));
#2272 = CARTESIAN_POINT('',(-9.50880241087,-11.41477387173,
    19.464494670025));
#2273 = CARTESIAN_POINT('',(-9.50871782316,-11.40088342696,
    19.466108699628));
#2274 = CARTESIAN_POINT('',(-9.50863389148,-11.38711766219,
    19.467710211622));
#2275 = CARTESIAN_POINT('',(-9.50168515595,-10.24875766679,
    19.600299983951));
#2276 = CARTESIAN_POINT('',(-9.49560136081,-9.126450021992,
    19.716385710705));
#2277 = CARTESIAN_POINT('',(-9.49027247385,-8.001953138095,
    19.818066931025));
#2278 = CARTESIAN_POINT('',(-9.48571348888,-6.87728517033,
    19.905057546553));
#2279 = CARTESIAN_POINT('',(-9.48191231846,-5.751361936657,
    19.97758819882));
#2280 = CARTESIAN_POINT('',(-9.47887607333,-4.624882075597,
    20.035523207086));
#2281 = CARTESIAN_POINT('',(-9.47660157885,-3.497682728344,
    20.078923147245));
#2282 = CARTESIAN_POINT('',(-9.47509063481,-2.370075073084,
    20.107753676915));
#2283 = CARTESIAN_POINT('',(-9.47359561037,-0.114411197392,
    20.136280442632));
#2284 = CARTESIAN_POINT('',(-9.47361156982,1.013641304619,
    20.135975918151));
#2285 = CARTESIAN_POINT('',(-9.4743912509,2.141703075504,20.121098717009
    ));
#2286 = CARTESIAN_POINT('',(-9.47593463315,3.269533538639,
    20.091649229281));
#2287 = CARTESIAN_POINT('',(-9.47824166819,4.396924718798,
    20.047628378306));
#2288 = CARTESIAN_POINT('',(-9.48131152944,5.523631031517,
    19.989051936167));
#2289 = CARTESIAN_POINT('',(-9.48514433066,6.649539921694,
    19.915917732299));
#2290 = CARTESIAN_POINT('',(-9.48973884338,7.774420326007,19.82824920697
    ));
#2291 = CARTESIAN_POINT('',(-9.49515132275,8.909865719923,
    19.724972948392));
#2292 = CARTESIAN_POINT('',(-9.49520480438,8.921070985523,
    19.723952457984));
#2293 = CARTESIAN_POINT('',(-9.49525845562,8.932297690517,
    19.722928731471));
#2294 = CARTESIAN_POINT('',(-9.49531226664,8.943543903697,
    19.721901955943));
#2295 = CARTESIAN_POINT('',(-9.49536622766,8.95480769385,19.720872318491
    ));
#2296 = CARTESIAN_POINT('',(-9.49542032885,8.966087129767,
    19.719840006208));
#2297 = CARTESIAN_POINT('',(-9.49547456042,8.977380280238,
    19.718805206183));
#2298 = CARTESIAN_POINT('',(-9.49552891256,8.988685214052,19.71776810551
    ));
#2299 = CARTESIAN_POINT('',(-9.49558337547,9.,19.716728891278));
#2300 = PCURVE('',#1632,#2301);
#2301 = DEFINITIONAL_REPRESENTATION('',(#2302),#2306);
#2302 = LINE('',#2303,#2304);
#2303 = CARTESIAN_POINT('',(0.,0.));
#2304 = VECTOR('',#2305,1.);
#2305 = DIRECTION('',(0.,1.));
#2306 = ( GEOMETRIC_REPRESENTATION_CONTEXT(2) 
PARAMETRIC_REPRESENTATION_CONTEXT() REPRESENTATION_CONTEXT('2D SPACE',''
  ) );
#2307 = PCURVE('',#349,#2308);
#2308 = DEFINITIONAL_REPRESENTATION('',(#2309),#2344);
#2309 = B_SPLINE_CURVE_WITH_KNOTS('',9,(#2310,#2311,#2312,#2313,#2314,
    #2315,#2316,#2317,#2318,#2319,#2320,#2321,#2322,#2323,#2324,#2325,
    #2326,#2327,#2328,#2329,#2330,#2331,#2332,#2333,#2334,#2335,#2336,
    #2337,#2338,#2339,#2340,#2341,#2342,#2343),.UNSPECIFIED.,.F.,.F.,(10
    ,8,8,8,10),(17.773052037612,17.897613096617,28.180849681757,
    38.464086266898,38.56636306572),.UNSPECIFIED.);
#2310 = CARTESIAN_POINT('',(20.5,-6.153776626073));
#2311 = CARTESIAN_POINT('',(20.485621431255,-6.152125427126));
#2312 = CARTESIAN_POINT('',(20.471302184566,-6.150475710266));
#2313 = CARTESIAN_POINT('',(20.457048695322,-6.148829093334));
#2314 = CARTESIAN_POINT('',(20.442869181948,-6.147187283879));
#2315 = CARTESIAN_POINT('',(20.428773645917,-6.145552079164));
#2316 = CARTESIAN_POINT('',(20.414773871737,-6.14392536616));
#2317 = CARTESIAN_POINT('',(20.400883426964,-6.142309121549));
#2318 = CARTESIAN_POINT('',(20.38711766219,-6.140705411727));
#2319 = CARTESIAN_POINT('',(19.248757666794,-6.007933680354));
#2320 = CARTESIAN_POINT('',(18.126450021992,-5.891688643818));
#2321 = CARTESIAN_POINT('',(17.001953138095,-5.789867881682));
#2322 = CARTESIAN_POINT('',(15.87728517033,-5.702757884931));
#2323 = CARTESIAN_POINT('',(14.751361936657,-5.630127695514));
#2324 = CARTESIAN_POINT('',(13.624882075597,-5.572113180371));
#2325 = CARTESIAN_POINT('',(12.497682728344,-5.528653680478));
#2326 = CARTESIAN_POINT('',(11.370075073084,-5.499783585346));
#2327 = CARTESIAN_POINT('',(9.114411197392,-5.471217671036));
#2328 = CARTESIAN_POINT('',(7.986358695381,-5.47152261343));
#2329 = CARTESIAN_POINT('',(6.858296924496,-5.48642023124));
#2330 = CARTESIAN_POINT('',(5.730466461361,-5.515910133854));
#2331 = CARTESIAN_POINT('',(4.603075281202,-5.559991396668));
#2332 = CARTESIAN_POINT('',(3.476368968483,-5.618648225953));
#2333 = CARTESIAN_POINT('',(2.350460078306,-5.691882795253));
#2334 = CARTESIAN_POINT('',(1.225579673993,-5.779671632131));
#2335 = CARTESIAN_POINT('',(9.0134280077E-02,-5.88308962147));
#2336 = CARTESIAN_POINT('',(7.8929014477E-02,-5.884111512343));
#2337 = CARTESIAN_POINT('',(6.7702309483E-02,-5.885136643764));
#2338 = CARTESIAN_POINT('',(5.6456096303E-02,-5.886164828383));
#2339 = CARTESIAN_POINT('',(4.519230615E-02,-5.887195878854));
#2340 = CARTESIAN_POINT('',(3.3912870233E-02,-5.888229607826));
#2341 = CARTESIAN_POINT('',(2.2619719762E-02,-5.889265827955));
#2342 = CARTESIAN_POINT('',(1.1314785948E-02,-5.890304351889));
#2343 = CARTESIAN_POINT('',(0.,-5.891344992282));
#2344 = ( GEOMETRIC_REPRESENTATION_CONTEXT(2) 
PARAMETRIC_REPRESENTATION_CONTEXT() REPRESENTATION_CONTEXT('2D SPACE',''
  ) );
#2345 = ADVANCED_FACE('',(#2346),#2070,.F.);
#2346 = FACE_BOUND('',#2347,.F.);
#2347 = EDGE_LOOP('',(#2348,#2349,#2520,#2602));
#2348 = ORIENTED_EDGE('',*,*,#2055,.T.);
#2349 = ORIENTED_EDGE('',*,*,#2350,.T.);
#2350 = EDGE_CURVE('',#1843,#2351,#2353,.T.);
#2351 = VERTEX_POINT('',#2352);
#2352 = CARTESIAN_POINT('',(8.305637862073,9.070988856788,
    20.943073796544));
#2353 = SURFACE_CURVE('',#2354,(#2417,#2424),.PCURVE_S1.);
#2354 = ( BOUNDED_CURVE() B_SPLINE_CURVE(13,(#2355,#2356,#2357,#2358,
    #2359,#2360,#2361,#2362,#2363,#2364,#2365,#2366,#2367,#2368,#2369,
    #2370,#2371,#2372,#2373,#2374,#2375,#2376,#2377,#2378,#2379,#2380,
    #2381,#2382,#2383,#2384,#2385,#2386,#2387,#2388,#2389,#2390,#2391,
    #2392,#2393,#2394,#2395,#2396,#2397,#2398,#2399,#2400,#2401,#2402,
    #2403,#2404,#2405,#2406,#2407,#2408,#2409,#2410,#2411,#2412,#2413,
#2414,#2415,#2416),.UNSPECIFIED.,.F.,.F.) B_SPLINE_CURVE_WITH_KNOTS((14,
    12,12,12,12,14),(38.56636306572,39.363015268433,42.305562254421,
46.044761443121,53.33433679582,68.135802882968),.UNSPECIFIED.) CURVE() 
GEOMETRIC_REPRESENTATION_ITEM() RATIONAL_B_SPLINE_CURVE((1.,1.,
    1.000000000001,0.999999999998,1.000000000003,0.999999999996,
    1.000000000005,0.999999999996,1.000000000003,0.999999999999,1.,1.,1.
    ,1.,0.999999999998,1.000000000005,0.999999999989,1.000000000016,
    0.99999999998,1.000000000019,0.999999999985,1.000000000009,
    0.999999999996,1.000000000001,1.,1.,1.,0.999999999999,1.000000000002
    ,0.999999999998,1.000000000002,0.999999999998,1.000000000001,
    0.999999999999,1.,1.,1.,1.,1.000000000001,0.999999999999,
    1.000000000003,0.999999999997,1.000000000004,0.999999999997,
    1.000000000002,0.999999999999,1.,1.,1.,1.,0.999999999999,
    1.000000000002,0.999999999995,1.000000000007,0.999999999991,
    1.000000000008,0.999999999994,1.000000000004,0.999999999998,
1.000000000001,1.,1.)) REPRESENTATION_ITEM('') );
#2355 = CARTESIAN_POINT('',(-8.305018401184,9.103752467318,
    20.940134420091));
#2356 = CARTESIAN_POINT('',(-8.305353897055,9.159548183349,
    20.935003457692));
#2357 = CARTESIAN_POINT('',(-8.305307235655,9.213369140044,
    20.930051388584));
#2358 = CARTESIAN_POINT('',(-8.304895608798,9.266487925707,
    20.925162863223));
#2359 = CARTESIAN_POINT('',(-8.304121637641,9.319565782382,
    20.920277888629));
#2360 = CARTESIAN_POINT('',(-8.302980237479,9.372857612713,
    20.91537328583));
#2361 = CARTESIAN_POINT('',(-8.301463912225,9.426379771677,
    20.910447509721));
#2362 = CARTESIAN_POINT('',(-8.299566480813,9.480040643351,
    20.905508831203));
#2363 = CARTESIAN_POINT('',(-8.297285232165,9.533734002431,
    20.900566881826));
#2364 = CARTESIAN_POINT('',(-8.294621512991,9.587395160933,
    20.895627560638));
#2365 = CARTESIAN_POINT('',(-8.291579743807,9.641019899516,
    20.890691303564));
#2366 = CARTESIAN_POINT('',(-8.288164867414,9.694646184043,
    20.885754715022));
#2367 = CARTESIAN_POINT('',(-8.284378226533,9.748298666815,20.880815562)
  );
#2368 = CARTESIAN_POINT('',(-8.264822858961,9.999865163156,
    20.857655113311));
#2369 = CARTESIAN_POINT('',(-8.24430050311,10.197513747238,
    20.839454975893));
#2370 = CARTESIAN_POINT('',(-8.218649450061,10.394695494855,
    20.821294199581));
#2371 = CARTESIAN_POINT('',(-8.187878876529,10.591264721769,
    20.803186227478));
#2372 = CARTESIAN_POINT('',(-8.152002490817,10.787076289971,
    20.785144464372));
#2373 = CARTESIAN_POINT('',(-8.111038533352,10.9819856074,
    20.767182276774));
#2374 = CARTESIAN_POINT('',(-8.065009775825,11.175848628304,
    20.749312992873));
#2375 = CARTESIAN_POINT('',(-8.013943522337,11.368521852865,
    20.731549902581));
#2376 = CARTESIAN_POINT('',(-7.95787160812,11.559862327514,
    20.713906257496));
#2377 = CARTESIAN_POINT('',(-7.896830400736,11.749727644721,
    20.696395270928));
#2378 = CARTESIAN_POINT('',(-7.830860799135,11.937975943099,
    20.679030117882));
#2379 = CARTESIAN_POINT('',(-7.760008234269,12.124465907375,
    20.66182393507));
#2380 = CARTESIAN_POINT('',(-7.588146326823,12.543622945582,
    20.623143965735));
#2381 = CARTESIAN_POINT('',(-7.48416393873,12.775131344248,
    20.601775123852));
#2382 = CARTESIAN_POINT('',(-7.372477422985,13.003294556047,
    20.580710053086));
#2383 = CARTESIAN_POINT('',(-7.253199597033,13.227830521517,
    20.559975034684));
#2384 = CARTESIAN_POINT('',(-7.126454177262,13.448462530049,
    20.539595873299));
#2385 = CARTESIAN_POINT('',(-6.992375779007,13.664919219903,
    20.51959789701));
#2386 = CARTESIAN_POINT('',(-6.851109916544,13.876934578208,
    20.500005957284));
#2387 = CARTESIAN_POINT('',(-6.702813003109,14.084247940941,
    20.48084442903));
#2388 = CARTESIAN_POINT('',(-6.547652350859,14.286603992962,
    20.462137210538));
#2389 = CARTESIAN_POINT('',(-6.385806170927,14.483752767979,
    20.443907723536));
#2390 = CARTESIAN_POINT('',(-6.217463573363,14.675449648573,
    20.426178913145));
#2391 = CARTESIAN_POINT('',(-6.042824567183,14.861455366184,
    20.408973247907));
#2392 = CARTESIAN_POINT('',(-5.509777318427,15.392603513615,
    20.359832991065));
#2393 = CARTESIAN_POINT('',(-5.134317223314,15.721181143172,
    20.329422368309));
#2394 = CARTESIAN_POINT('',(-4.737262041563,16.025556510032,
    20.301241674997));
#2395 = CARTESIAN_POINT('',(-4.320328308359,16.304131281665,
    20.2754412995));
#2396 = CARTESIAN_POINT('',(-3.885379892432,16.555440873609,
    20.252159264343));
#2397 = CARTESIAN_POINT('',(-3.434404063413,16.778171362194,
    20.23151956419));
#2398 = CARTESIAN_POINT('',(-2.969490562073,16.97117360965,
    20.21363077246));
#2399 = CARTESIAN_POINT('',(-2.492813672846,17.13347460078,
    20.198584916676));
#2400 = CARTESIAN_POINT('',(-2.006617299322,17.264285992279,
    20.186456622425));
#2401 = CARTESIAN_POINT('',(-1.513203042024,17.363009873521,
    20.177302526066));
#2402 = CARTESIAN_POINT('',(-1.014921279066,17.42924173989,
    20.171160956046));
#2403 = CARTESIAN_POINT('',(-0.514165249249,17.462770677829,
    20.168051882945));
#2404 = CARTESIAN_POINT('',(1.003499251802,17.465213514466,
    20.167825369074));
#2405 = CARTESIAN_POINT('',(2.020694646481,17.332209480557,
    20.180166428118));
#2406 = CARTESIAN_POINT('',(3.017603362108,17.061938615068,
    20.205162479541));
#2407 = CARTESIAN_POINT('',(3.976797498997,16.67145368942,20.24164428388
    ));
#2408 = CARTESIAN_POINT('',(4.870935989019,16.11984419046,
    20.291990314464));
#2409 = CARTESIAN_POINT('',(5.692277020137,15.540470128009,
    20.347207503834));
#2410 = CARTESIAN_POINT('',(6.439518344987,14.704582121552,
    20.422227719048));
#2411 = CARTESIAN_POINT('',(7.019110276897,13.982785197379,
    20.491731234492));
#2412 = CARTESIAN_POINT('',(7.579841038509,13.010463659933,
    20.579016666654));
#2413 = CARTESIAN_POINT('',(7.924937422215,12.075177503978,
    20.667202346337));
#2414 = CARTESIAN_POINT('',(8.182900649974,11.105992775263,
    20.755442468599));
#2415 = CARTESIAN_POINT('',(8.313693338684,10.136256700045,
    20.845327783324));
#2416 = CARTESIAN_POINT('',(8.305637862073,9.070988856788,
    20.943073796544));
#2417 = PCURVE('',#2070,#2418);
#2418 = DEFINITIONAL_REPRESENTATION('',(#2419),#2423);
#2419 = LINE('',#2420,#2421);
#2420 = CARTESIAN_POINT('',(29.569439817248,0.));
#2421 = VECTOR('',#2422,1.);
#2422 = DIRECTION('',(0.,1.));
#2423 = ( GEOMETRIC_REPRESENTATION_CONTEXT(2) 
PARAMETRIC_REPRESENTATION_CONTEXT() REPRESENTATION_CONTEXT('2D SPACE',''
  ) );
#2424 = PCURVE('',#720,#2425);
#2425 = DEFINITIONAL_REPRESENTATION('',(#2426),#2519);
#2426 = B_SPLINE_CURVE_WITH_KNOTS('',11,(#2427,#2428,#2429,#2430,#2431,
    #2432,#2433,#2434,#2435,#2436,#2437,#2438,#2439,#2440,#2441,#2442,
    #2443,#2444,#2445,#2446,#2447,#2448,#2449,#2450,#2451,#2452,#2453,
    #2454,#2455,#2456,#2457,#2458,#2459,#2460,#2461,#2462,#2463,#2464,
    #2465,#2466,#2467,#2468,#2469,#2470,#2471,#2472,#2473,#2474,#2475,
    #2476,#2477,#2478,#2479,#2480,#2481,#2482,#2483,#2484,#2485,#2486,
    #2487,#2488,#2489,#2490,#2491,#2492,#2493,#2494,#2495,#2496,#2497,
    #2498,#2499,#2500,#2501,#2502,#2503,#2504,#2505,#2506,#2507,#2508,
    #2509,#2510,#2511,#2512,#2513,#2514,#2515,#2516,#2517,#2518),
  .UNSPECIFIED.,.F.,.F.,(12,10,10,10,10,10,10,10,10,12),(38.56636306572,
    39.028385562865,39.259396811437,39.490408060009,40.414453054298,
    42.262543042876,45.958723020032,53.351082974344,60.743442928656,
    68.135802882968),.UNSPECIFIED.);
#2427 = CARTESIAN_POINT('',(2.310345514802,1.447625606505));
#2428 = CARTESIAN_POINT('',(2.308267756677,1.44734021955));
#2429 = CARTESIAN_POINT('',(2.306240944804,1.447062468619));
#2430 = CARTESIAN_POINT('',(2.304241314517,1.446789146989));
#2431 = CARTESIAN_POINT('',(2.30225336256,1.446518167996));
#2432 = CARTESIAN_POINT('',(2.30026778104,1.4462482838));
#2433 = CARTESIAN_POINT('',(2.298279681431,1.445978843747));
#2434 = CARTESIAN_POINT('',(2.296287108719,1.445709592401));
#2435 = CARTESIAN_POINT('',(2.294289845583,1.445440507156));
#2436 = CARTESIAN_POINT('',(2.292288506704,1.445171675519));
#2437 = CARTESIAN_POINT('',(2.29028392314,1.444903211991));
#2438 = CARTESIAN_POINT('',(2.287273263627,1.444501215901));
#2439 = CARTESIAN_POINT('',(2.286269085483,1.444367334649));
#2440 = CARTESIAN_POINT('',(2.285264371886,1.444233582824));
#2441 = CARTESIAN_POINT('',(2.284259197033,1.444099970325));
#2442 = CARTESIAN_POINT('',(2.283253619814,1.443966504967));
#2443 = CARTESIAN_POINT('',(2.282247683786,1.443833192488));
#2444 = CARTESIAN_POINT('',(2.281241417206,1.443700036536));
#2445 = CARTESIAN_POINT('',(2.280234832993,1.443567038686));
#2446 = CARTESIAN_POINT('',(2.279227928767,1.443434198422));
#2447 = CARTESIAN_POINT('',(2.278220686816,1.443301513153));
#2448 = CARTESIAN_POINT('',(2.276205461421,1.443036443248));
#2449 = CARTESIAN_POINT('',(2.275197563511,1.442904070611));
#2450 = CARTESIAN_POINT('',(2.274189127096,1.442771824929));
#2451 = CARTESIAN_POINT('',(2.273180451017,1.442639748006));
#2452 = CARTESIAN_POINT('',(2.272171745582,1.442507869292));
#2453 = CARTESIAN_POINT('',(2.271162958909,1.442376181619));
#2454 = CARTESIAN_POINT('',(2.270153890509,1.442244657073));
#2455 = CARTESIAN_POINT('',(2.269144412361,1.442113277872));
#2456 = CARTESIAN_POINT('',(2.268134617694,1.441982057155));
#2457 = CARTESIAN_POINT('',(2.267124717736,1.441851024543));
#2458 = CARTESIAN_POINT('',(2.262073662304,1.441196658654));
#2459 = CARTESIAN_POINT('',(2.258028698731,1.440675837061));
#2460 = CARTESIAN_POINT('',(2.253979689508,1.440157703324));
#2461 = CARTESIAN_POINT('',(2.249926705805,1.439642273951));
#2462 = CARTESIAN_POINT('',(2.245869816381,1.439129565232));
#2463 = CARTESIAN_POINT('',(2.241809087592,1.438619593228));
#2464 = CARTESIAN_POINT('',(2.237744583379,1.438112373779));
#2465 = CARTESIAN_POINT('',(2.233676365282,1.437607922496));
#2466 = CARTESIAN_POINT('',(2.229604492426,1.437106254772));
#2467 = CARTESIAN_POINT('',(2.225529021533,1.43660738577));
#2468 = CARTESIAN_POINT('',(2.213291977679,1.435119219757));
#2469 = CARTESIAN_POINT('',(2.205119788618,1.434138365472));
#2470 = CARTESIAN_POINT('',(2.196933877329,1.433168887981));
#2471 = CARTESIAN_POINT('',(2.188734666142,1.432210907102));
#2472 = CARTESIAN_POINT('',(2.180522562138,1.431264542072));
#2473 = CARTESIAN_POINT('',(2.172297957112,1.430329911541));
#2474 = CARTESIAN_POINT('',(2.164061227626,1.429407133582));
#2475 = CARTESIAN_POINT('',(2.155812734949,1.428496325677));
#2476 = CARTESIAN_POINT('',(2.147552825112,1.42759760473));
#2477 = CARTESIAN_POINT('',(2.13928182887,1.426711087059));
#2478 = CARTESIAN_POINT('',(2.114436527416,1.42408849108));
#2479 = CARTESIAN_POINT('',(2.097829772763,1.42238933056));
#2480 = CARTESIAN_POINT('',(2.081181891803,1.420740279635));
#2481 = CARTESIAN_POINT('',(2.064495223711,1.419142236445));
#2482 = CARTESIAN_POINT('',(2.047771832435,1.417596058364));
#2483 = CARTESIAN_POINT('',(2.031013387613,1.416102547357));
#2484 = CARTESIAN_POINT('',(2.014221299297,1.414662466901));
#2485 = CARTESIAN_POINT('',(1.997396959455,1.413276570758));
#2486 = CARTESIAN_POINT('',(1.980541942715,1.41194562367));
#2487 = CARTESIAN_POINT('',(1.963658019286,1.410670394254));
#2488 = CARTESIAN_POINT('',(1.912924459312,1.407014012111));
#2489 = CARTESIAN_POINT('',(1.878992996094,1.404802132816));
#2490 = CARTESIAN_POINT('',(1.844957476935,1.402821026401));
#2491 = CARTESIAN_POINT('',(1.810850317004,1.401077790064));
#2492 = CARTESIAN_POINT('',(1.776649193425,1.399573739136));
#2493 = CARTESIAN_POINT('',(1.742423339141,1.398317436136));
#2494 = CARTESIAN_POINT('',(1.708117501289,1.397307145833));
#2495 = CARTESIAN_POINT('',(1.673801452651,1.39654929677));
#2496 = CARTESIAN_POINT('',(1.639442165614,1.39604298059));
#2497 = CARTESIAN_POINT('',(1.605074127762,1.395790246136));
#2498 = CARTESIAN_POINT('',(1.536336665498,1.395791447397));
#2499 = CARTESIAN_POINT('',(1.501967572031,1.396045325394));
#2500 = CARTESIAN_POINT('',(1.467610329531,1.396552970508));
#2501 = CARTESIAN_POINT('',(1.433275600882,1.397312563746));
#2502 = CARTESIAN_POINT('',(1.398986228196,1.39832310589));
#2503 = CARTESIAN_POINT('',(1.364751855034,1.399582087834));
#2504 = CARTESIAN_POINT('',(1.330571838195,1.401085669384));
#2505 = CARTESIAN_POINT('',(1.29645587472,1.402830365827));
#2506 = CARTESIAN_POINT('',(1.262426213671,1.404812542851));
#2507 = CARTESIAN_POINT('',(1.228492182363,1.407025591528));
#2508 = CARTESIAN_POINT('',(1.160841882012,1.411903398276));
#2509 = CARTESIAN_POINT('',(1.127125610704,1.41456804722));
#2510 = CARTESIAN_POINT('',(1.093529012322,1.417452910109));
#2511 = CARTESIAN_POINT('',(1.060071715718,1.420551498942));
#2512 = CARTESIAN_POINT('',(1.026747680664,1.423858503961));
#2513 = CARTESIAN_POINT('',(0.993659161283,1.427360839035));
#2514 = CARTESIAN_POINT('',(0.960777541839,1.43105170654));
#2515 = CARTESIAN_POINT('',(0.928503320318,1.434890133741));
#2516 = CARTESIAN_POINT('',(0.896127462482,1.438904441442));
#2517 = CARTESIAN_POINT('',(0.86365321567,1.443173461665));
#2518 = CARTESIAN_POINT('',(0.829414569363,1.447864368102));
#2519 = ( GEOMETRIC_REPRESENTATION_CONTEXT(2) 
PARAMETRIC_REPRESENTATION_CONTEXT() REPRESENTATION_CONTEXT('2D SPACE',''
  ) );
#2520 = ORIENTED_EDGE('',*,*,#2521,.F.);
#2521 = EDGE_CURVE('',#2522,#2351,#2524,.T.);
#2522 = VERTEX_POINT('',#2523);
#2523 = CARTESIAN_POINT('',(9.495577392917,9.,19.716843045362));
#2524 = SURFACE_CURVE('',#2525,(#2529,#2535),.PCURVE_S1.);
#2525 = ( BOUNDED_CURVE() B_SPLINE_CURVE(2,(#2526,#2527,#2528),
.UNSPECIFIED.,.F.,.F.) B_SPLINE_CURVE_WITH_KNOTS((3,3),(0.,
29.569439817248),.PIECEWISE_BEZIER_KNOTS.) CURVE() 
GEOMETRIC_REPRESENTATION_ITEM() RATIONAL_B_SPLINE_CURVE((1.,
0.753233919363,1.)) REPRESENTATION_ITEM('') );
#2526 = CARTESIAN_POINT('',(9.495577392917,9.,19.716843045362));
#2527 = CARTESIAN_POINT('',(9.436387258931,9.098079482466,20.84625808251
    ));
#2528 = CARTESIAN_POINT('',(8.305637862073,9.070988856788,
    20.943073796544));
#2529 = PCURVE('',#2070,#2530);
#2530 = DEFINITIONAL_REPRESENTATION('',(#2531),#2534);
#2531 = B_SPLINE_CURVE_WITH_KNOTS('',1,(#2532,#2533),.UNSPECIFIED.,.F.,
  .F.,(2,2),(0.,29.569439817248),.PIECEWISE_BEZIER_KNOTS.);
#2532 = CARTESIAN_POINT('',(0.,68.135802882968));
#2533 = CARTESIAN_POINT('',(29.569439817248,68.135802882968));
#2534 = ( GEOMETRIC_REPRESENTATION_CONTEXT(2) 
PARAMETRIC_REPRESENTATION_CONTEXT() REPRESENTATION_CONTEXT('2D SPACE',''
  ) );
#2535 = PCURVE('',#2536,#2597);
#2536 = ( BOUNDED_SURFACE() B_SPLINE_SURFACE(2,10,(
    (#2537,#2538,#2539,#2540,#2541,#2542,#2543,#2544,#2545,#2546,#2547
      ,#2548,#2549,#2550,#2551,#2552,#2553,#2554,#2555,#2556)
    ,(#2557,#2558,#2559,#2560,#2561,#2562,#2563,#2564,#2565,#2566,#2567
      ,#2568,#2569,#2570,#2571,#2572,#2573,#2574,#2575,#2576)
    ,(#2577,#2578,#2579,#2580,#2581,#2582,#2583,#2584,#2585,#2586,#2587
      ,#2588,#2589,#2590,#2591,#2592,#2593,#2594,#2595,#2596
)),.UNSPECIFIED.,.F.,.F.,.F.) B_SPLINE_SURFACE_WITH_KNOTS((3,3),(11,9,11
    ),(0.,9.12277058829),(68.135802882968,68.233728642463,
77.258573471257),.UNSPECIFIED.) GEOMETRIC_REPRESENTATION_ITEM() 
RATIONAL_B_SPLINE_SURFACE((
    (1.,1.,1.,1.,1.,1.,1.,1.,1.,1.,1.,1.,1.,1.,1.,1.,1.,1.,1.,1.)
    ,(0.753233919363,0.7532329784,0.753232064556,0.753231177314
      ,0.753230316163,0.753229480587,0.753228670075,0.75322788411
      ,0.753227122181,0.753226383772,0.753159736949,0.753260907046
      ,0.753142673695,0.753253739447,0.753166061726,0.753220812003
      ,0.753195805153,0.753203254249,0.753202154138,0.753202154138)
    ,(1.,1.,1.,1.,1.,1.,1.,1.,1.,1.,1.,1.,1.,1.,1.,1.,1.,1.,1.,1.
))) REPRESENTATION_ITEM('') SURFACE() );
#2537 = CARTESIAN_POINT('',(9.495577392917,9.,19.716843045362));
#2538 = CARTESIAN_POINT('',(9.495530664413,8.990268478168,
    19.717734678329));
#2539 = CARTESIAN_POINT('',(9.495483994626,8.98053851164,19.718625190922
    ));
#2540 = CARTESIAN_POINT('',(9.495437383655,8.970810105864,
    19.719514581229));
#2541 = CARTESIAN_POINT('',(9.4953908316,8.961083266287,19.720402847343)
  );
#2542 = CARTESIAN_POINT('',(9.495344338562,8.951357998358,
    19.721289987354));
#2543 = CARTESIAN_POINT('',(9.495297904641,8.941634307522,
    19.722175999353));
#2544 = CARTESIAN_POINT('',(9.495251529936,8.93191219923,19.723060881432
    ));
#2545 = CARTESIAN_POINT('',(9.495205214548,8.922191678928,
    19.723944631681));
#2546 = CARTESIAN_POINT('',(9.495158958577,8.912472752064,
    19.724827248191));
#2547 = CARTESIAN_POINT('',(9.490855293653,8.00720579941,19.806946066868
    ));
#2548 = CARTESIAN_POINT('',(9.487094514822,7.122222994253,
    19.878706001791));
#2549 = CARTESIAN_POINT('',(9.483806255073,6.229578750162,
    19.941449735536));
#2550 = CARTESIAN_POINT('',(9.480995138519,5.346502451926,
    19.995089034735));
#2551 = CARTESIAN_POINT('',(9.478631552231,4.451839285755,
    20.040188947774));
#2552 = CARTESIAN_POINT('',(9.476758087598,3.564650821388,
    20.075936782521));
#2553 = CARTESIAN_POINT('',(9.475342031461,2.672461213793,
    20.102956743229));
#2554 = CARTESIAN_POINT('',(9.474402269337,1.782039911157,20.12088847277
    ));
#2555 = CARTESIAN_POINT('',(9.473931467738,0.89098863985,20.12987190244)
  );
#2556 = CARTESIAN_POINT('',(9.473931468071,0.,20.129871896076));
#2557 = CARTESIAN_POINT('',(9.436387258931,9.098079482466,20.84625808251
    ));
#2558 = CARTESIAN_POINT('',(9.436340256359,9.088325515753,
    20.847154945013));
#2559 = CARTESIAN_POINT('',(9.4362933125,9.078572004622,20.8480506872));
#2560 = CARTESIAN_POINT('',(9.43624642731,9.068818942015,20.84894530993)
  );
#2561 = CARTESIAN_POINT('',(9.436199600742,9.05906632084,20.849838814069
    ));
#2562 = CARTESIAN_POINT('',(9.436152832752,9.04931413399,20.850731200481
    ));
#2563 = CARTESIAN_POINT('',(9.436106123293,9.039562374319,
    20.851622470037));
#2564 = CARTESIAN_POINT('',(9.436059472322,9.029811034664,
    20.852512623608));
#2565 = CARTESIAN_POINT('',(9.43601287979,9.020060107829,20.853401662068
    ));
#2566 = CARTESIAN_POINT('',(9.435966345653,9.010309586595,
    20.854289586294));
#2567 = CARTESIAN_POINT('',(9.431636278936,8.101907944302,
    20.936912181199));
#2568 = CARTESIAN_POINT('',(9.427849311955,7.206942291892,
    21.009171815778));
#2569 = CARTESIAN_POINT('',(9.424489685883,6.302179873815,21.07327730011
    ));
#2570 = CARTESIAN_POINT('',(9.421671630474,5.408994404268,
    21.127049000518));
#2571 = CARTESIAN_POINT('',(9.41925862825,4.502980655429,21.173091825835
    ));
#2572 = CARTESIAN_POINT('',(9.417377583637,3.606132578869,
    21.208984295177));
#2573 = CARTESIAN_POINT('',(9.415938592969,2.703302893115,
    21.236441872813));
#2574 = CARTESIAN_POINT('',(9.414989927786,1.802680345642,
    21.254543482847));
#2575 = CARTESIAN_POINT('',(9.414513384167,0.901300422648,
    21.263636476774));
#2576 = CARTESIAN_POINT('',(9.414513384165,4.036998291213E-09,
    21.263636476811));
#2577 = CARTESIAN_POINT('',(8.305637862073,9.070988856788,
    20.943073796544));
#2578 = CARTESIAN_POINT('',(8.305568579053,9.06182677037,20.9439144841)
  );
#2579 = CARTESIAN_POINT('',(8.305500040541,9.052657671734,
    20.944754803843));
#2580 = CARTESIAN_POINT('',(8.305432232469,9.043481468036,20.94559476282
    ));
#2581 = CARTESIAN_POINT('',(8.305365140766,9.034298066434,
    20.946434368075));
#2582 = CARTESIAN_POINT('',(8.305298751364,9.02510737408,20.947273626655
    ));
#2583 = CARTESIAN_POINT('',(8.305233050195,9.015909298135,
    20.948112545606));
#2584 = CARTESIAN_POINT('',(8.30516802319,9.006703745751,20.948951131974
    ));
#2585 = CARTESIAN_POINT('',(8.305103656279,8.997490624087,
    20.949789392805));
#2586 = CARTESIAN_POINT('',(8.305039935394,8.988269840298,
    20.950627335146));
#2587 = CARTESIAN_POINT('',(8.299162566439,8.128538525548,
    21.028661087829));
#2588 = CARTESIAN_POINT('',(8.298049351616,7.232132052624,
    21.101471358291));
#2589 = CARTESIAN_POINT('',(8.291493662315,6.317991813938,
    21.166683984093));
#2590 = CARTESIAN_POINT('',(8.291597137921,5.418320259535,21.2204875599)
  );
#2591 = CARTESIAN_POINT('',(8.286881234239,4.510068158514,
    21.266785554799));
#2592 = CARTESIAN_POINT('',(8.286423795102,3.611597519513,
    21.302619833285));
#2593 = CARTESIAN_POINT('',(8.284334256458,2.707501462235,
    21.330171107186));
#2594 = CARTESIAN_POINT('',(8.283576534048,1.80544996417,21.348285358135
    ));
#2595 = CARTESIAN_POINT('',(8.283070921369,0.902688666721,
    21.357394603565));
#2596 = CARTESIAN_POINT('',(8.283070921322,0.,21.357394604463));
#2597 = DEFINITIONAL_REPRESENTATION('',(#2598),#2601);
#2598 = B_SPLINE_CURVE_WITH_KNOTS('',1,(#2599,#2600),.UNSPECIFIED.,.F.,
  .F.,(2,2),(0.,29.569439817248),.PIECEWISE_BEZIER_KNOTS.);
#2599 = CARTESIAN_POINT('',(0.,68.135802882968));
#2600 = CARTESIAN_POINT('',(9.12277058829,68.135802882968));
#2601 = ( GEOMETRIC_REPRESENTATION_CONTEXT(2) 
PARAMETRIC_REPRESENTATION_CONTEXT() REPRESENTATION_CONTEXT('2D SPACE',''
  ) );
#2602 = ORIENTED_EDGE('',*,*,#2603,.F.);
#2603 = EDGE_CURVE('',#2056,#2522,#2604,.T.);
#2604 = SURFACE_CURVE('',#2605,(#2668,#2675),.PCURVE_S1.);
#2605 = ( BOUNDED_CURVE() B_SPLINE_CURVE(13,(#2606,#2607,#2608,#2609,
    #2610,#2611,#2612,#2613,#2614,#2615,#2616,#2617,#2618,#2619,#2620,
    #2621,#2622,#2623,#2624,#2625,#2626,#2627,#2628,#2629,#2630,#2631,
    #2632,#2633,#2634,#2635,#2636,#2637,#2638,#2639,#2640,#2641,#2642,
    #2643,#2644,#2645,#2646,#2647,#2648,#2649,#2650,#2651,#2652,#2653,
    #2654,#2655,#2656,#2657,#2658,#2659,#2660,#2661,#2662,#2663,#2664,
#2665,#2666,#2667),.UNSPECIFIED.,.F.,.F.) B_SPLINE_CURVE_WITH_KNOTS((14,
    12,12,12,12,14),(38.56636306572,39.363015268433,42.305562254421,
46.044761443121,53.33433679582,68.135802882968),.UNSPECIFIED.) CURVE() 
GEOMETRIC_REPRESENTATION_ITEM() RATIONAL_B_SPLINE_CURVE((1.,1.,
    1.000000000001,0.999999999998,1.000000000003,0.999999999996,
    1.000000000005,0.999999999996,1.000000000003,0.999999999999,1.,1.,1.
    ,1.,0.999999999998,1.000000000005,0.999999999989,1.000000000016,
    0.99999999998,1.000000000019,0.999999999985,1.000000000009,
    0.999999999996,1.000000000001,1.,1.,1.,0.999999999999,1.000000000002
    ,0.999999999998,1.000000000002,0.999999999998,1.000000000001,
    0.999999999999,1.,1.,1.,1.,1.000000000001,0.999999999999,
    1.000000000003,0.999999999997,1.000000000004,0.999999999997,
    1.000000000002,0.999999999999,1.,1.,1.,1.,0.999999999999,
    1.000000000002,0.999999999995,1.000000000007,0.999999999991,
    1.000000000008,0.999999999994,1.000000000004,0.999999999998,
1.000000000001,1.,1.)) REPRESENTATION_ITEM('') );
#2606 = CARTESIAN_POINT('',(-9.49558337547,9.,19.716728891278));
#2607 = CARTESIAN_POINT('',(-9.49583784082,9.06108288759,19.711873403288
    ));
#2608 = CARTESIAN_POINT('',(-9.49566676,9.122457407465,19.706998238469)
  );
#2609 = CARTESIAN_POINT('',(-9.49506516297,9.183937089627,
    19.702115628295));
#2610 = CARTESIAN_POINT('',(-9.49403141332,9.245423151385,
    19.697232151287));
#2611 = CARTESIAN_POINT('',(-9.49256579007,9.306875120902,
    19.692350599586));
#2612 = CARTESIAN_POINT('',(-9.49066937726,9.368286791712,
    19.687471511704));
#2613 = CARTESIAN_POINT('',(-9.48834326304,9.429667507864,
    19.682594371452));
#2614 = CARTESIAN_POINT('',(-9.48558804587,9.491028780119,
    19.677718473052));
#2615 = CARTESIAN_POINT('',(-9.48240365074,9.55237623277,19.672843452412
    ));
#2616 = CARTESIAN_POINT('',(-9.47878945236,9.613706881437,
    19.667969484595));
#2617 = CARTESIAN_POINT('',(-9.474744708,9.67501174161,19.663097147458)
  );
#2618 = CARTESIAN_POINT('',(-9.47026929804,9.736283768048,
    19.658226951466));
#2619 = CARTESIAN_POINT('',(-9.44724923104,10.023756854358,
    19.63537635713));
#2620 = CARTESIAN_POINT('',(-9.42327069574,10.249588999556,
    19.617421239274));
#2621 = CARTESIAN_POINT('',(-9.39343595706,10.474861035071,
    19.599506442433));
#2622 = CARTESIAN_POINT('',(-9.35775693958,10.699407093991,
    19.581645188331));
#2623 = CARTESIAN_POINT('',(-9.31625070475,10.923061968122,
    19.563850660099));
#2624 = CARTESIAN_POINT('',(-9.26893945116,11.145661107835,
    19.546136002285));
#2625 = CARTESIAN_POINT('',(-9.21585051408,11.36704062223,
    19.528514320849));
#2626 = CARTESIAN_POINT('',(-9.15701636609,11.587037279015,
    19.51099868316));
#2627 = CARTESIAN_POINT('',(-9.09247461639,11.805488504545,
    19.493602118005));
#2628 = CARTESIAN_POINT('',(-9.02226801142,12.022232383865,
    19.476337615578));
#2629 = CARTESIAN_POINT('',(-8.946444434396,12.237107660621,
    19.459218127491));
#2630 = CARTESIAN_POINT('',(-8.865056905595,12.44995373715,
    19.442256566763));
#2631 = CARTESIAN_POINT('',(-8.667745143426,12.928299942481,
    19.404129192823));
#2632 = CARTESIAN_POINT('',(-8.54843498399,13.192462606277,
    19.383067688374));
#2633 = CARTESIAN_POINT('',(-8.420351131908,13.452773519636,
    19.362307488059));
#2634 = CARTESIAN_POINT('',(-8.283623926296,13.70891355829,
    19.341874324583));
#2635 = CARTESIAN_POINT('',(-8.138396017233,13.960569619842,
    19.321793469801));
#2636 = CARTESIAN_POINT('',(-7.984822366059,14.20743462381,
    19.302089734678));
#2637 = CARTESIAN_POINT('',(-7.823070244911,14.449207511574,
    19.28278746935));
#2638 = CARTESIAN_POINT('',(-7.653319237318,14.685593246429,
    19.263910563044));
#2639 = CARTESIAN_POINT('',(-7.475761237569,14.916302813537,
    19.245482444168));
#2640 = CARTESIAN_POINT('',(-7.290600451272,15.14105321997,
    19.227526080227));
#2641 = CARTESIAN_POINT('',(-7.09805339494,15.359567494673,
    19.210063977888));
#2642 = CARTESIAN_POINT('',(-6.898348896248,15.571574688492,
    19.193118182937));
#2643 = CARTESIAN_POINT('',(-6.288920478656,16.176916227261,
    19.144723045449));
#2644 = CARTESIAN_POINT('',(-5.859826093314,16.551306562246,
    19.11477829732));
#2645 = CARTESIAN_POINT('',(-5.406220675899,16.898043759409,
    19.087033681288));
#2646 = CARTESIAN_POINT('',(-4.9300612976,17.215327687219,19.06163603543
    ));
#2647 = CARTESIAN_POINT('',(-4.433462672124,17.50151273318,
    19.038719855677));
#2648 = CARTESIAN_POINT('',(-3.918675400805,17.755123359288,
    19.018405933708));
#2649 = CARTESIAN_POINT('',(-3.388066154157,17.974867682835,
    19.000800167535));
#2650 = CARTESIAN_POINT('',(-2.844099788903,18.159649081332,
    18.985992544847));
#2651 = CARTESIAN_POINT('',(-2.289323401642,18.308575823196,
    18.974056299039));
#2652 = CARTESIAN_POINT('',(-1.72635231796,18.420968722353,
    18.965047238004));
#2653 = CARTESIAN_POINT('',(-1.157858018034,18.496366818511,
    18.959003245607));
#2654 = CARTESIAN_POINT('',(-0.586557997951,18.534531081699,
    18.955943955917));
#2655 = CARTESIAN_POINT('',(1.144918176093,18.537304169882,
    18.955721651399));
#2656 = CARTESIAN_POINT('',(2.305353204155,18.385786997297,
    18.967858376918));
#2657 = CARTESIAN_POINT('',(3.442578126385,18.0789679971,18.992530371831
    ));
#2658 = CARTESIAN_POINT('',(4.53689243253,17.630707510298,
    19.028126177792));
#2659 = CARTESIAN_POINT('',(5.557942415368,17.014777030505,
    19.07839783353));
#2660 = CARTESIAN_POINT('',(6.501858296118,16.326551298496,
    19.131597603562));
#2661 = CARTESIAN_POINT('',(7.334713482465,15.42199593192,
    19.206895325888));
#2662 = CARTESIAN_POINT('',(8.041499856229,14.543385829431,
    19.273535506879));
#2663 = CARTESIAN_POINT('',(8.630829348483,13.469444242301,
    19.362664923991));
#2664 = CARTESIAN_POINT('',(9.061904968403,12.408874182162,
    19.444622760617));
#2665 = CARTESIAN_POINT('',(9.358910626879,11.282814951526,
    19.535840527469));
#2666 = CARTESIAN_POINT('',(9.500312449605,10.132632250932,
    19.626492781464));
#2667 = CARTESIAN_POINT('',(9.495577392917,9.,19.716843045362));
#2668 = PCURVE('',#2070,#2669);
#2669 = DEFINITIONAL_REPRESENTATION('',(#2670),#2674);
#2670 = LINE('',#2671,#2672);
#2671 = CARTESIAN_POINT('',(0.,0.));
#2672 = VECTOR('',#2673,1.);
#2673 = DIRECTION('',(0.,1.));
#2674 = ( GEOMETRIC_REPRESENTATION_CONTEXT(2) 
PARAMETRIC_REPRESENTATION_CONTEXT() REPRESENTATION_CONTEXT('2D SPACE',''
  ) );
#2675 = PCURVE('',#378,#2676);
#2676 = DEFINITIONAL_REPRESENTATION('',(#2677),#2740);
#2677 = B_SPLINE_CURVE_WITH_KNOTS('',11,(#2678,#2679,#2680,#2681,#2682,
    #2683,#2684,#2685,#2686,#2687,#2688,#2689,#2690,#2691,#2692,#2693,
    #2694,#2695,#2696,#2697,#2698,#2699,#2700,#2701,#2702,#2703,#2704,
    #2705,#2706,#2707,#2708,#2709,#2710,#2711,#2712,#2713,#2714,#2715,
    #2716,#2717,#2718,#2719,#2720,#2721,#2722,#2723,#2724,#2725,#2726,
    #2727,#2728,#2729,#2730,#2731,#2732,#2733,#2734,#2735,#2736,#2737,
    #2738,#2739),.UNSPECIFIED.,.F.,.F.,(12,10,10,10,10,10,12),(
    38.56636306572,40.414453054298,42.262543042876,45.958723020032,
    53.351082974344,60.743442928656,68.135802882968),.UNSPECIFIED.);
#2678 = CARTESIAN_POINT('',(3.14159265359,-7.716728891278));
#2679 = CARTESIAN_POINT('',(3.15922876884,-7.703417056933));
#2680 = CARTESIAN_POINT('',(3.177097685208,-7.689954689069));
#2681 = CARTESIAN_POINT('',(3.194776035872,-7.676606313457));
#2682 = CARTESIAN_POINT('',(3.212416335449,-7.663303037782));
#2683 = CARTESIAN_POINT('',(3.230334704455,-7.649819591604));
#2684 = CARTESIAN_POINT('',(3.247875199391,-7.6366045093));
#2685 = CARTESIAN_POINT('',(3.265750720561,-7.623195726843));
#2686 = CARTESIAN_POINT('',(3.283428281064,-7.609942224284));
#2687 = CARTESIAN_POINT('',(3.301192219484,-7.596669241436));
#2688 = CARTESIAN_POINT('',(3.318937484181,-7.583448290415));
#2689 = CARTESIAN_POINT('',(3.354439658215,-7.557091363097));
#2690 = CARTESIAN_POINT('',(3.372193893918,-7.543957122148));
#2691 = CARTESIAN_POINT('',(3.389951289481,-7.530872684883));
#2692 = CARTESIAN_POINT('',(3.407711856077,-7.517843632267));
#2693 = CARTESIAN_POINT('',(3.425475604878,-7.504875545283));
#2694 = CARTESIAN_POINT('',(3.443242547057,-7.491974004886));
#2695 = CARTESIAN_POINT('',(3.461012693787,-7.479144592065));
#2696 = CARTESIAN_POINT('',(3.478786056241,-7.466392887774));
#2697 = CARTESIAN_POINT('',(3.496562645591,-7.453724472998));
#2698 = CARTESIAN_POINT('',(3.51434247301,-7.441144928701));
#2699 = CARTESIAN_POINT('',(3.567691702995,-7.403689650165));
#2700 = CARTESIAN_POINT('',(3.603271187601,-7.379095917347));
#2701 = CARTESIAN_POINT('',(3.638864149405,-7.354922944571));
#2702 = CARTESIAN_POINT('',(3.674471075607,-7.331213838366));
#2703 = CARTESIAN_POINT('',(3.710092660971,-7.308010576672));
#2704 = CARTESIAN_POINT('',(3.745729674051,-7.285354081131));
#2705 = CARTESIAN_POINT('',(3.781382823479,-7.263284289022));
#2706 = CARTESIAN_POINT('',(3.817052624198,-7.241840225608));
#2707 = CARTESIAN_POINT('',(3.852739263735,-7.221060076101));
#2708 = CARTESIAN_POINT('',(3.88844246845,-7.200981257918));
#2709 = CARTESIAN_POINT('',(3.995599172482,-7.14295896242));
#2710 = CARTESIAN_POINT('',(4.067100976242,-7.107227114499));
#2711 = CARTESIAN_POINT('',(4.138664247327,-7.074731390982));
#2712 = CARTESIAN_POINT('',(4.210282199333,-7.045734434673));
#2713 = CARTESIAN_POINT('',(4.281947054831,-7.020470178995));
#2714 = CARTESIAN_POINT('',(4.353652010139,-6.999139701743));
#2715 = CARTESIAN_POINT('',(4.425391903541,-6.981907841389));
#2716 = CARTESIAN_POINT('',(4.497162586574,-6.968900577702));
#2717 = CARTESIAN_POINT('',(4.568958998781,-6.960203174843));
#2718 = CARTESIAN_POINT('',(4.640771945573,-6.955859088531));
#2719 = CARTESIAN_POINT('',(4.784395213368,-6.955880183737));
#2720 = CARTESIAN_POINT('',(4.856205105092,-6.960245461291));
#2721 = CARTESIAN_POINT('',(4.928003006288,-6.968964722162));
#2722 = CARTESIAN_POINT('',(4.99977435331,-6.981993388676));
#2723 = CARTESIAN_POINT('',(5.071509806149,-6.999244834399));
#2724 = CARTESIAN_POINT('',(5.143206506952,-7.020592502353));
#2725 = CARTESIAN_POINT('',(5.214864452892,-7.045872245252));
#2726 = CARTESIAN_POINT('',(5.286481377742,-7.074884775408));
#2727 = CARTESIAN_POINT('',(5.358049536984,-7.107398110196));
#2728 = CARTESIAN_POINT('',(5.429557790817,-7.143149900621));
#2729 = CARTESIAN_POINT('',(5.572446968819,-7.220549157827));
#2730 = CARTESIAN_POINT('',(5.643829185898,-7.262199772156));
#2731 = CARTESIAN_POINT('',(5.715134177417,-7.306498241049));
#2732 = CARTESIAN_POINT('',(5.786401679195,-7.35319827325));
#2733 = CARTESIAN_POINT('',(5.857548194421,-7.401837611769));
#2734 = CARTESIAN_POINT('',(5.928715606732,-7.452282068988));
#2735 = CARTESIAN_POINT('',(5.999772068582,-7.503983660369));
#2736 = CARTESIAN_POINT('',(6.070637321045,-7.556494826445));
#2737 = CARTESIAN_POINT('',(6.141767928092,-7.610076591016));
#2738 = CARTESIAN_POINT('',(6.212781428755,-7.663514656416));
#2739 = CARTESIAN_POINT('',(6.28318530718,-7.716843045362));
#2740 = ( GEOMETRIC_REPRESENTATION_CONTEXT(2) 
PARAMETRIC_REPRESENTATION_CONTEXT() REPRESENTATION_CONTEXT('2D SPACE',''
  ) );
#2741 = ADVANCED_FACE('',(#2742),#2536,.F.);
#2742 = FACE_BOUND('',#2743,.F.);
#2743 = EDGE_LOOP('',(#2744,#2745,#2847,#2868));
#2744 = ORIENTED_EDGE('',*,*,#2521,.T.);
#2745 = ORIENTED_EDGE('',*,*,#2746,.T.);
#2746 = EDGE_CURVE('',#2351,#2747,#2749,.T.);
#2747 = VERTEX_POINT('',#2748);
#2748 = CARTESIAN_POINT('',(8.283070921322,0.,21.357394604463));
#2749 = SURFACE_CURVE('',#2750,(#2771,#2778),.PCURVE_S1.);
#2750 = B_SPLINE_CURVE_WITH_KNOTS('',10,(#2751,#2752,#2753,#2754,#2755,
    #2756,#2757,#2758,#2759,#2760,#2761,#2762,#2763,#2764,#2765,#2766,
    #2767,#2768,#2769,#2770),.UNSPECIFIED.,.F.,.F.,(11,9,11),(
    68.135802882968,68.233728642463,77.258573471257),.UNSPECIFIED.);
#2751 = CARTESIAN_POINT('',(8.305637862073,9.070988856788,
    20.943073796544));
#2752 = CARTESIAN_POINT('',(8.305568579053,9.06182677037,20.9439144841)
  );
#2753 = CARTESIAN_POINT('',(8.305500040541,9.052657671734,
    20.944754803843));
#2754 = CARTESIAN_POINT('',(8.305432232469,9.043481468036,20.94559476282
    ));
#2755 = CARTESIAN_POINT('',(8.305365140766,9.034298066434,
    20.946434368075));
#2756 = CARTESIAN_POINT('',(8.305298751364,9.02510737408,20.947273626655
    ));
#2757 = CARTESIAN_POINT('',(8.305233050195,9.015909298135,
    20.948112545606));
#2758 = CARTESIAN_POINT('',(8.30516802319,9.006703745751,20.948951131974
    ));
#2759 = CARTESIAN_POINT('',(8.305103656279,8.997490624087,
    20.949789392805));
#2760 = CARTESIAN_POINT('',(8.305039935394,8.988269840298,
    20.950627335146));
#2761 = CARTESIAN_POINT('',(8.299162566439,8.128538525548,
    21.028661087829));
#2762 = CARTESIAN_POINT('',(8.298049351616,7.232132052624,
    21.101471358291));
#2763 = CARTESIAN_POINT('',(8.291493662315,6.317991813938,
    21.166683984093));
#2764 = CARTESIAN_POINT('',(8.291597137921,5.418320259535,21.2204875599)
  );
#2765 = CARTESIAN_POINT('',(8.286881234239,4.510068158514,
    21.266785554799));
#2766 = CARTESIAN_POINT('',(8.286423795102,3.611597519513,
    21.302619833285));
#2767 = CARTESIAN_POINT('',(8.284334256458,2.707501462235,
    21.330171107186));
#2768 = CARTESIAN_POINT('',(8.283576534048,1.80544996417,21.348285358135
    ));
#2769 = CARTESIAN_POINT('',(8.283070921369,0.902688666721,
    21.357394603565));
#2770 = CARTESIAN_POINT('',(8.283070921322,0.,21.357394604463));
#2771 = PCURVE('',#2536,#2772);
#2772 = DEFINITIONAL_REPRESENTATION('',(#2773),#2777);
#2773 = LINE('',#2774,#2775);
#2774 = CARTESIAN_POINT('',(9.12277058829,0.));
#2775 = VECTOR('',#2776,1.);
#2776 = DIRECTION('',(0.,1.));
#2777 = ( GEOMETRIC_REPRESENTATION_CONTEXT(2) 
PARAMETRIC_REPRESENTATION_CONTEXT() REPRESENTATION_CONTEXT('2D SPACE',''
  ) );
#2778 = PCURVE('',#720,#2779);
#2779 = DEFINITIONAL_REPRESENTATION('',(#2780),#2846);
#2780 = B_SPLINE_CURVE_WITH_KNOTS('',10,(#2781,#2782,#2783,#2784,#2785,
    #2786,#2787,#2788,#2789,#2790,#2791,#2792,#2793,#2794,#2795,#2796,
    #2797,#2798,#2799,#2800,#2801,#2802,#2803,#2804,#2805,#2806,#2807,
    #2808,#2809,#2810,#2811,#2812,#2813,#2814,#2815,#2816,#2817,#2818,
    #2819,#2820,#2821,#2822,#2823,#2824,#2825,#2826,#2827,#2828,#2829,
    #2830,#2831,#2832,#2833,#2834,#2835,#2836,#2837,#2838,#2839,#2840,
    #2841,#2842,#2843,#2844,#2845),.UNSPECIFIED.,.F.,.F.,(11,9,9,9,9,9,9
    ,11),(68.135802882968,68.27834617341,68.420889463852,68.705976044736
    ,69.276149206504,70.41649553004,72.697188177113,77.258573471257),
  .UNSPECIFIED.);
#2781 = CARTESIAN_POINT('',(0.829414569363,1.447864368102));
#2782 = CARTESIAN_POINT('',(0.828688341437,1.447963865822));
#2783 = CARTESIAN_POINT('',(0.827959896057,1.448063390151));
#2784 = CARTESIAN_POINT('',(0.827229217877,1.448162942257));
#2785 = CARTESIAN_POINT('',(0.826496558663,1.448262489965));
#2786 = CARTESIAN_POINT('',(0.825760322,1.448362230847));
#2787 = CARTESIAN_POINT('',(0.825024959959,1.448461611498));
#2788 = CARTESIAN_POINT('',(0.824282707974,1.448561594433));
#2789 = CARTESIAN_POINT('',(0.823541761413,1.44866116248));
#2790 = CARTESIAN_POINT('',(0.822797637305,1.448760870652));
#2791 = CARTESIAN_POINT('',(0.821305649154,1.448960241342));
#2792 = CARTESIAN_POINT('',(0.82055761912,1.449059924482));
#2793 = CARTESIAN_POINT('',(0.8198075546,1.449159604358));
#2794 = CARTESIAN_POINT('',(0.81905545707,1.449259279907));
#2795 = CARTESIAN_POINT('',(0.818301328004,1.44935895007));
#2796 = CARTESIAN_POINT('',(0.817545168875,1.449458613783));
#2797 = CARTESIAN_POINT('',(0.816786981158,1.44955826999));
#2798 = CARTESIAN_POINT('',(0.816026766327,1.449657917626));
#2799 = CARTESIAN_POINT('',(0.815264525855,1.449757555632));
#2800 = CARTESIAN_POINT('',(0.812971731944,1.450056437576));
#2801 = CARTESIAN_POINT('',(0.811435108059,1.45025564944));
#2802 = CARTESIAN_POINT('',(0.809890398925,1.450454809767));
#2803 = CARTESIAN_POINT('',(0.808337613902,1.45065390978));
#2804 = CARTESIAN_POINT('',(0.806776762354,1.450852940711));
#2805 = CARTESIAN_POINT('',(0.805207853638,1.451051893779));
#2806 = CARTESIAN_POINT('',(0.803630897121,1.451250760216));
#2807 = CARTESIAN_POINT('',(0.80204590216,1.451449531245));
#2808 = CARTESIAN_POINT('',(0.800452878119,1.451648198093));
#2809 = CARTESIAN_POINT('',(0.795649746834,1.452243859775));
#2810 = CARTESIAN_POINT('',(0.792415570754,1.452640516143));
#2811 = CARTESIAN_POINT('',(0.789149366137,1.453036649849));
#2812 = CARTESIAN_POINT('',(0.785851184787,1.453432190642));
#2813 = CARTESIAN_POINT('',(0.782521070299,1.45382706926));
#2814 = CARTESIAN_POINT('',(0.779159058051,1.454221217424));
#2815 = CARTESIAN_POINT('',(0.775765175213,1.45461456785));
#2816 = CARTESIAN_POINT('',(0.772339440738,1.455007054239));
#2817 = CARTESIAN_POINT('',(0.768881865368,1.455398611282));
#2818 = CARTESIAN_POINT('',(0.758413624159,1.456570301408));
#2819 = CARTESIAN_POINT('',(0.751307442928,1.457347456539));
#2820 = CARTESIAN_POINT('',(0.744073937667,1.458120127995));
#2821 = CARTESIAN_POINT('',(0.736713009029,1.458887830268));
#2822 = CARTESIAN_POINT('',(0.729224441456,1.459650103394));
#2823 = CARTESIAN_POINT('',(0.721607916052,1.460406511957));
#2824 = CARTESIAN_POINT('',(0.713863023438,1.461156644077));
#2825 = CARTESIAN_POINT('',(0.705989276629,1.461900110418));
#2826 = CARTESIAN_POINT('',(0.697986123893,1.462636543178));
#2827 = CARTESIAN_POINT('',(0.673586637072,1.464823698917));
#2828 = CARTESIAN_POINT('',(0.656800234957,1.466252256289));
#2829 = CARTESIAN_POINT('',(0.639489072577,1.467648518057));
#2830 = CARTESIAN_POINT('',(0.62164755535,1.469009975918));
#2831 = CARTESIAN_POINT('',(0.603269835298,1.470334313692));
#2832 = CARTESIAN_POINT('',(0.58435046954,1.471619358616));
#2833 = CARTESIAN_POINT('',(0.564885078775,1.47286303263));
#2834 = CARTESIAN_POINT('',(0.544871005779,1.474063303659));
#2835 = CARTESIAN_POINT('',(0.524307973889,1.475218136904));
#2836 = CARTESIAN_POINT('',(0.460980288701,1.478540064573));
#2837 = CARTESIAN_POINT('',(0.416577116705,1.480564670266));
#2838 = CARTESIAN_POINT('',(0.370012420378,1.482382981106));
#2839 = CARTESIAN_POINT('',(0.321356909339,1.483978887425));
#2840 = CARTESIAN_POINT('',(0.27075885401,1.485336377889));
#2841 = CARTESIAN_POINT('',(0.218449132092,1.48644049833));
#2842 = CARTESIAN_POINT('',(0.164770876728,1.487277809348));
#2843 = CARTESIAN_POINT('',(0.110164543415,1.487838421987));
#2844 = CARTESIAN_POINT('',(5.50812413042E-02,1.488119208607));
#2845 = CARTESIAN_POINT('',(1.195866428105E-08,1.488119208662));
#2846 = ( GEOMETRIC_REPRESENTATION_CONTEXT(2) 
PARAMETRIC_REPRESENTATION_CONTEXT() REPRESENTATION_CONTEXT('2D SPACE',''
  ) );
#2847 = ORIENTED_EDGE('',*,*,#2848,.F.);
#2848 = EDGE_CURVE('',#2849,#2747,#2851,.T.);
#2849 = VERTEX_POINT('',#2850);
#2850 = CARTESIAN_POINT('',(9.473931468071,0.,20.129871896076));
#2851 = SURFACE_CURVE('',#2852,(#2856,#2862),.PCURVE_S1.);
#2852 = ( BOUNDED_CURVE() B_SPLINE_CURVE(2,(#2853,#2854,#2855),
.UNSPECIFIED.,.F.,.F.) B_SPLINE_CURVE_WITH_KNOTS((3,3),(0.,9.12277058829
),.PIECEWISE_BEZIER_KNOTS.) CURVE() GEOMETRIC_REPRESENTATION_ITEM() 
RATIONAL_B_SPLINE_CURVE((1.,0.753202154138,1.)) REPRESENTATION_ITEM('') 
  );
#2853 = CARTESIAN_POINT('',(9.473931468071,0.,20.129871896076));
#2854 = CARTESIAN_POINT('',(9.414513384165,4.036998291213E-09,
    21.263636476811));
#2855 = CARTESIAN_POINT('',(8.283070921322,0.,21.357394604463));
#2856 = PCURVE('',#2536,#2857);
#2857 = DEFINITIONAL_REPRESENTATION('',(#2858),#2861);
#2858 = B_SPLINE_CURVE_WITH_KNOTS('',1,(#2859,#2860),.UNSPECIFIED.,.F.,
  .F.,(2,2),(0.,9.12277058829),.PIECEWISE_BEZIER_KNOTS.);
#2859 = CARTESIAN_POINT('',(0.,77.258573471257));
#2860 = CARTESIAN_POINT('',(9.12277058829,77.258573471257));
#2861 = ( GEOMETRIC_REPRESENTATION_CONTEXT(2) 
PARAMETRIC_REPRESENTATION_CONTEXT() REPRESENTATION_CONTEXT('2D SPACE',''
  ) );
#2862 = PCURVE('',#622,#2863);
#2863 = DEFINITIONAL_REPRESENTATION('',(#2864),#2867);
#2864 = B_SPLINE_CURVE_WITH_KNOTS('',1,(#2865,#2866),.UNSPECIFIED.,.F.,
  .F.,(2,2),(0.,9.12277058829),.PIECEWISE_BEZIER_KNOTS.);
#2865 = CARTESIAN_POINT('',(0.,77.258573471257));
#2866 = CARTESIAN_POINT('',(11.666549008074,77.258573471257));
#2867 = ( GEOMETRIC_REPRESENTATION_CONTEXT(2) 
PARAMETRIC_REPRESENTATION_CONTEXT() REPRESENTATION_CONTEXT('2D SPACE',''
  ) );
#2868 = ORIENTED_EDGE('',*,*,#2869,.F.);
#2869 = EDGE_CURVE('',#2522,#2849,#2870,.T.);
#2870 = SURFACE_CURVE('',#2871,(#2892,#2899),.PCURVE_S1.);
#2871 = B_SPLINE_CURVE_WITH_KNOTS('',10,(#2872,#2873,#2874,#2875,#2876,
    #2877,#2878,#2879,#2880,#2881,#2882,#2883,#2884,#2885,#2886,#2887,
    #2888,#2889,#2890,#2891),.UNSPECIFIED.,.F.,.F.,(11,9,11),(
    68.135802882968,68.233728642463,77.258573471257),.UNSPECIFIED.);
#2872 = CARTESIAN_POINT('',(9.495577392917,9.,19.716843045362));
#2873 = CARTESIAN_POINT('',(9.495530664413,8.990268478168,
    19.717734678329));
#2874 = CARTESIAN_POINT('',(9.495483994626,8.98053851164,19.718625190922
    ));
#2875 = CARTESIAN_POINT('',(9.495437383655,8.970810105864,
    19.719514581229));
#2876 = CARTESIAN_POINT('',(9.4953908316,8.961083266287,19.720402847343)
  );
#2877 = CARTESIAN_POINT('',(9.495344338562,8.951357998358,
    19.721289987354));
#2878 = CARTESIAN_POINT('',(9.495297904641,8.941634307522,
    19.722175999353));
#2879 = CARTESIAN_POINT('',(9.495251529936,8.93191219923,19.723060881432
    ));
#2880 = CARTESIAN_POINT('',(9.495205214548,8.922191678928,
    19.723944631681));
#2881 = CARTESIAN_POINT('',(9.495158958577,8.912472752064,
    19.724827248191));
#2882 = CARTESIAN_POINT('',(9.490855293653,8.00720579941,19.806946066868
    ));
#2883 = CARTESIAN_POINT('',(9.487094514822,7.122222994253,
    19.878706001791));
#2884 = CARTESIAN_POINT('',(9.483806255073,6.229578750162,
    19.941449735536));
#2885 = CARTESIAN_POINT('',(9.480995138519,5.346502451926,
    19.995089034735));
#2886 = CARTESIAN_POINT('',(9.478631552231,4.451839285755,
    20.040188947774));
#2887 = CARTESIAN_POINT('',(9.476758087598,3.564650821388,
    20.075936782521));
#2888 = CARTESIAN_POINT('',(9.475342031461,2.672461213793,
    20.102956743229));
#2889 = CARTESIAN_POINT('',(9.474402269337,1.782039911157,20.12088847277
    ));
#2890 = CARTESIAN_POINT('',(9.473931467738,0.89098863985,20.12987190244)
  );
#2891 = CARTESIAN_POINT('',(9.473931468071,0.,20.129871896076));
#2892 = PCURVE('',#2536,#2893);
#2893 = DEFINITIONAL_REPRESENTATION('',(#2894),#2898);
#2894 = LINE('',#2895,#2896);
#2895 = CARTESIAN_POINT('',(0.,0.));
#2896 = VECTOR('',#2897,1.);
#2897 = DIRECTION('',(0.,1.));
#2898 = ( GEOMETRIC_REPRESENTATION_CONTEXT(2) 
PARAMETRIC_REPRESENTATION_CONTEXT() REPRESENTATION_CONTEXT('2D SPACE',''
  ) );
#2899 = PCURVE('',#405,#2900);
#2900 = DEFINITIONAL_REPRESENTATION('',(#2901),#2922);
#2901 = B_SPLINE_CURVE_WITH_KNOTS('',10,(#2902,#2903,#2904,#2905,#2906,
    #2907,#2908,#2909,#2910,#2911,#2912,#2913,#2914,#2915,#2916,#2917,
    #2918,#2919,#2920,#2921),.UNSPECIFIED.,.F.,.F.,(11,9,11),(
    68.135802882968,68.233728642463,77.258573471257),.UNSPECIFIED.);
#2902 = CARTESIAN_POINT('',(20.5,-5.89123068154));
#2903 = CARTESIAN_POINT('',(20.490268478168,-5.890337824944));
#2904 = CARTESIAN_POINT('',(20.48053851164,-5.88944609026));
#2905 = CARTESIAN_POINT('',(20.470810105864,-5.888555479401));
#2906 = CARTESIAN_POINT('',(20.461083266287,-5.887665994279));
#2907 = CARTESIAN_POINT('',(20.451357998358,-5.886777636805));
#2908 = CARTESIAN_POINT('',(20.441634307522,-5.885890408891));
#2909 = CARTESIAN_POINT('',(20.43191219923,-5.885004312447));
#2910 = CARTESIAN_POINT('',(20.422191678928,-5.884119349387));
#2911 = CARTESIAN_POINT('',(20.412472752064,-5.883235521622));
#2912 = CARTESIAN_POINT('',(19.50720579941,-5.801004007513));
#2913 = CARTESIAN_POINT('',(18.622222994253,-5.72914559313));
#2914 = CARTESIAN_POINT('',(17.729578750162,-5.666315753273));
#2915 = CARTESIAN_POINT('',(16.846502451926,-5.612602842397));
#2916 = CARTESIAN_POINT('',(15.951839285755,-5.567441036673));
#2917 = CARTESIAN_POINT('',(15.064650821388,-5.531644143528));
#2918 = CARTESIAN_POINT('',(14.172461213793,-5.504587102085));
#2919 = CARTESIAN_POINT('',(13.282039911157,-5.486630764007));
#2920 = CARTESIAN_POINT('',(12.39098863985,-5.477635005963));
#2921 = CARTESIAN_POINT('',(11.5,-5.477635012336));
#2922 = ( GEOMETRIC_REPRESENTATION_CONTEXT(2) 
PARAMETRIC_REPRESENTATION_CONTEXT() REPRESENTATION_CONTEXT('2D SPACE',''
  ) );
#2923 = ADVANCED_FACE('',(#2924),#720,.F.);
#2924 = FACE_BOUND('',#2925,.F.);
#2925 = EDGE_LOOP('',(#2926,#2950,#2951,#2952,#2953,#2954,#2955,#2956,
    #2957));
#2926 = ORIENTED_EDGE('',*,*,#2927,.T.);
#2927 = EDGE_CURVE('',#2747,#2928,#2930,.T.);
#2928 = VERTEX_POINT('',#2929);
#2929 = CARTESIAN_POINT('',(0.,0.,21.7));
#2930 = SEAM_CURVE('',#2931,(#2936,#2943),.PCURVE_S1.);
#2931 = CIRCLE('',#2932,100.3);
#2932 = AXIS2_PLACEMENT_3D('',#2933,#2934,#2935);
#2933 = CARTESIAN_POINT('',(0.,0.,-78.6));
#2934 = DIRECTION('',(-2.449293598295E-16,-1.,0.));
#2935 = DIRECTION('',(1.,-2.449293598295E-16,0.));
#2936 = PCURVE('',#720,#2937);
#2937 = DEFINITIONAL_REPRESENTATION('',(#2938),#2942);
#2938 = LINE('',#2939,#2940);
#2939 = CARTESIAN_POINT('',(6.28318530718,-4.138911435803E-13));
#2940 = VECTOR('',#2941,1.);
#2941 = DIRECTION('',(0.,1.));
#2942 = ( GEOMETRIC_REPRESENTATION_CONTEXT(2) 
PARAMETRIC_REPRESENTATION_CONTEXT() REPRESENTATION_CONTEXT('2D SPACE',''
  ) );
#2943 = PCURVE('',#720,#2944);
#2944 = DEFINITIONAL_REPRESENTATION('',(#2945),#2949);
#2945 = LINE('',#2946,#2947);
#2946 = CARTESIAN_POINT('',(4.138911435803E-13,-4.138911435803E-13));
#2947 = VECTOR('',#2948,1.);
#2948 = DIRECTION('',(0.,1.));
#2949 = ( GEOMETRIC_REPRESENTATION_CONTEXT(2) 
PARAMETRIC_REPRESENTATION_CONTEXT() REPRESENTATION_CONTEXT('2D SPACE',''
  ) );
#2950 = ORIENTED_EDGE('',*,*,#2927,.F.);
#2951 = ORIENTED_EDGE('',*,*,#2746,.F.);
#2952 = ORIENTED_EDGE('',*,*,#2350,.F.);
#2953 = ORIENTED_EDGE('',*,*,#1842,.F.);
#2954 = ORIENTED_EDGE('',*,*,#1446,.F.);
#2955 = ORIENTED_EDGE('',*,*,#893,.F.);
#2956 = ORIENTED_EDGE('',*,*,#689,.F.);
#2957 = ORIENTED_EDGE('',*,*,#2958,.F.);
#2958 = EDGE_CURVE('',#2747,#608,#2959,.T.);
#2959 = SURFACE_CURVE('',#2960,(#2981,#3075),.PCURVE_S1.);
#2960 = ( BOUNDED_CURVE() B_SPLINE_CURVE(10,(#2961,#2962,#2963,#2964,
    #2965,#2966,#2967,#2968,#2969,#2970,#2971,#2972,#2973,#2974,#2975,
    #2976,#2977,#2978,#2979,#2980),.UNSPECIFIED.,.F.,.F.) 
B_SPLINE_CURVE_WITH_KNOTS((11,9,11),(77.258573471257,88.800450166289,
88.925122479332),.UNSPECIFIED.) CURVE() GEOMETRIC_REPRESENTATION_ITEM() 
RATIONAL_B_SPLINE_CURVE((1.,1.,1.,0.999999999999,1.000000000001,
    0.999999999999,1.000000000001,1.,1.,1.,1.,1.,1.,1.,1.,1.,1.,1.,1.,1.
)) REPRESENTATION_ITEM('') );
#2961 = CARTESIAN_POINT('',(8.283070921322,0.,21.357394604463));
#2962 = CARTESIAN_POINT('',(8.283070921262,-1.154448574543,
    21.357394605612));
#2963 = CARTESIAN_POINT('',(8.283870346101,-2.308970573019,
    21.342503588595));
#2964 = CARTESIAN_POINT('',(8.285296750616,-3.462797499911,
    21.312822609408));
#2965 = CARTESIAN_POINT('',(8.28808423583,-4.617967970828,
    21.267932334302));
#2966 = CARTESIAN_POINT('',(8.290218043632,-5.768125735967,
    21.208966761359));
#2967 = CARTESIAN_POINT('',(8.295697825011,-6.925823837518,
    21.133809702772));
#2968 = CARTESIAN_POINT('',(8.298367964503,-8.075713730821,
    21.045314125878));
#2969 = CARTESIAN_POINT('',(8.306018309238,-9.236775109555,20.9397260739
    ));
#2970 = CARTESIAN_POINT('',(8.310413570289,-10.38194507413,
    20.820742605139));
#2971 = CARTESIAN_POINT('',(8.318475323636,-11.50077942285,
    20.690609756658));
#2972 = CARTESIAN_POINT('',(8.318576586027,-11.51207233706,
    20.689293002908));
#2973 = CARTESIAN_POINT('',(8.318694540159,-11.52276673442,
    20.688042770976));
#2974 = CARTESIAN_POINT('',(8.318831130239,-11.53292299587,
    20.686852139608));
#2975 = CARTESIAN_POINT('',(8.31898866497,-11.54259710805,
    20.685714630164));
#2976 = CARTESIAN_POINT('',(8.319169817545,-11.5518406633,
    20.684624206624));
#2977 = CARTESIAN_POINT('',(8.319377625653,-11.56070085971,
    20.683575275588));
#2978 = CARTESIAN_POINT('',(8.319615491475,-11.56922050105,
    20.68256268627));
#2979 = CARTESIAN_POINT('',(8.319887181687,-11.57743799683,
    20.681581730506));
#2980 = CARTESIAN_POINT('',(8.320196827458,-11.58538736226,
    20.680628142748));
#2981 = PCURVE('',#720,#2982);
#2982 = DEFINITIONAL_REPRESENTATION('',(#2983),#3074);
#2983 = B_SPLINE_CURVE_WITH_KNOTS('',9,(#2984,#2985,#2986,#2987,#2988,
    #2989,#2990,#2991,#2992,#2993,#2994,#2995,#2996,#2997,#2998,#2999,
    #3000,#3001,#3002,#3003,#3004,#3005,#3006,#3007,#3008,#3009,#3010,
    #3011,#3012,#3013,#3014,#3015,#3016,#3017,#3018,#3019,#3020,#3021,
    #3022,#3023,#3024,#3025,#3026,#3027,#3028,#3029,#3030,#3031,#3032,
    #3033,#3034,#3035,#3036,#3037,#3038,#3039,#3040,#3041,#3042,#3043,
    #3044,#3045,#3046,#3047,#3048,#3049,#3050,#3051,#3052,#3053,#3054,
    #3055,#3056,#3057,#3058,#3059,#3060,#3061,#3062,#3063,#3064,#3065,
    #3066,#3067,#3068,#3069,#3070,#3071,#3072,#3073),.UNSPECIFIED.,.F.,
  .F.,(10,8,8,8,8,8,8,8,8,8,8,10),(77.258573471257,83.091847975295,
    86.008485227313,87.466803853323,88.195963166327,88.56054282283,
    88.742832651081,88.788405108144,88.799798222409,88.811191336675,
    88.833977565206,88.925122479332),.UNSPECIFIED.);
#2984 = CARTESIAN_POINT('',(6.283185319138,1.488119208662));
#2985 = CARTESIAN_POINT('',(6.204918679791,1.488119208739));
#2986 = CARTESIAN_POINT('',(6.126649208559,1.487545334835));
#2987 = CARTESIAN_POINT('',(6.049790908458,1.4863991796));
#2988 = CARTESIAN_POINT('',(5.975713815791,1.484698004873));
#2989 = CARTESIAN_POINT('',(5.905587106021,1.482485917126));
#2990 = CARTESIAN_POINT('',(5.839901560744,1.479815034295));
#2991 = CARTESIAN_POINT('',(5.778845751617,1.476736586775));
#2992 = CARTESIAN_POINT('',(5.722338572451,1.473299295262));
#2993 = CARTESIAN_POINT('',(5.644102163516,1.467671594287));
#2994 = CARTESIAN_POINT('',(5.619110701728,1.465717067553));
#2995 = CARTESIAN_POINT('',(5.595181406269,1.463689473508));
#2996 = CARTESIAN_POINT('',(5.572281106707,1.461594110372));
#2997 = CARTESIAN_POINT('',(5.550371937167,1.459436015129));
#2998 = CARTESIAN_POINT('',(5.529413988869,1.457220014933));
#2999 = CARTESIAN_POINT('',(5.509367314922,1.454950830255));
#3000 = CARTESIAN_POINT('',(5.490193287547,1.452633229799));
#3001 = CARTESIAN_POINT('',(5.462686317592,1.449091740843));
#3002 = CARTESIAN_POINT('',(5.453726383869,1.447900400937));
#3003 = CARTESIAN_POINT('',(5.444970869713,1.446698834479));
#3004 = CARTESIAN_POINT('',(5.436415339688,1.445487681847));
#3005 = CARTESIAN_POINT('',(5.4280555596,1.444267606765));
#3006 = CARTESIAN_POINT('',(5.419887496526,1.443039296301));
#3007 = CARTESIAN_POINT('',(5.411907318779,1.441803460864));
#3008 = CARTESIAN_POINT('',(5.404111395937,1.440560834211));
#3009 = CARTESIAN_POINT('',(5.392688750274,1.438687843057));
#3010 = CARTESIAN_POINT('',(5.388926416226,1.438062004536));
#3011 = CARTESIAN_POINT('',(5.385208875431,1.437434753617));
#3012 = CARTESIAN_POINT('',(5.381535721398,1.436806187112));
#3013 = CARTESIAN_POINT('',(5.377906562417,1.436176402917));
#3014 = CARTESIAN_POINT('',(5.37432102153,1.4355455));
#3015 = CARTESIAN_POINT('',(5.370778736565,1.434913578412));
#3016 = CARTESIAN_POINT('',(5.367279360106,1.434280739277));
#3017 = CARTESIAN_POINT('',(5.362094159217,1.433330257563));
#3018 = CARTESIAN_POINT('',(5.360376399802,1.433013226354));
#3019 = CARTESIAN_POINT('',(5.35866924184,1.432696003844));
#3020 = CARTESIAN_POINT('',(5.356972645906,1.432378602706));
#3021 = CARTESIAN_POINT('',(5.355286572569,1.432061035611));
#3022 = CARTESIAN_POINT('',(5.353610982405,1.431743315233));
#3023 = CARTESIAN_POINT('',(5.351945835984,1.431425454242));
#3024 = CARTESIAN_POINT('',(5.350291093881,1.431107465311));
#3025 = CARTESIAN_POINT('',(5.347824528059,1.430630309011));
#3026 = CARTESIAN_POINT('',(5.347004931387,1.430471228133));
#3027 = CARTESIAN_POINT('',(5.346187921977,1.430312120014));
#3028 = CARTESIAN_POINT('',(5.345373495157,1.430152986195));
#3029 = CARTESIAN_POINT('',(5.344561646251,1.429993828214));
#3030 = CARTESIAN_POINT('',(5.343752370589,1.42983464761));
#3031 = CARTESIAN_POINT('',(5.342945663496,1.429675445922));
#3032 = CARTESIAN_POINT('',(5.3421415203,1.42951622469));
#3033 = CARTESIAN_POINT('',(5.341139540333,1.429317175642));
#3034 = CARTESIAN_POINT('',(5.340939304287,1.429277364704));
#3035 = CARTESIAN_POINT('',(5.340739228115,1.42923755266));
#3036 = CARTESIAN_POINT('',(5.340539311742,1.429197739535));
#3037 = CARTESIAN_POINT('',(5.340339555099,1.42915792535));
#3038 = CARTESIAN_POINT('',(5.340139958107,1.42911811013));
#3039 = CARTESIAN_POINT('',(5.339940520697,1.429078293898));
#3040 = CARTESIAN_POINT('',(5.339741242793,1.429038476677));
#3041 = CARTESIAN_POINT('',(5.339492344706,1.428988703944));
#3042 = CARTESIAN_POINT('',(5.339442575053,1.428978749337));
#3043 = CARTESIAN_POINT('',(5.339392815363,1.42896879467));
#3044 = CARTESIAN_POINT('',(5.339343065637,1.428958839943));
#3045 = CARTESIAN_POINT('',(5.33929332587,1.428948885157));
#3046 = CARTESIAN_POINT('',(5.339243596065,1.428938930312));
#3047 = CARTESIAN_POINT('',(5.339193876217,1.428928975409));
#3048 = CARTESIAN_POINT('',(5.339144166328,1.428919020447));
#3049 = CARTESIAN_POINT('',(5.339044766462,1.428899110408));
#3050 = CARTESIAN_POINT('',(5.338995169519,1.428889172864));
#3051 = CARTESIAN_POINT('',(5.338945864579,1.42887928839));
#3052 = CARTESIAN_POINT('',(5.338896920101,1.428869469861));
#3053 = CARTESIAN_POINT('',(5.338848324719,1.428859715112));
#3054 = CARTESIAN_POINT('',(5.338800028003,1.428850014618));
#3055 = CARTESIAN_POINT('',(5.338751981198,1.428840359165));
#3056 = CARTESIAN_POINT('',(5.338704177978,1.428830747536));
#3057 = CARTESIAN_POINT('',(5.338561729605,1.428802087473));
#3058 = CARTESIAN_POINT('',(5.338467898293,1.428783186137));
#3059 = CARTESIAN_POINT('',(5.338375179971,1.428764485899));
#3060 = CARTESIAN_POINT('',(5.338283553363,1.428745982483));
#3061 = CARTESIAN_POINT('',(5.338192997186,1.428727671613));
#3062 = CARTESIAN_POINT('',(5.338103490168,1.428709549015));
#3063 = CARTESIAN_POINT('',(5.338015011025,1.428691610412));
#3064 = CARTESIAN_POINT('',(5.337927538481,1.42867385153));
#3065 = CARTESIAN_POINT('',(5.337495102362,1.428585934343));
#3066 = CARTESIAN_POINT('',(5.337164941375,1.428518411135));
#3067 = CARTESIAN_POINT('',(5.336849284595,1.428453436569));
#3068 = CARTESIAN_POINT('',(5.336546952487,1.428390764386));
#3069 = CARTESIAN_POINT('',(5.336256869662,1.42833016396));
#3070 = CARTESIAN_POINT('',(5.335978064906,1.428271420305));
#3071 = CARTESIAN_POINT('',(5.335709671149,1.428214334068));
#3072 = CARTESIAN_POINT('',(5.33545092549,1.428158721535));
#3073 = CARTESIAN_POINT('',(5.33520116918,1.428104414628));
#3074 = ( GEOMETRIC_REPRESENTATION_CONTEXT(2) 
PARAMETRIC_REPRESENTATION_CONTEXT() REPRESENTATION_CONTEXT('2D SPACE',''
  ) );
#3075 = PCURVE('',#622,#3076);
#3076 = DEFINITIONAL_REPRESENTATION('',(#3077),#3081);
#3077 = LINE('',#3078,#3079);
#3078 = CARTESIAN_POINT('',(11.666549008074,0.));
#3079 = VECTOR('',#3080,1.);
#3080 = DIRECTION('',(0.,1.));
#3081 = ( GEOMETRIC_REPRESENTATION_CONTEXT(2) 
PARAMETRIC_REPRESENTATION_CONTEXT() REPRESENTATION_CONTEXT('2D SPACE',''
  ) );
#3082 = ADVANCED_FACE('',(#3083),#622,.F.);
#3083 = FACE_BOUND('',#3084,.F.);
#3084 = EDGE_LOOP('',(#3085,#3086,#3087,#3088));
#3085 = ORIENTED_EDGE('',*,*,#2848,.T.);
#3086 = ORIENTED_EDGE('',*,*,#2958,.T.);
#3087 = ORIENTED_EDGE('',*,*,#607,.F.);
#3088 = ORIENTED_EDGE('',*,*,#3089,.F.);
#3089 = EDGE_CURVE('',#2849,#468,#3090,.T.);
#3090 = SURFACE_CURVE('',#3091,(#3112,#3119),.PCURVE_S1.);
#3091 = ( BOUNDED_CURVE() B_SPLINE_CURVE(10,(#3092,#3093,#3094,#3095,
    #3096,#3097,#3098,#3099,#3100,#3101,#3102,#3103,#3104,#3105,#3106,
    #3107,#3108,#3109,#3110,#3111),.UNSPECIFIED.,.F.,.F.) 
B_SPLINE_CURVE_WITH_KNOTS((11,9,11),(77.258573471257,88.800450166289,
88.925122479332),.UNSPECIFIED.) CURVE() GEOMETRIC_REPRESENTATION_ITEM() 
RATIONAL_B_SPLINE_CURVE((1.,1.,1.,0.999999999999,1.000000000001,
    0.999999999999,1.000000000001,1.,1.,1.,1.,1.,1.,1.,1.,1.,1.,1.,1.,1.
)) REPRESENTATION_ITEM('') );
#3092 = CARTESIAN_POINT('',(9.473931468071,0.,20.129871896076));
#3093 = CARTESIAN_POINT('',(9.473931468498,-1.139487231685,
    20.129871887936));
#3094 = CARTESIAN_POINT('',(9.474701487172,-2.279041675705,
    20.115179056358));
#3095 = CARTESIAN_POINT('',(9.476238683047,-3.417946357085,
    20.085847611751));
#3096 = CARTESIAN_POINT('',(9.478554667521,-4.55804477055,
    20.041655995434));
#3097 = CARTESIAN_POINT('',(9.481618132508,-5.693470768644,
    19.983201601281));
#3098 = CARTESIAN_POINT('',(9.485484881432,-6.834846193826,
    19.909419636518));
#3099 = CARTESIAN_POINT('',(9.490077253615,-7.965684242296,
    19.821791955181));
#3100 = CARTESIAN_POINT('',(9.495465978359,-9.104052962658,
    19.718968961766));
#3101 = CARTESIAN_POINT('',(9.501603881432,-10.23477997008,
    19.601850794251));
#3102 = CARTESIAN_POINT('',(9.508625966134,-11.38582385836,
    19.467861436231));
#3103 = CARTESIAN_POINT('',(9.508701547653,-11.39822198201,
    19.466419254923));
#3104 = CARTESIAN_POINT('',(9.508777608458,-11.41070878829,
    19.464967928312));
#3105 = CARTESIAN_POINT('',(9.508854087813,-11.42327600198,
    19.463508615276));
#3106 = CARTESIAN_POINT('',(9.50893092634,-11.43591610635,
    19.462042448852));
#3107 = CARTESIAN_POINT('',(9.509008066012,-11.44862234321,
    19.46057053623));
#3108 = CARTESIAN_POINT('',(9.509085450158,-11.4613887129,19.45909395876
    ));
#3109 = CARTESIAN_POINT('',(9.509163023462,-11.47420997426,
    19.457613771948));
#3110 = CARTESIAN_POINT('',(9.509240731961,-11.48708164466,
    19.456131005457));
#3111 = CARTESIAN_POINT('',(9.509318523047,-11.5,19.454646663107));
#3112 = PCURVE('',#622,#3113);
#3113 = DEFINITIONAL_REPRESENTATION('',(#3114),#3118);
#3114 = LINE('',#3115,#3116);
#3115 = CARTESIAN_POINT('',(0.,0.));
#3116 = VECTOR('',#3117,1.);
#3117 = DIRECTION('',(0.,1.));
#3118 = ( GEOMETRIC_REPRESENTATION_CONTEXT(2) 
PARAMETRIC_REPRESENTATION_CONTEXT() REPRESENTATION_CONTEXT('2D SPACE',''
  ) );
#3119 = PCURVE('',#405,#3120);
#3120 = DEFINITIONAL_REPRESENTATION('',(#3121),#3142);
#3121 = ( BOUNDED_CURVE() B_SPLINE_CURVE(10,(#3122,#3123,#3124,#3125,
    #3126,#3127,#3128,#3129,#3130,#3131,#3132,#3133,#3134,#3135,#3136,
    #3137,#3138,#3139,#3140,#3141),.UNSPECIFIED.,.F.,.F.) 
B_SPLINE_CURVE_WITH_KNOTS((11,9,11),(77.258573471257,88.800450166289,
88.925122479332),.UNSPECIFIED.) CURVE() GEOMETRIC_REPRESENTATION_ITEM() 
RATIONAL_B_SPLINE_CURVE((1.,1.,1.,0.999999999999,1.000000000001,
    0.999999999999,1.000000000001,1.,1.,1.,1.,1.,1.,1.,1.,1.,1.,1.,1.,1.
)) REPRESENTATION_ITEM('') );
#3122 = CARTESIAN_POINT('',(11.5,-5.477635012336));
#3123 = CARTESIAN_POINT('',(10.360512768315,-5.477635020487));
#3124 = CARTESIAN_POINT('',(9.220958324295,-5.492348015713));
#3125 = CARTESIAN_POINT('',(8.082053642915,-5.521719713211));
#3126 = CARTESIAN_POINT('',(6.94195522945,-5.565971975716));
#3127 = CARTESIAN_POINT('',(5.806529231356,-5.624506589523));
#3128 = CARTESIAN_POINT('',(4.665153806174,-5.69838980867));
#3129 = CARTESIAN_POINT('',(3.534315757704,-5.786137745504));
#3130 = CARTESIAN_POINT('',(2.395947037342,-5.889101847643));
#3131 = CARTESIAN_POINT('',(1.265220029916,-6.006380741806));
#3132 = CARTESIAN_POINT('',(0.114176141632,-6.140553979586));
#3133 = CARTESIAN_POINT('',(0.101778017988,-6.141998140065));
#3134 = CARTESIAN_POINT('',(8.9291211706E-02,-6.143451458399));
#3135 = CARTESIAN_POINT('',(7.672399802E-02,-6.144912774117));
#3136 = CARTESIAN_POINT('',(6.408389365E-02,-6.146380952629));
#3137 = CARTESIAN_POINT('',(5.1377656783E-02,-6.147854885224));
#3138 = CARTESIAN_POINT('',(3.8611287097E-02,-6.149333489069));
#3139 = CARTESIAN_POINT('',(2.5790025738E-02,-6.15081570721));
#3140 = CARTESIAN_POINT('',(1.2918355337E-02,-6.152300508569));
#3141 = CARTESIAN_POINT('',(0.,-6.153786887951));
#3142 = ( GEOMETRIC_REPRESENTATION_CONTEXT(2) 
PARAMETRIC_REPRESENTATION_CONTEXT() REPRESENTATION_CONTEXT('2D SPACE',''
  ) );
#3143 = ADVANCED_FACE('',(#3144),#405,.F.);
#3144 = FACE_BOUND('',#3145,.F.);
#3145 = EDGE_LOOP('',(#3146,#3147,#3148,#3166,#3167));
#3146 = ORIENTED_EDGE('',*,*,#467,.F.);
#3147 = ORIENTED_EDGE('',*,*,#389,.T.);
#3148 = ORIENTED_EDGE('',*,*,#3149,.T.);
#3149 = EDGE_CURVE('',#362,#2522,#3150,.T.);
#3150 = SURFACE_CURVE('',#3151,(#3154,#3160),.PCURVE_S1.);
#3151 = B_SPLINE_CURVE_WITH_KNOTS('',1,(#3152,#3153),.UNSPECIFIED.,.F.,
  .F.,(2,2),(0.,1.),.PIECEWISE_BEZIER_KNOTS.);
#3152 = CARTESIAN_POINT('',(9.9,9.,12.));
#3153 = CARTESIAN_POINT('',(9.187254201751,9.,25.6));
#3154 = PCURVE('',#405,#3155);
#3155 = DEFINITIONAL_REPRESENTATION('',(#3156),#3159);
#3156 = B_SPLINE_CURVE_WITH_KNOTS('',1,(#3157,#3158),.UNSPECIFIED.,.F.,
  .F.,(2,2),(0.,1.),.PIECEWISE_BEZIER_KNOTS.);
#3157 = CARTESIAN_POINT('',(20.5,-13.61866390557));
#3158 = CARTESIAN_POINT('',(20.5,0.));
#3159 = ( GEOMETRIC_REPRESENTATION_CONTEXT(2) 
PARAMETRIC_REPRESENTATION_CONTEXT() REPRESENTATION_CONTEXT('2D SPACE',''
  ) );
#3160 = PCURVE('',#378,#3161);
#3161 = DEFINITIONAL_REPRESENTATION('',(#3162),#3165);
#3162 = B_SPLINE_CURVE_WITH_KNOTS('',1,(#3163,#3164),.UNSPECIFIED.,.F.,
  .F.,(2,2),(0.,1.),.PIECEWISE_BEZIER_KNOTS.);
#3163 = CARTESIAN_POINT('',(6.28318530718,0.));
#3164 = CARTESIAN_POINT('',(6.28318530718,-13.6));
#3165 = ( GEOMETRIC_REPRESENTATION_CONTEXT(2) 
PARAMETRIC_REPRESENTATION_CONTEXT() REPRESENTATION_CONTEXT('2D SPACE',''
  ) );
#3166 = ORIENTED_EDGE('',*,*,#2869,.T.);
#3167 = ORIENTED_EDGE('',*,*,#3089,.T.);
#3168 = ADVANCED_FACE('',(#3169),#378,.F.);
#3169 = FACE_BOUND('',#3170,.F.);
#3170 = EDGE_LOOP('',(#3171,#3172,#3173,#3191));
#3171 = ORIENTED_EDGE('',*,*,#3149,.F.);
#3172 = ORIENTED_EDGE('',*,*,#361,.T.);
#3173 = ORIENTED_EDGE('',*,*,#3174,.T.);
#3174 = EDGE_CURVE('',#334,#2056,#3175,.T.);
#3175 = SURFACE_CURVE('',#3176,(#3179,#3185),.PCURVE_S1.);
#3176 = B_SPLINE_CURVE_WITH_KNOTS('',1,(#3177,#3178),.UNSPECIFIED.,.F.,
  .F.,(2,2),(0.,1.),.PIECEWISE_BEZIER_KNOTS.);
#3177 = CARTESIAN_POINT('',(-9.9,9.,12.));
#3178 = CARTESIAN_POINT('',(-9.18725420175,9.,25.6));
#3179 = PCURVE('',#378,#3180);
#3180 = DEFINITIONAL_REPRESENTATION('',(#3181),#3184);
#3181 = B_SPLINE_CURVE_WITH_KNOTS('',1,(#3182,#3183),.UNSPECIFIED.,.F.,
  .F.,(2,2),(0.,1.),.PIECEWISE_BEZIER_KNOTS.);
#3182 = CARTESIAN_POINT('',(3.14159265359,0.));
#3183 = CARTESIAN_POINT('',(3.14159265359,-13.6));
#3184 = ( GEOMETRIC_REPRESENTATION_CONTEXT(2) 
PARAMETRIC_REPRESENTATION_CONTEXT() REPRESENTATION_CONTEXT('2D SPACE',''
  ) );
#3185 = PCURVE('',#349,#3186);
#3186 = DEFINITIONAL_REPRESENTATION('',(#3187),#3190);
#3187 = B_SPLINE_CURVE_WITH_KNOTS('',1,(#3188,#3189),.UNSPECIFIED.,.F.,
  .F.,(2,2),(0.,1.),.PIECEWISE_BEZIER_KNOTS.);
#3188 = CARTESIAN_POINT('',(0.,-13.61866390557));
#3189 = CARTESIAN_POINT('',(0.,0.));
#3190 = ( GEOMETRIC_REPRESENTATION_CONTEXT(2) 
PARAMETRIC_REPRESENTATION_CONTEXT() REPRESENTATION_CONTEXT('2D SPACE',''
  ) );
#3191 = ORIENTED_EDGE('',*,*,#2603,.T.);
#3192 = ADVANCED_FACE('',(#3193),#349,.F.);
#3193 = FACE_BOUND('',#3194,.F.);
#3194 = EDGE_LOOP('',(#3195,#3196,#3197,#3215));
#3195 = ORIENTED_EDGE('',*,*,#3174,.F.);
#3196 = ORIENTED_EDGE('',*,*,#333,.T.);
#3197 = ORIENTED_EDGE('',*,*,#3198,.T.);
#3198 = EDGE_CURVE('',#306,#1618,#3199,.T.);
#3199 = SURFACE_CURVE('',#3200,(#3203,#3209),.PCURVE_S1.);
#3200 = B_SPLINE_CURVE_WITH_KNOTS('',1,(#3201,#3202),.UNSPECIFIED.,.F.,
  .F.,(2,2),(0.,1.),.PIECEWISE_BEZIER_KNOTS.);
#3201 = CARTESIAN_POINT('',(-9.9,-11.5,12.));
#3202 = CARTESIAN_POINT('',(-9.18725420175,-11.5,25.6));
#3203 = PCURVE('',#349,#3204);
#3204 = DEFINITIONAL_REPRESENTATION('',(#3205),#3208);
#3205 = B_SPLINE_CURVE_WITH_KNOTS('',1,(#3206,#3207),.UNSPECIFIED.,.F.,
  .F.,(2,2),(0.,1.),.PIECEWISE_BEZIER_KNOTS.);
#3206 = CARTESIAN_POINT('',(20.5,-13.61866390557));
#3207 = CARTESIAN_POINT('',(20.5,0.));
#3208 = ( GEOMETRIC_REPRESENTATION_CONTEXT(2) 
PARAMETRIC_REPRESENTATION_CONTEXT() REPRESENTATION_CONTEXT('2D SPACE',''
  ) );
#3209 = PCURVE('',#322,#3210);
#3210 = DEFINITIONAL_REPRESENTATION('',(#3211),#3214);
#3211 = B_SPLINE_CURVE_WITH_KNOTS('',1,(#3212,#3213),.UNSPECIFIED.,.F.,
  .F.,(2,2),(0.,1.),.PIECEWISE_BEZIER_KNOTS.);
#3212 = CARTESIAN_POINT('',(6.28318530718,0.));
#3213 = CARTESIAN_POINT('',(6.28318530718,-13.6));
#3214 = ( GEOMETRIC_REPRESENTATION_CONTEXT(2) 
PARAMETRIC_REPRESENTATION_CONTEXT() REPRESENTATION_CONTEXT('2D SPACE',''
  ) );
#3215 = ORIENTED_EDGE('',*,*,#2263,.T.);
#3216 = ADVANCED_FACE('',(#3217),#322,.F.);
#3217 = FACE_BOUND('',#3218,.F.);
#3218 = EDGE_LOOP('',(#3219,#3220,#3221,#3239));
#3219 = ORIENTED_EDGE('',*,*,#3198,.F.);
#3220 = ORIENTED_EDGE('',*,*,#305,.T.);
#3221 = ORIENTED_EDGE('',*,*,#3222,.T.);
#3222 = EDGE_CURVE('',#276,#1247,#3223,.T.);
#3223 = SURFACE_CURVE('',#3224,(#3227,#3233),.PCURVE_S1.);
#3224 = B_SPLINE_CURVE_WITH_KNOTS('',1,(#3225,#3226),.UNSPECIFIED.,.F.,
  .F.,(2,2),(0.,1.),.PIECEWISE_BEZIER_KNOTS.);
#3225 = CARTESIAN_POINT('',(-7.1,-14.3,12.));
#3226 = CARTESIAN_POINT('',(-7.1,-13.58725420175,25.6));
#3227 = PCURVE('',#322,#3228);
#3228 = DEFINITIONAL_REPRESENTATION('',(#3229),#3232);
#3229 = B_SPLINE_CURVE_WITH_KNOTS('',1,(#3230,#3231),.UNSPECIFIED.,.F.,
  .F.,(2,2),(0.,1.),.PIECEWISE_BEZIER_KNOTS.);
#3230 = CARTESIAN_POINT('',(4.712388980385,0.));
#3231 = CARTESIAN_POINT('',(4.712388980385,-13.6));
#3232 = ( GEOMETRIC_REPRESENTATION_CONTEXT(2) 
PARAMETRIC_REPRESENTATION_CONTEXT() REPRESENTATION_CONTEXT('2D SPACE',''
  ) );
#3233 = PCURVE('',#293,#3234);
#3234 = DEFINITIONAL_REPRESENTATION('',(#3235),#3238);
#3235 = B_SPLINE_CURVE_WITH_KNOTS('',1,(#3236,#3237),.UNSPECIFIED.,.F.,
  .F.,(2,2),(0.,1.),.PIECEWISE_BEZIER_KNOTS.);
#3236 = CARTESIAN_POINT('',(0.,-13.61866390557));
#3237 = CARTESIAN_POINT('',(0.,0.));
#3238 = ( GEOMETRIC_REPRESENTATION_CONTEXT(2) 
PARAMETRIC_REPRESENTATION_CONTEXT() REPRESENTATION_CONTEXT('2D SPACE',''
  ) );
#3239 = ORIENTED_EDGE('',*,*,#1741,.T.);
#3240 = ADVANCED_FACE('',(#3241),#293,.F.);
#3241 = FACE_BOUND('',#3242,.F.);
#3242 = EDGE_LOOP('',(#3243,#3244,#3245,#3246));
#3243 = ORIENTED_EDGE('',*,*,#3222,.F.);
#3244 = ORIENTED_EDGE('',*,*,#275,.T.);
#3245 = ORIENTED_EDGE('',*,*,#446,.T.);
#3246 = ORIENTED_EDGE('',*,*,#1373,.T.);
#3247 = ADVANCED_FACE('',(#3248),#239,.F.);
#3248 = FACE_BOUND('',#3249,.F.);
#3249 = EDGE_LOOP('',(#3250,#3273,#3301,#3322));
#3250 = ORIENTED_EDGE('',*,*,#3251,.F.);
#3251 = EDGE_CURVE('',#3252,#195,#3254,.T.);
#3252 = VERTEX_POINT('',#3253);
#3253 = CARTESIAN_POINT('',(-11.6,9.,13.45));
#3254 = SURFACE_CURVE('',#3255,(#3259,#3266),.PCURVE_S1.);
#3255 = LINE('',#3256,#3257);
#3256 = CARTESIAN_POINT('',(-11.6,9.,13.45));
#3257 = VECTOR('',#3258,1.);
#3258 = DIRECTION('',(0.,1.225073682345E-15,-1.));
#3259 = PCURVE('',#239,#3260);
#3260 = DEFINITIONAL_REPRESENTATION('',(#3261),#3265);
#3261 = LINE('',#3262,#3263);
#3262 = CARTESIAN_POINT('',(0.,-1.45));
#3263 = VECTOR('',#3264,1.);
#3264 = DIRECTION('',(-1.225073682345E-15,1.));
#3265 = ( GEOMETRIC_REPRESENTATION_CONTEXT(2) 
PARAMETRIC_REPRESENTATION_CONTEXT() REPRESENTATION_CONTEXT('2D SPACE',''
  ) );
#3266 = PCURVE('',#211,#3267);
#3267 = DEFINITIONAL_REPRESENTATION('',(#3268),#3272);
#3268 = LINE('',#3269,#3270);
#3269 = CARTESIAN_POINT('',(3.14159265359,-1.45));
#3270 = VECTOR('',#3271,1.);
#3271 = DIRECTION('',(0.,1.));
#3272 = ( GEOMETRIC_REPRESENTATION_CONTEXT(2) 
PARAMETRIC_REPRESENTATION_CONTEXT() REPRESENTATION_CONTEXT('2D SPACE',''
  ) );
#3273 = ORIENTED_EDGE('',*,*,#3274,.T.);
#3274 = EDGE_CURVE('',#3252,#3275,#3277,.T.);
#3275 = VERTEX_POINT('',#3276);
#3276 = CARTESIAN_POINT('',(-11.6,-11.5,13.45));
#3277 = SURFACE_CURVE('',#3278,(#3282,#3289),.PCURVE_S1.);
#3278 = LINE('',#3279,#3280);
#3279 = CARTESIAN_POINT('',(-11.6,9.,13.45));
#3280 = VECTOR('',#3281,1.);
#3281 = DIRECTION('',(8.665155314148E-17,-1.,0.));
#3282 = PCURVE('',#239,#3283);
#3283 = DEFINITIONAL_REPRESENTATION('',(#3284),#3288);
#3284 = LINE('',#3285,#3286);
#3285 = CARTESIAN_POINT('',(0.,-1.45));
#3286 = VECTOR('',#3287,1.);
#3287 = DIRECTION('',(1.,0.));
#3288 = ( GEOMETRIC_REPRESENTATION_CONTEXT(2) 
PARAMETRIC_REPRESENTATION_CONTEXT() REPRESENTATION_CONTEXT('2D SPACE',''
  ) );
#3289 = PCURVE('',#3290,#3295);
#3290 = CYLINDRICAL_SURFACE('',#3291,0.15);
#3291 = AXIS2_PLACEMENT_3D('',#3292,#3293,#3294);
#3292 = CARTESIAN_POINT('',(-11.45,9.,13.45));
#3293 = DIRECTION('',(8.665155314148E-17,-1.,0.));
#3294 = DIRECTION('',(-1.,-8.665155314148E-17,0.));
#3295 = DEFINITIONAL_REPRESENTATION('',(#3296),#3300);
#3296 = LINE('',#3297,#3298);
#3297 = CARTESIAN_POINT('',(6.28318530718,0.));
#3298 = VECTOR('',#3299,1.);
#3299 = DIRECTION('',(-0.,1.));
#3300 = ( GEOMETRIC_REPRESENTATION_CONTEXT(2) 
PARAMETRIC_REPRESENTATION_CONTEXT() REPRESENTATION_CONTEXT('2D SPACE',''
  ) );
#3301 = ORIENTED_EDGE('',*,*,#3302,.T.);
#3302 = EDGE_CURVE('',#3275,#224,#3303,.T.);
#3303 = SURFACE_CURVE('',#3304,(#3308,#3315),.PCURVE_S1.);
#3304 = LINE('',#3305,#3306);
#3305 = CARTESIAN_POINT('',(-11.6,-11.5,13.45));
#3306 = VECTOR('',#3307,1.);
#3307 = DIRECTION('',(0.,-1.225073682345E-15,-1.));
#3308 = PCURVE('',#239,#3309);
#3309 = DEFINITIONAL_REPRESENTATION('',(#3310),#3314);
#3310 = LINE('',#3311,#3312);
#3311 = CARTESIAN_POINT('',(20.5,-1.45));
#3312 = VECTOR('',#3313,1.);
#3313 = DIRECTION('',(1.225073682345E-15,1.));
#3314 = ( GEOMETRIC_REPRESENTATION_CONTEXT(2) 
PARAMETRIC_REPRESENTATION_CONTEXT() REPRESENTATION_CONTEXT('2D SPACE',''
  ) );
#3315 = PCURVE('',#44,#3316);
#3316 = DEFINITIONAL_REPRESENTATION('',(#3317),#3321);
#3317 = LINE('',#3318,#3319);
#3318 = CARTESIAN_POINT('',(6.28318530718,-1.45));
#3319 = VECTOR('',#3320,1.);
#3320 = DIRECTION('',(0.,1.));
#3321 = ( GEOMETRIC_REPRESENTATION_CONTEXT(2) 
PARAMETRIC_REPRESENTATION_CONTEXT() REPRESENTATION_CONTEXT('2D SPACE',''
  ) );
#3322 = ORIENTED_EDGE('',*,*,#223,.F.);
#3323 = ADVANCED_FACE('',(#3324),#3290,.T.);
#3324 = FACE_BOUND('',#3325,.T.);
#3325 = EDGE_LOOP('',(#3326,#3327,#3354,#3382));
#3326 = ORIENTED_EDGE('',*,*,#3274,.T.);
#3327 = ORIENTED_EDGE('',*,*,#3328,.T.);
#3328 = EDGE_CURVE('',#3275,#3329,#3331,.T.);
#3329 = VERTEX_POINT('',#3330);
#3330 = CARTESIAN_POINT('',(-11.45,-11.5,13.6));
#3331 = SURFACE_CURVE('',#3332,(#3337,#3343),.PCURVE_S1.);
#3332 = CIRCLE('',#3333,0.15);
#3333 = AXIS2_PLACEMENT_3D('',#3334,#3335,#3336);
#3334 = CARTESIAN_POINT('',(-11.45,-11.5,13.45));
#3335 = DIRECTION('',(-8.665155314148E-17,1.,0.));
#3336 = DIRECTION('',(-1.,-8.665155314148E-17,0.));
#3337 = PCURVE('',#3290,#3338);
#3338 = DEFINITIONAL_REPRESENTATION('',(#3339),#3342);
#3339 = B_SPLINE_CURVE_WITH_KNOTS('',1,(#3340,#3341),.UNSPECIFIED.,.F.,
  .F.,(2,2),(0.,1.570796326795),.PIECEWISE_BEZIER_KNOTS.);
#3340 = CARTESIAN_POINT('',(6.28318530718,20.5));
#3341 = CARTESIAN_POINT('',(4.712388980385,20.5));
#3342 = ( GEOMETRIC_REPRESENTATION_CONTEXT(2) 
PARAMETRIC_REPRESENTATION_CONTEXT() REPRESENTATION_CONTEXT('2D SPACE',''
  ) );
#3343 = PCURVE('',#3344,#3349);
#3344 = TOROIDAL_SURFACE('',#3345,4.35,0.15);
#3345 = AXIS2_PLACEMENT_3D('',#3346,#3347,#3348);
#3346 = CARTESIAN_POINT('',(-7.1,-11.5,13.45));
#3347 = DIRECTION('',(0.,0.,1.));
#3348 = DIRECTION('',(-1.,7.894919286223E-16,0.));
#3349 = DEFINITIONAL_REPRESENTATION('',(#3350),#3353);
#3350 = B_SPLINE_CURVE_WITH_KNOTS('',1,(#3351,#3352),.UNSPECIFIED.,.F.,
  .F.,(2,2),(0.,1.570796326795),.PIECEWISE_BEZIER_KNOTS.);
#3351 = CARTESIAN_POINT('',(0.,0.));
#3352 = CARTESIAN_POINT('',(0.,1.570796326795));
#3353 = ( GEOMETRIC_REPRESENTATION_CONTEXT(2) 
PARAMETRIC_REPRESENTATION_CONTEXT() REPRESENTATION_CONTEXT('2D SPACE',''
  ) );
#3354 = ORIENTED_EDGE('',*,*,#3355,.F.);
#3355 = EDGE_CURVE('',#3356,#3329,#3358,.T.);
#3356 = VERTEX_POINT('',#3357);
#3357 = CARTESIAN_POINT('',(-11.45,9.,13.6));
#3358 = SURFACE_CURVE('',#3359,(#3363,#3370),.PCURVE_S1.);
#3359 = LINE('',#3360,#3361);
#3360 = CARTESIAN_POINT('',(-11.45,9.,13.6));
#3361 = VECTOR('',#3362,1.);
#3362 = DIRECTION('',(8.665155314148E-17,-1.,0.));
#3363 = PCURVE('',#3290,#3364);
#3364 = DEFINITIONAL_REPRESENTATION('',(#3365),#3369);
#3365 = LINE('',#3366,#3367);
#3366 = CARTESIAN_POINT('',(4.712388980385,0.));
#3367 = VECTOR('',#3368,1.);
#3368 = DIRECTION('',(-0.,1.));
#3369 = ( GEOMETRIC_REPRESENTATION_CONTEXT(2) 
PARAMETRIC_REPRESENTATION_CONTEXT() REPRESENTATION_CONTEXT('2D SPACE',''
  ) );
#3370 = PCURVE('',#3371,#3376);
#3371 = PLANE('',#3372);
#3372 = AXIS2_PLACEMENT_3D('',#3373,#3374,#3375);
#3373 = CARTESIAN_POINT('',(0.,0.653689162569,13.6));
#3374 = DIRECTION('',(0.,0.,1.));
#3375 = DIRECTION('',(1.,0.,0.));
#3376 = DEFINITIONAL_REPRESENTATION('',(#3377),#3381);
#3377 = LINE('',#3378,#3379);
#3378 = CARTESIAN_POINT('',(-11.45,8.346310837431));
#3379 = VECTOR('',#3380,1.);
#3380 = DIRECTION('',(8.665155314148E-17,-1.));
#3381 = ( GEOMETRIC_REPRESENTATION_CONTEXT(2) 
PARAMETRIC_REPRESENTATION_CONTEXT() REPRESENTATION_CONTEXT('2D SPACE',''
  ) );
#3382 = ORIENTED_EDGE('',*,*,#3383,.F.);
#3383 = EDGE_CURVE('',#3252,#3356,#3384,.T.);
#3384 = SURFACE_CURVE('',#3385,(#3390,#3396),.PCURVE_S1.);
#3385 = CIRCLE('',#3386,0.15);
#3386 = AXIS2_PLACEMENT_3D('',#3387,#3388,#3389);
#3387 = CARTESIAN_POINT('',(-11.45,9.,13.45));
#3388 = DIRECTION('',(1.224646799147E-16,1.,-0.));
#3389 = DIRECTION('',(-1.,1.224646799147E-16,0.));
#3390 = PCURVE('',#3290,#3391);
#3391 = DEFINITIONAL_REPRESENTATION('',(#3392),#3395);
#3392 = B_SPLINE_CURVE_WITH_KNOTS('',1,(#3393,#3394),.UNSPECIFIED.,.F.,
  .F.,(2,2),(0.,1.570796326795),.PIECEWISE_BEZIER_KNOTS.);
#3393 = CARTESIAN_POINT('',(6.28318530718,0.));
#3394 = CARTESIAN_POINT('',(4.712388980385,0.));
#3395 = ( GEOMETRIC_REPRESENTATION_CONTEXT(2) 
PARAMETRIC_REPRESENTATION_CONTEXT() REPRESENTATION_CONTEXT('2D SPACE',''
  ) );
#3396 = PCURVE('',#3397,#3402);
#3397 = TOROIDAL_SURFACE('',#3398,11.45,0.15);
#3398 = AXIS2_PLACEMENT_3D('',#3399,#3400,#3401);
#3399 = CARTESIAN_POINT('',(0.,9.,13.45));
#3400 = DIRECTION('',(0.,0.,1.));
#3401 = DIRECTION('',(1.,0.,0.));
#3402 = DEFINITIONAL_REPRESENTATION('',(#3403),#3406);
#3403 = B_SPLINE_CURVE_WITH_KNOTS('',1,(#3404,#3405),.UNSPECIFIED.,.F.,
  .F.,(2,2),(0.,1.570796326795),.PIECEWISE_BEZIER_KNOTS.);
#3404 = CARTESIAN_POINT('',(3.14159265359,0.));
#3405 = CARTESIAN_POINT('',(3.14159265359,1.570796326795));
#3406 = ( GEOMETRIC_REPRESENTATION_CONTEXT(2) 
PARAMETRIC_REPRESENTATION_CONTEXT() REPRESENTATION_CONTEXT('2D SPACE',''
  ) );
#3407 = ADVANCED_FACE('',(#3408),#3344,.T.);
#3408 = FACE_BOUND('',#3409,.T.);
#3409 = EDGE_LOOP('',(#3410,#3411,#3433,#3455));
#3410 = ORIENTED_EDGE('',*,*,#3328,.F.);
#3411 = ORIENTED_EDGE('',*,*,#3412,.T.);
#3412 = EDGE_CURVE('',#3275,#22,#3413,.T.);
#3413 = SURFACE_CURVE('',#3414,(#3419,#3426),.PCURVE_S1.);
#3414 = CIRCLE('',#3415,4.5);
#3415 = AXIS2_PLACEMENT_3D('',#3416,#3417,#3418);
#3416 = CARTESIAN_POINT('',(-7.1,-11.5,13.45));
#3417 = DIRECTION('',(0.,0.,1.));
#3418 = DIRECTION('',(-1.,7.894919286223E-16,0.));
#3419 = PCURVE('',#3344,#3420);
#3420 = DEFINITIONAL_REPRESENTATION('',(#3421),#3425);
#3421 = LINE('',#3422,#3423);
#3422 = CARTESIAN_POINT('',(0.,0.));
#3423 = VECTOR('',#3424,1.);
#3424 = DIRECTION('',(1.,0.));
#3425 = ( GEOMETRIC_REPRESENTATION_CONTEXT(2) 
PARAMETRIC_REPRESENTATION_CONTEXT() REPRESENTATION_CONTEXT('2D SPACE',''
  ) );
#3426 = PCURVE('',#44,#3427);
#3427 = DEFINITIONAL_REPRESENTATION('',(#3428),#3432);
#3428 = LINE('',#3429,#3430);
#3429 = CARTESIAN_POINT('',(6.28318530718,-1.45));
#3430 = VECTOR('',#3431,1.);
#3431 = DIRECTION('',(-1.,0.));
#3432 = ( GEOMETRIC_REPRESENTATION_CONTEXT(2) 
PARAMETRIC_REPRESENTATION_CONTEXT() REPRESENTATION_CONTEXT('2D SPACE',''
  ) );
#3433 = ORIENTED_EDGE('',*,*,#3434,.T.);
#3434 = EDGE_CURVE('',#22,#3435,#3437,.T.);
#3435 = VERTEX_POINT('',#3436);
#3436 = CARTESIAN_POINT('',(-7.1,-15.85,13.6));
#3437 = SURFACE_CURVE('',#3438,(#3443,#3449),.PCURVE_S1.);
#3438 = CIRCLE('',#3439,0.15);
#3439 = AXIS2_PLACEMENT_3D('',#3440,#3441,#3442);
#3440 = CARTESIAN_POINT('',(-7.1,-15.85,13.45));
#3441 = DIRECTION('',(-1.,0.,0.));
#3442 = DIRECTION('',(0.,-1.,0.));
#3443 = PCURVE('',#3344,#3444);
#3444 = DEFINITIONAL_REPRESENTATION('',(#3445),#3448);
#3445 = B_SPLINE_CURVE_WITH_KNOTS('',1,(#3446,#3447),.UNSPECIFIED.,.F.,
  .F.,(2,2),(0.,1.570796326795),.PIECEWISE_BEZIER_KNOTS.);
#3446 = CARTESIAN_POINT('',(1.570796326795,0.));
#3447 = CARTESIAN_POINT('',(1.570796326795,1.570796326795));
#3448 = ( GEOMETRIC_REPRESENTATION_CONTEXT(2) 
PARAMETRIC_REPRESENTATION_CONTEXT() REPRESENTATION_CONTEXT('2D SPACE',''
  ) );
#3449 = PCURVE('',#72,#3450);
#3450 = DEFINITIONAL_REPRESENTATION('',(#3451),#3454);
#3451 = B_SPLINE_CURVE_WITH_KNOTS('',1,(#3452,#3453),.UNSPECIFIED.,.F.,
  .F.,(2,2),(0.,1.570796326795),.PIECEWISE_BEZIER_KNOTS.);
#3452 = CARTESIAN_POINT('',(6.28318530718,0.));
#3453 = CARTESIAN_POINT('',(4.712388980385,0.));
#3454 = ( GEOMETRIC_REPRESENTATION_CONTEXT(2) 
PARAMETRIC_REPRESENTATION_CONTEXT() REPRESENTATION_CONTEXT('2D SPACE',''
  ) );
#3455 = ORIENTED_EDGE('',*,*,#3456,.F.);
#3456 = EDGE_CURVE('',#3329,#3435,#3457,.T.);
#3457 = SURFACE_CURVE('',#3458,(#3463,#3470),.PCURVE_S1.);
#3458 = CIRCLE('',#3459,4.35);
#3459 = AXIS2_PLACEMENT_3D('',#3460,#3461,#3462);
#3460 = CARTESIAN_POINT('',(-7.1,-11.5,13.6));
#3461 = DIRECTION('',(0.,0.,1.));
#3462 = DIRECTION('',(-1.,7.894919286223E-16,0.));
#3463 = PCURVE('',#3344,#3464);
#3464 = DEFINITIONAL_REPRESENTATION('',(#3465),#3469);
#3465 = LINE('',#3466,#3467);
#3466 = CARTESIAN_POINT('',(0.,1.570796326795));
#3467 = VECTOR('',#3468,1.);
#3468 = DIRECTION('',(1.,0.));
#3469 = ( GEOMETRIC_REPRESENTATION_CONTEXT(2) 
PARAMETRIC_REPRESENTATION_CONTEXT() REPRESENTATION_CONTEXT('2D SPACE',''
  ) );
#3470 = PCURVE('',#3371,#3471);
#3471 = DEFINITIONAL_REPRESENTATION('',(#3472),#3476);
#3472 = CIRCLE('',#3473,4.35);
#3473 = AXIS2_PLACEMENT_2D('',#3474,#3475);
#3474 = CARTESIAN_POINT('',(-7.1,-12.15368916256));
#3475 = DIRECTION('',(-1.,7.894919286223E-16));
#3476 = ( GEOMETRIC_REPRESENTATION_CONTEXT(2) 
PARAMETRIC_REPRESENTATION_CONTEXT() REPRESENTATION_CONTEXT('2D SPACE',''
  ) );
#3477 = ADVANCED_FACE('',(#3478,#3584),#3371,.T.);
#3478 = FACE_BOUND('',#3479,.T.);
#3479 = EDGE_LOOP('',(#3480,#3503,#3532,#3560,#3582,#3583));
#3480 = ORIENTED_EDGE('',*,*,#3481,.T.);
#3481 = EDGE_CURVE('',#3435,#3482,#3484,.T.);
#3482 = VERTEX_POINT('',#3483);
#3483 = CARTESIAN_POINT('',(7.1,-15.85,13.6));
#3484 = SURFACE_CURVE('',#3485,(#3489,#3496),.PCURVE_S1.);
#3485 = LINE('',#3486,#3487);
#3486 = CARTESIAN_POINT('',(-7.1,-15.85,13.6));
#3487 = VECTOR('',#3488,1.);
#3488 = DIRECTION('',(1.,0.,0.));
#3489 = PCURVE('',#3371,#3490);
#3490 = DEFINITIONAL_REPRESENTATION('',(#3491),#3495);
#3491 = LINE('',#3492,#3493);
#3492 = CARTESIAN_POINT('',(-7.1,-16.50368916256));
#3493 = VECTOR('',#3494,1.);
#3494 = DIRECTION('',(1.,0.));
#3495 = ( GEOMETRIC_REPRESENTATION_CONTEXT(2) 
PARAMETRIC_REPRESENTATION_CONTEXT() REPRESENTATION_CONTEXT('2D SPACE',''
  ) );
#3496 = PCURVE('',#72,#3497);
#3497 = DEFINITIONAL_REPRESENTATION('',(#3498),#3502);
#3498 = LINE('',#3499,#3500);
#3499 = CARTESIAN_POINT('',(4.712388980385,0.));
#3500 = VECTOR('',#3501,1.);
#3501 = DIRECTION('',(-0.,1.));
#3502 = ( GEOMETRIC_REPRESENTATION_CONTEXT(2) 
PARAMETRIC_REPRESENTATION_CONTEXT() REPRESENTATION_CONTEXT('2D SPACE',''
  ) );
#3503 = ORIENTED_EDGE('',*,*,#3504,.T.);
#3504 = EDGE_CURVE('',#3482,#3505,#3507,.T.);
#3505 = VERTEX_POINT('',#3506);
#3506 = CARTESIAN_POINT('',(11.45,-11.5,13.6));
#3507 = SURFACE_CURVE('',#3508,(#3513,#3520),.PCURVE_S1.);
#3508 = CIRCLE('',#3509,4.35);
#3509 = AXIS2_PLACEMENT_3D('',#3510,#3511,#3512);
#3510 = CARTESIAN_POINT('',(7.1,-11.5,13.6));
#3511 = DIRECTION('',(0.,0.,1.));
#3512 = DIRECTION('',(-3.947459643112E-16,-1.,0.));
#3513 = PCURVE('',#3371,#3514);
#3514 = DEFINITIONAL_REPRESENTATION('',(#3515),#3519);
#3515 = CIRCLE('',#3516,4.35);
#3516 = AXIS2_PLACEMENT_2D('',#3517,#3518);
#3517 = CARTESIAN_POINT('',(7.1,-12.15368916256));
#3518 = DIRECTION('',(-3.947459643112E-16,-1.));
#3519 = ( GEOMETRIC_REPRESENTATION_CONTEXT(2) 
PARAMETRIC_REPRESENTATION_CONTEXT() REPRESENTATION_CONTEXT('2D SPACE',''
  ) );
#3520 = PCURVE('',#3521,#3526);
#3521 = TOROIDAL_SURFACE('',#3522,4.35,0.15);
#3522 = AXIS2_PLACEMENT_3D('',#3523,#3524,#3525);
#3523 = CARTESIAN_POINT('',(7.1,-11.5,13.45));
#3524 = DIRECTION('',(0.,0.,1.));
#3525 = DIRECTION('',(-3.947459643112E-16,-1.,0.));
#3526 = DEFINITIONAL_REPRESENTATION('',(#3527),#3531);
#3527 = LINE('',#3528,#3529);
#3528 = CARTESIAN_POINT('',(0.,1.570796326795));
#3529 = VECTOR('',#3530,1.);
#3530 = DIRECTION('',(1.,0.));
#3531 = ( GEOMETRIC_REPRESENTATION_CONTEXT(2) 
PARAMETRIC_REPRESENTATION_CONTEXT() REPRESENTATION_CONTEXT('2D SPACE',''
  ) );
#3532 = ORIENTED_EDGE('',*,*,#3533,.T.);
#3533 = EDGE_CURVE('',#3505,#3534,#3536,.T.);
#3534 = VERTEX_POINT('',#3535);
#3535 = CARTESIAN_POINT('',(11.45,9.,13.6));
#3536 = SURFACE_CURVE('',#3537,(#3541,#3548),.PCURVE_S1.);
#3537 = LINE('',#3538,#3539);
#3538 = CARTESIAN_POINT('',(11.45,-11.5,13.6));
#3539 = VECTOR('',#3540,1.);
#3540 = DIRECTION('',(0.,1.,0.));
#3541 = PCURVE('',#3371,#3542);
#3542 = DEFINITIONAL_REPRESENTATION('',(#3543),#3547);
#3543 = LINE('',#3544,#3545);
#3544 = CARTESIAN_POINT('',(11.45,-12.15368916256));
#3545 = VECTOR('',#3546,1.);
#3546 = DIRECTION('',(0.,1.));
#3547 = ( GEOMETRIC_REPRESENTATION_CONTEXT(2) 
PARAMETRIC_REPRESENTATION_CONTEXT() REPRESENTATION_CONTEXT('2D SPACE',''
  ) );
#3548 = PCURVE('',#3549,#3554);
#3549 = CYLINDRICAL_SURFACE('',#3550,0.15);
#3550 = AXIS2_PLACEMENT_3D('',#3551,#3552,#3553);
#3551 = CARTESIAN_POINT('',(11.45,-11.5,13.45));
#3552 = DIRECTION('',(0.,1.,0.));
#3553 = DIRECTION('',(1.,0.,0.));
#3554 = DEFINITIONAL_REPRESENTATION('',(#3555),#3559);
#3555 = LINE('',#3556,#3557);
#3556 = CARTESIAN_POINT('',(4.712388980385,0.));
#3557 = VECTOR('',#3558,1.);
#3558 = DIRECTION('',(-0.,1.));
#3559 = ( GEOMETRIC_REPRESENTATION_CONTEXT(2) 
PARAMETRIC_REPRESENTATION_CONTEXT() REPRESENTATION_CONTEXT('2D SPACE',''
  ) );
#3560 = ORIENTED_EDGE('',*,*,#3561,.T.);
#3561 = EDGE_CURVE('',#3534,#3356,#3562,.T.);
#3562 = SURFACE_CURVE('',#3563,(#3568,#3575),.PCURVE_S1.);
#3563 = CIRCLE('',#3564,11.45);
#3564 = AXIS2_PLACEMENT_3D('',#3565,#3566,#3567);
#3565 = CARTESIAN_POINT('',(0.,9.,13.6));
#3566 = DIRECTION('',(0.,0.,1.));
#3567 = DIRECTION('',(1.,0.,0.));
#3568 = PCURVE('',#3371,#3569);
#3569 = DEFINITIONAL_REPRESENTATION('',(#3570),#3574);
#3570 = CIRCLE('',#3571,11.45);
#3571 = AXIS2_PLACEMENT_2D('',#3572,#3573);
#3572 = CARTESIAN_POINT('',(0.,8.346310837431));
#3573 = DIRECTION('',(1.,0.));
#3574 = ( GEOMETRIC_REPRESENTATION_CONTEXT(2) 
PARAMETRIC_REPRESENTATION_CONTEXT() REPRESENTATION_CONTEXT('2D SPACE',''
  ) );
#3575 = PCURVE('',#3397,#3576);
#3576 = DEFINITIONAL_REPRESENTATION('',(#3577),#3581);
#3577 = LINE('',#3578,#3579);
#3578 = CARTESIAN_POINT('',(0.,1.570796326795));
#3579 = VECTOR('',#3580,1.);
#3580 = DIRECTION('',(1.,0.));
#3581 = ( GEOMETRIC_REPRESENTATION_CONTEXT(2) 
PARAMETRIC_REPRESENTATION_CONTEXT() REPRESENTATION_CONTEXT('2D SPACE',''
  ) );
#3582 = ORIENTED_EDGE('',*,*,#3355,.T.);
#3583 = ORIENTED_EDGE('',*,*,#3456,.T.);
#3584 = FACE_BOUND('',#3585,.T.);
#3585 = EDGE_LOOP('',(#3586,#3621,#3649,#3682,#3710,#3743));
#3586 = ORIENTED_EDGE('',*,*,#3587,.T.);
#3587 = EDGE_CURVE('',#3588,#3590,#3592,.T.);
#3588 = VERTEX_POINT('',#3589);
#3589 = CARTESIAN_POINT('',(11.,-11.5,13.6));
#3590 = VERTEX_POINT('',#3591);
#3591 = CARTESIAN_POINT('',(7.1,-15.4,13.6));
#3592 = SURFACE_CURVE('',#3593,(#3598,#3609),.PCURVE_S1.);
#3593 = CIRCLE('',#3594,3.9);
#3594 = AXIS2_PLACEMENT_3D('',#3595,#3596,#3597);
#3595 = CARTESIAN_POINT('',(7.1,-11.5,13.6));
#3596 = DIRECTION('',(0.,0.,-1.));
#3597 = DIRECTION('',(1.,0.,0.));
#3598 = PCURVE('',#3371,#3599);
#3599 = DEFINITIONAL_REPRESENTATION('',(#3600),#3608);
#3600 = ( BOUNDED_CURVE() B_SPLINE_CURVE(2,(#3601,#3602,#3603,#3604,
#3605,#3606,#3607),.UNSPECIFIED.,.T.,.F.) B_SPLINE_CURVE_WITH_KNOTS((1,2
    ,2,2,2,1),(-2.094395102393,0.,2.094395102393,4.188790204786,
6.28318530718,8.377580409573),.UNSPECIFIED.) CURVE() 
GEOMETRIC_REPRESENTATION_ITEM() RATIONAL_B_SPLINE_CURVE((1.,0.5,1.,0.5,
1.,0.5,1.)) REPRESENTATION_ITEM('') );
#3601 = CARTESIAN_POINT('',(11.,-12.15368916256));
#3602 = CARTESIAN_POINT('',(11.,-18.90868731208));
#3603 = CARTESIAN_POINT('',(5.15,-15.53118823732));
#3604 = CARTESIAN_POINT('',(-0.7,-12.15368916256));
#3605 = CARTESIAN_POINT('',(5.15,-8.77619008781));
#3606 = CARTESIAN_POINT('',(11.,-5.39869101305));
#3607 = CARTESIAN_POINT('',(11.,-12.15368916256));
#3608 = ( GEOMETRIC_REPRESENTATION_CONTEXT(2) 
PARAMETRIC_REPRESENTATION_CONTEXT() REPRESENTATION_CONTEXT('2D SPACE',''
  ) );
#3609 = PCURVE('',#3610,#3615);
#3610 = TOROIDAL_SURFACE('',#3611,3.9,0.15);
#3611 = AXIS2_PLACEMENT_3D('',#3612,#3613,#3614);
#3612 = CARTESIAN_POINT('',(7.1,-11.5,13.45));
#3613 = DIRECTION('',(0.,0.,1.));
#3614 = DIRECTION('',(1.,0.,0.));
#3615 = DEFINITIONAL_REPRESENTATION('',(#3616),#3620);
#3616 = LINE('',#3617,#3618);
#3617 = CARTESIAN_POINT('',(6.28318530718,1.570796326795));
#3618 = VECTOR('',#3619,1.);
#3619 = DIRECTION('',(-1.,0.));
#3620 = ( GEOMETRIC_REPRESENTATION_CONTEXT(2) 
PARAMETRIC_REPRESENTATION_CONTEXT() REPRESENTATION_CONTEXT('2D SPACE',''
  ) );
#3621 = ORIENTED_EDGE('',*,*,#3622,.T.);
#3622 = EDGE_CURVE('',#3590,#3623,#3625,.T.);
#3623 = VERTEX_POINT('',#3624);
#3624 = CARTESIAN_POINT('',(-7.1,-15.4,13.6));
#3625 = SURFACE_CURVE('',#3626,(#3630,#3637),.PCURVE_S1.);
#3626 = LINE('',#3627,#3628);
#3627 = CARTESIAN_POINT('',(7.1,-15.4,13.6));
#3628 = VECTOR('',#3629,1.);
#3629 = DIRECTION('',(-1.,0.,0.));
#3630 = PCURVE('',#3371,#3631);
#3631 = DEFINITIONAL_REPRESENTATION('',(#3632),#3636);
#3632 = LINE('',#3633,#3634);
#3633 = CARTESIAN_POINT('',(7.1,-16.05368916256));
#3634 = VECTOR('',#3635,1.);
#3635 = DIRECTION('',(-1.,0.));
#3636 = ( GEOMETRIC_REPRESENTATION_CONTEXT(2) 
PARAMETRIC_REPRESENTATION_CONTEXT() REPRESENTATION_CONTEXT('2D SPACE',''
  ) );
#3637 = PCURVE('',#3638,#3643);
#3638 = CYLINDRICAL_SURFACE('',#3639,0.15);
#3639 = AXIS2_PLACEMENT_3D('',#3640,#3641,#3642);
#3640 = CARTESIAN_POINT('',(7.1,-15.4,13.45));
#3641 = DIRECTION('',(-1.,0.,0.));
#3642 = DIRECTION('',(0.,0.,1.));
#3643 = DEFINITIONAL_REPRESENTATION('',(#3644),#3648);
#3644 = LINE('',#3645,#3646);
#3645 = CARTESIAN_POINT('',(0.,0.));
#3646 = VECTOR('',#3647,1.);
#3647 = DIRECTION('',(0.,1.));
#3648 = ( GEOMETRIC_REPRESENTATION_CONTEXT(2) 
PARAMETRIC_REPRESENTATION_CONTEXT() REPRESENTATION_CONTEXT('2D SPACE',''
  ) );
#3649 = ORIENTED_EDGE('',*,*,#3650,.T.);
#3650 = EDGE_CURVE('',#3623,#3651,#3653,.T.);
#3651 = VERTEX_POINT('',#3652);
#3652 = CARTESIAN_POINT('',(-11.,-11.5,13.6));
#3653 = SURFACE_CURVE('',#3654,(#3659,#3670),.PCURVE_S1.);
#3654 = CIRCLE('',#3655,3.9);
#3655 = AXIS2_PLACEMENT_3D('',#3656,#3657,#3658);
#3656 = CARTESIAN_POINT('',(-7.1,-11.5,13.6));
#3657 = DIRECTION('',(0.,-0.,-1.));
#3658 = DIRECTION('',(2.368475785867E-16,-1.,0.));
#3659 = PCURVE('',#3371,#3660);
#3660 = DEFINITIONAL_REPRESENTATION('',(#3661),#3669);
#3661 = ( BOUNDED_CURVE() B_SPLINE_CURVE(2,(#3662,#3663,#3664,#3665,
#3666,#3667,#3668),.UNSPECIFIED.,.T.,.F.) B_SPLINE_CURVE_WITH_KNOTS((1,2
    ,2,2,2,1),(-2.094395102393,0.,2.094395102393,4.188790204786,
6.28318530718,8.377580409573),.UNSPECIFIED.) CURVE() 
GEOMETRIC_REPRESENTATION_ITEM() RATIONAL_B_SPLINE_CURVE((1.,0.5,1.,0.5,
1.,0.5,1.)) REPRESENTATION_ITEM('') );
#3662 = CARTESIAN_POINT('',(-7.1,-16.05368916256));
#3663 = CARTESIAN_POINT('',(-13.85499814951,-16.05368916256));
#3664 = CARTESIAN_POINT('',(-10.47749907475,-10.20368916256));
#3665 = CARTESIAN_POINT('',(-7.1,-4.353689162569));
#3666 = CARTESIAN_POINT('',(-3.722500925241,-10.20368916256));
#3667 = CARTESIAN_POINT('',(-0.345001850481,-16.05368916256));
#3668 = CARTESIAN_POINT('',(-7.1,-16.05368916256));
#3669 = ( GEOMETRIC_REPRESENTATION_CONTEXT(2) 
PARAMETRIC_REPRESENTATION_CONTEXT() REPRESENTATION_CONTEXT('2D SPACE',''
  ) );
#3670 = PCURVE('',#3671,#3676);
#3671 = TOROIDAL_SURFACE('',#3672,3.9,0.15);
#3672 = AXIS2_PLACEMENT_3D('',#3673,#3674,#3675);
#3673 = CARTESIAN_POINT('',(-7.1,-11.5,13.45));
#3674 = DIRECTION('',(0.,0.,1.));
#3675 = DIRECTION('',(2.368475785867E-16,-1.,0.));
#3676 = DEFINITIONAL_REPRESENTATION('',(#3677),#3681);
#3677 = LINE('',#3678,#3679);
#3678 = CARTESIAN_POINT('',(6.28318530718,1.570796326795));
#3679 = VECTOR('',#3680,1.);
#3680 = DIRECTION('',(-1.,0.));
#3681 = ( GEOMETRIC_REPRESENTATION_CONTEXT(2) 
PARAMETRIC_REPRESENTATION_CONTEXT() REPRESENTATION_CONTEXT('2D SPACE',''
  ) );
#3682 = ORIENTED_EDGE('',*,*,#3683,.T.);
#3683 = EDGE_CURVE('',#3651,#3684,#3686,.T.);
#3684 = VERTEX_POINT('',#3685);
#3685 = CARTESIAN_POINT('',(-11.,9.,13.6));
#3686 = SURFACE_CURVE('',#3687,(#3691,#3698),.PCURVE_S1.);
#3687 = LINE('',#3688,#3689);
#3688 = CARTESIAN_POINT('',(-11.,-11.5,13.6));
#3689 = VECTOR('',#3690,1.);
#3690 = DIRECTION('',(0.,1.,0.));
#3691 = PCURVE('',#3371,#3692);
#3692 = DEFINITIONAL_REPRESENTATION('',(#3693),#3697);
#3693 = LINE('',#3694,#3695);
#3694 = CARTESIAN_POINT('',(-11.,-12.15368916256));
#3695 = VECTOR('',#3696,1.);
#3696 = DIRECTION('',(0.,1.));
#3697 = ( GEOMETRIC_REPRESENTATION_CONTEXT(2) 
PARAMETRIC_REPRESENTATION_CONTEXT() REPRESENTATION_CONTEXT('2D SPACE',''
  ) );
#3698 = PCURVE('',#3699,#3704);
#3699 = CYLINDRICAL_SURFACE('',#3700,0.15);
#3700 = AXIS2_PLACEMENT_3D('',#3701,#3702,#3703);
#3701 = CARTESIAN_POINT('',(-11.,-11.5,13.45));
#3702 = DIRECTION('',(0.,1.,0.));
#3703 = DIRECTION('',(0.,0.,1.));
#3704 = DEFINITIONAL_REPRESENTATION('',(#3705),#3709);
#3705 = LINE('',#3706,#3707);
#3706 = CARTESIAN_POINT('',(0.,0.));
#3707 = VECTOR('',#3708,1.);
#3708 = DIRECTION('',(0.,1.));
#3709 = ( GEOMETRIC_REPRESENTATION_CONTEXT(2) 
PARAMETRIC_REPRESENTATION_CONTEXT() REPRESENTATION_CONTEXT('2D SPACE',''
  ) );
#3710 = ORIENTED_EDGE('',*,*,#3711,.T.);
#3711 = EDGE_CURVE('',#3684,#3712,#3714,.T.);
#3712 = VERTEX_POINT('',#3713);
#3713 = CARTESIAN_POINT('',(11.,9.,13.6));
#3714 = SURFACE_CURVE('',#3715,(#3720,#3731),.PCURVE_S1.);
#3715 = CIRCLE('',#3716,11.);
#3716 = AXIS2_PLACEMENT_3D('',#3717,#3718,#3719);
#3717 = CARTESIAN_POINT('',(0.,9.,13.6));
#3718 = DIRECTION('',(-0.,0.,-1.));
#3719 = DIRECTION('',(-1.,-1.637195243687E-16,0.));
#3720 = PCURVE('',#3371,#3721);
#3721 = DEFINITIONAL_REPRESENTATION('',(#3722),#3730);
#3722 = ( BOUNDED_CURVE() B_SPLINE_CURVE(2,(#3723,#3724,#3725,#3726,
#3727,#3728,#3729),.UNSPECIFIED.,.T.,.F.) B_SPLINE_CURVE_WITH_KNOTS((1,2
    ,2,2,2,1),(-2.094395102393,0.,2.094395102393,4.188790204786,
6.28318530718,8.377580409573),.UNSPECIFIED.) CURVE() 
GEOMETRIC_REPRESENTATION_ITEM() RATIONAL_B_SPLINE_CURVE((1.,0.5,1.,0.5,
1.,0.5,1.)) REPRESENTATION_ITEM('') );
#3723 = CARTESIAN_POINT('',(-11.,8.346310837431));
#3724 = CARTESIAN_POINT('',(-11.,27.398869720689));
#3725 = CARTESIAN_POINT('',(5.5,17.87259027906));
#3726 = CARTESIAN_POINT('',(22.,8.346310837431));
#3727 = CARTESIAN_POINT('',(5.5,-1.179968604198));
#3728 = CARTESIAN_POINT('',(-11.,-10.70624804582));
#3729 = CARTESIAN_POINT('',(-11.,8.346310837431));
#3730 = ( GEOMETRIC_REPRESENTATION_CONTEXT(2) 
PARAMETRIC_REPRESENTATION_CONTEXT() REPRESENTATION_CONTEXT('2D SPACE',''
  ) );
#3731 = PCURVE('',#3732,#3737);
#3732 = TOROIDAL_SURFACE('',#3733,11.,0.15);
#3733 = AXIS2_PLACEMENT_3D('',#3734,#3735,#3736);
#3734 = CARTESIAN_POINT('',(0.,9.,13.45));
#3735 = DIRECTION('',(0.,0.,1.));
#3736 = DIRECTION('',(-1.,-1.637195243687E-16,0.));
#3737 = DEFINITIONAL_REPRESENTATION('',(#3738),#3742);
#3738 = LINE('',#3739,#3740);
#3739 = CARTESIAN_POINT('',(6.28318530718,1.570796326795));
#3740 = VECTOR('',#3741,1.);
#3741 = DIRECTION('',(-1.,0.));
#3742 = ( GEOMETRIC_REPRESENTATION_CONTEXT(2) 
PARAMETRIC_REPRESENTATION_CONTEXT() REPRESENTATION_CONTEXT('2D SPACE',''
  ) );
#3743 = ORIENTED_EDGE('',*,*,#3744,.T.);
#3744 = EDGE_CURVE('',#3712,#3588,#3745,.T.);
#3745 = SURFACE_CURVE('',#3746,(#3750,#3757),.PCURVE_S1.);
#3746 = LINE('',#3747,#3748);
#3747 = CARTESIAN_POINT('',(11.,9.,13.6));
#3748 = VECTOR('',#3749,1.);
#3749 = DIRECTION('',(0.,-1.,0.));
#3750 = PCURVE('',#3371,#3751);
#3751 = DEFINITIONAL_REPRESENTATION('',(#3752),#3756);
#3752 = LINE('',#3753,#3754);
#3753 = CARTESIAN_POINT('',(11.,8.346310837431));
#3754 = VECTOR('',#3755,1.);
#3755 = DIRECTION('',(0.,-1.));
#3756 = ( GEOMETRIC_REPRESENTATION_CONTEXT(2) 
PARAMETRIC_REPRESENTATION_CONTEXT() REPRESENTATION_CONTEXT('2D SPACE',''
  ) );
#3757 = PCURVE('',#3758,#3763);
#3758 = CYLINDRICAL_SURFACE('',#3759,0.15);
#3759 = AXIS2_PLACEMENT_3D('',#3760,#3761,#3762);
#3760 = CARTESIAN_POINT('',(11.,9.,13.45));
#3761 = DIRECTION('',(0.,-1.,0.));
#3762 = DIRECTION('',(0.,0.,1.));
#3763 = DEFINITIONAL_REPRESENTATION('',(#3764),#3768);
#3764 = LINE('',#3765,#3766);
#3765 = CARTESIAN_POINT('',(0.,0.));
#3766 = VECTOR('',#3767,1.);
#3767 = DIRECTION('',(0.,1.));
#3768 = ( GEOMETRIC_REPRESENTATION_CONTEXT(2) 
PARAMETRIC_REPRESENTATION_CONTEXT() REPRESENTATION_CONTEXT('2D SPACE',''
  ) );
#3769 = ADVANCED_FACE('',(#3770),#3699,.T.);
#3770 = FACE_BOUND('',#3771,.T.);
#3771 = EDGE_LOOP('',(#3772,#3794,#3822,#3842));
#3772 = ORIENTED_EDGE('',*,*,#3773,.T.);
#3773 = EDGE_CURVE('',#3651,#3774,#3776,.T.);
#3774 = VERTEX_POINT('',#3775);
#3775 = CARTESIAN_POINT('',(-10.85,-11.5,13.45));
#3776 = SURFACE_CURVE('',#3777,(#3782,#3788),.PCURVE_S1.);
#3777 = CIRCLE('',#3778,0.15);
#3778 = AXIS2_PLACEMENT_3D('',#3779,#3780,#3781);
#3779 = CARTESIAN_POINT('',(-11.,-11.5,13.45));
#3780 = DIRECTION('',(-2.980799185441E-16,1.,0.));
#3781 = DIRECTION('',(-1.,-2.980799185441E-16,0.));
#3782 = PCURVE('',#3699,#3783);
#3783 = DEFINITIONAL_REPRESENTATION('',(#3784),#3787);
#3784 = B_SPLINE_CURVE_WITH_KNOTS('',1,(#3785,#3786),.UNSPECIFIED.,.F.,
  .F.,(2,2),(1.570796326795,3.14159265359),.PIECEWISE_BEZIER_KNOTS.);
#3785 = CARTESIAN_POINT('',(0.,0.));
#3786 = CARTESIAN_POINT('',(1.570796326795,0.));
#3787 = ( GEOMETRIC_REPRESENTATION_CONTEXT(2) 
PARAMETRIC_REPRESENTATION_CONTEXT() REPRESENTATION_CONTEXT('2D SPACE',''
  ) );
#3788 = PCURVE('',#3671,#3789);
#3789 = DEFINITIONAL_REPRESENTATION('',(#3790),#3793);
#3790 = B_SPLINE_CURVE_WITH_KNOTS('',1,(#3791,#3792),.UNSPECIFIED.,.F.,
  .F.,(2,2),(1.570796326795,3.14159265359),.PIECEWISE_BEZIER_KNOTS.);
#3791 = CARTESIAN_POINT('',(4.712388980385,1.570796326795));
#3792 = CARTESIAN_POINT('',(4.712388980385,3.14159265359));
#3793 = ( GEOMETRIC_REPRESENTATION_CONTEXT(2) 
PARAMETRIC_REPRESENTATION_CONTEXT() REPRESENTATION_CONTEXT('2D SPACE',''
  ) );
#3794 = ORIENTED_EDGE('',*,*,#3795,.T.);
#3795 = EDGE_CURVE('',#3774,#3796,#3798,.T.);
#3796 = VERTEX_POINT('',#3797);
#3797 = CARTESIAN_POINT('',(-10.85,9.,13.45));
#3798 = SURFACE_CURVE('',#3799,(#3803,#3810),.PCURVE_S1.);
#3799 = LINE('',#3800,#3801);
#3800 = CARTESIAN_POINT('',(-10.85,-11.5,13.45));
#3801 = VECTOR('',#3802,1.);
#3802 = DIRECTION('',(0.,1.,0.));
#3803 = PCURVE('',#3699,#3804);
#3804 = DEFINITIONAL_REPRESENTATION('',(#3805),#3809);
#3805 = LINE('',#3806,#3807);
#3806 = CARTESIAN_POINT('',(1.570796326795,0.));
#3807 = VECTOR('',#3808,1.);
#3808 = DIRECTION('',(0.,1.));
#3809 = ( GEOMETRIC_REPRESENTATION_CONTEXT(2) 
PARAMETRIC_REPRESENTATION_CONTEXT() REPRESENTATION_CONTEXT('2D SPACE',''
  ) );
#3810 = PCURVE('',#3811,#3816);
#3811 = PLANE('',#3812);
#3812 = AXIS2_PLACEMENT_3D('',#3813,#3814,#3815);
#3813 = CARTESIAN_POINT('',(-10.85,9.,11.9));
#3814 = DIRECTION('',(1.,0.,0.));
#3815 = DIRECTION('',(0.,-1.,0.));
#3816 = DEFINITIONAL_REPRESENTATION('',(#3817),#3821);
#3817 = LINE('',#3818,#3819);
#3818 = CARTESIAN_POINT('',(20.5,-1.55));
#3819 = VECTOR('',#3820,1.);
#3820 = DIRECTION('',(-1.,0.));
#3821 = ( GEOMETRIC_REPRESENTATION_CONTEXT(2) 
PARAMETRIC_REPRESENTATION_CONTEXT() REPRESENTATION_CONTEXT('2D SPACE',''
  ) );
#3822 = ORIENTED_EDGE('',*,*,#3823,.F.);
#3823 = EDGE_CURVE('',#3684,#3796,#3824,.T.);
#3824 = SURFACE_CURVE('',#3825,(#3830,#3836),.PCURVE_S1.);
#3825 = CIRCLE('',#3826,0.15);
#3826 = AXIS2_PLACEMENT_3D('',#3827,#3828,#3829);
#3827 = CARTESIAN_POINT('',(-11.,9.,13.45));
#3828 = DIRECTION('',(0.,1.,0.));
#3829 = DIRECTION('',(0.,0.,1.));
#3830 = PCURVE('',#3699,#3831);
#3831 = DEFINITIONAL_REPRESENTATION('',(#3832),#3835);
#3832 = B_SPLINE_CURVE_WITH_KNOTS('',1,(#3833,#3834),.UNSPECIFIED.,.F.,
  .F.,(2,2),(0.,1.570796326795),.PIECEWISE_BEZIER_KNOTS.);
#3833 = CARTESIAN_POINT('',(0.,20.5));
#3834 = CARTESIAN_POINT('',(1.570796326795,20.5));
#3835 = ( GEOMETRIC_REPRESENTATION_CONTEXT(2) 
PARAMETRIC_REPRESENTATION_CONTEXT() REPRESENTATION_CONTEXT('2D SPACE',''
  ) );
#3836 = PCURVE('',#3732,#3837);
#3837 = DEFINITIONAL_REPRESENTATION('',(#3838),#3841);
#3838 = B_SPLINE_CURVE_WITH_KNOTS('',1,(#3839,#3840),.UNSPECIFIED.,.F.,
  .F.,(2,2),(0.,1.570796326795),.PIECEWISE_BEZIER_KNOTS.);
#3839 = CARTESIAN_POINT('',(6.28318530718,1.570796326795));
#3840 = CARTESIAN_POINT('',(6.28318530718,3.14159265359));
#3841 = ( GEOMETRIC_REPRESENTATION_CONTEXT(2) 
PARAMETRIC_REPRESENTATION_CONTEXT() REPRESENTATION_CONTEXT('2D SPACE',''
  ) );
#3842 = ORIENTED_EDGE('',*,*,#3683,.F.);
#3843 = ADVANCED_FACE('',(#3844),#3811,.T.);
#3844 = FACE_BOUND('',#3845,.T.);
#3845 = EDGE_LOOP('',(#3846,#3874,#3901,#3927));
#3846 = ORIENTED_EDGE('',*,*,#3847,.F.);
#3847 = EDGE_CURVE('',#3848,#3774,#3850,.T.);
#3848 = VERTEX_POINT('',#3849);
#3849 = CARTESIAN_POINT('',(-10.85,-11.5,13.233120705897));
#3850 = SURFACE_CURVE('',#3851,(#3855,#3862),.PCURVE_S1.);
#3851 = LINE('',#3852,#3853);
#3852 = CARTESIAN_POINT('',(-10.85,-11.5,11.9));
#3853 = VECTOR('',#3854,1.);
#3854 = DIRECTION('',(0.,0.,1.));
#3855 = PCURVE('',#3811,#3856);
#3856 = DEFINITIONAL_REPRESENTATION('',(#3857),#3861);
#3857 = LINE('',#3858,#3859);
#3858 = CARTESIAN_POINT('',(20.5,0.));
#3859 = VECTOR('',#3860,1.);
#3860 = DIRECTION('',(0.,-1.));
#3861 = ( GEOMETRIC_REPRESENTATION_CONTEXT(2) 
PARAMETRIC_REPRESENTATION_CONTEXT() REPRESENTATION_CONTEXT('2D SPACE',''
  ) );
#3862 = PCURVE('',#3863,#3868);
#3863 = CYLINDRICAL_SURFACE('',#3864,3.75);
#3864 = AXIS2_PLACEMENT_3D('',#3865,#3866,#3867);
#3865 = CARTESIAN_POINT('',(-7.1,-11.5,11.9));
#3866 = DIRECTION('',(-0.,-0.,-1.));
#3867 = DIRECTION('',(-1.,0.,0.));
#3868 = DEFINITIONAL_REPRESENTATION('',(#3869),#3873);
#3869 = LINE('',#3870,#3871);
#3870 = CARTESIAN_POINT('',(6.28318530718,0.));
#3871 = VECTOR('',#3872,1.);
#3872 = DIRECTION('',(-0.,-1.));
#3873 = ( GEOMETRIC_REPRESENTATION_CONTEXT(2) 
PARAMETRIC_REPRESENTATION_CONTEXT() REPRESENTATION_CONTEXT('2D SPACE',''
  ) );
#3874 = ORIENTED_EDGE('',*,*,#3875,.F.);
#3875 = EDGE_CURVE('',#3876,#3848,#3878,.T.);
#3876 = VERTEX_POINT('',#3877);
#3877 = CARTESIAN_POINT('',(-10.85,9.,13.233120705897));
#3878 = SURFACE_CURVE('',#3879,(#3883,#3890),.PCURVE_S1.);
#3879 = LINE('',#3880,#3881);
#3880 = CARTESIAN_POINT('',(-10.85,9.,13.233120705897));
#3881 = VECTOR('',#3882,1.);
#3882 = DIRECTION('',(0.,-1.,0.));
#3883 = PCURVE('',#3811,#3884);
#3884 = DEFINITIONAL_REPRESENTATION('',(#3885),#3889);
#3885 = LINE('',#3886,#3887);
#3886 = CARTESIAN_POINT('',(0.,-1.333120705897));
#3887 = VECTOR('',#3888,1.);
#3888 = DIRECTION('',(1.,0.));
#3889 = ( GEOMETRIC_REPRESENTATION_CONTEXT(2) 
PARAMETRIC_REPRESENTATION_CONTEXT() REPRESENTATION_CONTEXT('2D SPACE',''
  ) );
#3890 = PCURVE('',#3891,#3896);
#3891 = CYLINDRICAL_SURFACE('',#3892,0.25);
#3892 = AXIS2_PLACEMENT_3D('',#3893,#3894,#3895);
#3893 = CARTESIAN_POINT('',(-10.97435180653,9.,13.45));
#3894 = DIRECTION('',(0.,-1.,0.));
#3895 = DIRECTION('',(0.,0.,-1.));
#3896 = DEFINITIONAL_REPRESENTATION('',(#3897),#3900);
#3897 = B_SPLINE_CURVE_WITH_KNOTS('',1,(#3898,#3899),.UNSPECIFIED.,.F.,
  .F.,(2,2),(-5.999999945772E-07,20.5000006),.PIECEWISE_BEZIER_KNOTS.);
#3898 = CARTESIAN_POINT('',(0.520607476809,-5.999999945772E-07));
#3899 = CARTESIAN_POINT('',(0.520607476809,20.5000006));
#3900 = ( GEOMETRIC_REPRESENTATION_CONTEXT(2) 
PARAMETRIC_REPRESENTATION_CONTEXT() REPRESENTATION_CONTEXT('2D SPACE',''
  ) );
#3901 = ORIENTED_EDGE('',*,*,#3902,.T.);
#3902 = EDGE_CURVE('',#3876,#3796,#3903,.T.);
#3903 = SURFACE_CURVE('',#3904,(#3908,#3915),.PCURVE_S1.);
#3904 = LINE('',#3905,#3906);
#3905 = CARTESIAN_POINT('',(-10.85,9.,11.9));
#3906 = VECTOR('',#3907,1.);
#3907 = DIRECTION('',(0.,0.,1.));
#3908 = PCURVE('',#3811,#3909);
#3909 = DEFINITIONAL_REPRESENTATION('',(#3910),#3914);
#3910 = LINE('',#3911,#3912);
#3911 = CARTESIAN_POINT('',(0.,0.));
#3912 = VECTOR('',#3913,1.);
#3913 = DIRECTION('',(0.,-1.));
#3914 = ( GEOMETRIC_REPRESENTATION_CONTEXT(2) 
PARAMETRIC_REPRESENTATION_CONTEXT() REPRESENTATION_CONTEXT('2D SPACE',''
  ) );
#3915 = PCURVE('',#3916,#3921);
#3916 = CYLINDRICAL_SURFACE('',#3917,10.85);
#3917 = AXIS2_PLACEMENT_3D('',#3918,#3919,#3920);
#3918 = CARTESIAN_POINT('',(0.,9.,11.9));
#3919 = DIRECTION('',(-0.,-0.,-1.));
#3920 = DIRECTION('',(1.,-1.637195243687E-16,0.));
#3921 = DEFINITIONAL_REPRESENTATION('',(#3922),#3926);
#3922 = LINE('',#3923,#3924);
#3923 = CARTESIAN_POINT('',(3.14159265359,0.));
#3924 = VECTOR('',#3925,1.);
#3925 = DIRECTION('',(-0.,-1.));
#3926 = ( GEOMETRIC_REPRESENTATION_CONTEXT(2) 
PARAMETRIC_REPRESENTATION_CONTEXT() REPRESENTATION_CONTEXT('2D SPACE',''
  ) );
#3927 = ORIENTED_EDGE('',*,*,#3795,.F.);
#3928 = ADVANCED_FACE('',(#3929),#3891,.F.);
#3929 = FACE_BOUND('',#3930,.F.);
#3930 = EDGE_LOOP('',(#3931,#3932,#3959,#3987));
#3931 = ORIENTED_EDGE('',*,*,#3875,.F.);
#3932 = ORIENTED_EDGE('',*,*,#3933,.T.);
#3933 = EDGE_CURVE('',#3876,#3934,#3936,.T.);
#3934 = VERTEX_POINT('',#3935);
#3935 = CARTESIAN_POINT('',(-10.72469442285,9.,13.436916010939));
#3936 = SURFACE_CURVE('',#3937,(#3942,#3948),.PCURVE_S1.);
#3937 = CIRCLE('',#3938,0.25);
#3938 = AXIS2_PLACEMENT_3D('',#3939,#3940,#3941);
#3939 = CARTESIAN_POINT('',(-10.97435180653,9.,13.45));
#3940 = DIRECTION('',(-4.011130281731E-16,-1.,-0.));
#3941 = DIRECTION('',(-1.,4.011130281731E-16,0.));
#3942 = PCURVE('',#3891,#3943);
#3943 = DEFINITIONAL_REPRESENTATION('',(#3944),#3947);
#3944 = B_SPLINE_CURVE_WITH_KNOTS('',1,(#3945,#3946),.UNSPECIFIED.,.F.,
  .F.,(2,2),(1.570796326795,3.08923277603),.PIECEWISE_BEZIER_KNOTS.);
#3945 = CARTESIAN_POINT('',(0.,5.329070518201E-15));
#3946 = CARTESIAN_POINT('',(1.518436449235,5.329070518201E-15));
#3947 = ( GEOMETRIC_REPRESENTATION_CONTEXT(2) 
PARAMETRIC_REPRESENTATION_CONTEXT() REPRESENTATION_CONTEXT('2D SPACE',''
  ) );
#3948 = PCURVE('',#3949,#3954);
#3949 = TOROIDAL_SURFACE('',#3950,10.974351806539,0.25);
#3950 = AXIS2_PLACEMENT_3D('',#3951,#3952,#3953);
#3951 = CARTESIAN_POINT('',(0.,9.,13.45));
#3952 = DIRECTION('',(-0.,-0.,-1.));
#3953 = DIRECTION('',(1.,1.654408615917E-16,0.));
#3954 = DEFINITIONAL_REPRESENTATION('',(#3955),#3958);
#3955 = B_SPLINE_CURVE_WITH_KNOTS('',1,(#3956,#3957),.UNSPECIFIED.,.F.,
  .F.,(2,2),(1.570796326795,3.08923277603),.PIECEWISE_BEZIER_KNOTS.);
#3956 = CARTESIAN_POINT('',(3.14159265359,1.570796326795));
#3957 = CARTESIAN_POINT('',(3.14159265359,3.08923277603));
#3958 = ( GEOMETRIC_REPRESENTATION_CONTEXT(2) 
PARAMETRIC_REPRESENTATION_CONTEXT() REPRESENTATION_CONTEXT('2D SPACE',''
  ) );
#3959 = ORIENTED_EDGE('',*,*,#3960,.T.);
#3960 = EDGE_CURVE('',#3934,#3961,#3963,.T.);
#3961 = VERTEX_POINT('',#3962);
#3962 = CARTESIAN_POINT('',(-10.72469442285,-11.5,13.436916010939));
#3963 = SURFACE_CURVE('',#3964,(#3968,#3975),.PCURVE_S1.);
#3964 = LINE('',#3965,#3966);
#3965 = CARTESIAN_POINT('',(-10.72469442285,9.,13.436916010939));
#3966 = VECTOR('',#3967,1.);
#3967 = DIRECTION('',(0.,-1.,0.));
#3968 = PCURVE('',#3891,#3969);
#3969 = DEFINITIONAL_REPRESENTATION('',(#3970),#3974);
#3970 = LINE('',#3971,#3972);
#3971 = CARTESIAN_POINT('',(1.518436449235,0.));
#3972 = VECTOR('',#3973,1.);
#3973 = DIRECTION('',(0.,1.));
#3974 = ( GEOMETRIC_REPRESENTATION_CONTEXT(2) 
PARAMETRIC_REPRESENTATION_CONTEXT() REPRESENTATION_CONTEXT('2D SPACE',''
  ) );
#3975 = PCURVE('',#3976,#3981);
#3976 = PLANE('',#3977);
#3977 = AXIS2_PLACEMENT_3D('',#3978,#3979,#3980);
#3978 = CARTESIAN_POINT('',(-10.08725420175,9.,25.6));
#3979 = DIRECTION('',(-0.998629534755,0.,5.233595624292E-02));
#3980 = DIRECTION('',(0.,-1.,0.));
#3981 = DEFINITIONAL_REPRESENTATION('',(#3982),#3986);
#3982 = LINE('',#3983,#3984);
#3983 = CARTESIAN_POINT('',(-0.,-12.17977594869));
#3984 = VECTOR('',#3985,1.);
#3985 = DIRECTION('',(1.,0.));
#3986 = ( GEOMETRIC_REPRESENTATION_CONTEXT(2) 
PARAMETRIC_REPRESENTATION_CONTEXT() REPRESENTATION_CONTEXT('2D SPACE',''
  ) );
#3987 = ORIENTED_EDGE('',*,*,#3988,.F.);
#3988 = EDGE_CURVE('',#3848,#3961,#3989,.T.);
#3989 = SURFACE_CURVE('',#3990,(#3995,#4001),.PCURVE_S1.);
#3990 = CIRCLE('',#3991,0.25);
#3991 = AXIS2_PLACEMENT_3D('',#3992,#3993,#3994);
#3992 = CARTESIAN_POINT('',(-10.97435180653,-11.5,13.45));
#3993 = DIRECTION('',(0.,-1.,0.));
#3994 = DIRECTION('',(0.,0.,-1.));
#3995 = PCURVE('',#3891,#3996);
#3996 = DEFINITIONAL_REPRESENTATION('',(#3997),#4000);
#3997 = B_SPLINE_CURVE_WITH_KNOTS('',1,(#3998,#3999),.UNSPECIFIED.,.F.,
  .F.,(2,2),(0.,1.518436449235),.PIECEWISE_BEZIER_KNOTS.);
#3998 = CARTESIAN_POINT('',(0.,20.5));
#3999 = CARTESIAN_POINT('',(1.518436449235,20.5));
#4000 = ( GEOMETRIC_REPRESENTATION_CONTEXT(2) 
PARAMETRIC_REPRESENTATION_CONTEXT() REPRESENTATION_CONTEXT('2D SPACE',''
  ) );
#4001 = PCURVE('',#4002,#4007);
#4002 = TOROIDAL_SURFACE('',#4003,3.874351806539,0.25);
#4003 = AXIS2_PLACEMENT_3D('',#4004,#4005,#4006);
#4004 = CARTESIAN_POINT('',(-7.1,-11.5,13.45));
#4005 = DIRECTION('',(-0.,-0.,-1.));
#4006 = DIRECTION('',(-1.,9.767955957801E-16,0.));
#4007 = DEFINITIONAL_REPRESENTATION('',(#4008),#4011);
#4008 = B_SPLINE_CURVE_WITH_KNOTS('',1,(#4009,#4010),.UNSPECIFIED.,.F.,
  .F.,(2,2),(0.,1.518436449235),.PIECEWISE_BEZIER_KNOTS.);
#4009 = CARTESIAN_POINT('',(6.28318530718,1.570796326795));
#4010 = CARTESIAN_POINT('',(6.28318530718,3.08923277603));
#4011 = ( GEOMETRIC_REPRESENTATION_CONTEXT(2) 
PARAMETRIC_REPRESENTATION_CONTEXT() REPRESENTATION_CONTEXT('2D SPACE',''
  ) );
#4012 = ADVANCED_FACE('',(#4013),#3949,.F.);
#4013 = FACE_BOUND('',#4014,.F.);
#4014 = EDGE_LOOP('',(#4015,#4044,#4045,#4069));
#4015 = ORIENTED_EDGE('',*,*,#4016,.T.);
#4016 = EDGE_CURVE('',#4017,#3934,#4019,.T.);
#4017 = VERTEX_POINT('',#4018);
#4018 = CARTESIAN_POINT('',(10.72469442285,9.,13.436916010939));
#4019 = SURFACE_CURVE('',#4020,(#4025,#4032),.PCURVE_S1.);
#4020 = CIRCLE('',#4021,10.72469442285);
#4021 = AXIS2_PLACEMENT_3D('',#4022,#4023,#4024);
#4022 = CARTESIAN_POINT('',(0.,9.,13.436916010939));
#4023 = DIRECTION('',(0.,-0.,1.));
#4024 = DIRECTION('',(1.,1.654408615917E-16,0.));
#4025 = PCURVE('',#3949,#4026);
#4026 = DEFINITIONAL_REPRESENTATION('',(#4027),#4031);
#4027 = LINE('',#4028,#4029);
#4028 = CARTESIAN_POINT('',(6.28318530718,3.08923277603));
#4029 = VECTOR('',#4030,1.);
#4030 = DIRECTION('',(-1.,0.));
#4031 = ( GEOMETRIC_REPRESENTATION_CONTEXT(2) 
PARAMETRIC_REPRESENTATION_CONTEXT() REPRESENTATION_CONTEXT('2D SPACE',''
  ) );
#4032 = PCURVE('',#4033,#4038);
#4033 = CONICAL_SURFACE('',#4034,10.8,5.235987755983E-02);
#4034 = AXIS2_PLACEMENT_3D('',#4035,#4036,#4037);
#4035 = CARTESIAN_POINT('',(0.,9.,12.));
#4036 = DIRECTION('',(-0.,-0.,-1.));
#4037 = DIRECTION('',(1.,1.644774851297E-16,0.));
#4038 = DEFINITIONAL_REPRESENTATION('',(#4039),#4043);
#4039 = LINE('',#4040,#4041);
#4040 = CARTESIAN_POINT('',(6.28318530718,-1.436916010939));
#4041 = VECTOR('',#4042,1.);
#4042 = DIRECTION('',(-1.,-0.));
#4043 = ( GEOMETRIC_REPRESENTATION_CONTEXT(2) 
PARAMETRIC_REPRESENTATION_CONTEXT() REPRESENTATION_CONTEXT('2D SPACE',''
  ) );
#4044 = ORIENTED_EDGE('',*,*,#3933,.F.);
#4045 = ORIENTED_EDGE('',*,*,#4046,.T.);
#4046 = EDGE_CURVE('',#3876,#4047,#4049,.T.);
#4047 = VERTEX_POINT('',#4048);
#4048 = CARTESIAN_POINT('',(10.85,9.,13.233120705897));
#4049 = SURFACE_CURVE('',#4050,(#4055,#4062),.PCURVE_S1.);
#4050 = CIRCLE('',#4051,10.85);
#4051 = AXIS2_PLACEMENT_3D('',#4052,#4053,#4054);
#4052 = CARTESIAN_POINT('',(0.,9.,13.233120705897));
#4053 = DIRECTION('',(0.,0.,-1.));
#4054 = DIRECTION('',(0.,1.,0.));
#4055 = PCURVE('',#3949,#4056);
#4056 = DEFINITIONAL_REPRESENTATION('',(#4057),#4061);
#4057 = LINE('',#4058,#4059);
#4058 = CARTESIAN_POINT('',(-1.570796326794,2.091403803604));
#4059 = VECTOR('',#4060,1.);
#4060 = DIRECTION('',(1.,-0.));
#4061 = ( GEOMETRIC_REPRESENTATION_CONTEXT(2) 
PARAMETRIC_REPRESENTATION_CONTEXT() REPRESENTATION_CONTEXT('2D SPACE',''
  ) );
#4062 = PCURVE('',#3916,#4063);
#4063 = DEFINITIONAL_REPRESENTATION('',(#4064),#4068);
#4064 = LINE('',#4065,#4066);
#4065 = CARTESIAN_POINT('',(-1.570796326794,-1.333120705897));
#4066 = VECTOR('',#4067,1.);
#4067 = DIRECTION('',(1.,-0.));
#4068 = ( GEOMETRIC_REPRESENTATION_CONTEXT(2) 
PARAMETRIC_REPRESENTATION_CONTEXT() REPRESENTATION_CONTEXT('2D SPACE',''
  ) );
#4069 = ORIENTED_EDGE('',*,*,#4070,.T.);
#4070 = EDGE_CURVE('',#4047,#4017,#4071,.T.);
#4071 = SURFACE_CURVE('',#4072,(#4077,#4083),.PCURVE_S1.);
#4072 = CIRCLE('',#4073,0.25);
#4073 = AXIS2_PLACEMENT_3D('',#4074,#4075,#4076);
#4074 = CARTESIAN_POINT('',(10.974351806539,9.,13.45));
#4075 = DIRECTION('',(0.,1.,0.));
#4076 = DIRECTION('',(0.,0.,-1.));
#4077 = PCURVE('',#3949,#4078);
#4078 = DEFINITIONAL_REPRESENTATION('',(#4079),#4082);
#4079 = B_SPLINE_CURVE_WITH_KNOTS('',1,(#4080,#4081),.UNSPECIFIED.,.F.,
  .F.,(2,2),(0.,1.518436449235),.PIECEWISE_BEZIER_KNOTS.);
#4080 = CARTESIAN_POINT('',(6.28318530718,1.570796326795));
#4081 = CARTESIAN_POINT('',(6.28318530718,3.08923277603));
#4082 = ( GEOMETRIC_REPRESENTATION_CONTEXT(2) 
PARAMETRIC_REPRESENTATION_CONTEXT() REPRESENTATION_CONTEXT('2D SPACE',''
  ) );
#4083 = PCURVE('',#4084,#4089);
#4084 = CYLINDRICAL_SURFACE('',#4085,0.25);
#4085 = AXIS2_PLACEMENT_3D('',#4086,#4087,#4088);
#4086 = CARTESIAN_POINT('',(10.974351806539,-11.5,13.45));
#4087 = DIRECTION('',(0.,1.,0.));
#4088 = DIRECTION('',(0.,0.,-1.));
#4089 = DEFINITIONAL_REPRESENTATION('',(#4090),#4093);
#4090 = B_SPLINE_CURVE_WITH_KNOTS('',1,(#4091,#4092),.UNSPECIFIED.,.F.,
  .F.,(2,2),(0.,1.518436449235),.PIECEWISE_BEZIER_KNOTS.);
#4091 = CARTESIAN_POINT('',(0.,20.5));
#4092 = CARTESIAN_POINT('',(1.518436449235,20.5));
#4093 = ( GEOMETRIC_REPRESENTATION_CONTEXT(2) 
PARAMETRIC_REPRESENTATION_CONTEXT() REPRESENTATION_CONTEXT('2D SPACE',''
  ) );
#4094 = ADVANCED_FACE('',(#4095),#4033,.T.);
#4095 = FACE_BOUND('',#4096,.T.);
#4096 = EDGE_LOOP('',(#4097,#4122,#4123,#4143));
#4097 = ORIENTED_EDGE('',*,*,#4098,.F.);
#4098 = EDGE_CURVE('',#4017,#4099,#4101,.T.);
#4099 = VERTEX_POINT('',#4100);
#4100 = CARTESIAN_POINT('',(10.393096826605,9.,19.76417507023));
#4101 = SURFACE_CURVE('',#4102,(#4105,#4111),.PCURVE_S1.);
#4102 = B_SPLINE_CURVE_WITH_KNOTS('',1,(#4103,#4104),.UNSPECIFIED.,.F.,
  .F.,(2,2),(0.,1.),.PIECEWISE_BEZIER_KNOTS.);
#4103 = CARTESIAN_POINT('',(10.8,9.,12.));
#4104 = CARTESIAN_POINT('',(10.087254201751,9.,25.6));
#4105 = PCURVE('',#4033,#4106);
#4106 = DEFINITIONAL_REPRESENTATION('',(#4107),#4110);
#4107 = B_SPLINE_CURVE_WITH_KNOTS('',1,(#4108,#4109),.UNSPECIFIED.,.F.,
  .F.,(2,2),(0.,1.),.PIECEWISE_BEZIER_KNOTS.);
#4108 = CARTESIAN_POINT('',(6.28318530718,0.));
#4109 = CARTESIAN_POINT('',(6.28318530718,-13.6));
#4110 = ( GEOMETRIC_REPRESENTATION_CONTEXT(2) 
PARAMETRIC_REPRESENTATION_CONTEXT() REPRESENTATION_CONTEXT('2D SPACE',''
  ) );
#4111 = PCURVE('',#4112,#4117);
#4112 = PLANE('',#4113);
#4113 = AXIS2_PLACEMENT_3D('',#4114,#4115,#4116);
#4114 = CARTESIAN_POINT('',(10.087254201751,-11.5,25.6));
#4115 = DIRECTION('',(0.998629534755,0.,5.233595624292E-02));
#4116 = DIRECTION('',(0.,1.,0.));
#4117 = DEFINITIONAL_REPRESENTATION('',(#4118),#4121);
#4118 = B_SPLINE_CURVE_WITH_KNOTS('',1,(#4119,#4120),.UNSPECIFIED.,.F.,
  .F.,(2,2),(0.,1.),.PIECEWISE_BEZIER_KNOTS.);
#4119 = CARTESIAN_POINT('',(20.5,-13.61866390557));
#4120 = CARTESIAN_POINT('',(20.5,0.));
#4121 = ( GEOMETRIC_REPRESENTATION_CONTEXT(2) 
PARAMETRIC_REPRESENTATION_CONTEXT() REPRESENTATION_CONTEXT('2D SPACE',''
  ) );
#4122 = ORIENTED_EDGE('',*,*,#4016,.T.);
#4123 = ORIENTED_EDGE('',*,*,#4124,.T.);
#4124 = EDGE_CURVE('',#3934,#4125,#4127,.T.);
#4125 = VERTEX_POINT('',#4126);
#4126 = CARTESIAN_POINT('',(-10.3931078069,9.,19.763965553573));
#4127 = SURFACE_CURVE('',#4128,(#4131,#4137),.PCURVE_S1.);
#4128 = B_SPLINE_CURVE_WITH_KNOTS('',1,(#4129,#4130),.UNSPECIFIED.,.F.,
  .F.,(2,2),(0.,1.),.PIECEWISE_BEZIER_KNOTS.);
#4129 = CARTESIAN_POINT('',(-10.8,9.,12.));
#4130 = CARTESIAN_POINT('',(-10.08725420175,9.,25.6));
#4131 = PCURVE('',#4033,#4132);
#4132 = DEFINITIONAL_REPRESENTATION('',(#4133),#4136);
#4133 = B_SPLINE_CURVE_WITH_KNOTS('',1,(#4134,#4135),.UNSPECIFIED.,.F.,
  .F.,(2,2),(0.,1.),.PIECEWISE_BEZIER_KNOTS.);
#4134 = CARTESIAN_POINT('',(3.14159265359,0.));
#4135 = CARTESIAN_POINT('',(3.14159265359,-13.6));
#4136 = ( GEOMETRIC_REPRESENTATION_CONTEXT(2) 
PARAMETRIC_REPRESENTATION_CONTEXT() REPRESENTATION_CONTEXT('2D SPACE',''
  ) );
#4137 = PCURVE('',#3976,#4138);
#4138 = DEFINITIONAL_REPRESENTATION('',(#4139),#4142);
#4139 = B_SPLINE_CURVE_WITH_KNOTS('',1,(#4140,#4141),.UNSPECIFIED.,.F.,
  .F.,(2,2),(0.,1.),.PIECEWISE_BEZIER_KNOTS.);
#4140 = CARTESIAN_POINT('',(0.,-13.61866390557));
#4141 = CARTESIAN_POINT('',(0.,0.));
#4142 = ( GEOMETRIC_REPRESENTATION_CONTEXT(2) 
PARAMETRIC_REPRESENTATION_CONTEXT() REPRESENTATION_CONTEXT('2D SPACE',''
  ) );
#4143 = ORIENTED_EDGE('',*,*,#4144,.T.);
#4144 = EDGE_CURVE('',#4125,#4099,#4145,.T.);
#4145 = SURFACE_CURVE('',#4146,(#4214,#4283),.PCURVE_S1.);
#4146 = ( BOUNDED_CURVE() B_SPLINE_CURVE(14,(#4147,#4148,#4149,#4150,
    #4151,#4152,#4153,#4154,#4155,#4156,#4157,#4158,#4159,#4160,#4161,
    #4162,#4163,#4164,#4165,#4166,#4167,#4168,#4169,#4170,#4171,#4172,
    #4173,#4174,#4175,#4176,#4177,#4178,#4179,#4180,#4181,#4182,#4183,
    #4184,#4185,#4186,#4187,#4188,#4189,#4190,#4191,#4192,#4193,#4194,
    #4195,#4196,#4197,#4198,#4199,#4200,#4201,#4202,#4203,#4204,#4205,
    #4206,#4207,#4208,#4209,#4210,#4211,#4212,#4213),.UNSPECIFIED.,.F.,
.F.) B_SPLINE_CURVE_WITH_KNOTS((15,13,13,13,13,15),(39.983267570155,
    40.793093129331,44.032712844389,48.082158118623,56.03443746273,
72.124379901988),.UNSPECIFIED.) CURVE() GEOMETRIC_REPRESENTATION_ITEM() 
RATIONAL_B_SPLINE_CURVE((1.,1.,1.,1.,1.,1.000000000001,0.999999999998,
    1.000000000002,0.999999999998,1.000000000002,0.999999999999,
    1.000000000001,1.,1.,1.,0.999999999999,1.000000000004,0.999999999992
    ,1.000000000013,0.999999999982,1.000000000019,0.999999999983,
    1.000000000012,0.999999999993,1.000000000003,0.999999999999,1.,1.,1.
    ,1.000000000001,0.999999999998,1.000000000002,0.999999999999,1.,
    1.000000000002,0.999999999998,1.000000000002,0.999999999999,
    1.000000000001,1.,1.000000000001,0.999999999997,1.000000000008,
    0.999999999985,1.000000000023,0.999999999972,1.000000000028,
    0.999999999977,1.000000000016,0.999999999991,1.000000000004,
    0.999999999999,1.,1.,0.999999999999,1.000000000003,0.999999999993,
    1.000000000012,0.999999999985,1.000000000016,0.999999999986,
    1.00000000001,0.999999999994,1.000000000003,0.999999999999,1.,1.)) 
REPRESENTATION_ITEM('') );
#4147 = CARTESIAN_POINT('',(-10.3931078069,9.,19.763965553573));
#4148 = CARTESIAN_POINT('',(-10.39332846695,9.057985371607,
    19.759755109133));
#4149 = CARTESIAN_POINT('',(-10.39320063728,9.116195464353,
    19.755532015932));
#4150 = CARTESIAN_POINT('',(-10.39272129772,9.174488045877,
    19.751304095838));
#4151 = CARTESIAN_POINT('',(-10.39188942798,9.232784198083,
    19.747075701195));
#4152 = CARTESIAN_POINT('',(-10.3907052049,9.291048833076,
    19.742848783922));
#4153 = CARTESIAN_POINT('',(-10.38916935936,9.349274388971,
    19.738623790088));
#4154 = CARTESIAN_POINT('',(-10.38728269196,9.407467703872,
    19.734400379641));
#4155 = CARTESIAN_POINT('',(-10.38504574895,9.465640070697,
    19.73017797179));
#4156 = CARTESIAN_POINT('',(-10.38245865631,9.523800469229,
    19.725956115375));
#4157 = CARTESIAN_POINT('',(-10.37952111463,9.581951979625,
    19.721734684983));
#4158 = CARTESIAN_POINT('',(-10.37623255184,9.640091373104,
    19.717513902072));
#4159 = CARTESIAN_POINT('',(-10.37259243663,9.698211883543,
    19.713294181722));
#4160 = CARTESIAN_POINT('',(-10.36860075023,9.756309157203,
    19.709075804561));
#4161 = CARTESIAN_POINT('',(-10.34688838772,10.046738052593,
    19.68798719916));
#4162 = CARTESIAN_POINT('',(-10.32390159399,10.278768224093,
    19.671135004279));
#4163 = CARTESIAN_POINT('',(-10.29530112649,10.510332552516,
    19.654312617523));
#4164 = CARTESIAN_POINT('',(-10.26109414888,10.741283109426,
    19.637530808078));
#4165 = CARTESIAN_POINT('',(-10.22129209929,10.971472382185,
    19.620800326313));
#4166 = CARTESIAN_POINT('',(-10.17591068965,11.200753274163,
    19.604131903755));
#4167 = CARTESIAN_POINT('',(-10.12496990691,11.428979104308,
    19.587536253127));
#4168 = CARTESIAN_POINT('',(-10.06849401119,11.656003607854,
    19.571024068296));
#4169 = CARTESIAN_POINT('',(-10.00651153812,11.881680935366,
    19.55460602434));
#4170 = CARTESIAN_POINT('',(-9.93905529634,12.10586565381,
    19.538292777473));
#4171 = CARTESIAN_POINT('',(-9.86616236978,12.328412745549,
    19.522094965115));
#4172 = CARTESIAN_POINT('',(-9.7878741159,12.549177609131,
    19.506023205836));
#4173 = CARTESIAN_POINT('',(-9.7042361668,12.768016058777,
    19.490088099396));
#4174 = CARTESIAN_POINT('',(-9.50412843499,13.255739346244,
    19.454565772673));
#4175 = CARTESIAN_POINT('',(-9.38467699798,13.523467956403,
    19.435060742095));
#4176 = CARTESIAN_POINT('',(-9.25704050933,13.787691886947,
    19.415805633306));
#4177 = CARTESIAN_POINT('',(-9.12132509275,14.048137362449,
    19.39682063254));
#4178 = CARTESIAN_POINT('',(-8.9776466044,14.304535100235,
    19.378125613878));
#4179 = CARTESIAN_POINT('',(-8.826130632063,14.556620310419,
    19.359740139366));
#4180 = CARTESIAN_POINT('',(-8.666912496549,14.804132695808,
    19.341683458837));
#4181 = CARTESIAN_POINT('',(-8.50013724968,15.046816452069,
    19.323974510138));
#4182 = CARTESIAN_POINT('',(-8.32595967673,15.284420267509,
    19.306631918886));
#4183 = CARTESIAN_POINT('',(-8.144544293931,15.516697323304,
    19.289673998694));
#4184 = CARTESIAN_POINT('',(-7.956065350632,15.743405293304,
    19.273118750987));
#4185 = CARTESIAN_POINT('',(-7.760706827712,15.964306344172,
    19.256983865132));
#4186 = CARTESIAN_POINT('',(-7.558662438566,16.1791671353,
    19.241286718362));
#4187 = CARTESIAN_POINT('',(-6.940631775272,16.797390070576,
    19.19611154363));
#4188 = CARTESIAN_POINT('',(-6.506128212963,17.182865072269,
    19.167931058956));
#4189 = CARTESIAN_POINT('',(-6.048156989535,17.542474977169,
    19.141630195023));
#4190 = CARTESIAN_POINT('',(-5.568397094513,17.874619215281,
    19.117328447787));
#4191 = CARTESIAN_POINT('',(-5.0686577634,18.17781851494,19.095136481561
    ));
#4192 = CARTESIAN_POINT('',(-4.550862877408,18.450726643098,
    19.075155178892));
#4193 = CARTESIAN_POINT('',(-4.017036454667,18.692140865129,
    19.0574747952));
#4194 = CARTESIAN_POINT('',(-3.469289238024,18.901011123471,
    19.042174217302));
#4195 = CARTESIAN_POINT('',(-2.909806373908,19.076447935346,
    19.029320327065));
#4196 = CARTESIAN_POINT('',(-2.3408361872,19.217729009951,
    19.018967468692));
#4197 = CARTESIAN_POINT('',(-1.764680048518,19.324304584158,
    19.011157021174));
#4198 = CARTESIAN_POINT('',(-1.183683335947,19.395801477964,
    19.005917074562));
#4199 = CARTESIAN_POINT('',(-0.600227490434,19.432025868522,
    19.003262211077));
#4200 = CARTESIAN_POINT('',(1.163888154734,19.434864501813,
    19.003054144685));
#4201 = CARTESIAN_POINT('',(2.344675596764,19.292305387652,
    19.013505697178));
#4202 = CARTESIAN_POINT('',(3.506389721073,19.005570219811,
    19.03448752002));
#4203 = CARTESIAN_POINT('',(4.626271628915,18.57597447076,
    19.066122503946));
#4204 = CARTESIAN_POINT('',(5.696395068913,18.016710337571,
    19.106595928219));
#4205 = CARTESIAN_POINT('',(6.671017765288,17.316350565228,
    19.159002790869));
#4206 = CARTESIAN_POINT('',(7.588388905802,16.533022277369,
    19.214238051761));
#4207 = CARTESIAN_POINT('',(8.356942757573,15.5918593098,19.286017136407
    ));
#4208 = CARTESIAN_POINT('',(9.041652144249,14.642615303239,
    19.351721847733));
#4209 = CARTESIAN_POINT('',(9.581331127696,13.54814663773,
    19.435023155665));
#4210 = CARTESIAN_POINT('',(9.990820812976,12.457414517825,
    19.511703826754));
#4211 = CARTESIAN_POINT('',(10.266485769846,11.30953938114,
    19.59690100084));
#4212 = CARTESIAN_POINT('',(10.397475957983,10.143277109687,
    19.680616265785));
#4213 = CARTESIAN_POINT('',(10.393096826605,9.,19.76417507023));
#4214 = PCURVE('',#4033,#4215);
#4215 = DEFINITIONAL_REPRESENTATION('',(#4216),#4282);
#4216 = B_SPLINE_CURVE_WITH_KNOTS('',10,(#4217,#4218,#4219,#4220,#4221,
    #4222,#4223,#4224,#4225,#4226,#4227,#4228,#4229,#4230,#4231,#4232,
    #4233,#4234,#4235,#4236,#4237,#4238,#4239,#4240,#4241,#4242,#4243,
    #4244,#4245,#4246,#4247,#4248,#4249,#4250,#4251,#4252,#4253,#4254,
    #4255,#4256,#4257,#4258,#4259,#4260,#4261,#4262,#4263,#4264,#4265,
    #4266,#4267,#4268,#4269,#4270,#4271,#4272,#4273,#4274,#4275,#4276,
    #4277,#4278,#4279,#4280,#4281),.UNSPECIFIED.,.F.,.F.,(11,9,9,9,9,9,9
    ,11),(39.983267570155,40.987677330525,41.992087090895,
    44.000906611634,48.018545653113,56.053823736072,64.08910181903,
    72.124379901988),.UNSPECIFIED.);
#4217 = CARTESIAN_POINT('',(3.14159265359,-7.763965553573));
#4218 = CARTESIAN_POINT('',(3.151280349385,-7.756654576513));
#4219 = CARTESIAN_POINT('',(3.161035542551,-7.74930365205));
#4220 = CARTESIAN_POINT('',(3.170775761544,-7.741960683098));
#4221 = CARTESIAN_POINT('',(3.180498317972,-7.734628032914));
#4222 = CARTESIAN_POINT('',(3.190218299903,-7.727298025881));
#4223 = CARTESIAN_POINT('',(3.199943084058,-7.71996747161));
#4224 = CARTESIAN_POINT('',(3.209670437394,-7.712638664648));
#4225 = CARTESIAN_POINT('',(3.219397278649,-7.70531431218));
#4226 = CARTESIAN_POINT('',(3.229126170323,-7.697993842057));
#4227 = CARTESIAN_POINT('',(3.248587053028,-7.683363244934));
#4228 = CARTESIAN_POINT('',(3.258318983331,-7.676053159007));
#4229 = CARTESIAN_POINT('',(3.268052403121,-7.668749257916));
#4230 = CARTESIAN_POINT('',(3.277787312929,-7.661452513883));
#4231 = CARTESIAN_POINT('',(3.287523713297,-7.654163899095));
#4232 = CARTESIAN_POINT('',(3.297261604753,-7.646884385787));
#4233 = CARTESIAN_POINT('',(3.307000987839,-7.639614946143));
#4234 = CARTESIAN_POINT('',(3.316741863084,-7.632356552389));
#4235 = CARTESIAN_POINT('',(3.326484231027,-7.625110176724));
#4236 = CARTESIAN_POINT('',(3.355715814553,-7.603410020631));
#4237 = CARTESIAN_POINT('',(3.375209499799,-7.588995195765));
#4238 = CARTESIAN_POINT('',(3.394709188285,-7.574640035204));
#4239 = CARTESIAN_POINT('',(3.414214903383,-7.560352251199));
#4240 = CARTESIAN_POINT('',(3.433726651464,-7.546139549866));
#4241 = CARTESIAN_POINT('',(3.453244421942,-7.532009631108));
#4242 = CARTESIAN_POINT('',(3.472768187224,-7.517970188698));
#4243 = CARTESIAN_POINT('',(3.492297902754,-7.50402891021));
#4244 = CARTESIAN_POINT('',(3.511833506982,-7.490193477064));
#4245 = CARTESIAN_POINT('',(3.570457750186,-7.449027739382));
#4246 = CARTESIAN_POINT('',(3.609564522053,-7.422036513884));
#4247 = CARTESIAN_POINT('',(3.648695183443,-7.395559206257));
#4248 = CARTESIAN_POINT('',(3.687850177737,-7.369655300829));
#4249 = CARTESIAN_POINT('',(3.727030210909,-7.344382580481));
#4250 = CARTESIAN_POINT('',(3.766236017223,-7.319797259078));
#4251 = CARTESIAN_POINT('',(3.805468124902,-7.29595411395));
#4252 = CARTESIAN_POINT('',(3.844726621817,-7.272906618322));
#4253 = CARTESIAN_POINT('',(3.884010921162,-7.250707073783));
#4254 = CARTESIAN_POINT('',(4.001936739109,-7.186806080649));
#4255 = CARTESIAN_POINT('',(4.080651914777,-7.147799088671));
#4256 = CARTESIAN_POINT('',(4.159459371427,-7.112784861164));
#4257 = CARTESIAN_POINT('',(4.238346330922,-7.082125521821));
#4258 = CARTESIAN_POINT('',(4.317299300115,-7.056136517983));
#4259 = CARTESIAN_POINT('',(4.396307398787,-7.035078798347));
#4260 = CARTESIAN_POINT('',(4.475362635145,-7.019152874075));
#4261 = CARTESIAN_POINT('',(4.554457128851,-7.008494763311));
#4262 = CARTESIAN_POINT('',(4.633577281606,-7.003173819087));
#4263 = CARTESIAN_POINT('',(4.791812508931,-7.003211062197));
#4264 = CARTESIAN_POINT('',(4.870929111638,-7.008567551568));
#4265 = CARTESIAN_POINT('',(4.950025121837,-7.019264191975));
#4266 = CARTESIAN_POINT('',(5.029079181431,-7.035226999917));
#4267 = CARTESIAN_POINT('',(5.108079743595,-7.056316930932));
#4268 = CARTESIAN_POINT('',(5.187023299921,-7.082334750087));
#4269 = CARTESIAN_POINT('',(5.265906309156,-7.113022908643));
#4270 = CARTESIAN_POINT('',(5.344717889771,-7.148067768474));
#4271 = CARTESIAN_POINT('',(5.42344033861,-7.187105515698));
#4272 = CARTESIAN_POINT('',(5.580688737141,-7.272364694442));
#4273 = CARTESIAN_POINT('',(5.659217473764,-7.318591546419));
#4274 = CARTESIAN_POINT('',(5.737619594915,-7.36797051671));
#4275 = CARTESIAN_POINT('',(5.815989675903,-7.420262445576));
#4276 = CARTESIAN_POINT('',(5.894068953323,-7.474464815747));
#4277 = CARTESIAN_POINT('',(5.972416126168,-7.531221364072));
#4278 = CARTESIAN_POINT('',(6.050159042628,-7.588218228468));
#4279 = CARTESIAN_POINT('',(6.128297221136,-7.647248237423));
#4280 = CARTESIAN_POINT('',(6.206275629469,-7.70575438131));
#4281 = CARTESIAN_POINT('',(6.28318530718,-7.76417507023));
#4282 = ( GEOMETRIC_REPRESENTATION_CONTEXT(2) 
PARAMETRIC_REPRESENTATION_CONTEXT() REPRESENTATION_CONTEXT('2D SPACE',''
  ) );
#4283 = PCURVE('',#4284,#4486);
#4284 = ( BOUNDED_SURFACE() B_SPLINE_SURFACE(2,14,(
    (#4285,#4286,#4287,#4288,#4289,#4290,#4291,#4292,#4293,#4294,#4295
      ,#4296,#4297,#4298,#4299,#4300,#4301,#4302,#4303,#4304,#4305,#4306
      ,#4307,#4308,#4309,#4310,#4311,#4312,#4313,#4314,#4315,#4316,#4317
      ,#4318,#4319,#4320,#4321,#4322,#4323,#4324,#4325,#4326,#4327,#4328
      ,#4329,#4330,#4331,#4332,#4333,#4334,#4335,#4336,#4337,#4338,#4339
      ,#4340,#4341,#4342,#4343,#4344,#4345,#4346,#4347,#4348,#4349,#4350
      ,#4351)
    ,(#4352,#4353,#4354,#4355,#4356,#4357,#4358,#4359,#4360,#4361,#4362
      ,#4363,#4364,#4365,#4366,#4367,#4368,#4369,#4370,#4371,#4372,#4373
      ,#4374,#4375,#4376,#4377,#4378,#4379,#4380,#4381,#4382,#4383,#4384
      ,#4385,#4386,#4387,#4388,#4389,#4390,#4391,#4392,#4393,#4394,#4395
      ,#4396,#4397,#4398,#4399,#4400,#4401,#4402,#4403,#4404,#4405,#4406
      ,#4407,#4408,#4409,#4410,#4411,#4412,#4413,#4414,#4415,#4416,#4417
      ,#4418)
    ,(#4419,#4420,#4421,#4422,#4423,#4424,#4425,#4426,#4427,#4428,#4429
      ,#4430,#4431,#4432,#4433,#4434,#4435,#4436,#4437,#4438,#4439,#4440
      ,#4441,#4442,#4443,#4444,#4445,#4446,#4447,#4448,#4449,#4450,#4451
      ,#4452,#4453,#4454,#4455,#4456,#4457,#4458,#4459,#4460,#4461,#4462
      ,#4463,#4464,#4465,#4466,#4467,#4468,#4469,#4470,#4471,#4472,#4473
      ,#4474,#4475,#4476,#4477,#4478,#4479,#4480,#4481,#4482,#4483,#4484
,#4485
    )),.UNSPECIFIED.,.F.,.F.,.F.) B_SPLINE_SURFACE_WITH_KNOTS((3,3),(15,
    13,13,13,13,15),(0.,32.141112331832),(39.983267570155,
    40.793093129331,44.032712844389,48.082158118623,56.03443746273,
72.124379901988),.UNSPECIFIED.) GEOMETRIC_REPRESENTATION_ITEM() 
RATIONAL_B_SPLINE_SURFACE((
    (1.,1.,1.,1.,1.,1.000000000001,0.999999999998,1.000000000002
      ,0.999999999998,1.000000000002,0.999999999999,1.000000000001,1.,1.
      ,1.,0.999999999999,1.000000000004,0.999999999992,1.000000000013
      ,0.999999999982,1.000000000019,0.999999999983,1.000000000012
      ,0.999999999993,1.000000000003,0.999999999999,1.,1.,1.
      ,1.000000000001,0.999999999998,1.000000000002,0.999999999999,1.
      ,1.000000000002,0.999999999998,1.000000000002,0.999999999999
      ,1.000000000001,1.,1.000000000001,0.999999999997,1.000000000008
      ,0.999999999985,1.000000000023,0.999999999972,1.000000000028
      ,0.999999999977,1.000000000016,0.999999999991,1.000000000004
      ,0.999999999999,1.,1.,0.999999999999,1.000000000003,0.999999999993
      ,1.000000000012,0.999999999985,1.000000000016,0.999999999986
      ,1.00000000001,0.999999999994,1.000000000003,0.999999999999,1.,1.)
    ,(0.753204364761,0.753372007366,0.753540835442,0.753710063851
      ,0.753879258928,0.754048230502,0.754216941529,0.754385435293
      ,0.754553780234,0.754722032338,0.754890215157,0.755058317383
      ,0.755226308063,0.755394169367,0.75623312321,0.756902607712
      ,0.757569978296,0.758234815971,0.75889670504,0.759555232913
      ,0.760209990412,0.760860571352,0.761506573026,0.762147595731
      ,0.762783243159,0.763413122127,0.764036842732,0.765425472588
      ,0.766186718164,0.766937009699,0.767675616938,0.768401824739
      ,0.769114932963,0.769814256637,0.770499125751,0.771168885472
      ,0.771822895953,0.772460532477,0.773081185366,0.773684260028
      ,0.775417833693,0.776496504486,0.777500835039,0.778426790319
      ,0.779270674829,0.780029150777,0.780699254896,0.781278412764
      ,0.78176445207,0.782155613276,0.782450559107,0.782648381725
      ,0.782748608372,0.782756458876,0.782362563581,0.781564122798
      ,0.780398683159,0.778771375877,0.776998899925,0.774495724601
      ,0.772316510641,0.769096732255,0.766526424165,0.763005089577
      ,0.759972598177,0.756459847373,0.753235597049)
    ,(1.,1.,1.,1.,1.,1.000000000001,0.999999999998,1.000000000002
      ,0.999999999998,1.000000000002,0.999999999999,1.000000000001,1.,1.
      ,1.,0.999999999999,1.000000000004,0.999999999992,1.000000000013
      ,0.999999999982,1.000000000019,0.999999999983,1.000000000012
      ,0.999999999993,1.000000000003,0.999999999999,1.,1.,1.
      ,1.000000000001,0.999999999998,1.000000000002,0.999999999999,1.
      ,1.000000000002,0.999999999998,1.000000000002,0.999999999999
      ,1.000000000001,1.,1.000000000001,0.999999999997,1.000000000008
      ,0.999999999985,1.000000000023,0.999999999972,1.000000000028
      ,0.999999999977,1.000000000016,0.999999999991,1.000000000004
      ,0.999999999999,1.,1.,0.999999999999,1.000000000003,0.999999999993
      ,1.000000000012,0.999999999985,1.000000000016,0.999999999986
      ,1.00000000001,0.999999999994,1.000000000003,0.999999999999,1.,1.
))) REPRESENTATION_ITEM('') SURFACE() );
#4285 = CARTESIAN_POINT('',(-10.3931078069,9.,19.763965553573));
#4286 = CARTESIAN_POINT('',(-10.39332846695,9.057985371607,
    19.759755109133));
#4287 = CARTESIAN_POINT('',(-10.39320063728,9.116195464353,
    19.755532015932));
#4288 = CARTESIAN_POINT('',(-10.39272129772,9.174488045877,
    19.751304095838));
#4289 = CARTESIAN_POINT('',(-10.39188942798,9.232784198083,
    19.747075701195));
#4290 = CARTESIAN_POINT('',(-10.3907052049,9.291048833076,
    19.742848783922));
#4291 = CARTESIAN_POINT('',(-10.38916935936,9.349274388971,
    19.738623790088));
#4292 = CARTESIAN_POINT('',(-10.38728269196,9.407467703872,
    19.734400379641));
#4293 = CARTESIAN_POINT('',(-10.38504574895,9.465640070697,
    19.73017797179));
#4294 = CARTESIAN_POINT('',(-10.38245865631,9.523800469229,
    19.725956115375));
#4295 = CARTESIAN_POINT('',(-10.37952111463,9.581951979625,
    19.721734684983));
#4296 = CARTESIAN_POINT('',(-10.37623255184,9.640091373104,
    19.717513902072));
#4297 = CARTESIAN_POINT('',(-10.37259243663,9.698211883543,
    19.713294181722));
#4298 = CARTESIAN_POINT('',(-10.36860075023,9.756309157203,
    19.709075804561));
#4299 = CARTESIAN_POINT('',(-10.34688838772,10.046738052593,
    19.68798719916));
#4300 = CARTESIAN_POINT('',(-10.32390159399,10.278768224093,
    19.671135004279));
#4301 = CARTESIAN_POINT('',(-10.29530112649,10.510332552516,
    19.654312617523));
#4302 = CARTESIAN_POINT('',(-10.26109414888,10.741283109426,
    19.637530808078));
#4303 = CARTESIAN_POINT('',(-10.22129209929,10.971472382185,
    19.620800326313));
#4304 = CARTESIAN_POINT('',(-10.17591068965,11.200753274163,
    19.604131903755));
#4305 = CARTESIAN_POINT('',(-10.12496990691,11.428979104308,
    19.587536253127));
#4306 = CARTESIAN_POINT('',(-10.06849401119,11.656003607854,
    19.571024068296));
#4307 = CARTESIAN_POINT('',(-10.00651153812,11.881680935366,
    19.55460602434));
#4308 = CARTESIAN_POINT('',(-9.93905529634,12.10586565381,
    19.538292777473));
#4309 = CARTESIAN_POINT('',(-9.86616236978,12.328412745549,
    19.522094965115));
#4310 = CARTESIAN_POINT('',(-9.7878741159,12.549177609131,
    19.506023205836));
#4311 = CARTESIAN_POINT('',(-9.7042361668,12.768016058777,
    19.490088099396));
#4312 = CARTESIAN_POINT('',(-9.50412843499,13.255739346244,
    19.454565772673));
#4313 = CARTESIAN_POINT('',(-9.38467699798,13.523467956403,
    19.435060742095));
#4314 = CARTESIAN_POINT('',(-9.25704050933,13.787691886947,
    19.415805633306));
#4315 = CARTESIAN_POINT('',(-9.12132509275,14.048137362449,
    19.39682063254));
#4316 = CARTESIAN_POINT('',(-8.9776466044,14.304535100235,
    19.378125613878));
#4317 = CARTESIAN_POINT('',(-8.826130632063,14.556620310419,
    19.359740139366));
#4318 = CARTESIAN_POINT('',(-8.666912496549,14.804132695808,
    19.341683458837));
#4319 = CARTESIAN_POINT('',(-8.50013724968,15.046816452069,
    19.323974510138));
#4320 = CARTESIAN_POINT('',(-8.32595967673,15.284420267509,
    19.306631918886));
#4321 = CARTESIAN_POINT('',(-8.144544293931,15.516697323304,
    19.289673998694));
#4322 = CARTESIAN_POINT('',(-7.956065350632,15.743405293304,
    19.273118750987));
#4323 = CARTESIAN_POINT('',(-7.760706827712,15.964306344172,
    19.256983865132));
#4324 = CARTESIAN_POINT('',(-7.558662438566,16.1791671353,
    19.241286718362));
#4325 = CARTESIAN_POINT('',(-6.940631775272,16.797390070576,
    19.19611154363));
#4326 = CARTESIAN_POINT('',(-6.506128212963,17.182865072269,
    19.167931058956));
#4327 = CARTESIAN_POINT('',(-6.048156989535,17.542474977169,
    19.141630195023));
#4328 = CARTESIAN_POINT('',(-5.568397094513,17.874619215281,
    19.117328447787));
#4329 = CARTESIAN_POINT('',(-5.0686577634,18.17781851494,19.095136481561
    ));
#4330 = CARTESIAN_POINT('',(-4.550862877408,18.450726643098,
    19.075155178892));
#4331 = CARTESIAN_POINT('',(-4.017036454667,18.692140865129,
    19.0574747952));
#4332 = CARTESIAN_POINT('',(-3.469289238024,18.901011123471,
    19.042174217302));
#4333 = CARTESIAN_POINT('',(-2.909806373908,19.076447935346,
    19.029320327065));
#4334 = CARTESIAN_POINT('',(-2.3408361872,19.217729009951,
    19.018967468692));
#4335 = CARTESIAN_POINT('',(-1.764680048518,19.324304584158,
    19.011157021174));
#4336 = CARTESIAN_POINT('',(-1.183683335947,19.395801477964,
    19.005917074562));
#4337 = CARTESIAN_POINT('',(-0.600227490434,19.432025868522,
    19.003262211077));
#4338 = CARTESIAN_POINT('',(1.163888154734,19.434864501813,
    19.003054144685));
#4339 = CARTESIAN_POINT('',(2.344675596764,19.292305387652,
    19.013505697178));
#4340 = CARTESIAN_POINT('',(3.506389721073,19.005570219811,
    19.03448752002));
#4341 = CARTESIAN_POINT('',(4.626271628915,18.57597447076,
    19.066122503946));
#4342 = CARTESIAN_POINT('',(5.696395068913,18.016710337571,
    19.106595928219));
#4343 = CARTESIAN_POINT('',(6.671017765288,17.316350565228,
    19.159002790869));
#4344 = CARTESIAN_POINT('',(7.588388905802,16.533022277369,
    19.214238051761));
#4345 = CARTESIAN_POINT('',(8.356942757573,15.5918593098,19.286017136407
    ));
#4346 = CARTESIAN_POINT('',(9.041652144249,14.642615303239,
    19.351721847733));
#4347 = CARTESIAN_POINT('',(9.581331127696,13.54814663773,
    19.435023155665));
#4348 = CARTESIAN_POINT('',(9.990820812976,12.457414517825,
    19.511703826754));
#4349 = CARTESIAN_POINT('',(10.266485769846,11.30953938114,
    19.59690100084));
#4350 = CARTESIAN_POINT('',(10.397475957983,10.143277109687,
    19.680616265785));
#4351 = CARTESIAN_POINT('',(10.393096826605,9.,19.76417507023));
#4352 = CARTESIAN_POINT('',(-10.29295638519,9.171538871106,
    21.674968520663));
#4353 = CARTESIAN_POINT('',(-10.29227251304,9.229045552157,
    21.669760001207));
#4354 = CARTESIAN_POINT('',(-10.29123892588,9.28654774201,
    21.664551856791));
#4355 = CARTESIAN_POINT('',(-10.28985797421,9.344044558802,
    21.659344015273));
#4356 = CARTESIAN_POINT('',(-10.2881309417,9.401534690205,
    21.654136512241));
#4357 = CARTESIAN_POINT('',(-10.28605838193,9.459016441797,
    21.648929465558));
#4358 = CARTESIAN_POINT('',(-10.28364039857,9.516487809851,
    21.64372305094));
#4359 = CARTESIAN_POINT('',(-10.28087687281,9.57394656777,
    21.638517480138));
#4360 = CARTESIAN_POINT('',(-10.27776763088,9.631390359059,
    21.633312981391));
#4361 = CARTESIAN_POINT('',(-10.27431256099,9.688816784041,
    21.628109784632));
#4362 = CARTESIAN_POINT('',(-10.27051166882,9.746223475234,
    21.622908110357));
#4363 = CARTESIAN_POINT('',(-10.26636508324,9.803608147359,
    21.617708164959));
#4364 = CARTESIAN_POINT('',(-10.26187300294,9.860968616992,
    21.612510141657));
#4365 = CARTESIAN_POINT('',(-10.25703559233,9.918302779113,
    21.607314229147));
#4366 = CARTESIAN_POINT('',(-10.23114271506,10.204599695652,
    21.58136723628));
#4367 = CARTESIAN_POINT('',(-10.20491937641,10.433143136982,
    21.560650148463));
#4368 = CARTESIAN_POINT('',(-10.17319121682,10.661094637913,
    21.539982457978));
#4369 = CARTESIAN_POINT('',(-10.13597094415,10.888310642317,
    21.519377210303));
#4370 = CARTESIAN_POINT('',(-10.09327551607,11.114648241696,
    21.498847404237));
#4371 = CARTESIAN_POINT('',(-10.04512609303,11.339965158182,
    21.478405993488));
#4372 = CARTESIAN_POINT('',(-9.991547992,11.564119725457,21.45806588814)
  );
#4373 = CARTESIAN_POINT('',(-9.9325706414,11.786970869607,
    21.437839956574));
#4374 = CARTESIAN_POINT('',(-9.86822753744,12.008378086828,
    21.417741027126));
#4375 = CARTESIAN_POINT('',(-9.79855620112,12.228201422151,
    21.397781890243));
#4376 = CARTESIAN_POINT('',(-9.72359813737,12.446301444601,
    21.377975300426));
#4377 = CARTESIAN_POINT('',(-9.6433987946,12.66253922321,21.358333978518
    ));
#4378 = CARTESIAN_POINT('',(-9.5580075265,12.876776300389,
    21.338870613959));
#4379 = CARTESIAN_POINT('',(-9.3545226023,13.353511449726,
    21.295551110719));
#4380 = CARTESIAN_POINT('',(-9.23356255475,13.614842238303,
    21.271798942927));
#4381 = CARTESIAN_POINT('',(-9.10469795955,13.872601114345,
    21.248365774448));
#4382 = CARTESIAN_POINT('',(-8.968038875966,14.12652731487,
    21.225275563174));
#4383 = CARTESIAN_POINT('',(-8.823704782128,14.376365106395,
    21.202551825453));
#4384 = CARTESIAN_POINT('',(-8.671824491282,14.621863659165,
    21.180217647454));
#4385 = CARTESIAN_POINT('',(-8.512536072015,14.862776919546,
    21.158295696673));
#4386 = CARTESIAN_POINT('',(-8.345986780653,15.098863481722,
    21.136808233572));
#4387 = CARTESIAN_POINT('',(-8.172332995263,15.329886457537,
    21.115777123311));
#4388 = CARTESIAN_POINT('',(-7.991740163631,15.555613346676,
    21.095223847575));
#4389 = CARTESIAN_POINT('',(-7.804382753104,15.775815905284,
    21.075169516429));
#4390 = CARTESIAN_POINT('',(-7.610444212883,15.99027001526,
    21.055634880235));
#4391 = CARTESIAN_POINT('',(-7.410116941063,16.198755552853,
    21.036640341564));
#4392 = CARTESIAN_POINT('',(-6.798956497901,16.797445140932,
    20.982085573464));
#4393 = CARTESIAN_POINT('',(-6.370442666875,17.17022407093,
    20.948103397196));
#4394 = CARTESIAN_POINT('',(-5.919539294958,17.517790901595,
    20.916407935896));
#4395 = CARTESIAN_POINT('',(-5.447866389436,17.838641724333,
    20.887138852824));
#4396 = CARTESIAN_POINT('',(-4.957168620645,18.131385614248,
    20.860425535515));
#4397 = CARTESIAN_POINT('',(-4.449299775542,18.394757518389,
    20.836385833636));
#4398 = CARTESIAN_POINT('',(-3.92620843292,18.627629390211,
    20.815124966547));
#4399 = CARTESIAN_POINT('',(-3.38992480327,18.829019665247,
    20.796734591265));
#4400 = CARTESIAN_POINT('',(-2.842548672658,18.998101166045,
    20.781292022931));
#4401 = CARTESIAN_POINT('',(-2.286238382414,19.134207513299,
    20.768859600078));
#4402 = CARTESIAN_POINT('',(-1.723200777357,19.236838109714,
    20.759484188782));
#4403 = CARTESIAN_POINT('',(-1.155682048381,19.305661751528,
    20.753196820202));
#4404 = CARTESIAN_POINT('',(-0.585959397922,19.340518909601,
    20.750012457712));
#4405 = CARTESIAN_POINT('',(1.136186013015,19.343251361015,
    20.749762833549));
#4406 = CARTESIAN_POINT('',(2.290054273118,19.206023911556,
    20.762299073931));
#4407 = CARTESIAN_POINT('',(3.426956386727,18.929613807088,
    20.787551975316));
#4408 = CARTESIAN_POINT('',(4.524636265105,18.514681607562,
    20.825445254696));
#4409 = CARTESIAN_POINT('',(5.576642670593,17.974008260173,
    20.874834266057));
#4410 = CARTESIAN_POINT('',(6.533997858079,17.295056273058,
    20.93675032677));
#4411 = CARTESIAN_POINT('',(7.445381802895,16.537134137502,
    21.005951668807));
#4412 = CARTESIAN_POINT('',(8.20119477878,15.61728883025,21.089672153827
    ));
#4413 = CARTESIAN_POINT('',(8.88825297284,14.703634473263,
    21.172951978909));
#4414 = CARTESIAN_POINT('',(9.430919441564,13.625682927836,
    21.270912130889));
#4415 = CARTESIAN_POINT('',(9.845510646359,12.564982974101,
    21.367336001027));
#4416 = CARTESIAN_POINT('',(10.131592261528,11.443780795346,
    21.469054489098));
#4417 = CARTESIAN_POINT('',(10.280287864902,10.304192809826,
    21.5723834968));
#4418 = CARTESIAN_POINT('',(10.292923818834,9.164740335838,
    21.675589923914));
#4419 = CARTESIAN_POINT('',(-8.378368561016,9.165028967865,
    21.835278584141));
#4420 = CARTESIAN_POINT('',(-8.378774111369,9.213137572002,
    21.830854694377));
#4421 = CARTESIAN_POINT('',(-8.378906712692,9.259816674047,
    21.826559435897));
#4422 = CARTESIAN_POINT('',(-8.378770222154,9.305992988874,
    21.822309284173));
#4423 = CARTESIAN_POINT('',(-8.378362282775,9.352171498482,
    21.818058726221));
#4424 = CARTESIAN_POINT('',(-8.377677507297,9.39856567602,
    21.813788523732));
#4425 = CARTESIAN_POINT('',(-8.376709953296,9.445206402303,21.8094958963
    ));
#4426 = CARTESIAN_POINT('',(-8.375454893572,9.492029575275,
    21.805186625356));
#4427 = CARTESIAN_POINT('',(-8.373909875393,9.538942411646,
    21.800869077882));
#4428 = CARTESIAN_POINT('',(-8.372075077341,9.585868441802,
    21.79655015111));
#4429 = CARTESIAN_POINT('',(-8.369952953499,9.632771196644,
    21.792233136863));
#4430 = CARTESIAN_POINT('',(-8.367547175363,9.67965658778,21.78791750682
    ));
#4431 = CARTESIAN_POINT('',(-8.364860862436,9.726553979766,
    21.783600617658));
#4432 = CARTESIAN_POINT('',(-8.361894108236,9.773475955422,
    21.779281336799));
#4433 = CARTESIAN_POINT('',(-8.345626279062,10.007898424828,
    21.757700902554));
#4434 = CARTESIAN_POINT('',(-8.328072937384,10.195231604533,
    21.740452218658));
#4435 = CARTESIAN_POINT('',(-8.305980673268,10.382235715024,
    21.723230648673));
#4436 = CARTESIAN_POINT('',(-8.279352902848,10.568790428616,
    21.706047289035));
#4437 = CARTESIAN_POINT('',(-8.248196557909,10.754775687493,
    21.688913220471));
#4438 = CARTESIAN_POINT('',(-8.212522085185,10.940071703881,
    21.671839508223));
#4439 = CARTESIAN_POINT('',(-8.172343447528,11.124558959715,
    21.654837201689));
#4440 = CARTESIAN_POINT('',(-8.127678122308,11.308118207176,
    21.637917334904));
#4441 = CARTESIAN_POINT('',(-8.078547103239,11.490630467969,
    21.621090925997));
#4442 = CARTESIAN_POINT('',(-8.024974898629,11.671977034134,
    21.604368977711));
#4443 = CARTESIAN_POINT('',(-7.966989532791,11.852039467282,
    21.587762476979));
#4444 = CARTESIAN_POINT('',(-7.904622545088,12.030699599198,
    21.57128239522));
#4445 = CARTESIAN_POINT('',(-7.837908990472,12.207839531446,
    21.554939688161));
#4446 = CARTESIAN_POINT('',(-7.678112240192,12.602714966001,
    21.518502702395));
#4447 = CARTESIAN_POINT('',(-7.582604177108,12.819538071105,
    21.498491014747));
#4448 = CARTESIAN_POINT('',(-7.48043845847,13.033581601693,
    21.478731573207));
#4449 = CARTESIAN_POINT('',(-7.371698370466,13.244619908549,
    21.459245389443));
#4450 = CARTESIAN_POINT('',(-7.256475277505,13.452431042402,
    21.440053146635));
#4451 = CARTESIAN_POINT('',(-7.134868621196,13.656796754011,
    21.42117519935));
#4452 = CARTESIAN_POINT('',(-7.006985921969,13.857502494008,
    21.40263157374));
#4453 = CARTESIAN_POINT('',(-6.872942776935,14.054337413131,
    21.384441967273));
#4454 = CARTESIAN_POINT('',(-6.732862862266,14.247094361943,
    21.366625749049));
#4455 = CARTESIAN_POINT('',(-6.586877930951,14.435569891111,
    21.349201959479));
#4456 = CARTESIAN_POINT('',(-6.435127814596,14.619564251177,
    21.332189310565));
#4457 = CARTESIAN_POINT('',(-6.277760422194,14.798881392711,
    21.315606185693));
#4458 = CARTESIAN_POINT('',(-6.114931740837,14.97332896623,
    21.299470639761));
#4459 = CARTESIAN_POINT('',(-5.616641065961,15.475364249172,
    21.253027262898));
#4460 = CARTESIAN_POINT('',(-5.266035586452,15.788534365655,
    21.224045653485));
#4461 = CARTESIAN_POINT('',(-4.896210776197,16.080817454282,
    21.196988036424));
#4462 = CARTESIAN_POINT('',(-4.508526642417,16.350882765791,
    21.171979522908));
#4463 = CARTESIAN_POINT('',(-4.104461586582,16.597495452077,
    21.149136372372));
#4464 = CARTESIAN_POINT('',(-3.685594294965,16.819529928027,
    21.128564692378));
#4465 = CARTESIAN_POINT('',(-3.253587751673,17.015981161049,
    21.110359335436));
#4466 = CARTESIAN_POINT('',(-2.810175376133,17.185973890415,
    21.094602993263));
#4467 = CARTESIAN_POINT('',(-2.357149283249,17.328769773167,
    21.081365487864));
#4468 = CARTESIAN_POINT('',(-1.896350667377,17.443772460715,
    21.070703260088));
#4469 = CARTESIAN_POINT('',(-1.42966230979,17.530530601721,
    21.062659055054));
#4470 = CARTESIAN_POINT('',(-0.95900320929,17.588738775248,
    21.05726180494));
#4471 = CARTESIAN_POINT('',(-0.486325336632,17.618236351132,
    21.054526708784));
#4472 = CARTESIAN_POINT('',(0.942833031072,17.6205580383,21.054311451168
    ));
#4473 = CARTESIAN_POINT('',(1.899525926745,17.50445934793,
    21.065072680374));
#4474 = CARTESIAN_POINT('',(2.840587749863,17.271424790257,
    21.086715785845));
#4475 = CARTESIAN_POINT('',(3.748440077513,16.919949377737,
    21.119135968821));
#4476 = CARTESIAN_POINT('',(4.612344506411,16.468575327618,
    21.161477613039));
#4477 = CARTESIAN_POINT('',(5.398439634623,15.892014487833,
    21.21374162326));
#4478 = CARTESIAN_POINT('',(6.146614812651,15.269393419881,
    21.273385076051));
#4479 = CARTESIAN_POINT('',(6.757905188368,14.475800638107,
    21.344024299377));
#4480 = CARTESIAN_POINT('',(7.29840742757,13.752788494279,
    21.413978663506));
#4481 = CARTESIAN_POINT('',(7.763753930951,12.822730640974,
    21.497013057761));
#4482 = CARTESIAN_POINT('',(8.058053221673,11.941279564824,
    21.580450826647));
#4483 = CARTESIAN_POINT('',(8.276483599809,11.041363472612,
    21.662115038182));
#4484 = CARTESIAN_POINT('',(8.389757152791,10.141841295015,
    21.745695026689));
#4485 = CARTESIAN_POINT('',(8.379483464439,9.114938385359,
    21.839743902005));
#4486 = DEFINITIONAL_REPRESENTATION('',(#4487),#4491);
#4487 = LINE('',#4488,#4489);
#4488 = CARTESIAN_POINT('',(0.,0.));
#4489 = VECTOR('',#4490,1.);
#4490 = DIRECTION('',(0.,1.));
#4491 = ( GEOMETRIC_REPRESENTATION_CONTEXT(2) 
PARAMETRIC_REPRESENTATION_CONTEXT() REPRESENTATION_CONTEXT('2D SPACE',''
  ) );
#4492 = ADVANCED_FACE('',(#4493),#4284,.T.);
#4493 = FACE_BOUND('',#4494,.T.);
#4494 = EDGE_LOOP('',(#4495,#4619,#4820,#4900));
#4495 = ORIENTED_EDGE('',*,*,#4496,.T.);
#4496 = EDGE_CURVE('',#4125,#4497,#4499,.T.);
#4497 = VERTEX_POINT('',#4498);
#4498 = CARTESIAN_POINT('',(-8.378368561016,9.165028967865,
    21.835278584141));
#4499 = SURFACE_CURVE('',#4500,(#4504,#4510),.PCURVE_S1.);
#4500 = ( BOUNDED_CURVE() B_SPLINE_CURVE(2,(#4501,#4502,#4503),
.UNSPECIFIED.,.F.,.F.) B_SPLINE_CURVE_WITH_KNOTS((3,3),(0.,
20.946821172305),.PIECEWISE_BEZIER_KNOTS.) CURVE() 
GEOMETRIC_REPRESENTATION_ITEM() RATIONAL_B_SPLINE_CURVE((1.,
0.753204364761,1.)) REPRESENTATION_ITEM('') );
#4501 = CARTESIAN_POINT('',(-10.3931078069,9.,19.763965553573));
#4502 = CARTESIAN_POINT('',(-10.29295638519,9.171538871106,
    21.674968520663));
#4503 = CARTESIAN_POINT('',(-8.378368561016,9.165028967865,
    21.835278584141));
#4504 = PCURVE('',#4284,#4505);
#4505 = DEFINITIONAL_REPRESENTATION('',(#4506),#4509);
#4506 = B_SPLINE_CURVE_WITH_KNOTS('',1,(#4507,#4508),.UNSPECIFIED.,.F.,
  .F.,(2,2),(0.,20.946821172305),.PIECEWISE_BEZIER_KNOTS.);
#4507 = CARTESIAN_POINT('',(0.,39.983267570155));
#4508 = CARTESIAN_POINT('',(32.141112331832,39.983267570155));
#4509 = ( GEOMETRIC_REPRESENTATION_CONTEXT(2) 
PARAMETRIC_REPRESENTATION_CONTEXT() REPRESENTATION_CONTEXT('2D SPACE',''
  ) );
#4510 = PCURVE('',#4511,#4614);
#4511 = ( BOUNDED_SURFACE() B_SPLINE_SURFACE(2,9,(
    (#4512,#4513,#4514,#4515,#4516,#4517,#4518,#4519,#4520,#4521,#4522
      ,#4523,#4524,#4525,#4526,#4527,#4528,#4529,#4530,#4531,#4532,#4533
      ,#4534,#4535,#4536,#4537,#4538,#4539,#4540,#4541,#4542,#4543,#4544
      ,#4545)
    ,(#4546,#4547,#4548,#4549,#4550,#4551,#4552,#4553,#4554,#4555,#4556
      ,#4557,#4558,#4559,#4560,#4561,#4562,#4563,#4564,#4565,#4566,#4567
      ,#4568,#4569,#4570,#4571,#4572,#4573,#4574,#4575,#4576,#4577,#4578
      ,#4579)
    ,(#4580,#4581,#4582,#4583,#4584,#4585,#4586,#4587,#4588,#4589,#4590
      ,#4591,#4592,#4593,#4594,#4595,#4596,#4597,#4598,#4599,#4600,#4601
      ,#4602,#4603,#4604,#4605,#4606,#4607,#4608,#4609,#4610,#4611,#4612
,#4613
    )),.UNSPECIFIED.,.F.,.F.,.F.) B_SPLINE_SURFACE_WITH_KNOTS((3,3),(10,
    8,8,8,10),(0.,20.946821172305),(19.03644639785,19.242637220249,
    29.527530635861,39.812424051472,39.983267570155),.UNSPECIFIED.) 
GEOMETRIC_REPRESENTATION_ITEM() RATIONAL_B_SPLINE_SURFACE((
    (1.,1.,1.,1.,1.,1.,1.,1.,1.,1.,1.,1.,1.,1.,1.,1.,1.,1.,1.,1.,1.,1.
      ,1.,1.,1.,1.,1.,1.,1.,1.,1.,1.,1.,1.)
    ,(0.753293477626,0.753274058868,0.753258043267,0.75324508523
      ,0.753234862969,0.753227078495,0.753221457625,0.753217749977
      ,0.753215728972,0.753188399188,0.753200287069,0.753197996752
      ,0.753199661311,0.753198168182,0.753198452762,0.753198129151
      ,0.753198076184,0.753198003358,0.75319800946,0.753198041827
      ,0.753198031502,0.753198119113,0.753198019619,0.753198156289
      ,0.753197421806,0.753199120818,0.753199249115,0.753199492668
      ,0.753199867516,0.753200391015,0.753201081838,0.753201959977
      ,0.753203046742,0.753204364761)
    ,(1.,1.,1.,1.,1.,1.,1.,1.,1.,1.,1.,1.,1.,1.,1.,1.,1.,1.,1.,1.,1.,1.
,1.,1.,1.,1.,1.,1.,1.,1.,1.,1.,1.,1.
  ))) REPRESENTATION_ITEM('') SURFACE() );
#4512 = CARTESIAN_POINT('',(-10.40682375638,-11.5,19.502249646824));
#4513 = CARTESIAN_POINT('',(-10.40668108054,-11.47579700988,
    19.504972064046));
#4514 = CARTESIAN_POINT('',(-10.40653832811,-11.45171801144,
    19.507695942609));
#4515 = CARTESIAN_POINT('',(-10.40639571191,-11.42777840188,
    19.510417221916));
#4516 = CARTESIAN_POINT('',(-10.4062534724,-11.40399988492,
    19.513131313353));
#4517 = CARTESIAN_POINT('',(-10.40611187775,-11.38041047086,
    19.51583310029));
#4518 = CARTESIAN_POINT('',(-10.40597122377,-11.35704447653,
    19.518516938079));
#4519 = CARTESIAN_POINT('',(-10.40583183396,-11.33394252531,
    19.521176654057));
#4520 = CARTESIAN_POINT('',(-10.40569405949,-11.31115154715,
    19.523805547544));
#4521 = CARTESIAN_POINT('',(-10.39878549558,-10.17006720555,
    19.65562879988));
#4522 = CARTESIAN_POINT('',(-10.39278849952,-9.055243510761,
    19.770058301356));
#4523 = CARTESIAN_POINT('',(-10.38754189573,-7.93905683255,
    19.870169465492));
#4524 = CARTESIAN_POINT('',(-10.38305399897,-6.82306713455,
    19.955803637035));
#4525 = CARTESIAN_POINT('',(-10.37931291004,-5.705992870167,
    20.027187866282));
#4526 = CARTESIAN_POINT('',(-10.37632438662,-4.588405561888,
    20.084212289996));
#4527 = CARTESIAN_POINT('',(-10.37408568671,-3.470102715104,
    20.126929229024));
#4528 = CARTESIAN_POINT('',(-10.37259846813,-2.351377147872,
    20.155307050056));
#4529 = CARTESIAN_POINT('',(-10.37112695096,-0.113440541537,
    20.183385270294));
#4530 = CARTESIAN_POINT('',(-10.37114268699,1.005766870389,
    20.183085008985));
#4531 = CARTESIAN_POINT('',(-10.37191021749,2.125006880384,
    20.168439654621));
#4532 = CARTESIAN_POINT('',(-10.37342959301,3.244033188828,
    20.13944824267));
#4533 = CARTESIAN_POINT('',(-10.37570074297,4.362643133608,
    20.096112119752));
#4534 = CARTESIAN_POINT('',(-10.37872294248,5.480619658146,
    20.038445117952));
#4535 = CARTESIAN_POINT('',(-10.38249650052,6.597910155093,
    19.966441341045));
#4536 = CARTESIAN_POINT('',(-10.38702108768,7.714388141559,
    19.880107075083));
#4537 = CARTESIAN_POINT('',(-10.39238845541,8.849176910242,19.7776915977
    ));
#4538 = CARTESIAN_POINT('',(-10.3924768022,8.867818755634,
    19.776005840647));
#4539 = CARTESIAN_POINT('',(-10.39256571807,8.886544537049,
    19.774309224596));
#4540 = CARTESIAN_POINT('',(-10.39265513387,8.905340217753,
    19.772603069508));
#4541 = CARTESIAN_POINT('',(-10.39274498779,8.924193534938,
    19.770888554576));
#4542 = CARTESIAN_POINT('',(-10.39283522541,8.943093999734,
    19.769166718232));
#4543 = CARTESIAN_POINT('',(-10.39292579969,8.962032897194,
    19.767438458142));
#4544 = CARTESIAN_POINT('',(-10.39301667095,8.98100328631,19.76570453121
    ));
#4545 = CARTESIAN_POINT('',(-10.3931078069,9.,19.763965553573));
#4546 = CARTESIAN_POINT('',(-10.30688295074,-11.70686484272,
    21.409233819975));
#4547 = CARTESIAN_POINT('',(-10.30674219814,-11.68406402002,
    21.411919539481));
#4548 = CARTESIAN_POINT('',(-10.30660190049,-11.66128302292,
    21.414596578165));
#4549 = CARTESIAN_POINT('',(-10.30646202782,-11.63851746358,
    21.417265507716));
#4550 = CARTESIAN_POINT('',(-10.30632255277,-11.61576331891,
    21.419926850079));
#4551 = CARTESIAN_POINT('',(-10.30618345064,-11.59301693444,
    21.422581076974));
#4552 = CARTESIAN_POINT('',(-10.30604469934,-11.57027502805,
    21.425228609427));
#4553 = CARTESIAN_POINT('',(-10.3059062795,-11.54753469376,
    21.427869817311));
#4554 = CARTESIAN_POINT('',(-10.30576817444,-11.52479340542,
    21.430505018892));
#4555 = CARTESIAN_POINT('',(-10.29875638179,-10.36750742669,
    21.564297992859));
#4556 = CARTESIAN_POINT('',(-10.29265906498,-9.233547354171,
    21.680641728329));
#4557 = CARTESIAN_POINT('',(-10.28730996288,-8.096308078962,
    21.782708676579));
#4558 = CARTESIAN_POINT('',(-10.28273314463,-6.958526743937,
    21.87003957129));
#4559 = CARTESIAN_POINT('',(-10.2789158508,-5.819253282401,
    21.942877876679));
#4560 = CARTESIAN_POINT('',(-10.27586725008,-4.679419838904,
    22.001048643631));
#4561 = CARTESIAN_POINT('',(-10.27358341033,-3.538866600656,
    22.04462690205));
#4562 = CARTESIAN_POINT('',(-10.27206637624,-2.397940280213,
    22.07357363702));
#4563 = CARTESIAN_POINT('',(-10.27056537436,-0.115697637662,
    22.102214458883));
#4564 = CARTESIAN_POINT('',(-10.27058145582,1.025613944457,
    22.101907606386));
#4565 = CARTESIAN_POINT('',(-10.27136429802,2.166905324007,
    22.086970087465));
#4566 = CARTESIAN_POINT('',(-10.27291378001,3.307949173395,
    22.057404209725));
#4567 = CARTESIAN_POINT('',(-10.27522991029,4.448541994937,
    22.013209811369));
#4568 = CARTESIAN_POINT('',(-10.27831172343,5.588403523945,
    21.95440531348));
#4569 = CARTESIAN_POINT('',(-10.28215917061,6.727362767263,
    21.880991647993));
#4570 = CARTESIAN_POINT('',(-10.28676984559,7.86504365791,
    21.793014728403));
#4571 = CARTESIAN_POINT('',(-10.29223450266,9.020522762391,
    21.688742859967));
#4572 = CARTESIAN_POINT('',(-10.29232400034,9.03940163531,
    21.687035142591));
#4573 = CARTESIAN_POINT('',(-10.29241370619,9.058279476474,
    21.685323452912));
#4574 = CARTESIAN_POINT('',(-10.29250362142,9.077156522741,
    21.683607768141));
#4575 = CARTESIAN_POINT('',(-10.29259374729,9.096033021821,
    21.681888064054));
#4576 = CARTESIAN_POINT('',(-10.29268408515,9.114909232117,
    21.680164315005));
#4577 = CARTESIAN_POINT('',(-10.29277463642,9.133785422545,
    21.678436493944));
#4578 = CARTESIAN_POINT('',(-10.29286540258,9.152661872386,
    21.676704572433));
#4579 = CARTESIAN_POINT('',(-10.29295638519,9.171538871106,
    21.674968520663));
#4580 = CARTESIAN_POINT('',(-8.395623662272,-11.62034282024,
    21.579444678344));
#4581 = CARTESIAN_POINT('',(-8.394715595922,-11.60933053747,
    21.580798152451));
#4582 = CARTESIAN_POINT('',(-8.393950530587,-11.59768804607,
    21.582211142165));
#4583 = CARTESIAN_POINT('',(-8.393312951563,-11.58527707988,
    21.583701055272));
#4584 = CARTESIAN_POINT('',(-8.392788099749,-11.57192175983,
    21.585289243214));
#4585 = CARTESIAN_POINT('',(-8.392361971649,-11.55740859385,
    21.587001001083));
#4586 = CARTESIAN_POINT('',(-8.39202131937,-11.54148647699,
    21.588865567628));
#4587 = CARTESIAN_POINT('',(-8.391753650622,-11.52386669131,
    21.590916125251));
#4588 = CARTESIAN_POINT('',(-8.39154722872,-11.50422290596,
    21.593189800007));
#4589 = CARTESIAN_POINT('',(-8.383601932384,-10.3832383714,
    21.722317369845));
#4590 = CARTESIAN_POINT('',(-8.378074386812,-9.263248184745,
    21.837388613369));
#4591 = CARTESIAN_POINT('',(-8.372637083426,-8.128645495898,
    21.939547078188));
#4592 = CARTESIAN_POINT('',(-8.368093096406,-6.988127167245,
    22.027326794854));
#4593 = CARTESIAN_POINT('',(-8.364198660789,-5.844001486926,
    22.100631771529));
#4594 = CARTESIAN_POINT('',(-8.361136963431,-4.698853268677,
    22.159163600884));
#4595 = CARTESIAN_POINT('',(-8.358827988339,-3.553150179292,
    22.202996319634));
#4596 = CARTESIAN_POINT('',(-8.357300030976,-2.407415171849,
    22.232100407073));
#4597 = CARTESIAN_POINT('',(-8.355787862979,-0.116235315068,
    22.260893723285));
#4598 = CARTESIAN_POINT('',(-8.355804470679,1.029204734778,
    22.260581911426));
#4599 = CARTESIAN_POINT('',(-8.356592372411,2.174282291728,
    22.245573303421));
#4600 = CARTESIAN_POINT('',(-8.358147884276,3.318932196713,
    22.215887454354));
#4601 = CARTESIAN_POINT('',(-8.360476413682,4.462948738131,
    22.171522306927));
#4602 = CARTESIAN_POINT('',(-8.363565463251,5.605712161617,
    22.112507631947));
#4603 = CARTESIAN_POINT('',(-8.367427775386,6.74622175313,
    22.038913447089));
#4604 = CARTESIAN_POINT('',(-8.372004226341,7.882604823062,
    21.950987589736));
#4605 = CARTESIAN_POINT('',(-8.377502795937,9.031249921859,
    21.847470485219));
#4606 = CARTESIAN_POINT('',(-8.377594103371,9.049359438335,
    21.845834118049));
#4607 = CARTESIAN_POINT('',(-8.377687986867,9.066914722724,
    21.844243729522));
#4608 = CARTESIAN_POINT('',(-8.377785566465,9.084009064654,
    21.842691186385));
#4609 = CARTESIAN_POINT('',(-8.377887968686,9.100724285096,
    21.841169313907));
#4610 = CARTESIAN_POINT('',(-8.377996326531,9.117130736339,
    21.839671895877));
#4611 = CARTESIAN_POINT('',(-8.37811177948,9.13328730202,21.838193674602
    ));
#4612 = CARTESIAN_POINT('',(-8.378235473495,9.149241397096,
    21.836730350908));
#4613 = CARTESIAN_POINT('',(-8.378368561016,9.165028967865,
    21.835278584141));
#4614 = DEFINITIONAL_REPRESENTATION('',(#4615),#4618);
#4615 = B_SPLINE_CURVE_WITH_KNOTS('',1,(#4616,#4617),.UNSPECIFIED.,.F.,
  .F.,(2,2),(0.,20.946821172305),.PIECEWISE_BEZIER_KNOTS.);
#4616 = CARTESIAN_POINT('',(0.,39.983267570155));
#4617 = CARTESIAN_POINT('',(20.946821172305,39.983267570155));
#4618 = ( GEOMETRIC_REPRESENTATION_CONTEXT(2) 
PARAMETRIC_REPRESENTATION_CONTEXT() REPRESENTATION_CONTEXT('2D SPACE',''
  ) );
#4619 = ORIENTED_EDGE('',*,*,#4620,.T.);
#4620 = EDGE_CURVE('',#4497,#4621,#4623,.T.);
#4621 = VERTEX_POINT('',#4622);
#4622 = CARTESIAN_POINT('',(8.379483464439,9.114938385359,
    21.839743902005));
#4623 = SURFACE_CURVE('',#4624,(#4692,#4699),.PCURVE_S1.);
#4624 = ( BOUNDED_CURVE() B_SPLINE_CURVE(14,(#4625,#4626,#4627,#4628,
    #4629,#4630,#4631,#4632,#4633,#4634,#4635,#4636,#4637,#4638,#4639,
    #4640,#4641,#4642,#4643,#4644,#4645,#4646,#4647,#4648,#4649,#4650,
    #4651,#4652,#4653,#4654,#4655,#4656,#4657,#4658,#4659,#4660,#4661,
    #4662,#4663,#4664,#4665,#4666,#4667,#4668,#4669,#4670,#4671,#4672,
    #4673,#4674,#4675,#4676,#4677,#4678,#4679,#4680,#4681,#4682,#4683,
    #4684,#4685,#4686,#4687,#4688,#4689,#4690,#4691),.UNSPECIFIED.,.F.,
.F.) B_SPLINE_CURVE_WITH_KNOTS((15,13,13,13,13,15),(39.983267570155,
    40.793093129331,44.032712844389,48.082158118623,56.03443746273,
72.124379901988),.UNSPECIFIED.) CURVE() GEOMETRIC_REPRESENTATION_ITEM() 
RATIONAL_B_SPLINE_CURVE((1.,1.,1.,1.,1.,1.000000000001,0.999999999998,
    1.000000000002,0.999999999998,1.000000000002,0.999999999999,
    1.000000000001,1.,1.,1.,0.999999999999,1.000000000004,0.999999999992
    ,1.000000000013,0.999999999982,1.000000000019,0.999999999983,
    1.000000000012,0.999999999993,1.000000000003,0.999999999999,1.,1.,1.
    ,1.000000000001,0.999999999998,1.000000000002,0.999999999999,1.,
    1.000000000002,0.999999999998,1.000000000002,0.999999999999,
    1.000000000001,1.,1.000000000001,0.999999999997,1.000000000008,
    0.999999999985,1.000000000023,0.999999999972,1.000000000028,
    0.999999999977,1.000000000016,0.999999999991,1.000000000004,
    0.999999999999,1.,1.,0.999999999999,1.000000000003,0.999999999993,
    1.000000000012,0.999999999985,1.000000000016,0.999999999986,
    1.00000000001,0.999999999994,1.000000000003,0.999999999999,1.,1.)) 
REPRESENTATION_ITEM('') );
#4625 = CARTESIAN_POINT('',(-8.378368561016,9.165028967865,
    21.835278584141));
#4626 = CARTESIAN_POINT('',(-8.378774111369,9.213137572002,
    21.830854694377));
#4627 = CARTESIAN_POINT('',(-8.378906712692,9.259816674047,
    21.826559435897));
#4628 = CARTESIAN_POINT('',(-8.378770222154,9.305992988874,
    21.822309284173));
#4629 = CARTESIAN_POINT('',(-8.378362282775,9.352171498482,
    21.818058726221));
#4630 = CARTESIAN_POINT('',(-8.377677507297,9.39856567602,
    21.813788523732));
#4631 = CARTESIAN_POINT('',(-8.376709953296,9.445206402303,21.8094958963
    ));
#4632 = CARTESIAN_POINT('',(-8.375454893572,9.492029575275,
    21.805186625356));
#4633 = CARTESIAN_POINT('',(-8.373909875393,9.538942411646,
    21.800869077882));
#4634 = CARTESIAN_POINT('',(-8.372075077341,9.585868441802,
    21.79655015111));
#4635 = CARTESIAN_POINT('',(-8.369952953499,9.632771196644,
    21.792233136863));
#4636 = CARTESIAN_POINT('',(-8.367547175363,9.67965658778,21.78791750682
    ));
#4637 = CARTESIAN_POINT('',(-8.364860862436,9.726553979766,
    21.783600617658));
#4638 = CARTESIAN_POINT('',(-8.361894108236,9.773475955422,
    21.779281336799));
#4639 = CARTESIAN_POINT('',(-8.345626279062,10.007898424828,
    21.757700902554));
#4640 = CARTESIAN_POINT('',(-8.328072937384,10.195231604533,
    21.740452218658));
#4641 = CARTESIAN_POINT('',(-8.305980673268,10.382235715024,
    21.723230648673));
#4642 = CARTESIAN_POINT('',(-8.279352902848,10.568790428616,
    21.706047289035));
#4643 = CARTESIAN_POINT('',(-8.248196557909,10.754775687493,
    21.688913220471));
#4644 = CARTESIAN_POINT('',(-8.212522085185,10.940071703881,
    21.671839508223));
#4645 = CARTESIAN_POINT('',(-8.172343447528,11.124558959715,
    21.654837201689));
#4646 = CARTESIAN_POINT('',(-8.127678122308,11.308118207176,
    21.637917334904));
#4647 = CARTESIAN_POINT('',(-8.078547103239,11.490630467969,
    21.621090925997));
#4648 = CARTESIAN_POINT('',(-8.024974898629,11.671977034134,
    21.604368977711));
#4649 = CARTESIAN_POINT('',(-7.966989532791,11.852039467282,
    21.587762476979));
#4650 = CARTESIAN_POINT('',(-7.904622545088,12.030699599198,
    21.57128239522));
#4651 = CARTESIAN_POINT('',(-7.837908990472,12.207839531446,
    21.554939688161));
#4652 = CARTESIAN_POINT('',(-7.678112240192,12.602714966001,
    21.518502702395));
#4653 = CARTESIAN_POINT('',(-7.582604177108,12.819538071105,
    21.498491014747));
#4654 = CARTESIAN_POINT('',(-7.48043845847,13.033581601693,
    21.478731573207));
#4655 = CARTESIAN_POINT('',(-7.371698370466,13.244619908549,
    21.459245389443));
#4656 = CARTESIAN_POINT('',(-7.256475277505,13.452431042402,
    21.440053146635));
#4657 = CARTESIAN_POINT('',(-7.134868621196,13.656796754011,
    21.42117519935));
#4658 = CARTESIAN_POINT('',(-7.006985921969,13.857502494008,
    21.40263157374));
#4659 = CARTESIAN_POINT('',(-6.872942776935,14.054337413131,
    21.384441967273));
#4660 = CARTESIAN_POINT('',(-6.732862862266,14.247094361943,
    21.366625749049));
#4661 = CARTESIAN_POINT('',(-6.586877930951,14.435569891111,
    21.349201959479));
#4662 = CARTESIAN_POINT('',(-6.435127814596,14.619564251177,
    21.332189310565));
#4663 = CARTESIAN_POINT('',(-6.277760422194,14.798881392711,
    21.315606185693));
#4664 = CARTESIAN_POINT('',(-6.114931740837,14.97332896623,
    21.299470639761));
#4665 = CARTESIAN_POINT('',(-5.616641065961,15.475364249172,
    21.253027262898));
#4666 = CARTESIAN_POINT('',(-5.266035586452,15.788534365655,
    21.224045653485));
#4667 = CARTESIAN_POINT('',(-4.896210776197,16.080817454282,
    21.196988036424));
#4668 = CARTESIAN_POINT('',(-4.508526642417,16.350882765791,
    21.171979522908));
#4669 = CARTESIAN_POINT('',(-4.104461586582,16.597495452077,
    21.149136372372));
#4670 = CARTESIAN_POINT('',(-3.685594294965,16.819529928027,
    21.128564692378));
#4671 = CARTESIAN_POINT('',(-3.253587751673,17.015981161049,
    21.110359335436));
#4672 = CARTESIAN_POINT('',(-2.810175376133,17.185973890415,
    21.094602993263));
#4673 = CARTESIAN_POINT('',(-2.357149283249,17.328769773167,
    21.081365487864));
#4674 = CARTESIAN_POINT('',(-1.896350667377,17.443772460715,
    21.070703260088));
#4675 = CARTESIAN_POINT('',(-1.42966230979,17.530530601721,
    21.062659055054));
#4676 = CARTESIAN_POINT('',(-0.95900320929,17.588738775248,
    21.05726180494));
#4677 = CARTESIAN_POINT('',(-0.486325336632,17.618236351132,
    21.054526708784));
#4678 = CARTESIAN_POINT('',(0.942833031072,17.6205580383,21.054311451168
    ));
#4679 = CARTESIAN_POINT('',(1.899525926745,17.50445934793,
    21.065072680374));
#4680 = CARTESIAN_POINT('',(2.840587749863,17.271424790257,
    21.086715785845));
#4681 = CARTESIAN_POINT('',(3.748440077513,16.919949377737,
    21.119135968821));
#4682 = CARTESIAN_POINT('',(4.612344506411,16.468575327618,
    21.161477613039));
#4683 = CARTESIAN_POINT('',(5.398439634623,15.892014487833,
    21.21374162326));
#4684 = CARTESIAN_POINT('',(6.146614812651,15.269393419881,
    21.273385076051));
#4685 = CARTESIAN_POINT('',(6.757905188368,14.475800638107,
    21.344024299377));
#4686 = CARTESIAN_POINT('',(7.29840742757,13.752788494279,
    21.413978663506));
#4687 = CARTESIAN_POINT('',(7.763753930951,12.822730640974,
    21.497013057761));
#4688 = CARTESIAN_POINT('',(8.058053221673,11.941279564824,
    21.580450826647));
#4689 = CARTESIAN_POINT('',(8.276483599809,11.041363472612,
    21.662115038182));
#4690 = CARTESIAN_POINT('',(8.389757152791,10.141841295015,
    21.745695026689));
#4691 = CARTESIAN_POINT('',(8.379483464439,9.114938385359,
    21.839743902005));
#4692 = PCURVE('',#4284,#4693);
#4693 = DEFINITIONAL_REPRESENTATION('',(#4694),#4698);
#4694 = LINE('',#4695,#4696);
#4695 = CARTESIAN_POINT('',(32.141112331832,0.));
#4696 = VECTOR('',#4697,1.);
#4697 = DIRECTION('',(0.,1.));
#4698 = ( GEOMETRIC_REPRESENTATION_CONTEXT(2) 
PARAMETRIC_REPRESENTATION_CONTEXT() REPRESENTATION_CONTEXT('2D SPACE',''
  ) );
#4699 = PCURVE('',#4700,#4705);
#4700 = SPHERICAL_SURFACE('',#4701,101.2);
#4701 = AXIS2_PLACEMENT_3D('',#4702,#4703,#4704);
#4702 = CARTESIAN_POINT('',(0.,0.,-78.6));
#4703 = DIRECTION('',(0.,0.,1.));
#4704 = DIRECTION('',(1.,0.,0.));
#4705 = DEFINITIONAL_REPRESENTATION('',(#4706),#4819);
#4706 = B_SPLINE_CURVE_WITH_KNOTS('',11,(#4707,#4708,#4709,#4710,#4711,
    #4712,#4713,#4714,#4715,#4716,#4717,#4718,#4719,#4720,#4721,#4722,
    #4723,#4724,#4725,#4726,#4727,#4728,#4729,#4730,#4731,#4732,#4733,
    #4734,#4735,#4736,#4737,#4738,#4739,#4740,#4741,#4742,#4743,#4744,
    #4745,#4746,#4747,#4748,#4749,#4750,#4751,#4752,#4753,#4754,#4755,
    #4756,#4757,#4758,#4759,#4760,#4761,#4762,#4763,#4764,#4765,#4766,
    #4767,#4768,#4769,#4770,#4771,#4772,#4773,#4774,#4775,#4776,#4777,
    #4778,#4779,#4780,#4781,#4782,#4783,#4784,#4785,#4786,#4787,#4788,
    #4789,#4790,#4791,#4792,#4793,#4794,#4795,#4796,#4797,#4798,#4799,
    #4800,#4801,#4802,#4803,#4804,#4805,#4806,#4807,#4808,#4809,#4810,
    #4811,#4812,#4813,#4814,#4815,#4816,#4817,#4818),.UNSPECIFIED.,.F.,
  .F.,(12,10,10,10,10,10,10,10,10,10,10,12),(39.983267570155,
    40.48547245034,40.736574890433,40.987677330525,41.992087090895,
    44.000906611634,48.018545653113,52.036184694593,56.053823736072,
    64.08910181903,68.106740860509,72.124379901988),.UNSPECIFIED.);
#4707 = CARTESIAN_POINT('',(2.311383683459,1.447783548387));
#4708 = CARTESIAN_POINT('',(2.309339528257,1.447502362053));
#4709 = CARTESIAN_POINT('',(2.307344516208,1.447228457794));
#4710 = CARTESIAN_POINT('',(2.305371776828,1.446958260857));
#4711 = CARTESIAN_POINT('',(2.303404838472,1.446689588818));
#4712 = CARTESIAN_POINT('',(2.301434786469,1.446421268906));
#4713 = CARTESIAN_POINT('',(2.299457853368,1.446152813803));
#4714 = CARTESIAN_POINT('',(2.297473441427,1.445884155966));
#4715 = CARTESIAN_POINT('',(2.295482577182,1.445615440409));
#4716 = CARTESIAN_POINT('',(2.293486798268,1.445346876003));
#4717 = CARTESIAN_POINT('',(2.29148747234,1.445078645253));
#4718 = CARTESIAN_POINT('',(2.28848458614,1.444676986242));
#4719 = CARTESIAN_POINT('',(2.287482961629,1.444543212678));
#4720 = CARTESIAN_POINT('',(2.286480820759,1.444409571163));
#4721 = CARTESIAN_POINT('',(2.285478252926,1.444276073203));
#4722 = CARTESIAN_POINT('',(2.284475303329,1.444142724313));
#4723 = CARTESIAN_POINT('',(2.283471985413,1.44400952572));
#4724 = CARTESIAN_POINT('',(2.2824682934,1.443876476178));
#4725 = CARTESIAN_POINT('',(2.281464214703,1.443743573645));
#4726 = CARTESIAN_POINT('',(2.28045974246,1.4436108171));
#4727 = CARTESIAN_POINT('',(2.27945488797,1.443478208244));
#4728 = CARTESIAN_POINT('',(2.277444498418,1.443213298311));
#4729 = CARTESIAN_POINT('',(2.276439007159,1.443081003296));
#4730 = CARTESIAN_POINT('',(2.275432870594,1.442948819418));
#4731 = CARTESIAN_POINT('',(2.274428231656,1.442817048507));
#4732 = CARTESIAN_POINT('',(2.273421163002,1.442685136654));
#4733 = CARTESIAN_POINT('',(2.272414503673,1.442553484885));
#4734 = CARTESIAN_POINT('',(2.271408701171,1.442422156258));
#4735 = CARTESIAN_POINT('',(2.270400879445,1.442290744866));
#4736 = CARTESIAN_POINT('',(2.269393933465,1.442159659672));
#4737 = CARTESIAN_POINT('',(2.268386297467,1.442028679607));
#4738 = CARTESIAN_POINT('',(2.263347054194,1.441374642701));
#4739 = CARTESIAN_POINT('',(2.259311215371,1.440854029015));
#4740 = CARTESIAN_POINT('',(2.25527100726,1.440336048776));
#4741 = CARTESIAN_POINT('',(2.251226502405,1.43982071936));
#4742 = CARTESIAN_POINT('',(2.24717777099,1.439308057945));
#4743 = CARTESIAN_POINT('',(2.243124880821,1.438798081461));
#4744 = CARTESIAN_POINT('',(2.239067897348,1.438290806655));
#4745 = CARTESIAN_POINT('',(2.235006883642,1.437786250021));
#4746 = CARTESIAN_POINT('',(2.230941900412,1.437284427859));
#4747 = CARTESIAN_POINT('',(2.226873005999,1.436785356237));
#4748 = CARTESIAN_POINT('',(2.214654757126,1.435296440552));
#4749 = CARTESIAN_POINT('',(2.206493850446,1.434314897202));
#4750 = CARTESIAN_POINT('',(2.198317987674,1.433344548714));
#4751 = CARTESIAN_POINT('',(2.190127604819,1.43238552225));
#4752 = CARTESIAN_POINT('',(2.181923122558,1.431437944367));
#4753 = CARTESIAN_POINT('',(2.173704946244,1.430501941044));
#4754 = CARTESIAN_POINT('',(2.165473465891,1.429577637641));
#4755 = CARTESIAN_POINT('',(2.157229056194,1.428665158945));
#4756 = CARTESIAN_POINT('',(2.148972076507,1.42776462913));
#4757 = CARTESIAN_POINT('',(2.140702870864,1.426876171784));
#4758 = CARTESIAN_POINT('',(2.115859562161,1.424247386122));
#4759 = CARTESIAN_POINT('',(2.099249705869,1.42254361434));
#4760 = CARTESIAN_POINT('',(2.082593664961,1.420889432274));
#4761 = CARTESIAN_POINT('',(2.065895491491,1.419285994707));
#4762 = CARTESIAN_POINT('',(2.049156429955,1.417734093287));
#4763 = CARTESIAN_POINT('',(2.032377923437,1.416234535976));
#4764 = CARTESIAN_POINT('',(2.015562347203,1.414788244196));
#4765 = CARTESIAN_POINT('',(1.998711383288,1.413396047739));
#4766 = CARTESIAN_POINT('',(1.981825901904,1.412058657072));
#4767 = CARTESIAN_POINT('',(1.964908536899,1.410776970854));
#4768 = CARTESIAN_POINT('',(1.931013123511,1.408326493453));
#4769 = CARTESIAN_POINT('',(1.914034960402,1.407157682481));
#4770 = CARTESIAN_POINT('',(1.897027063661,1.406045981475));
#4771 = CARTESIAN_POINT('',(1.879991771341,1.404992193372));
#4772 = CARTESIAN_POINT('',(1.862931078873,1.403997033202));
#4773 = CARTESIAN_POINT('',(1.845846664884,1.403061135541));
#4774 = CARTESIAN_POINT('',(1.828740365665,1.402185109723));
#4775 = CARTESIAN_POINT('',(1.811614266405,1.401369551967));
#4776 = CARTESIAN_POINT('',(1.794470279129,1.400614999836));
#4777 = CARTESIAN_POINT('',(1.777309780588,1.399921891966));
#4778 = CARTESIAN_POINT('',(1.742959389974,1.398659452856));
#4779 = CARTESIAN_POINT('',(1.725769448257,1.398090116709));
#4780 = CARTESIAN_POINT('',(1.708566409048,1.397583087898));
#4781 = CARTESIAN_POINT('',(1.691351787705,1.397138736746));
#4782 = CARTESIAN_POINT('',(1.674127051143,1.396757382485));
#4783 = CARTESIAN_POINT('',(1.656893663861,1.396439293437));
#4784 = CARTESIAN_POINT('',(1.639653117984,1.396184686299));
#4785 = CARTESIAN_POINT('',(1.622406970101,1.395993725676));
#4786 = CARTESIAN_POINT('',(1.605156908053,1.39586652535));
#4787 = CARTESIAN_POINT('',(1.587904870466,1.395803152459));
#4788 = CARTESIAN_POINT('',(1.536149985415,1.395804603047));
#4789 = CARTESIAN_POINT('',(1.501644665387,1.396061006004));
#4790 = CARTESIAN_POINT('',(1.467151630601,1.396572154784));
#4791 = CARTESIAN_POINT('',(1.43268519132,1.397339415614));
#4792 = CARTESIAN_POINT('',(1.398259607453,1.398357167635));
#4793 = CARTESIAN_POINT('',(1.36391568806,1.399626432323));
#4794 = CARTESIAN_POINT('',(1.329612985579,1.401140350083));
#4795 = CARTESIAN_POINT('',(1.295393035328,1.402898388342));
#4796 = CARTESIAN_POINT('',(1.261266692645,1.40489306683));
#4797 = CARTESIAN_POINT('',(1.227248608846,1.407119659519));
#4798 = CARTESIAN_POINT('',(1.176402066879,1.410798264641));
#4799 = CARTESIAN_POINT('',(1.15948335528,1.412080917125));
#4800 = CARTESIAN_POINT('',(1.14259626153,1.413419303575));
#4801 = CARTESIAN_POINT('',(1.125742590259,1.414812614593));
#4802 = CARTESIAN_POINT('',(1.108924255844,1.416260031084));
#4803 = CARTESIAN_POINT('',(1.0921439782,1.417760661541));
#4804 = CARTESIAN_POINT('',(1.075406231074,1.419313419905));
#4805 = CARTESIAN_POINT('',(1.058717787033,1.420916930399));
#4806 = CARTESIAN_POINT('',(1.042087203073,1.422569545486));
#4807 = CARTESIAN_POINT('',(1.02552259102,1.424269563327));
#4808 = CARTESIAN_POINT('',(0.99253144238,1.427761898569));
#4809 = CARTESIAN_POINT('',(0.976104959243,1.429554218881));
#4810 = CARTESIAN_POINT('',(0.959750234805,1.431391478484));
#4811 = CARTESIAN_POINT('',(0.943466414426,1.433272893822));
#4812 = CARTESIAN_POINT('',(0.92724041938,1.435198877535));
#4813 = CARTESIAN_POINT('',(0.911046232019,1.437171707906));
#4814 = CARTESIAN_POINT('',(0.894833724816,1.439197012394));
#4815 = CARTESIAN_POINT('',(0.87851844963,1.441285611298));
#4816 = CARTESIAN_POINT('',(0.861981826104,1.443454909202));
#4817 = CARTESIAN_POINT('',(0.845057353613,1.445729670545));
#4818 = CARTESIAN_POINT('',(0.827412819665,1.448143671054));
#4819 = ( GEOMETRIC_REPRESENTATION_CONTEXT(2) 
PARAMETRIC_REPRESENTATION_CONTEXT() REPRESENTATION_CONTEXT('2D SPACE',''
  ) );
#4820 = ORIENTED_EDGE('',*,*,#4821,.F.);
#4821 = EDGE_CURVE('',#4099,#4621,#4822,.T.);
#4822 = SURFACE_CURVE('',#4823,(#4827,#4833),.PCURVE_S1.);
#4823 = ( BOUNDED_CURVE() B_SPLINE_CURVE(2,(#4824,#4825,#4826),
.UNSPECIFIED.,.F.,.F.) B_SPLINE_CURVE_WITH_KNOTS((3,3),(0.,
32.141112331832),.PIECEWISE_BEZIER_KNOTS.) CURVE() 
GEOMETRIC_REPRESENTATION_ITEM() RATIONAL_B_SPLINE_CURVE((1.,
0.753235597049,1.)) REPRESENTATION_ITEM('') );
#4824 = CARTESIAN_POINT('',(10.393096826605,9.,19.76417507023));
#4825 = CARTESIAN_POINT('',(10.292923818834,9.164740335838,
    21.675589923914));
#4826 = CARTESIAN_POINT('',(8.379483464439,9.114938385359,
    21.839743902005));
#4827 = PCURVE('',#4284,#4828);
#4828 = DEFINITIONAL_REPRESENTATION('',(#4829),#4832);
#4829 = B_SPLINE_CURVE_WITH_KNOTS('',1,(#4830,#4831),.UNSPECIFIED.,.F.,
  .F.,(2,2),(0.,32.141112331832),.PIECEWISE_BEZIER_KNOTS.);
#4830 = CARTESIAN_POINT('',(0.,72.124379901988));
#4831 = CARTESIAN_POINT('',(32.141112331832,72.124379901988));
#4832 = ( GEOMETRIC_REPRESENTATION_CONTEXT(2) 
PARAMETRIC_REPRESENTATION_CONTEXT() REPRESENTATION_CONTEXT('2D SPACE',''
  ) );
#4833 = PCURVE('',#4834,#4895);
#4834 = ( BOUNDED_SURFACE() B_SPLINE_SURFACE(2,10,(
    (#4835,#4836,#4837,#4838,#4839,#4840,#4841,#4842,#4843,#4844,#4845
      ,#4846,#4847,#4848,#4849,#4850,#4851,#4852,#4853,#4854)
    ,(#4855,#4856,#4857,#4858,#4859,#4860,#4861,#4862,#4863,#4864,#4865
      ,#4866,#4867,#4868,#4869,#4870,#4871,#4872,#4873,#4874)
    ,(#4875,#4876,#4877,#4878,#4879,#4880,#4881,#4882,#4883,#4884,#4885
      ,#4886,#4887,#4888,#4889,#4890,#4891,#4892,#4893,#4894
)),.UNSPECIFIED.,.F.,.F.,.F.) B_SPLINE_SURFACE_WITH_KNOTS((3,3),(11,9,11
    ),(0.,9.190216900311),(72.124379901988,72.288234225408,
81.314596802299),.UNSPECIFIED.) GEOMETRIC_REPRESENTATION_ITEM() 
RATIONAL_B_SPLINE_SURFACE((
    (1.,1.,1.,1.,1.,1.,1.,1.,1.,1.,1.,1.,1.,0.999999999999
      ,1.000000000001,1.,1.,1.,1.,1.)
    ,(0.753235597049,0.75323382972,0.753232136686,0.75323051594
      ,0.753228965475,0.753227483286,0.753226067366,0.753224715708
      ,0.753223426308,0.753222197158,0.753156523691,0.75325547643
      ,0.753139880785,0.753248411279,0.753162777989,0.75321622985
      ,0.753191823624,0.753199092108,0.753198018858,0.753198018858)
    ,(1.,1.,1.,1.,1.,1.,1.,1.,1.,1.,1.,1.,1.,0.999999999999
,1.000000000001,1.,1.,1.,1.,1.))) REPRESENTATION_ITEM('') SURFACE() );
#4835 = CARTESIAN_POINT('',(10.393096826605,9.,19.76417507023));
#4836 = CARTESIAN_POINT('',(10.393018975054,8.983725529835,
    19.765660566304));
#4837 = CARTESIAN_POINT('',(10.392941282731,8.967456525284,
    19.767143024143));
#4838 = CARTESIAN_POINT('',(10.392863750356,8.951193030031,
    19.76862242999));
#4839 = CARTESIAN_POINT('',(10.39278637865,8.934935087757,
    19.770098770091));
#4840 = CARTESIAN_POINT('',(10.392709168333,8.918682742153,
    19.77157203069));
#4841 = CARTESIAN_POINT('',(10.392632120128,8.902436036895,
    19.773042198032));
#4842 = CARTESIAN_POINT('',(10.392555234754,8.886195015675,
    19.774509258362));
#4843 = CARTESIAN_POINT('',(10.392478512932,8.86995972217,
    19.775973197923));
#4844 = CARTESIAN_POINT('',(10.392401955384,8.85373020007,
    19.777434002962));
#4845 = CARTESIAN_POINT('',(10.388117270524,7.943779316424,
    19.859190660447));
#4846 = CARTESIAN_POINT('',(10.384403257972,7.06542396907,
    19.930058241605));
#4847 = CARTESIAN_POINT('',(10.381187901742,6.180851665655,
    19.991410893328));
#4848 = CARTESIAN_POINT('',(10.378403814949,5.304737882469,
    20.044534433987));
#4849 = CARTESIAN_POINT('',(10.376090761872,4.417434910289,
    20.088670115912));
#4850 = CARTESIAN_POINT('',(10.374237435,3.536919087681,20.12403369928)
  );
#4851 = CARTESIAN_POINT('',(10.372847335957,2.65174563652,
    20.150558369128));
#4852 = CARTESIAN_POINT('',(10.371920891663,1.76820435152,
    20.168235979336));
#4853 = CARTESIAN_POINT('',(10.371457550553,0.884073088717,
    20.177077054388));
#4854 = CARTESIAN_POINT('',(10.371457551098,0.,20.177077043989));
#4855 = CARTESIAN_POINT('',(10.292923818834,9.164740335838,
    21.675589923914));
#4856 = CARTESIAN_POINT('',(10.29284520755,9.148418706596,
    21.677089916581));
#4857 = CARTESIAN_POINT('',(10.29276675951,9.132098314724,
    21.678586794347));
#4858 = CARTESIAN_POINT('',(10.292688474508,9.115779128601,
    21.680080561167));
#4859 = CARTESIAN_POINT('',(10.292610352336,9.09946111644,
    21.681571221014));
#4860 = CARTESIAN_POINT('',(10.292532392784,9.083144246265,
    21.683058777879));
#4861 = CARTESIAN_POINT('',(10.292454595643,9.066828485945,
    21.68454323577));
#4862 = CARTESIAN_POINT('',(10.292376960701,9.050513803153,
    21.686024598712));
#4863 = CARTESIAN_POINT('',(10.292299487746,9.034200165405,
    21.687502870749));
#4864 = CARTESIAN_POINT('',(10.292222176566,9.017887540032,
    21.68897805594));
#4865 = CARTESIAN_POINT('',(10.287894659053,8.102926014168,
    21.771552009122));
#4866 = CARTESIAN_POINT('',(10.284135776201,7.207582361623,
    21.843275766601));
#4867 = CARTESIAN_POINT('',(10.280803488347,6.303086538714,
    21.906859606666));
#4868 = CARTESIAN_POINT('',(10.278004873272,5.409334789433,
    21.960260363401));
#4869 = CARTESIAN_POINT('',(10.275612342738,4.503603865944,
    22.005912565606));
#4870 = CARTESIAN_POINT('',(10.273744351738,3.606401695732,
    22.041555957154));
#4871 = CARTESIAN_POINT('',(10.272317050672,2.703600503456,
    22.068790483919));
#4872 = CARTESIAN_POINT('',(10.271375454224,1.802851113088,
    22.086757214448));
#4873 = CARTESIAN_POINT('',(10.27090259474,0.901388539713,
    22.095779910879));
#4874 = CARTESIAN_POINT('',(10.270902594735,1.12080016379E-08,
    22.09577991098));
#4875 = CARTESIAN_POINT('',(8.379483464439,9.114938385359,
    21.839743902005));
#4876 = CARTESIAN_POINT('',(8.379336991351,9.100297719305,
    21.841084767011));
#4877 = CARTESIAN_POINT('',(8.379193729607,9.085631078872,
    21.842425332182));
#4878 = CARTESIAN_POINT('',(8.379053591133,9.070937936819,
    21.843765636863));
#4879 = CARTESIAN_POINT('',(8.378916487852,9.056217765901,
    21.845105720401));
#4880 = CARTESIAN_POINT('',(8.378782331689,9.041470038878,
    21.846445622141));
#4881 = CARTESIAN_POINT('',(8.378651034569,9.026694228507,
    21.847785381429));
#4882 = CARTESIAN_POINT('',(8.378522508416,9.011889807546,
    21.849125037611));
#4883 = CARTESIAN_POINT('',(8.378396665154,8.997056248753,
    21.850464630033));
#4884 = CARTESIAN_POINT('',(8.378273416709,8.982193024887,21.85180419804
    ));
#4885 = CARTESIAN_POINT('',(8.371501288668,8.146855132975,
    21.926938362984));
#4886 = CARTESIAN_POINT('',(8.371951768855,7.249277436026,
    21.999526634036));
#4887 = CARTESIAN_POINT('',(8.363581951518,6.329071884941,
    22.064951551877));
#4888 = CARTESIAN_POINT('',(8.365387405215,5.425223115299,
    22.118348484746));
#4889 = CARTESIAN_POINT('',(8.359363501646,4.515257877932,
    22.164471252894));
#4890 = CARTESIAN_POINT('',(8.359740519291,3.615723451047,
    22.199985655272));
#4891 = CARTESIAN_POINT('',(8.357286776859,2.71059451118,22.227392084241
    ));
#4892 = CARTESIAN_POINT('',(8.356646314691,1.807512004732,
    22.245374921841));
#4893 = CARTESIAN_POINT('',(8.356127520821,0.903719450685,
    22.254425448523));
#4894 = CARTESIAN_POINT('',(8.356127520741,0.,22.254425450037));
#4895 = DEFINITIONAL_REPRESENTATION('',(#4896),#4899);
#4896 = B_SPLINE_CURVE_WITH_KNOTS('',1,(#4897,#4898),.UNSPECIFIED.,.F.,
  .F.,(2,2),(0.,32.141112331832),.PIECEWISE_BEZIER_KNOTS.);
#4897 = CARTESIAN_POINT('',(0.,72.124379901988));
#4898 = CARTESIAN_POINT('',(9.190216900311,72.124379901988));
#4899 = ( GEOMETRIC_REPRESENTATION_CONTEXT(2) 
PARAMETRIC_REPRESENTATION_CONTEXT() REPRESENTATION_CONTEXT('2D SPACE',''
  ) );
#4900 = ORIENTED_EDGE('',*,*,#4144,.F.);
#4901 = ADVANCED_FACE('',(#4902),#4834,.T.);
#4902 = FACE_BOUND('',#4903,.T.);
#4903 = EDGE_LOOP('',(#4904,#4905,#5000,#5082));
#4904 = ORIENTED_EDGE('',*,*,#4821,.T.);
#4905 = ORIENTED_EDGE('',*,*,#4906,.T.);
#4906 = EDGE_CURVE('',#4621,#4907,#4909,.T.);
#4907 = VERTEX_POINT('',#4908);
#4908 = CARTESIAN_POINT('',(8.356127520741,0.,22.254425450037));
#4909 = SURFACE_CURVE('',#4910,(#4931,#4938),.PCURVE_S1.);
#4910 = ( BOUNDED_CURVE() B_SPLINE_CURVE(10,(#4911,#4912,#4913,#4914,
    #4915,#4916,#4917,#4918,#4919,#4920,#4921,#4922,#4923,#4924,#4925,
    #4926,#4927,#4928,#4929,#4930),.UNSPECIFIED.,.F.,.F.) 
B_SPLINE_CURVE_WITH_KNOTS((11,9,11),(72.124379901988,72.288234225408,
81.314596802299),.UNSPECIFIED.) CURVE() GEOMETRIC_REPRESENTATION_ITEM() 
RATIONAL_B_SPLINE_CURVE((1.,1.,1.,1.,1.,1.,1.,1.,1.,1.,1.,1.,1.,
0.999999999999,1.000000000001,1.,1.,1.,1.,1.)) REPRESENTATION_ITEM('') 
  );
#4911 = CARTESIAN_POINT('',(8.379483464439,9.114938385359,
    21.839743902005));
#4912 = CARTESIAN_POINT('',(8.379336991351,9.100297719305,
    21.841084767011));
#4913 = CARTESIAN_POINT('',(8.379193729607,9.085631078872,
    21.842425332182));
#4914 = CARTESIAN_POINT('',(8.379053591133,9.070937936819,
    21.843765636863));
#4915 = CARTESIAN_POINT('',(8.378916487852,9.056217765901,
    21.845105720401));
#4916 = CARTESIAN_POINT('',(8.378782331689,9.041470038878,
    21.846445622141));
#4917 = CARTESIAN_POINT('',(8.378651034569,9.026694228507,
    21.847785381429));
#4918 = CARTESIAN_POINT('',(8.378522508416,9.011889807546,
    21.849125037611));
#4919 = CARTESIAN_POINT('',(8.378396665154,8.997056248753,
    21.850464630033));
#4920 = CARTESIAN_POINT('',(8.378273416709,8.982193024887,21.85180419804
    ));
#4921 = CARTESIAN_POINT('',(8.371501288668,8.146855132975,
    21.926938362984));
#4922 = CARTESIAN_POINT('',(8.371951768855,7.249277436026,
    21.999526634036));
#4923 = CARTESIAN_POINT('',(8.363581951518,6.329071884941,
    22.064951551877));
#4924 = CARTESIAN_POINT('',(8.365387405215,5.425223115299,
    22.118348484746));
#4925 = CARTESIAN_POINT('',(8.359363501646,4.515257877932,
    22.164471252894));
#4926 = CARTESIAN_POINT('',(8.359740519291,3.615723451047,
    22.199985655272));
#4927 = CARTESIAN_POINT('',(8.357286776859,2.71059451118,22.227392084241
    ));
#4928 = CARTESIAN_POINT('',(8.356646314691,1.807512004732,
    22.245374921841));
#4929 = CARTESIAN_POINT('',(8.356127520821,0.903719450685,
    22.254425448523));
#4930 = CARTESIAN_POINT('',(8.356127520741,0.,22.254425450037));
#4931 = PCURVE('',#4834,#4932);
#4932 = DEFINITIONAL_REPRESENTATION('',(#4933),#4937);
#4933 = LINE('',#4934,#4935);
#4934 = CARTESIAN_POINT('',(9.190216900311,0.));
#4935 = VECTOR('',#4936,1.);
#4936 = DIRECTION('',(0.,1.));
#4937 = ( GEOMETRIC_REPRESENTATION_CONTEXT(2) 
PARAMETRIC_REPRESENTATION_CONTEXT() REPRESENTATION_CONTEXT('2D SPACE',''
  ) );
#4938 = PCURVE('',#4700,#4939);
#4939 = DEFINITIONAL_REPRESENTATION('',(#4940),#4999);
#4940 = B_SPLINE_CURVE_WITH_KNOTS('',9,(#4941,#4942,#4943,#4944,#4945,
    #4946,#4947,#4948,#4949,#4950,#4951,#4952,#4953,#4954,#4955,#4956,
    #4957,#4958,#4959,#4960,#4961,#4962,#4963,#4964,#4965,#4966,#4967,
    #4968,#4969,#4970,#4971,#4972,#4973,#4974,#4975,#4976,#4977,#4978,
    #4979,#4980,#4981,#4982,#4983,#4984,#4985,#4986,#4987,#4988,#4989,
    #4990,#4991,#4992,#4993,#4994,#4995,#4996,#4997,#4998),
  .UNSPECIFIED.,.F.,.F.,(10,8,8,8,8,8,8,10),(72.124379901988,
    72.267977041055,72.411574180123,72.698768458257,73.273157014527,
    74.421934127066,76.719488352143,81.314596802299),.UNSPECIFIED.);
#4941 = CARTESIAN_POINT('',(0.827412819665,1.448143671054));
#4942 = CARTESIAN_POINT('',(0.826642031143,1.448249124895));
#4943 = CARTESIAN_POINT('',(0.825868214375,1.448354656884));
#4944 = CARTESIAN_POINT('',(0.825091332857,1.4484602704));
#4945 = CARTESIAN_POINT('',(0.824311350084,1.448565968822));
#4946 = CARTESIAN_POINT('',(0.823528229551,1.448671755531));
#4947 = CARTESIAN_POINT('',(0.822741934752,1.448777633905));
#4948 = CARTESIAN_POINT('',(0.821952429183,1.448883607325));
#4949 = CARTESIAN_POINT('',(0.821159676339,1.448989679169));
#4950 = CARTESIAN_POINT('',(0.819567603089,1.449202026468));
#4951 = CARTESIAN_POINT('',(0.818768232725,1.449308308002));
#4952 = CARTESIAN_POINT('',(0.817965516178,1.449414698107));
#4953 = CARTESIAN_POINT('',(0.817160287323,1.449521093054));
#4954 = CARTESIAN_POINT('',(0.816351826943,1.449627579633));
#4955 = CARTESIAN_POINT('',(0.815540055115,1.449734166331));
#4956 = CARTESIAN_POINT('',(0.814725663333,1.449840766974));
#4957 = CARTESIAN_POINT('',(0.813908055853,1.449947453143));
#4958 = CARTESIAN_POINT('',(0.811446362177,1.450267668839));
#4959 = CARTESIAN_POINT('',(0.80979323528,1.450481376392));
#4960 = CARTESIAN_POINT('',(0.808128182086,1.450695293928));
#4961 = CARTESIAN_POINT('',(0.806451271459,1.45090940111));
#4962 = CARTESIAN_POINT('',(0.804762569641,1.451123677698));
#4963 = CARTESIAN_POINT('',(0.803062140259,1.451338103556));
#4964 = CARTESIAN_POINT('',(0.801350044318,1.451552658642));
#4965 = CARTESIAN_POINT('',(0.799626340205,1.451767323022));
#4966 = CARTESIAN_POINT('',(0.794420570655,1.452411584522));
#4967 = CARTESIAN_POINT('',(0.790903852749,1.452841450973));
#4968 = CARTESIAN_POINT('',(0.787341371861,1.453271516684));
#4969 = CARTESIAN_POINT('',(0.78373353738,1.453701626177));
#4970 = CARTESIAN_POINT('',(0.780080726192,1.454131628014));
#4971 = CARTESIAN_POINT('',(0.776383282682,1.454561374806));
#4972 = CARTESIAN_POINT('',(0.772641518734,1.454990723203));
#4973 = CARTESIAN_POINT('',(0.76885571373,1.455419533903));
#4974 = CARTESIAN_POINT('',(0.757366916191,1.456703947125));
#4975 = CARTESIAN_POINT('',(0.749532558104,1.457557535079));
#4976 = CARTESIAN_POINT('',(0.74152505855,1.45840735638));
#4977 = CARTESIAN_POINT('',(0.73334600726,1.4592524163));
#4978 = CARTESIAN_POINT('',(0.724996613472,1.460091799857));
#4979 = CARTESIAN_POINT('',(0.716477753982,1.460924667176));
#4980 = CARTESIAN_POINT('',(0.707790021184,1.461750248841));
#4981 = CARTESIAN_POINT('',(0.698933771119,1.46256784125));
#4982 = CARTESIAN_POINT('',(0.671859972319,1.464994723409));
#4983 = CARTESIAN_POINT('',(0.653137363127,1.466578114948));
#4984 = CARTESIAN_POINT('',(0.633742662471,1.468121798876));
#4985 = CARTESIAN_POINT('',(0.613674064019,1.469621529536));
#4986 = CARTESIAN_POINT('',(0.592928011497,1.471073679768));
#4987 = CARTESIAN_POINT('',(0.571500653366,1.472474997548));
#4988 = CARTESIAN_POINT('',(0.549389377259,1.473822432844));
#4989 = CARTESIAN_POINT('',(0.526594424173,1.475113034676));
#4990 = CARTESIAN_POINT('',(0.456172898965,1.478805685769));
#4991 = CARTESIAN_POINT('',(0.40650953823,1.481028582543));
#4992 = CARTESIAN_POINT('',(0.354169877174,1.4829895177));
#4993 = CARTESIAN_POINT('',(0.299260511648,1.484666490448));
#4994 = CARTESIAN_POINT('',(0.242025804894,1.486037095174));
#4995 = CARTESIAN_POINT('',(0.182847203725,1.487081368798));
#4996 = CARTESIAN_POINT('',(0.122351173129,1.487781131003));
#4997 = CARTESIAN_POINT('',(6.117432631147E-02,1.488131781786));
#4998 = CARTESIAN_POINT('',(2.013798816591E-08,1.488131781888));
#4999 = ( GEOMETRIC_REPRESENTATION_CONTEXT(2) 
PARAMETRIC_REPRESENTATION_CONTEXT() REPRESENTATION_CONTEXT('2D SPACE',''
  ) );
#5000 = ORIENTED_EDGE('',*,*,#5001,.F.);
#5001 = EDGE_CURVE('',#5002,#4907,#5004,.T.);
#5002 = VERTEX_POINT('',#5003);
#5003 = CARTESIAN_POINT('',(10.371457551098,0.,20.177077043989));
#5004 = SURFACE_CURVE('',#5005,(#5009,#5015),.PCURVE_S1.);
#5005 = ( BOUNDED_CURVE() B_SPLINE_CURVE(2,(#5006,#5007,#5008),
.UNSPECIFIED.,.F.,.F.) B_SPLINE_CURVE_WITH_KNOTS((3,3),(0.,
9.190216900311),.PIECEWISE_BEZIER_KNOTS.) CURVE() 
GEOMETRIC_REPRESENTATION_ITEM() RATIONAL_B_SPLINE_CURVE((1.,
0.753198018858,1.)) REPRESENTATION_ITEM('') );
#5006 = CARTESIAN_POINT('',(10.371457551098,0.,20.177077043989));
#5007 = CARTESIAN_POINT('',(10.270902594735,1.12080016379E-08,
    22.09577991098));
#5008 = CARTESIAN_POINT('',(8.356127520741,0.,22.254425450037));
#5009 = PCURVE('',#4834,#5010);
#5010 = DEFINITIONAL_REPRESENTATION('',(#5011),#5014);
#5011 = B_SPLINE_CURVE_WITH_KNOTS('',1,(#5012,#5013),.UNSPECIFIED.,.F.,
  .F.,(2,2),(0.,9.190216900311),.PIECEWISE_BEZIER_KNOTS.);
#5012 = CARTESIAN_POINT('',(0.,81.314596802299));
#5013 = CARTESIAN_POINT('',(9.190216900311,81.314596802299));
#5014 = ( GEOMETRIC_REPRESENTATION_CONTEXT(2) 
PARAMETRIC_REPRESENTATION_CONTEXT() REPRESENTATION_CONTEXT('2D SPACE',''
  ) );
#5015 = PCURVE('',#5016,#5077);
#5016 = ( BOUNDED_SURFACE() B_SPLINE_SURFACE(2,10,(
    (#5017,#5018,#5019,#5020,#5021,#5022,#5023,#5024,#5025,#5026,#5027
      ,#5028,#5029,#5030,#5031,#5032,#5033,#5034,#5035,#5036)
    ,(#5037,#5038,#5039,#5040,#5041,#5042,#5043,#5044,#5045,#5046,#5047
      ,#5048,#5049,#5050,#5051,#5052,#5053,#5054,#5055,#5056)
    ,(#5057,#5058,#5059,#5060,#5061,#5062,#5063,#5064,#5065,#5066,#5067
      ,#5068,#5069,#5070,#5071,#5072,#5073,#5074,#5075,#5076
)),.UNSPECIFIED.,.F.,.F.,.F.) B_SPLINE_SURFACE_WITH_KNOTS((3,3),(11,9,11
    ),(0.,11.749828557418),(81.314596802299,92.858256964805,
93.064425359717),.UNSPECIFIED.) GEOMETRIC_REPRESENTATION_ITEM() 
RATIONAL_B_SPLINE_SURFACE((
    (1.,1.,1.,1.,1.,1.,1.,1.,1.,1.,1.,1.,1.,0.999999999999
      ,1.000000000001,0.999999999999,1.,1.,1.,1.)
    ,(0.753198018858,0.753198018858,0.753198753058,0.753193782274
      ,0.753210465835,0.753173951788,0.753232388229,0.753158436926
      ,0.753237083764,0.753169829099,0.753214423433,0.753216312019
      ,0.753219482281,0.753224116665,0.753230404508,0.753238542023
      ,0.753248732316,0.753261185374,0.753276118068,0.753293754155)
    ,(1.,1.,1.,1.,1.,1.,1.,1.,1.,1.,1.,1.,1.,0.999999999999
,1.000000000001,0.999999999999,1.,1.,1.,1.
))) REPRESENTATION_ITEM('') SURFACE() );
#5017 = CARTESIAN_POINT('',(10.371457551098,0.,20.177077043989));
#5018 = CARTESIAN_POINT('',(10.371457551795,-1.13062853154,
    20.177077030689));
#5019 = CARTESIAN_POINT('',(10.372215509207,-2.261320274395,
    20.162614341704));
#5020 = CARTESIAN_POINT('',(10.373729794204,-3.391394686542,
    20.133720062705));
#5021 = CARTESIAN_POINT('',(10.376006897826,-4.522566873127,
    20.09027033723));
#5022 = CARTESIAN_POINT('',(10.379029440468,-5.649331004002,
    20.032596787944));
#5023 = CARTESIAN_POINT('',(10.382825975744,-6.781534103274,
    19.960154579397));
#5024 = CARTESIAN_POINT('',(10.387359036873,-7.903491379932,
    19.873658620381));
#5025 = CARTESIAN_POINT('',(10.39264673579,-9.03207185179,19.77276331459
    ));
#5026 = CARTESIAN_POINT('',(10.398696554338,-10.15428233507,
    19.657325899934));
#5027 = CARTESIAN_POINT('',(10.405679227217,-11.30862985592,
    19.524088564275));
#5028 = CARTESIAN_POINT('',(10.405803307938,-11.3291650484,
    19.521720963082));
#5029 = CARTESIAN_POINT('',(10.40592867835,-11.34994470602,
    19.519328753111));
#5030 = CARTESIAN_POINT('',(10.406055087568,-11.37093654774,
    19.516916721558));
#5031 = CARTESIAN_POINT('',(10.40618230336,-11.39211197722,
    19.514489299625));
#5032 = CARTESIAN_POINT('',(10.406310112156,-11.41344608285,
    19.512050562527));
#5033 = CARTESIAN_POINT('',(10.406438319038,-11.43491763775,
    19.509604229484));
#5034 = CARTESIAN_POINT('',(10.406566747747,-11.45650909974,
    19.507153663728));
#5035 = CARTESIAN_POINT('',(10.406695240681,-11.47820661139,
    19.504701872498));
#5036 = CARTESIAN_POINT('',(10.406823658893,-11.5,19.502251507043));
#5037 = CARTESIAN_POINT('',(10.270902594735,1.12080016379E-08,
    22.09577991098));
#5038 = CARTESIAN_POINT('',(10.270902594728,-1.152770305606,
    22.095779911109));
#5039 = CARTESIAN_POINT('',(10.271675722311,-2.30561904802,
    22.081027758019));
#5040 = CARTESIAN_POINT('',(10.273217459852,-3.457740984691,
    22.051609653267));
#5041 = CARTESIAN_POINT('',(10.275546459273,-4.611327002008,
    22.007169696973));
#5042 = CARTESIAN_POINT('',(10.278612486468,-5.759684042429,
    21.948666412978));
#5043 = CARTESIAN_POINT('',(10.282508063843,-6.914951771967,
    21.874334368618));
#5044 = CARTESIAN_POINT('',(10.287102183709,-8.059245805312,
    21.786673339484));
#5045 = CARTESIAN_POINT('',(10.292534787351,-9.212084800644,
    21.683013086824));
#5046 = CARTESIAN_POINT('',(10.298687069229,-10.35608585414,
    21.565620555369));
#5047 = CARTESIAN_POINT('',(10.305754380939,-11.52251803465,
    21.430768214621));
#5048 = CARTESIAN_POINT('',(10.305878623274,-11.54298164537,
    21.428397529646));
#5049 = CARTESIAN_POINT('',(10.306003117928,-11.56344465226,
    21.426022030128));
#5050 = CARTESIAN_POINT('',(10.306127875973,-11.58390870285,
    21.423641504819));
#5051 = CARTESIAN_POINT('',(10.30625291017,-11.6043756913,
    21.421255710208));
#5052 = CARTESIAN_POINT('',(10.306378234967,-11.62484775732,
    21.41886437064));
#5053 = CARTESIAN_POINT('',(10.306503866485,-11.64532728524,
    21.416467178457));
#5054 = CARTESIAN_POINT('',(10.306629822521,-11.66581690292,
    21.414063794124));
#5055 = CARTESIAN_POINT('',(10.306756122531,-11.68631948076,
    21.411653846372));
#5056 = CARTESIAN_POINT('',(10.306882787628,-11.70683813057,
    21.40923693234));
#5057 = CARTESIAN_POINT('',(8.356127520741,0.,22.254425450037));
#5058 = CARTESIAN_POINT('',(8.35612752064,-1.1557509097,22.254425451974)
  );
#5059 = CARTESIAN_POINT('',(8.356933186673,-2.311574314616,
    22.23963259488));
#5060 = CARTESIAN_POINT('',(8.358271644296,-3.466712838725,
    22.210155811323));
#5061 = CARTESIAN_POINT('',(8.361304601339,-4.623170446332,
    22.165542359222));
#5062 = CARTESIAN_POINT('',(8.36284428472,-5.774716993933,22.1070169974)
  );
#5063 = CARTESIAN_POINT('',(8.369219960413,-6.934247473243,
    22.032282962928));
#5064 = CARTESIAN_POINT('',(8.370693306753,-8.088193307929,
    21.944347251607));
#5065 = CARTESIAN_POINT('',(8.379582765497,-9.254812960877,
    21.838853605891));
#5066 = CARTESIAN_POINT('',(8.382905533189,-10.40175183246,
    21.720279190335));
#5067 = CARTESIAN_POINT('',(8.391488170324,-11.50382408882,
    21.59323997432));
#5068 = CARTESIAN_POINT('',(8.391675894634,-11.52132563451,
    21.591214207877));
#5069 = CARTESIAN_POINT('',(8.391909842541,-11.53723695172,
    21.589363863537));
#5070 = CARTESIAN_POINT('',(8.392199244627,-11.55178196577,
    21.587663354166));
#5071 = CARTESIAN_POINT('',(8.39255346751,-11.56516278794,
    21.586089410848));
#5072 = CARTESIAN_POINT('',(8.392982013843,-11.57755971555,
    21.584621082894));
#5073 = CARTESIAN_POINT('',(8.393494522312,-11.58913123187,
    21.583239737834));
#5074 = CARTESIAN_POINT('',(8.394100767639,-11.60001400619,
    21.581929061425));
#5075 = CARTESIAN_POINT('',(8.394810660578,-11.61032289378,
    21.580675057645));
#5076 = CARTESIAN_POINT('',(8.39563424792,-11.62015093592,
    21.579466048694));
#5077 = DEFINITIONAL_REPRESENTATION('',(#5078),#5081);
#5078 = B_SPLINE_CURVE_WITH_KNOTS('',1,(#5079,#5080),.UNSPECIFIED.,.F.,
  .F.,(2,2),(0.,9.190216900311),.PIECEWISE_BEZIER_KNOTS.);
#5079 = CARTESIAN_POINT('',(0.,81.314596802299));
#5080 = CARTESIAN_POINT('',(11.749828557418,81.314596802299));
#5081 = ( GEOMETRIC_REPRESENTATION_CONTEXT(2) 
PARAMETRIC_REPRESENTATION_CONTEXT() REPRESENTATION_CONTEXT('2D SPACE',''
  ) );
#5082 = ORIENTED_EDGE('',*,*,#5083,.F.);
#5083 = EDGE_CURVE('',#4099,#5002,#5084,.T.);
#5084 = SURFACE_CURVE('',#5085,(#5106,#5113),.PCURVE_S1.);
#5085 = ( BOUNDED_CURVE() B_SPLINE_CURVE(10,(#5086,#5087,#5088,#5089,
    #5090,#5091,#5092,#5093,#5094,#5095,#5096,#5097,#5098,#5099,#5100,
    #5101,#5102,#5103,#5104,#5105),.UNSPECIFIED.,.F.,.F.) 
B_SPLINE_CURVE_WITH_KNOTS((11,9,11),(72.124379901988,72.288234225408,
81.314596802299),.UNSPECIFIED.) CURVE() GEOMETRIC_REPRESENTATION_ITEM() 
RATIONAL_B_SPLINE_CURVE((1.,1.,1.,1.,1.,1.,1.,1.,1.,1.,1.,1.,1.,
0.999999999999,1.000000000001,1.,1.,1.,1.,1.)) REPRESENTATION_ITEM('') 
  );
#5086 = CARTESIAN_POINT('',(10.393096826605,9.,19.76417507023));
#5087 = CARTESIAN_POINT('',(10.393018975054,8.983725529835,
    19.765660566304));
#5088 = CARTESIAN_POINT('',(10.392941282731,8.967456525284,
    19.767143024143));
#5089 = CARTESIAN_POINT('',(10.392863750356,8.951193030031,
    19.76862242999));
#5090 = CARTESIAN_POINT('',(10.39278637865,8.934935087757,
    19.770098770091));
#5091 = CARTESIAN_POINT('',(10.392709168333,8.918682742153,
    19.77157203069));
#5092 = CARTESIAN_POINT('',(10.392632120128,8.902436036895,
    19.773042198032));
#5093 = CARTESIAN_POINT('',(10.392555234754,8.886195015675,
    19.774509258362));
#5094 = CARTESIAN_POINT('',(10.392478512932,8.86995972217,
    19.775973197923));
#5095 = CARTESIAN_POINT('',(10.392401955384,8.85373020007,
    19.777434002962));
#5096 = CARTESIAN_POINT('',(10.388117270524,7.943779316424,
    19.859190660447));
#5097 = CARTESIAN_POINT('',(10.384403257972,7.06542396907,
    19.930058241605));
#5098 = CARTESIAN_POINT('',(10.381187901742,6.180851665655,
    19.991410893328));
#5099 = CARTESIAN_POINT('',(10.378403814949,5.304737882469,
    20.044534433987));
#5100 = CARTESIAN_POINT('',(10.376090761872,4.417434910289,
    20.088670115912));
#5101 = CARTESIAN_POINT('',(10.374237435,3.536919087681,20.12403369928)
  );
#5102 = CARTESIAN_POINT('',(10.372847335957,2.65174563652,
    20.150558369128));
#5103 = CARTESIAN_POINT('',(10.371920891663,1.76820435152,
    20.168235979336));
#5104 = CARTESIAN_POINT('',(10.371457550553,0.884073088717,
    20.177077054388));
#5105 = CARTESIAN_POINT('',(10.371457551098,0.,20.177077043989));
#5106 = PCURVE('',#4834,#5107);
#5107 = DEFINITIONAL_REPRESENTATION('',(#5108),#5112);
#5108 = LINE('',#5109,#5110);
#5109 = CARTESIAN_POINT('',(0.,0.));
#5110 = VECTOR('',#5111,1.);
#5111 = DIRECTION('',(0.,1.));
#5112 = ( GEOMETRIC_REPRESENTATION_CONTEXT(2) 
PARAMETRIC_REPRESENTATION_CONTEXT() REPRESENTATION_CONTEXT('2D SPACE',''
  ) );
#5113 = PCURVE('',#4112,#5114);
#5114 = DEFINITIONAL_REPRESENTATION('',(#5115),#5136);
#5115 = ( BOUNDED_CURVE() B_SPLINE_CURVE(10,(#5116,#5117,#5118,#5119,
    #5120,#5121,#5122,#5123,#5124,#5125,#5126,#5127,#5128,#5129,#5130,
    #5131,#5132,#5133,#5134,#5135),.UNSPECIFIED.,.F.,.F.) 
B_SPLINE_CURVE_WITH_KNOTS((11,9,11),(72.124379901988,72.288234225408,
81.314596802299),.UNSPECIFIED.) CURVE() GEOMETRIC_REPRESENTATION_ITEM() 
RATIONAL_B_SPLINE_CURVE((1.,1.,1.,1.,1.,1.,1.,1.,1.,1.,1.,1.,1.,
0.999999999999,1.000000000001,1.,1.,1.,1.,1.)) REPRESENTATION_ITEM('') 
  );
#5116 = CARTESIAN_POINT('',(20.5,-5.843833700757));
#5117 = CARTESIAN_POINT('',(20.483725529835,-5.842346166068));
#5118 = CARTESIAN_POINT('',(20.467456525284,-5.840861673784));
#5119 = CARTESIAN_POINT('',(20.451193030031,-5.839380237681));
#5120 = CARTESIAN_POINT('',(20.434935087757,-5.83790187153));
#5121 = CARTESIAN_POINT('',(20.418682742153,-5.836426589108));
#5122 = CARTESIAN_POINT('',(20.402436036895,-5.834954404188));
#5123 = CARTESIAN_POINT('',(20.386195015675,-5.833485330543));
#5124 = CARTESIAN_POINT('',(20.36995972217,-5.832019381951));
#5125 = CARTESIAN_POINT('',(20.35373020007,-5.830556572182));
#5126 = CARTESIAN_POINT('',(19.443779316424,-5.748687716275));
#5127 = CARTESIAN_POINT('',(18.56542396907,-5.677722880276));
#5128 = CARTESIAN_POINT('',(17.680851665655,-5.616286031486));
#5129 = CARTESIAN_POINT('',(16.804737882469,-5.563089586949));
#5130 = CARTESIAN_POINT('',(15.917434910289,-5.518893335598));
#5131 = CARTESIAN_POINT('',(15.036919087681,-5.483481221158));
#5132 = CARTESIAN_POINT('',(14.15174563652,-5.456920150285));
#5133 = CARTESIAN_POINT('',(13.26820435152,-5.439218280279));
#5134 = CARTESIAN_POINT('',(12.384073088717,-5.430365072213));
#5135 = CARTESIAN_POINT('',(11.5,-5.430365082627));
#5136 = ( GEOMETRIC_REPRESENTATION_CONTEXT(2) 
PARAMETRIC_REPRESENTATION_CONTEXT() REPRESENTATION_CONTEXT('2D SPACE',''
  ) );
#5137 = ADVANCED_FACE('',(#5138),#5016,.T.);
#5138 = FACE_BOUND('',#5139,.T.);
#5139 = EDGE_LOOP('',(#5140,#5141,#5260,#5348));
#5140 = ORIENTED_EDGE('',*,*,#5001,.T.);
#5141 = ORIENTED_EDGE('',*,*,#5142,.T.);
#5142 = EDGE_CURVE('',#4907,#5143,#5145,.T.);
#5143 = VERTEX_POINT('',#5144);
#5144 = CARTESIAN_POINT('',(8.39563424792,-11.62015093592,
    21.579466048694));
#5145 = SURFACE_CURVE('',#5146,(#5167,#5174),.PCURVE_S1.);
#5146 = ( BOUNDED_CURVE() B_SPLINE_CURVE(10,(#5147,#5148,#5149,#5150,
    #5151,#5152,#5153,#5154,#5155,#5156,#5157,#5158,#5159,#5160,#5161,
    #5162,#5163,#5164,#5165,#5166),.UNSPECIFIED.,.F.,.F.) 
B_SPLINE_CURVE_WITH_KNOTS((11,9,11),(81.314596802299,92.858256964805,
93.064425359717),.UNSPECIFIED.) CURVE() GEOMETRIC_REPRESENTATION_ITEM() 
RATIONAL_B_SPLINE_CURVE((1.,1.,1.,1.,1.,1.,1.,1.,1.,1.,1.,1.,1.,
    0.999999999999,1.000000000001,0.999999999999,1.,1.,1.,1.)) 
REPRESENTATION_ITEM('') );
#5147 = CARTESIAN_POINT('',(8.356127520741,0.,22.254425450037));
#5148 = CARTESIAN_POINT('',(8.35612752064,-1.1557509097,22.254425451974)
  );
#5149 = CARTESIAN_POINT('',(8.356933186673,-2.311574314616,
    22.23963259488));
#5150 = CARTESIAN_POINT('',(8.358271644296,-3.466712838725,
    22.210155811323));
#5151 = CARTESIAN_POINT('',(8.361304601339,-4.623170446332,
    22.165542359222));
#5152 = CARTESIAN_POINT('',(8.36284428472,-5.774716993933,22.1070169974)
  );
#5153 = CARTESIAN_POINT('',(8.369219960413,-6.934247473243,
    22.032282962928));
#5154 = CARTESIAN_POINT('',(8.370693306753,-8.088193307929,
    21.944347251607));
#5155 = CARTESIAN_POINT('',(8.379582765497,-9.254812960877,
    21.838853605891));
#5156 = CARTESIAN_POINT('',(8.382905533189,-10.40175183246,
    21.720279190335));
#5157 = CARTESIAN_POINT('',(8.391488170324,-11.50382408882,
    21.59323997432));
#5158 = CARTESIAN_POINT('',(8.391675894634,-11.52132563451,
    21.591214207877));
#5159 = CARTESIAN_POINT('',(8.391909842541,-11.53723695172,
    21.589363863537));
#5160 = CARTESIAN_POINT('',(8.392199244627,-11.55178196577,
    21.587663354166));
#5161 = CARTESIAN_POINT('',(8.39255346751,-11.56516278794,
    21.586089410848));
#5162 = CARTESIAN_POINT('',(8.392982013843,-11.57755971555,
    21.584621082894));
#5163 = CARTESIAN_POINT('',(8.393494522312,-11.58913123187,
    21.583239737834));
#5164 = CARTESIAN_POINT('',(8.394100767639,-11.60001400619,
    21.581929061425));
#5165 = CARTESIAN_POINT('',(8.394810660578,-11.61032289378,
    21.580675057645));
#5166 = CARTESIAN_POINT('',(8.39563424792,-11.62015093592,
    21.579466048694));
#5167 = PCURVE('',#5016,#5168);
#5168 = DEFINITIONAL_REPRESENTATION('',(#5169),#5173);
#5169 = LINE('',#5170,#5171);
#5170 = CARTESIAN_POINT('',(11.749828557418,0.));
#5171 = VECTOR('',#5172,1.);
#5172 = DIRECTION('',(0.,1.));
#5173 = ( GEOMETRIC_REPRESENTATION_CONTEXT(2) 
PARAMETRIC_REPRESENTATION_CONTEXT() REPRESENTATION_CONTEXT('2D SPACE',''
  ) );
#5174 = PCURVE('',#4700,#5175);
#5175 = DEFINITIONAL_REPRESENTATION('',(#5176),#5259);
#5176 = B_SPLINE_CURVE_WITH_KNOTS('',9,(#5177,#5178,#5179,#5180,#5181,
    #5182,#5183,#5184,#5185,#5186,#5187,#5188,#5189,#5190,#5191,#5192,
    #5193,#5194,#5195,#5196,#5197,#5198,#5199,#5200,#5201,#5202,#5203,
    #5204,#5205,#5206,#5207,#5208,#5209,#5210,#5211,#5212,#5213,#5214,
    #5215,#5216,#5217,#5218,#5219,#5220,#5221,#5222,#5223,#5224,#5225,
    #5226,#5227,#5228,#5229,#5230,#5231,#5232,#5233,#5234,#5235,#5236,
    #5237,#5238,#5239,#5240,#5241,#5242,#5243,#5244,#5245,#5246,#5247,
    #5248,#5249,#5250,#5251,#5252,#5253,#5254,#5255,#5256,#5257,#5258),
  .UNSPECIFIED.,.F.,.F.,(10,8,8,8,8,8,8,8,8,8,10),(81.314596802299,
    87.189510996969,90.126968178344,91.59569676903,92.330061064374,
    92.697243212046,92.789038748964,92.834936517422,92.857885401653,
    92.880834285882,93.064425359717),.UNSPECIFIED.);
#5177 = CARTESIAN_POINT('',(6.28318530718,1.488131781888));
#5178 = CARTESIAN_POINT('',(6.20497307798,1.488131781888));
#5179 = CARTESIAN_POINT('',(6.126757967421,1.487558777771));
#5180 = CARTESIAN_POINT('',(6.049951394084,1.486414449376));
#5181 = CARTESIAN_POINT('',(5.97591934252,1.484715786267));
#5182 = CARTESIAN_POINT('',(5.905831417067,1.48250705125));
#5183 = CARTESIAN_POINT('',(5.840171420315,1.479840026743));
#5184 = CARTESIAN_POINT('',(5.779124588796,1.476765370014));
#5185 = CARTESIAN_POINT('',(5.722607623764,1.473330858513));
#5186 = CARTESIAN_POINT('',(5.644337055581,1.467705503403));
#5187 = CARTESIAN_POINT('',(5.619330958831,1.465751454606));
#5188 = CARTESIAN_POINT('',(5.595384461792,1.463724008061));
#5189 = CARTESIAN_POINT('',(5.572465544308,1.461628481305));
#5190 = CARTESIAN_POINT('',(5.550538040819,1.459470007147));
#5191 = CARTESIAN_POINT('',(5.529564381671,1.457253633416));
#5192 = CARTESIAN_POINT('',(5.509507694413,1.454984492079));
#5193 = CARTESIAN_POINT('',(5.490333265093,1.452668037734));
#5194 = CARTESIAN_POINT('',(5.462847406752,1.449131514346));
#5195 = CARTESIAN_POINT('',(5.453898090742,1.447942366457));
#5196 = CARTESIAN_POINT('',(5.445157454091,1.44674366835));
#5197 = CARTESIAN_POINT('',(5.436621741382,1.445536217309));
#5198 = CARTESIAN_POINT('',(5.428287432995,1.444320856617));
#5199 = CARTESIAN_POINT('',(5.42015127891,1.443098480807));
#5200 = CARTESIAN_POINT('',(5.412210332504,1.44187004092));
#5201 = CARTESIAN_POINT('',(5.404461984361,1.440636549758));
#5202 = CARTESIAN_POINT('',(5.393125001921,1.438780355831));
#5203 = CARTESIAN_POINT('',(5.389393598876,1.438160631055));
#5204 = CARTESIAN_POINT('',(5.385709504613,1.437540047802));
#5205 = CARTESIAN_POINT('',(5.382072461871,1.4369187446));
#5206 = CARTESIAN_POINT('',(5.378482238422,1.43629686351));
#5207 = CARTESIAN_POINT('',(5.374938627103,1.435674550133));
#5208 = CARTESIAN_POINT('',(5.371441445786,1.435051953602));
#5209 = CARTESIAN_POINT('',(5.367990537403,1.43442922659));
#5210 = CARTESIAN_POINT('',(5.362883386186,1.433495174661));
#5211 = CARTESIAN_POINT('',(5.361192532122,1.433183829826));
#5212 = CARTESIAN_POINT('',(5.359513196463,1.432872510708));
#5213 = CARTESIAN_POINT('',(5.357845367947,1.432561237216));
#5214 = CARTESIAN_POINT('',(5.3561890353,1.432250029256));
#5215 = CARTESIAN_POINT('',(5.354544187265,1.431938906738));
#5216 = CARTESIAN_POINT('',(5.352910812566,1.431627889569));
#5217 = CARTESIAN_POINT('',(5.351288899942,1.431316997658));
#5218 = CARTESIAN_POINT('',(5.34927582267,1.430928564226));
#5219 = CARTESIAN_POINT('',(5.348873923239,1.430850886642));
#5220 = CARTESIAN_POINT('',(5.348472739748,1.430773218477));
#5221 = CARTESIAN_POINT('',(5.348072272117,1.430695560049));
#5222 = CARTESIAN_POINT('',(5.347672520255,1.430617911673));
#5223 = CARTESIAN_POINT('',(5.347273484086,1.430540273667));
#5224 = CARTESIAN_POINT('',(5.346875163521,1.430462646349));
#5225 = CARTESIAN_POINT('',(5.346477558479,1.430385030035));
#5226 = CARTESIAN_POINT('',(5.345882224075,1.430268622545));
#5227 = CARTESIAN_POINT('',(5.345683958139,1.430229822879));
#5228 = CARTESIAN_POINT('',(5.345485871058,1.430191026083));
#5229 = CARTESIAN_POINT('',(5.345287962826,1.430152232197));
#5230 = CARTESIAN_POINT('',(5.345090233427,1.430113441259));
#5231 = CARTESIAN_POINT('',(5.344892682856,1.430074653309));
#5232 = CARTESIAN_POINT('',(5.344695311101,1.430035868385));
#5233 = CARTESIAN_POINT('',(5.344498118154,1.429997086527));
#5234 = CARTESIAN_POINT('',(5.344202596929,1.429938918399));
#5235 = CARTESIAN_POINT('',(5.344104134554,1.429919529799));
#5236 = CARTESIAN_POINT('',(5.344005716875,1.42990014198));
#5237 = CARTESIAN_POINT('',(5.343907343897,1.429880754948));
#5238 = CARTESIAN_POINT('',(5.343809015611,1.429861368706));
#5239 = CARTESIAN_POINT('',(5.343710732024,1.429841983261));
#5240 = CARTESIAN_POINT('',(5.343612493129,1.429822598616));
#5241 = CARTESIAN_POINT('',(5.343514298928,1.429803214777));
#5242 = CARTESIAN_POINT('',(5.343317999909,1.429764448719));
#5243 = CARTESIAN_POINT('',(5.343220593683,1.429745197021));
#5244 = CARTESIAN_POINT('',(5.34312497781,1.429726272045));
#5245 = CARTESIAN_POINT('',(5.34303045772,1.429707543817));
#5246 = CARTESIAN_POINT('',(5.342936836779,1.429688975378));
#5247 = CARTESIAN_POINT('',(5.342844479377,1.429670634576));
#5248 = CARTESIAN_POINT('',(5.342753505445,1.429652543583));
#5249 = CARTESIAN_POINT('',(5.342663424518,1.42963461054));
#5250 = CARTESIAN_POINT('',(5.341863259474,1.429475104499));
#5251 = CARTESIAN_POINT('',(5.341222918988,1.42934598639));
#5252 = CARTESIAN_POINT('',(5.34064401539,1.429227640304));
#5253 = CARTESIAN_POINT('',(5.340118107445,1.42911835221));
#5254 = CARTESIAN_POINT('',(5.339637793133,1.429016587067));
#5255 = CARTESIAN_POINT('',(5.339196709638,1.42892098882));
#5256 = CARTESIAN_POINT('',(5.338789533361,1.428830380402));
#5257 = CARTESIAN_POINT('',(5.338411979909,1.428743763735));
#5258 = CARTESIAN_POINT('',(5.338060804103,1.428660319728));
#5259 = ( GEOMETRIC_REPRESENTATION_CONTEXT(2) 
PARAMETRIC_REPRESENTATION_CONTEXT() REPRESENTATION_CONTEXT('2D SPACE',''
  ) );
#5260 = ORIENTED_EDGE('',*,*,#5261,.F.);
#5261 = EDGE_CURVE('',#5262,#5143,#5264,.T.);
#5262 = VERTEX_POINT('',#5263);
#5263 = CARTESIAN_POINT('',(10.406823658893,-11.5,19.502251507043));
#5264 = SURFACE_CURVE('',#5265,(#5269,#5275),.PCURVE_S1.);
#5265 = ( BOUNDED_CURVE() B_SPLINE_CURVE(2,(#5266,#5267,#5268),
.UNSPECIFIED.,.F.,.F.) B_SPLINE_CURVE_WITH_KNOTS((3,3),(0.,
11.749828557418),.PIECEWISE_BEZIER_KNOTS.) CURVE() 
GEOMETRIC_REPRESENTATION_ITEM() RATIONAL_B_SPLINE_CURVE((1.,
0.753293754155,1.)) REPRESENTATION_ITEM('') );
#5266 = CARTESIAN_POINT('',(10.406823658893,-11.5,19.502251507043));
#5267 = CARTESIAN_POINT('',(10.306882787628,-11.70683813057,
    21.40923693234));
#5268 = CARTESIAN_POINT('',(8.39563424792,-11.62015093592,
    21.579466048694));
#5269 = PCURVE('',#5016,#5270);
#5270 = DEFINITIONAL_REPRESENTATION('',(#5271),#5274);
#5271 = B_SPLINE_CURVE_WITH_KNOTS('',1,(#5272,#5273),.UNSPECIFIED.,.F.,
  .F.,(2,2),(0.,11.749828557418),.PIECEWISE_BEZIER_KNOTS.);
#5272 = CARTESIAN_POINT('',(0.,93.064425359717));
#5273 = CARTESIAN_POINT('',(11.749828557418,93.064425359717));
#5274 = ( GEOMETRIC_REPRESENTATION_CONTEXT(2) 
PARAMETRIC_REPRESENTATION_CONTEXT() REPRESENTATION_CONTEXT('2D SPACE',''
  ) );
#5275 = PCURVE('',#5276,#5343);
#5276 = ( BOUNDED_SURFACE() B_SPLINE_SURFACE(2,11,(
    (#5277,#5278,#5279,#5280,#5281,#5282,#5283,#5284,#5285,#5286,#5287
      ,#5288,#5289,#5290,#5291,#5292,#5293,#5294,#5295,#5296,#5297,#5298
      )
    ,(#5299,#5300,#5301,#5302,#5303,#5304,#5305,#5306,#5307,#5308,#5309
      ,#5310,#5311,#5312,#5313,#5314,#5315,#5316,#5317,#5318,#5319,#5320
      )
    ,(#5321,#5322,#5323,#5324,#5325,#5326,#5327,#5328,#5329,#5330,#5331
      ,#5332,#5333,#5334,#5335,#5336,#5337,#5338,#5339,#5340,#5341,#5342
)),.UNSPECIFIED.,.F.,.F.,.F.) B_SPLINE_SURFACE_WITH_KNOTS((3,3),(12,10,
    12),(0.,4.725072920679),(93.064425359717,95.182424399427,
97.789498280397),.UNSPECIFIED.) GEOMETRIC_REPRESENTATION_ITEM() 
RATIONAL_B_SPLINE_SURFACE((
    (1.,1.,1.,1.,1.,1.,1.,1.,1.,1.,1.,1.,1.,1.,1.,1.,1.,1.,1.,1.,1.,1.)
    ,(0.753293754155,0.75565598913,0.758056350173,0.760216927293
      ,0.762239466714,0.764205064223,0.765937246529,0.767553227054
      ,0.768982600235,0.7702371056,0.771307042237,0.773271223209
      ,0.774067881186,0.774568253716,0.774766161955,0.774657918127
      ,0.774244171929,0.773529223199,0.772519427045,0.771223831946
      ,0.769656683114,0.767832892651)
    ,(1.,1.,1.,1.,1.,1.,1.,1.,1.,1.,1.,1.,1.,1.,1.,1.,1.,1.,1.,1.,1.,1.
))) REPRESENTATION_ITEM('') SURFACE() );
#5277 = CARTESIAN_POINT('',(10.406823658893,-11.5,19.502251507043));
#5278 = CARTESIAN_POINT('',(10.407258028931,-11.70511658652,
    19.493963232973));
#5279 = CARTESIAN_POINT('',(10.393688281902,-11.91745163011,
    19.486151830313));
#5280 = CARTESIAN_POINT('',(10.364338947077,-12.12467858113,
    19.478535246651));
#5281 = CARTESIAN_POINT('',(10.322167535604,-12.32843460385,
    19.471354517948));
#5282 = CARTESIAN_POINT('',(10.2644414039,-12.53502213846,
    19.464628338205));
#5283 = CARTESIAN_POINT('',(10.192362217942,-12.73260910818,
    19.458448815091));
#5284 = CARTESIAN_POINT('',(10.106735748522,-12.92805765744,
    19.452732642433));
#5285 = CARTESIAN_POINT('',(10.006975370142,-13.11602374071,
    19.447669301939));
#5286 = CARTESIAN_POINT('',(9.89431281652,-13.29692278042,
    19.443188460297));
#5287 = CARTESIAN_POINT('',(9.769100259579,-13.46928188845,
    19.439366054471));
#5288 = CARTESIAN_POINT('',(9.463625188994,-13.83263980785,
    19.432331914474));
#5289 = CARTESIAN_POINT('',(9.277294497826,-14.01875280917,
    19.429467624115));
#5290 = CARTESIAN_POINT('',(9.074707829197,-14.18857906972,
    19.427661192449));
#5291 = CARTESIAN_POINT('',(8.857226528158,-14.34055188501,
    19.426948303618));
#5292 = CARTESIAN_POINT('',(8.627000907086,-14.47301647846,
    19.427338384782));
#5293 = CARTESIAN_POINT('',(8.386186807187,-14.58470127039,
    19.428829204243));
#5294 = CARTESIAN_POINT('',(8.136778853312,-14.67477293252,
    19.431407837139));
#5295 = CARTESIAN_POINT('',(7.8810231297,-14.74256566028,19.435041257488
    ));
#5296 = CARTESIAN_POINT('',(7.621474198575,-14.78756690843,
    19.439677640406));
#5297 = CARTESIAN_POINT('',(7.360358678993,-14.80981031474,
    19.445262718507));
#5298 = CARTESIAN_POINT('',(7.1,-14.8094716812,19.451724231385));
#5299 = CARTESIAN_POINT('',(10.306882787628,-11.70683813057,
    21.40923693234));
#5300 = CARTESIAN_POINT('',(10.295212329737,-11.8972801511,
    21.387880392328));
#5301 = CARTESIAN_POINT('',(10.270612949163,-12.08715949314,
    21.367514922431));
#5302 = CARTESIAN_POINT('',(10.233887433736,-12.27536141934,
    21.34821938914));
#5303 = CARTESIAN_POINT('',(10.184731012397,-12.46242424419,
    21.32994806198));
#5304 = CARTESIAN_POINT('',(10.122949795234,-12.64457340174,
    21.313158715964));
#5305 = CARTESIAN_POINT('',(10.049508287651,-12.82418997347,
    21.297500483793));
#5306 = CARTESIAN_POINT('',(9.964014449517,-12.99757646308,
    21.283438051288));
#5307 = CARTESIAN_POINT('',(9.86737560777,-13.16556117321,
    21.270805364339));
#5308 = CARTESIAN_POINT('',(9.759805464078,-13.326530515,21.259778168829
    ));
#5309 = CARTESIAN_POINT('',(9.641993199677,-13.47989188907,
    21.250375091242));
#5310 = CARTESIAN_POINT('',(9.358098200936,-13.8028320896,21.23315280871
    ));
#5311 = CARTESIAN_POINT('',(9.186915414356,-13.96839164252,
    21.226169440187));
#5312 = CARTESIAN_POINT('',(9.002201576724,-14.12010216798,
    21.221775562099));
#5313 = CARTESIAN_POINT('',(8.805070721095,-14.25667099095,
    21.220041955863));
#5314 = CARTESIAN_POINT('',(8.59727323595,-14.37683414121,
    21.220990164339));
#5315 = CARTESIAN_POINT('',(8.380421547106,-14.47962395026,
    21.224616931023));
#5316 = CARTESIAN_POINT('',(8.155991974315,-14.56434217191,
    21.230897202851));
#5317 = CARTESIAN_POINT('',(7.925819947203,-14.63038489613,
    21.239768967613));
#5318 = CARTESIAN_POINT('',(7.692007908527,-14.67729076093,
    21.251134282639));
#5319 = CARTESIAN_POINT('',(7.456094070748,-14.70502989553,
    21.264885374956));
#5320 = CARTESIAN_POINT('',(7.219998914767,-14.71360955038,
    21.280882652726));
#5321 = CARTESIAN_POINT('',(8.39563424792,-11.62015093592,
    21.579466048694));
#5322 = CARTESIAN_POINT('',(8.403325917991,-11.71193726347,
    21.568174838296));
#5323 = CARTESIAN_POINT('',(8.406074231085,-11.76230722264,
    21.562007397824));
#5324 = CARTESIAN_POINT('',(8.40875218142,-11.8478909188,21.551806333386
    ));
#5325 = CARTESIAN_POINT('',(8.39300162436,-11.94474366827,
    21.541593616668));
#5326 = CARTESIAN_POINT('',(8.381110785396,-12.00171674494,
    21.535761459909));
#5327 = CARTESIAN_POINT('',(8.359040520429,-12.09864551008,
    21.52599714951));
#5328 = CARTESIAN_POINT('',(8.33001250442,-12.16663304216,
    21.520126289115));
#5329 = CARTESIAN_POINT('',(8.296754340496,-12.24540832572,
    21.513292866841));
#5330 = CARTESIAN_POINT('',(8.256384344049,-12.31715377482,
    21.507802056138));
#5331 = CARTESIAN_POINT('',(8.210791601643,-12.38643337184,
    21.502977222929));
#5332 = CARTESIAN_POINT('',(8.097148234286,-12.53218878608,
    21.494110005806));
#5333 = CARTESIAN_POINT('',(8.02647173368,-12.60672756626,
    21.490484720187));
#5334 = CARTESIAN_POINT('',(7.94821819553,-12.67467949595,
    21.488180987882));
#5335 = CARTESIAN_POINT('',(7.86346653001,-12.73460640382,
    21.487288839852));
#5336 = CARTESIAN_POINT('',(7.773465148566,-12.78596473613,
    21.487782498431));
#5337 = CARTESIAN_POINT('',(7.678763744534,-12.82842447276,
    21.489660822611));
#5338 = CARTESIAN_POINT('',(7.580040030319,-12.86141718623,
    21.49294059396));
#5339 = CARTESIAN_POINT('',(7.479036737108,-12.88441388639,
    21.497557722548));
#5340 = CARTESIAN_POINT('',(7.377611450022,-12.89735340153,
    21.503385532562));
#5341 = CARTESIAN_POINT('',(7.275711223856,-12.90052001648,
    21.510393247823));
#5342 = CARTESIAN_POINT('',(7.175115401491,-12.89400491846,
    21.518441638581));
#5343 = DEFINITIONAL_REPRESENTATION('',(#5344),#5347);
#5344 = B_SPLINE_CURVE_WITH_KNOTS('',1,(#5345,#5346),.UNSPECIFIED.,.F.,
  .F.,(2,2),(0.,11.749828557418),.PIECEWISE_BEZIER_KNOTS.);
#5345 = CARTESIAN_POINT('',(0.,93.064425359717));
#5346 = CARTESIAN_POINT('',(4.725072920679,93.064425359717));
#5347 = ( GEOMETRIC_REPRESENTATION_CONTEXT(2) 
PARAMETRIC_REPRESENTATION_CONTEXT() REPRESENTATION_CONTEXT('2D SPACE',''
  ) );
#5348 = ORIENTED_EDGE('',*,*,#5349,.F.);
#5349 = EDGE_CURVE('',#5002,#5262,#5350,.T.);
#5350 = SURFACE_CURVE('',#5351,(#5372,#5379),.PCURVE_S1.);
#5351 = ( BOUNDED_CURVE() B_SPLINE_CURVE(10,(#5352,#5353,#5354,#5355,
    #5356,#5357,#5358,#5359,#5360,#5361,#5362,#5363,#5364,#5365,#5366,
    #5367,#5368,#5369,#5370,#5371),.UNSPECIFIED.,.F.,.F.) 
B_SPLINE_CURVE_WITH_KNOTS((11,9,11),(81.314596802299,92.858256964805,
93.064425359717),.UNSPECIFIED.) CURVE() GEOMETRIC_REPRESENTATION_ITEM() 
RATIONAL_B_SPLINE_CURVE((1.,1.,1.,1.,1.,1.,1.,1.,1.,1.,1.,1.,1.,
    0.999999999999,1.000000000001,0.999999999999,1.,1.,1.,1.)) 
REPRESENTATION_ITEM('') );
#5352 = CARTESIAN_POINT('',(10.371457551098,0.,20.177077043989));
#5353 = CARTESIAN_POINT('',(10.371457551795,-1.13062853154,
    20.177077030689));
#5354 = CARTESIAN_POINT('',(10.372215509207,-2.261320274395,
    20.162614341704));
#5355 = CARTESIAN_POINT('',(10.373729794204,-3.391394686542,
    20.133720062705));
#5356 = CARTESIAN_POINT('',(10.376006897826,-4.522566873127,
    20.09027033723));
#5357 = CARTESIAN_POINT('',(10.379029440468,-5.649331004002,
    20.032596787944));
#5358 = CARTESIAN_POINT('',(10.382825975744,-6.781534103274,
    19.960154579397));
#5359 = CARTESIAN_POINT('',(10.387359036873,-7.903491379932,
    19.873658620381));
#5360 = CARTESIAN_POINT('',(10.39264673579,-9.03207185179,19.77276331459
    ));
#5361 = CARTESIAN_POINT('',(10.398696554338,-10.15428233507,
    19.657325899934));
#5362 = CARTESIAN_POINT('',(10.405679227217,-11.30862985592,
    19.524088564275));
#5363 = CARTESIAN_POINT('',(10.405803307938,-11.3291650484,
    19.521720963082));
#5364 = CARTESIAN_POINT('',(10.40592867835,-11.34994470602,
    19.519328753111));
#5365 = CARTESIAN_POINT('',(10.406055087568,-11.37093654774,
    19.516916721558));
#5366 = CARTESIAN_POINT('',(10.40618230336,-11.39211197722,
    19.514489299625));
#5367 = CARTESIAN_POINT('',(10.406310112156,-11.41344608285,
    19.512050562527));
#5368 = CARTESIAN_POINT('',(10.406438319038,-11.43491763775,
    19.509604229484));
#5369 = CARTESIAN_POINT('',(10.406566747747,-11.45650909974,
    19.507153663728));
#5370 = CARTESIAN_POINT('',(10.406695240681,-11.47820661139,
    19.504701872498));
#5371 = CARTESIAN_POINT('',(10.406823658893,-11.5,19.502251507043));
#5372 = PCURVE('',#5016,#5373);
#5373 = DEFINITIONAL_REPRESENTATION('',(#5374),#5378);
#5374 = LINE('',#5375,#5376);
#5375 = CARTESIAN_POINT('',(0.,0.));
#5376 = VECTOR('',#5377,1.);
#5377 = DIRECTION('',(0.,1.));
#5378 = ( GEOMETRIC_REPRESENTATION_CONTEXT(2) 
PARAMETRIC_REPRESENTATION_CONTEXT() REPRESENTATION_CONTEXT('2D SPACE',''
  ) );
#5379 = PCURVE('',#4112,#5380);
#5380 = DEFINITIONAL_REPRESENTATION('',(#5381),#5402);
#5381 = ( BOUNDED_CURVE() B_SPLINE_CURVE(10,(#5382,#5383,#5384,#5385,
    #5386,#5387,#5388,#5389,#5390,#5391,#5392,#5393,#5394,#5395,#5396,
    #5397,#5398,#5399,#5400,#5401),.UNSPECIFIED.,.F.,.F.) 
B_SPLINE_CURVE_WITH_KNOTS((11,9,11),(81.314596802299,92.858256964805,
93.064425359717),.UNSPECIFIED.) CURVE() GEOMETRIC_REPRESENTATION_ITEM() 
RATIONAL_B_SPLINE_CURVE((1.,1.,1.,1.,1.,1.,1.,1.,1.,1.,1.,1.,1.,
    0.999999999999,1.000000000001,0.999999999999,1.,1.,1.,1.)) 
REPRESENTATION_ITEM('') );
#5382 = CARTESIAN_POINT('',(11.5,-5.430365082627));
#5383 = CARTESIAN_POINT('',(10.36937146846,-5.430365095945));
#5384 = CARTESIAN_POINT('',(9.238679725605,-5.444847632743));
#5385 = CARTESIAN_POINT('',(8.108605313458,-5.47378156469));
#5386 = CARTESIAN_POINT('',(6.977433126873,-5.517290918222));
#5387 = CARTESIAN_POINT('',(5.850668995998,-5.575043615573));
#5388 = CARTESIAN_POINT('',(4.718465896726,-5.647585239895));
#5389 = CARTESIAN_POINT('',(3.596508620068,-5.734199901294));
#5390 = CARTESIAN_POINT('',(2.46792814821,-5.835233670354));
#5391 = CARTESIAN_POINT('',(1.345717664923,-5.950829505084));
#5392 = CARTESIAN_POINT('',(0.191370144071,-6.084249688467));
#5393 = CARTESIAN_POINT('',(0.170834951598,-6.086620538829));
#5394 = CARTESIAN_POINT('',(0.150055293973,-6.089016031739));
#5395 = CARTESIAN_POINT('',(0.129063452252,-6.091431373434));
#5396 = CARTESIAN_POINT('',(0.107888022773,-6.09386212663));
#5397 = CARTESIAN_POINT('',(8.6553917142E-02,-6.096304210519));
#5398 = CARTESIAN_POINT('',(6.508236225E-02,-6.098753900777));
#5399 = CARTESIAN_POINT('',(4.3490900257E-02,-6.101207829557));
#5400 = CARTESIAN_POINT('',(2.1793388602E-02,-6.103662985493));
#5401 = CARTESIAN_POINT('',(0.,-6.106116713698));
#5402 = ( GEOMETRIC_REPRESENTATION_CONTEXT(2) 
PARAMETRIC_REPRESENTATION_CONTEXT() REPRESENTATION_CONTEXT('2D SPACE',''
  ) );
#5403 = ADVANCED_FACE('',(#5404),#5276,.T.);
#5404 = FACE_BOUND('',#5405,.T.);
#5405 = EDGE_LOOP('',(#5406,#5407,#5538,#5641));
#5406 = ORIENTED_EDGE('',*,*,#5261,.T.);
#5407 = ORIENTED_EDGE('',*,*,#5408,.T.);
#5408 = EDGE_CURVE('',#5143,#5409,#5411,.T.);
#5409 = VERTEX_POINT('',#5410);
#5410 = CARTESIAN_POINT('',(7.175115401491,-12.89400491846,
    21.518441638581));
#5411 = SURFACE_CURVE('',#5412,(#5435,#5442),.PCURVE_S1.);
#5412 = B_SPLINE_CURVE_WITH_KNOTS('',11,(#5413,#5414,#5415,#5416,#5417,
    #5418,#5419,#5420,#5421,#5422,#5423,#5424,#5425,#5426,#5427,#5428,
    #5429,#5430,#5431,#5432,#5433,#5434),.UNSPECIFIED.,.F.,.F.,(12,10,12
    ),(93.064425359717,95.182424399427,97.789498280397),.UNSPECIFIED.);
#5413 = CARTESIAN_POINT('',(8.39563424792,-11.62015093592,
    21.579466048694));
#5414 = CARTESIAN_POINT('',(8.403325917991,-11.71193726347,
    21.568174838296));
#5415 = CARTESIAN_POINT('',(8.406074231085,-11.76230722264,
    21.562007397824));
#5416 = CARTESIAN_POINT('',(8.40875218142,-11.8478909188,21.551806333386
    ));
#5417 = CARTESIAN_POINT('',(8.39300162436,-11.94474366827,
    21.541593616668));
#5418 = CARTESIAN_POINT('',(8.381110785396,-12.00171674494,
    21.535761459909));
#5419 = CARTESIAN_POINT('',(8.359040520429,-12.09864551008,
    21.52599714951));
#5420 = CARTESIAN_POINT('',(8.33001250442,-12.16663304216,
    21.520126289115));
#5421 = CARTESIAN_POINT('',(8.296754340496,-12.24540832572,
    21.513292866841));
#5422 = CARTESIAN_POINT('',(8.256384344049,-12.31715377482,
    21.507802056138));
#5423 = CARTESIAN_POINT('',(8.210791601643,-12.38643337184,
    21.502977222929));
#5424 = CARTESIAN_POINT('',(8.097148234286,-12.53218878608,
    21.494110005806));
#5425 = CARTESIAN_POINT('',(8.02647173368,-12.60672756626,
    21.490484720187));
#5426 = CARTESIAN_POINT('',(7.94821819553,-12.67467949595,
    21.488180987882));
#5427 = CARTESIAN_POINT('',(7.86346653001,-12.73460640382,
    21.487288839852));
#5428 = CARTESIAN_POINT('',(7.773465148566,-12.78596473613,
    21.487782498431));
#5429 = CARTESIAN_POINT('',(7.678763744534,-12.82842447276,
    21.489660822611));
#5430 = CARTESIAN_POINT('',(7.580040030319,-12.86141718623,
    21.49294059396));
#5431 = CARTESIAN_POINT('',(7.479036737108,-12.88441388639,
    21.497557722548));
#5432 = CARTESIAN_POINT('',(7.377611450022,-12.89735340153,
    21.503385532562));
#5433 = CARTESIAN_POINT('',(7.275711223856,-12.90052001648,
    21.510393247823));
#5434 = CARTESIAN_POINT('',(7.175115401491,-12.89400491846,
    21.518441638581));
#5435 = PCURVE('',#5276,#5436);
#5436 = DEFINITIONAL_REPRESENTATION('',(#5437),#5441);
#5437 = LINE('',#5438,#5439);
#5438 = CARTESIAN_POINT('',(4.725072920679,0.));
#5439 = VECTOR('',#5440,1.);
#5440 = DIRECTION('',(0.,1.));
#5441 = ( GEOMETRIC_REPRESENTATION_CONTEXT(2) 
PARAMETRIC_REPRESENTATION_CONTEXT() REPRESENTATION_CONTEXT('2D SPACE',''
  ) );
#5442 = PCURVE('',#4700,#5443);
#5443 = DEFINITIONAL_REPRESENTATION('',(#5444),#5537);
#5444 = B_SPLINE_CURVE_WITH_KNOTS('',11,(#5445,#5446,#5447,#5448,#5449,
    #5450,#5451,#5452,#5453,#5454,#5455,#5456,#5457,#5458,#5459,#5460,
    #5461,#5462,#5463,#5464,#5465,#5466,#5467,#5468,#5469,#5470,#5471,
    #5472,#5473,#5474,#5475,#5476,#5477,#5478,#5479,#5480,#5481,#5482,
    #5483,#5484,#5485,#5486,#5487,#5488,#5489,#5490,#5491,#5492,#5493,
    #5494,#5495,#5496,#5497,#5498,#5499,#5500,#5501,#5502,#5503,#5504,
    #5505,#5506,#5507,#5508,#5509,#5510,#5511,#5512,#5513,#5514,#5515,
    #5516,#5517,#5518,#5519,#5520,#5521,#5522,#5523,#5524,#5525,#5526,
    #5527,#5528,#5529,#5530,#5531,#5532,#5533,#5534,#5535,#5536),
  .UNSPECIFIED.,.F.,.F.,(12,10,10,10,10,10,10,10,10,12),(93.064425359717
    ,94.245693589887,94.836327704972,95.131644762515,95.279303291286,
    95.426961820057,96.017595935142,96.608230050227,97.198864165312,
    97.789498280397),.UNSPECIFIED.);
#5445 = CARTESIAN_POINT('',(5.338060804103,1.428660319728));
#5446 = CARTESIAN_POINT('',(5.336212083075,1.428221039209));
#5447 = CARTESIAN_POINT('',(5.334815228412,1.427894416212));
#5448 = CARTESIAN_POINT('',(5.333364546559,1.427568392433));
#5449 = CARTESIAN_POINT('',(5.331643570387,1.427221980011));
#5450 = CARTESIAN_POINT('',(5.329732682644,1.426873912383));
#5451 = CARTESIAN_POINT('',(5.327703686954,1.426534959562));
#5452 = CARTESIAN_POINT('',(5.325580929537,1.426207655732));
#5453 = CARTESIAN_POINT('',(5.323370254445,1.425892559948));
#5454 = CARTESIAN_POINT('',(5.321073579615,1.425590043806));
#5455 = CARTESIAN_POINT('',(5.318694260122,1.425300756793));
#5456 = CARTESIAN_POINT('',(5.315007703015,1.424887677636));
#5457 = CARTESIAN_POINT('',(5.313759259834,1.42475346089));
#5458 = CARTESIAN_POINT('',(5.312491749974,1.424622801961));
#5459 = CARTESIAN_POINT('',(5.311205812424,1.424495795187));
#5460 = CARTESIAN_POINT('',(5.30990211415,1.424372525358));
#5461 = CARTESIAN_POINT('',(5.308581300164,1.424253061568));
#5462 = CARTESIAN_POINT('',(5.307243975252,1.424137461681));
#5463 = CARTESIAN_POINT('',(5.305890712977,1.42402578189));
#5464 = CARTESIAN_POINT('',(5.304522086471,1.423918085732));
#5465 = CARTESIAN_POINT('',(5.303138716662,1.423814447054));
#5466 = CARTESIAN_POINT('',(5.30104264058,1.423665188414));
#5467 = CARTESIAN_POINT('',(5.30034044459,1.423616468999));
#5468 = CARTESIAN_POINT('',(5.299634828604,1.423568790797));
#5469 = CARTESIAN_POINT('',(5.298925885594,1.423522163355));
#5470 = CARTESIAN_POINT('',(5.298213710452,1.423476595456));
#5471 = CARTESIAN_POINT('',(5.297498395166,1.423432093673));
#5472 = CARTESIAN_POINT('',(5.296780025743,1.423388661894));
#5473 = CARTESIAN_POINT('',(5.296058681537,1.423346302017));
#5474 = CARTESIAN_POINT('',(5.295334436294,1.423305015598));
#5475 = CARTESIAN_POINT('',(5.294607361503,1.423264806638));
#5476 = CARTESIAN_POINT('',(5.293512616714,1.42320612476));
#5477 = CARTESIAN_POINT('',(5.293147009526,1.42318683869));
#5478 = CARTESIAN_POINT('',(5.292780746341,1.423167814278));
#5479 = CARTESIAN_POINT('',(5.292413767535,1.423149084312));
#5480 = CARTESIAN_POINT('',(5.292046163038,1.42313063189));
#5481 = CARTESIAN_POINT('',(5.291677962244,1.423112445219));
#5482 = CARTESIAN_POINT('',(5.291309113283,1.423094535779));
#5483 = CARTESIAN_POINT('',(5.290939617261,1.42307691006));
#5484 = CARTESIAN_POINT('',(5.29056954365,1.423059557424));
#5485 = CARTESIAN_POINT('',(5.290198849885,1.423042484616));
#5486 = CARTESIAN_POINT('',(5.289456280462,1.423008896861));
#5487 = CARTESIAN_POINT('',(5.28908440152,1.422992382038));
#5488 = CARTESIAN_POINT('',(5.288711937907,1.422976146902));
#5489 = CARTESIAN_POINT('',(5.288338899459,1.422960192077));
#5490 = CARTESIAN_POINT('',(5.287965296314,1.422944518186));
#5491 = CARTESIAN_POINT('',(5.287591138875,1.422929125838));
#5492 = CARTESIAN_POINT('',(5.28721643785,1.422914015647));
#5493 = CARTESIAN_POINT('',(5.286841204221,1.422899188212));
#5494 = CARTESIAN_POINT('',(5.286465449257,1.422884644132));
#5495 = CARTESIAN_POINT('',(5.286089184517,1.422870383997));
#5496 = CARTESIAN_POINT('',(5.28420537114,1.42280050598));
#5497 = CARTESIAN_POINT('',(5.282690352717,1.42274915582));
#5498 = CARTESIAN_POINT('',(5.281168110517,1.422702394993));
#5499 = CARTESIAN_POINT('',(5.279639432817,1.422660256601));
#5500 = CARTESIAN_POINT('',(5.278105125324,1.422622769328));
#5501 = CARTESIAN_POINT('',(5.276565990896,1.422589957247));
#5502 = CARTESIAN_POINT('',(5.275022815041,1.422561839781));
#5503 = CARTESIAN_POINT('',(5.273476358253,1.422538431935));
#5504 = CARTESIAN_POINT('',(5.271927354074,1.422519744682));
#5505 = CARTESIAN_POINT('',(5.270376513854,1.4225057856));
#5506 = CARTESIAN_POINT('',(5.267272561161,1.42248733379));
#5507 = CARTESIAN_POINT('',(5.265719449909,1.422482841011));
#5508 = CARTESIAN_POINT('',(5.264165912844,1.422483085798));
#5509 = CARTESIAN_POINT('',(5.262612621761,1.422488069688));
#5510 = CARTESIAN_POINT('',(5.261060244217,1.422497791194));
#5511 = CARTESIAN_POINT('',(5.25950945652,1.422512245748));
#5512 = CARTESIAN_POINT('',(5.25796094408,1.422531425624));
#5513 = CARTESIAN_POINT('',(5.256415397555,1.422555319839));
#5514 = CARTESIAN_POINT('',(5.254873512052,1.422583913917));
#5515 = CARTESIAN_POINT('',(5.253335997785,1.42261718952));
#5516 = CARTESIAN_POINT('',(5.250271221557,1.422693058188));
#5517 = CARTESIAN_POINT('',(5.248743955407,1.42273565133));
#5518 = CARTESIAN_POINT('',(5.247222552422,1.422782880444));
#5519 = CARTESIAN_POINT('',(5.245707757347,1.422834719284));
#5520 = CARTESIAN_POINT('',(5.244200333708,1.422891137143));
#5521 = CARTESIAN_POINT('',(5.242701060404,1.422952098741));
#5522 = CARTESIAN_POINT('',(5.241210717256,1.423017564608));
#5523 = CARTESIAN_POINT('',(5.23973006705,1.423087491795));
#5524 = CARTESIAN_POINT('',(5.238259841795,1.423161834466));
#5525 = CARTESIAN_POINT('',(5.236800740637,1.423240544162));
#5526 = CARTESIAN_POINT('',(5.233906153717,1.423406594535));
#5527 = CARTESIAN_POINT('',(5.232470667554,1.423493935176));
#5528 = CARTESIAN_POINT('',(5.23104765597,1.42358554044));
#5529 = CARTESIAN_POINT('',(5.229637753197,1.423681357264));
#5530 = CARTESIAN_POINT('',(5.22824155877,1.423781330449));
#5531 = CARTESIAN_POINT('',(5.226859639358,1.42388540304));
#5532 = CARTESIAN_POINT('',(5.225492541946,1.423993516191));
#5533 = CARTESIAN_POINT('',(5.224140826755,1.424105608045));
#5534 = CARTESIAN_POINT('',(5.222805127749,1.424221610822));
#5535 = CARTESIAN_POINT('',(5.221486249038,1.42434144559));
#5536 = CARTESIAN_POINT('',(5.22018530516,1.424465014007));
#5537 = ( GEOMETRIC_REPRESENTATION_CONTEXT(2) 
PARAMETRIC_REPRESENTATION_CONTEXT() REPRESENTATION_CONTEXT('2D SPACE',''
  ) );
#5538 = ORIENTED_EDGE('',*,*,#5539,.F.);
#5539 = EDGE_CURVE('',#5540,#5409,#5542,.T.);
#5540 = VERTEX_POINT('',#5541);
#5541 = CARTESIAN_POINT('',(7.1,-14.8094716812,19.451724231385));
#5542 = SURFACE_CURVE('',#5543,(#5547,#5553),.PCURVE_S1.);
#5543 = ( BOUNDED_CURVE() B_SPLINE_CURVE(2,(#5544,#5545,#5546),
.UNSPECIFIED.,.F.,.F.) B_SPLINE_CURVE_WITH_KNOTS((3,3),(0.,
14.431381235184),.PIECEWISE_BEZIER_KNOTS.) CURVE() 
GEOMETRIC_REPRESENTATION_ITEM() RATIONAL_B_SPLINE_CURVE((1.,
0.767832892651,1.)) REPRESENTATION_ITEM('') );
#5544 = CARTESIAN_POINT('',(7.1,-14.8094716812,19.451724231385));
#5545 = CARTESIAN_POINT('',(7.219998914767,-14.71360955038,
    21.280882652726));
#5546 = CARTESIAN_POINT('',(7.175115401491,-12.89400491846,
    21.518441638581));
#5547 = PCURVE('',#5276,#5548);
#5548 = DEFINITIONAL_REPRESENTATION('',(#5549),#5552);
#5549 = B_SPLINE_CURVE_WITH_KNOTS('',1,(#5550,#5551),.UNSPECIFIED.,.F.,
  .F.,(2,2),(0.,14.431381235184),.PIECEWISE_BEZIER_KNOTS.);
#5550 = CARTESIAN_POINT('',(0.,97.789498280397));
#5551 = CARTESIAN_POINT('',(4.725072920679,97.789498280397));
#5552 = ( GEOMETRIC_REPRESENTATION_CONTEXT(2) 
PARAMETRIC_REPRESENTATION_CONTEXT() REPRESENTATION_CONTEXT('2D SPACE',''
  ) );
#5553 = PCURVE('',#5554,#5636);
#5554 = ( BOUNDED_SURFACE() B_SPLINE_SURFACE(2,9,(
    (#5555,#5556,#5557,#5558,#5559,#5560,#5561,#5562,#5563,#5564,#5565
      ,#5566,#5567,#5568,#5569,#5570,#5571,#5572,#5573,#5574,#5575,#5576
      ,#5577,#5578,#5579,#5580,#5581)
    ,(#5582,#5583,#5584,#5585,#5586,#5587,#5588,#5589,#5590,#5591,#5592
      ,#5593,#5594,#5595,#5596,#5597,#5598,#5599,#5600,#5601,#5602,#5603
      ,#5604,#5605,#5606,#5607,#5608)
    ,(#5609,#5610,#5611,#5612,#5613,#5614,#5615,#5616,#5617,#5618,#5619
      ,#5620,#5621,#5622,#5623,#5624,#5625,#5626,#5627,#5628,#5629,#5630
      ,#5631,#5632,#5633,#5634,#5635
)),.UNSPECIFIED.,.F.,.F.,.F.) B_SPLINE_SURFACE_WITH_KNOTS((3,3),(10,9,8,
    10),(0.,14.431381235184),(-0.118959417748,0.,14.19233174435,
14.312421817436),.UNSPECIFIED.) GEOMETRIC_REPRESENTATION_ITEM() 
RATIONAL_B_SPLINE_SURFACE((
    (1.,1.,1.,1.,1.,1.,1.,1.,1.,1.,1.,1.,1.,1.,1.,1.,1.,1.,1.,1.,1.,1.
      ,1.,1.,1.,1.,1.)
    ,(0.767832892651,0.767822993068,0.767814335331,0.767806918185
      ,0.767800740371,0.767795800635,0.767792097717,0.767789630363
      ,0.767788397314,0.767788397314,0.767788397314,0.767787615204
      ,0.767792353093,0.767778403529,0.767804604114,0.767769656769
      ,0.767804791273,0.767778163374,0.767793448117,0.767794138429
      ,0.767795514245,0.767797704426,0.767800843256,0.767805070437
      ,0.767810531096,0.76781737578,0.767825760457)
    ,(1.,1.,1.,1.,1.,1.,1.,1.,1.,1.,1.,1.,1.,1.,1.,1.,1.,1.,1.,1.,1.,1.
,1.,1.,1.,1.,1.))) REPRESENTATION_ITEM('') SURFACE() );
#5555 = CARTESIAN_POINT('',(7.1,-14.8094716812,19.451724231385));
#5556 = CARTESIAN_POINT('',(7.085521185151,-14.80941986508,
    19.452712941858));
#5557 = CARTESIAN_POINT('',(7.071048358473,-14.80936775181,
    19.453707322331));
#5558 = CARTESIAN_POINT('',(7.056580789288,-14.80931533899,
    19.454707418521));
#5559 = CARTESIAN_POINT('',(7.042117746928,-14.80926262422,
    19.455713276148));
#5560 = CARTESIAN_POINT('',(7.02765850071,-14.80920960512,
    19.456724940929));
#5561 = CARTESIAN_POINT('',(7.013202319971,-14.80915627928,
    19.457742458582));
#5562 = CARTESIAN_POINT('',(6.998748474025,-14.8091026443,
    19.458765874827));
#5563 = CARTESIAN_POINT('',(6.984296232207,-14.8090486978,
    19.459795235381));
#5564 = CARTESIAN_POINT('',(6.969844863836,-14.80899443738,
    19.460830585962));
#5565 = CARTESIAN_POINT('',(5.42363955441,-14.80318891401,
    19.571606570957));
#5566 = CARTESIAN_POINT('',(3.875495416914,-14.79883231847,
    19.654735365951));
#5567 = CARTESIAN_POINT('',(2.325601702099,-14.79592649953,
    19.710181694313));
#5568 = CARTESIAN_POINT('',(0.775952110882,-14.79447417036,
    19.737893785647));
#5569 = CARTESIAN_POINT('',(-0.776268421992,-14.79447212128,
    19.737932884379));
#5570 = CARTESIAN_POINT('',(-2.324527089364,-14.79593035443,
    19.710108138426));
#5571 = CARTESIAN_POINT('',(-3.87458117452,-14.79882902107,
    19.654798283962));
#5572 = CARTESIAN_POINT('',(-5.420869059946,-14.80317844144,
    19.571806399505));
#5573 = CARTESIAN_POINT('',(-6.987465999227,-14.80905881656,
    19.459602158019));
#5574 = CARTESIAN_POINT('',(-7.000909955711,-14.80910918406,
    19.458641088777));
#5575 = CARTESIAN_POINT('',(-7.014604121957,-14.80916035774,
    19.457664636899));
#5576 = CARTESIAN_POINT('',(-7.028505199765,-14.80921213463,
    19.456676674987));
#5577 = CARTESIAN_POINT('',(-7.042575622006,-14.80926433017,
    19.455680724638));
#5578 = CARTESIAN_POINT('',(-7.056783552613,-14.80931677821,
    19.45467995644));
#5579 = CARTESIAN_POINT('',(-7.071102886591,-14.80936933098,
    19.453677189979));
#5580 = CARTESIAN_POINT('',(-7.085513250008,-14.80942185909,
    19.452674893832));
#5581 = CARTESIAN_POINT('',(-7.1,-14.80947425158,19.45167518557));
#5582 = CARTESIAN_POINT('',(7.219998914767,-14.71360955038,
    21.280882652726));
#5583 = CARTESIAN_POINT('',(7.206787517863,-14.71355905556,
    21.281846151187));
#5584 = CARTESIAN_POINT('',(7.193581101646,-14.71350869106,
    21.282807163179));
#5585 = CARTESIAN_POINT('',(7.180378947448,-14.71345845407,
    21.283765742041));
#5586 = CARTESIAN_POINT('',(7.167180336445,-14.7134083418,
    21.284721941142));
#5587 = CARTESIAN_POINT('',(7.153984549663,-14.71335835145,
    21.285675813884));
#5588 = CARTESIAN_POINT('',(7.140790867999,-14.71330848021,
    21.286627413696));
#5589 = CARTESIAN_POINT('',(7.127598572222,-14.7132587253,
    21.287576794041));
#5590 = CARTESIAN_POINT('',(7.114406942993,-14.7132090839,
    21.288524008406));
#5591 = CARTESIAN_POINT('',(7.10121526087,-14.71315955321,21.28946911031
    ));
#5592 = CARTESIAN_POINT('',(5.525866461257,-14.70724460503,
    21.402333044954));
#5593 = CARTESIAN_POINT('',(3.948556935579,-14.70280558158,
    21.487034658089));
#5594 = CARTESIAN_POINT('',(2.369370600975,-14.69984690033,
    21.543489659574));
#5595 = CARTESIAN_POINT('',(0.790717412658,-14.69836156936,
    21.57183146283));
#5596 = CARTESIAN_POINT('',(-0.791083735838,-14.69837001871,
    21.571670239561));
#5597 = CARTESIAN_POINT('',(-2.368557824398,-14.69984040689,
    21.543613561757));
#5598 = CARTESIAN_POINT('',(-3.94931572081,-14.70280937188,
    21.486962334887));
#5599 = CARTESIAN_POINT('',(-5.525489952101,-14.70724316073,
    21.402360603911));
#5600 = CARTESIAN_POINT('',(-7.11451534272,-14.71320951923,
    21.288515701725));
#5601 = CARTESIAN_POINT('',(-7.12784562353,-14.71325968028,
    21.287558571907));
#5602 = CARTESIAN_POINT('',(-7.141174227685,-14.71330994512,
    21.286599461545));
#5603 = CARTESIAN_POINT('',(-7.154501905245,-14.71336031728,
    21.28563830364));
#5604 = CARTESIAN_POINT('',(-7.167829470489,-14.71341080056,
    21.284675025248));
#5605 = CARTESIAN_POINT('',(-7.181157801408,-14.7134613991,
    21.283709547527));
#5606 = CARTESIAN_POINT('',(-7.194487839255,-14.71351211735,
    21.28274178577));
#5607 = CARTESIAN_POINT('',(-7.207820588026,-14.71356296004,
    21.281771649449));
#5608 = CARTESIAN_POINT('',(-7.221157113982,-14.71361393222,
    21.280799042253));
#5609 = CARTESIAN_POINT('',(7.175115401491,-12.89400491846,
    21.518441638581));
#5610 = CARTESIAN_POINT('',(7.169505236778,-12.89364157561,
    21.518890492189));
#5611 = CARTESIAN_POINT('',(7.163900537818,-12.89332110914,
    21.519333076343));
#5612 = CARTESIAN_POINT('',(7.158300228648,-12.89304349471,
    21.519769471798));
#5613 = CARTESIAN_POINT('',(7.152703233305,-12.89280870798,
    21.520199759307));
#5614 = CARTESIAN_POINT('',(7.147108475824,-12.89261672461,
    21.520624019623));
#5615 = CARTESIAN_POINT('',(7.141514880243,-12.89246752025,
    21.521042333503));
#5616 = CARTESIAN_POINT('',(7.135921370596,-12.89236107056,
    21.521454781698));
#5617 = CARTESIAN_POINT('',(7.130326870921,-12.8922973512,
    21.521861444964));
#5618 = CARTESIAN_POINT('',(7.124730305255,-12.89227633783,
    21.522262404055));
#5619 = CARTESIAN_POINT('',(5.544164877842,-12.88634180283,
    21.635500077606));
#5620 = CARTESIAN_POINT('',(3.961617585472,-12.88186129096,
    21.720485498277));
#5621 = CARTESIAN_POINT('',(2.377281916857,-12.87905516905,
    21.777107504007));
#5622 = CARTESIAN_POINT('',(0.793193654434,-12.87708656355,
    21.805601720935));
#5623 = CARTESIAN_POINT('',(-0.793512977073,-12.87799444331,
    21.805329086681));
#5624 = CARTESIAN_POINT('',(-2.37843324796,-12.87826124922,
    21.777464271931));
#5625 = CARTESIAN_POINT('',(-3.970413522583,-12.88245969833,
    21.720288574212));
#5626 = CARTESIAN_POINT('',(-5.556097495113,-12.88605198995,
    21.634329958882));
#5627 = CARTESIAN_POINT('',(-7.114886438653,-12.89241411023,
    21.522945528571));
#5628 = CARTESIAN_POINT('',(-7.126432849743,-12.89248129249,
    21.522116069539));
#5629 = CARTESIAN_POINT('',(-7.136699937227,-12.89256747358,
    21.521373653349));
#5630 = CARTESIAN_POINT('',(-7.145912575158,-12.89267793043,
    21.520702101912));
#5631 = CARTESIAN_POINT('',(-7.154267042795,-12.89281801814,
    21.520087141455));
#5632 = CARTESIAN_POINT('',(-7.161931024599,-12.89299317008,
    21.519516402517));
#5633 = CARTESIAN_POINT('',(-7.169043610241,-12.89320889778,
    21.518979419949));
#5634 = CARTESIAN_POINT('',(-7.175715294594,-12.89347079102,
    21.518467632918));
#5635 = CARTESIAN_POINT('',(-7.182027977736,-12.89378451776,
    21.517974384904));
#5636 = DEFINITIONAL_REPRESENTATION('',(#5637),#5640);
#5637 = B_SPLINE_CURVE_WITH_KNOTS('',1,(#5638,#5639),.UNSPECIFIED.,.F.,
  .F.,(2,2),(0.,14.431381235184),.PIECEWISE_BEZIER_KNOTS.);
#5638 = CARTESIAN_POINT('',(0.,-0.118959417748));
#5639 = CARTESIAN_POINT('',(14.431381235184,-0.118959417748));
#5640 = ( GEOMETRIC_REPRESENTATION_CONTEXT(2) 
PARAMETRIC_REPRESENTATION_CONTEXT() REPRESENTATION_CONTEXT('2D SPACE',''
  ) );
#5641 = ORIENTED_EDGE('',*,*,#5642,.F.);
#5642 = EDGE_CURVE('',#5262,#5540,#5643,.T.);
#5643 = SURFACE_CURVE('',#5644,(#5667,#5674),.PCURVE_S1.);
#5644 = B_SPLINE_CURVE_WITH_KNOTS('',11,(#5645,#5646,#5647,#5648,#5649,
    #5650,#5651,#5652,#5653,#5654,#5655,#5656,#5657,#5658,#5659,#5660,
    #5661,#5662,#5663,#5664,#5665,#5666),.UNSPECIFIED.,.F.,.F.,(12,10,12
    ),(93.064425359717,95.182424399427,97.789498280397),.UNSPECIFIED.);
#5645 = CARTESIAN_POINT('',(10.406823658893,-11.5,19.502251507043));
#5646 = CARTESIAN_POINT('',(10.407258028931,-11.70511658652,
    19.493963232973));
#5647 = CARTESIAN_POINT('',(10.393688281902,-11.91745163011,
    19.486151830313));
#5648 = CARTESIAN_POINT('',(10.364338947077,-12.12467858113,
    19.478535246651));
#5649 = CARTESIAN_POINT('',(10.322167535604,-12.32843460385,
    19.471354517948));
#5650 = CARTESIAN_POINT('',(10.2644414039,-12.53502213846,
    19.464628338205));
#5651 = CARTESIAN_POINT('',(10.192362217942,-12.73260910818,
    19.458448815091));
#5652 = CARTESIAN_POINT('',(10.106735748522,-12.92805765744,
    19.452732642433));
#5653 = CARTESIAN_POINT('',(10.006975370142,-13.11602374071,
    19.447669301939));
#5654 = CARTESIAN_POINT('',(9.89431281652,-13.29692278042,
    19.443188460297));
#5655 = CARTESIAN_POINT('',(9.769100259579,-13.46928188845,
    19.439366054471));
#5656 = CARTESIAN_POINT('',(9.463625188994,-13.83263980785,
    19.432331914474));
#5657 = CARTESIAN_POINT('',(9.277294497826,-14.01875280917,
    19.429467624115));
#5658 = CARTESIAN_POINT('',(9.074707829197,-14.18857906972,
    19.427661192449));
#5659 = CARTESIAN_POINT('',(8.857226528158,-14.34055188501,
    19.426948303618));
#5660 = CARTESIAN_POINT('',(8.627000907086,-14.47301647846,
    19.427338384782));
#5661 = CARTESIAN_POINT('',(8.386186807187,-14.58470127039,
    19.428829204243));
#5662 = CARTESIAN_POINT('',(8.136778853312,-14.67477293252,
    19.431407837139));
#5663 = CARTESIAN_POINT('',(7.8810231297,-14.74256566028,19.435041257488
    ));
#5664 = CARTESIAN_POINT('',(7.621474198575,-14.78756690843,
    19.439677640406));
#5665 = CARTESIAN_POINT('',(7.360358678993,-14.80981031474,
    19.445262718507));
#5666 = CARTESIAN_POINT('',(7.1,-14.8094716812,19.451724231385));
#5667 = PCURVE('',#5276,#5668);
#5668 = DEFINITIONAL_REPRESENTATION('',(#5669),#5673);
#5669 = LINE('',#5670,#5671);
#5670 = CARTESIAN_POINT('',(0.,0.));
#5671 = VECTOR('',#5672,1.);
#5672 = DIRECTION('',(0.,1.));
#5673 = ( GEOMETRIC_REPRESENTATION_CONTEXT(2) 
PARAMETRIC_REPRESENTATION_CONTEXT() REPRESENTATION_CONTEXT('2D SPACE',''
  ) );
#5674 = PCURVE('',#5675,#5680);
#5675 = CONICAL_SURFACE('',#5676,3.7,5.235987755983E-02);
#5676 = AXIS2_PLACEMENT_3D('',#5677,#5678,#5679);
#5677 = CARTESIAN_POINT('',(7.1,-11.5,12.));
#5678 = DIRECTION('',(-0.,-0.,-1.));
#5679 = DIRECTION('',(-4.800964430811E-16,-1.,0.));
#5680 = DEFINITIONAL_REPRESENTATION('',(#5681),#5708);
#5681 = B_SPLINE_CURVE_WITH_KNOTS('',9,(#5682,#5683,#5684,#5685,#5686,
    #5687,#5688,#5689,#5690,#5691,#5692,#5693,#5694,#5695,#5696,#5697,
    #5698,#5699,#5700,#5701,#5702,#5703,#5704,#5705,#5706,#5707),
  .UNSPECIFIED.,.F.,.F.,(10,8,8,10),(93.064425359717,94.245693589887,
    95.426961820057,97.789498280397),.UNSPECIFIED.);
#5682 = CARTESIAN_POINT('',(4.712388980385,-7.502251507043));
#5683 = CARTESIAN_POINT('',(4.754671677791,-7.496601655396));
#5684 = CARTESIAN_POINT('',(4.797983782629,-7.491178389882));
#5685 = CARTESIAN_POINT('',(4.841159475625,-7.485885894514));
#5686 = CARTESIAN_POINT('',(4.884153570117,-7.480759415239));
#5687 = CARTESIAN_POINT('',(4.92730174421,-7.475823775672));
#5688 = CARTESIAN_POINT('',(4.970512228534,-7.471102570894));
#5689 = CARTESIAN_POINT('',(5.013823250848,-7.466609496637));
#5690 = CARTESIAN_POINT('',(5.057209246135,-7.462359595176));
#5691 = CARTESIAN_POINT('',(5.144127074103,-7.45437345402));
#5692 = CARTESIAN_POINT('',(5.187658018421,-7.450637091549));
#5693 = CARTESIAN_POINT('',(5.231256625728,-7.447171768231));
#5694 = CARTESIAN_POINT('',(5.274917315745,-7.443990309459));
#5695 = CARTESIAN_POINT('',(5.318633917076,-7.441104356478));
#5696 = CARTESIAN_POINT('',(5.362400024125,-7.438524462046));
#5697 = CARTESIAN_POINT('',(5.406209089134,-7.436259960277));
#5698 = CARTESIAN_POINT('',(5.45005424931,-7.434318610642));
#5699 = CARTESIAN_POINT('',(5.581675168592,-7.429480827152));
#5700 = CARTESIAN_POINT('',(5.669538191318,-7.427571245337));
#5701 = CARTESIAN_POINT('',(5.757472446566,-7.427025993242));
#5702 = CARTESIAN_POINT('',(5.845443138445,-7.42786900892));
#5703 = CARTESIAN_POINT('',(5.933232987845,-7.430086023396));
#5704 = CARTESIAN_POINT('',(6.021054785681,-7.433658614779));
#5705 = CARTESIAN_POINT('',(6.108651631638,-7.438510546821));
#5706 = CARTESIAN_POINT('',(6.196051087404,-7.444567584803));
#5707 = CARTESIAN_POINT('',(6.28318530718,-7.451724231385));
#5708 = ( GEOMETRIC_REPRESENTATION_CONTEXT(2) 
PARAMETRIC_REPRESENTATION_CONTEXT() REPRESENTATION_CONTEXT('2D SPACE',''
  ) );
#5709 = ADVANCED_FACE('',(#5710),#5554,.T.);
#5710 = FACE_BOUND('',#5711,.T.);
#5711 = EDGE_LOOP('',(#5712,#5713,#5990,#6117));
#5712 = ORIENTED_EDGE('',*,*,#5539,.T.);
#5713 = ORIENTED_EDGE('',*,*,#5714,.T.);
#5714 = EDGE_CURVE('',#5409,#5715,#5717,.T.);
#5715 = VERTEX_POINT('',#5716);
#5716 = CARTESIAN_POINT('',(-7.182027977736,-12.89378451776,
    21.517974384904));
#5717 = SURFACE_CURVE('',#5718,(#5746,#5753),.PCURVE_S1.);
#5718 = B_SPLINE_CURVE_WITH_KNOTS('',9,(#5719,#5720,#5721,#5722,#5723,
    #5724,#5725,#5726,#5727,#5728,#5729,#5730,#5731,#5732,#5733,#5734,
    #5735,#5736,#5737,#5738,#5739,#5740,#5741,#5742,#5743,#5744,#5745),
  .UNSPECIFIED.,.F.,.F.,(10,9,8,10),(-0.118959417748,0.,14.19233174435,
    14.312421817436),.UNSPECIFIED.);
#5719 = CARTESIAN_POINT('',(7.175115401491,-12.89400491846,
    21.518441638581));
#5720 = CARTESIAN_POINT('',(7.169505236778,-12.89364157561,
    21.518890492189));
#5721 = CARTESIAN_POINT('',(7.163900537818,-12.89332110914,
    21.519333076343));
#5722 = CARTESIAN_POINT('',(7.158300228648,-12.89304349471,
    21.519769471798));
#5723 = CARTESIAN_POINT('',(7.152703233305,-12.89280870798,
    21.520199759307));
#5724 = CARTESIAN_POINT('',(7.147108475824,-12.89261672461,
    21.520624019623));
#5725 = CARTESIAN_POINT('',(7.141514880243,-12.89246752025,
    21.521042333503));
#5726 = CARTESIAN_POINT('',(7.135921370596,-12.89236107056,
    21.521454781698));
#5727 = CARTESIAN_POINT('',(7.130326870921,-12.8922973512,
    21.521861444964));
#5728 = CARTESIAN_POINT('',(7.124730305255,-12.89227633783,
    21.522262404055));
#5729 = CARTESIAN_POINT('',(5.544164877842,-12.88634180283,
    21.635500077606));
#5730 = CARTESIAN_POINT('',(3.961617585472,-12.88186129096,
    21.720485498277));
#5731 = CARTESIAN_POINT('',(2.377281916857,-12.87905516905,
    21.777107504007));
#5732 = CARTESIAN_POINT('',(0.793193654434,-12.87708656355,
    21.805601720935));
#5733 = CARTESIAN_POINT('',(-0.793512977073,-12.87799444331,
    21.805329086681));
#5734 = CARTESIAN_POINT('',(-2.37843324796,-12.87826124922,
    21.777464271931));
#5735 = CARTESIAN_POINT('',(-3.970413522583,-12.88245969833,
    21.720288574212));
#5736 = CARTESIAN_POINT('',(-5.556097495113,-12.88605198995,
    21.634329958882));
#5737 = CARTESIAN_POINT('',(-7.114886438653,-12.89241411023,
    21.522945528571));
#5738 = CARTESIAN_POINT('',(-7.126432849743,-12.89248129249,
    21.522116069539));
#5739 = CARTESIAN_POINT('',(-7.136699937227,-12.89256747358,
    21.521373653349));
#5740 = CARTESIAN_POINT('',(-7.145912575158,-12.89267793043,
    21.520702101912));
#5741 = CARTESIAN_POINT('',(-7.154267042795,-12.89281801814,
    21.520087141455));
#5742 = CARTESIAN_POINT('',(-7.161931024599,-12.89299317008,
    21.519516402517));
#5743 = CARTESIAN_POINT('',(-7.169043610241,-12.89320889778,
    21.518979419949));
#5744 = CARTESIAN_POINT('',(-7.175715294594,-12.89347079102,
    21.518467632918));
#5745 = CARTESIAN_POINT('',(-7.182027977736,-12.89378451776,
    21.517974384904));
#5746 = PCURVE('',#5554,#5747);
#5747 = DEFINITIONAL_REPRESENTATION('',(#5748),#5752);
#5748 = LINE('',#5749,#5750);
#5749 = CARTESIAN_POINT('',(14.431381235184,0.));
#5750 = VECTOR('',#5751,1.);
#5751 = DIRECTION('',(0.,1.));
#5752 = ( GEOMETRIC_REPRESENTATION_CONTEXT(2) 
PARAMETRIC_REPRESENTATION_CONTEXT() REPRESENTATION_CONTEXT('2D SPACE',''
  ) );
#5753 = PCURVE('',#4700,#5754);
#5754 = DEFINITIONAL_REPRESENTATION('',(#5755),#5989);
#5755 = B_SPLINE_CURVE_WITH_KNOTS('',8,(#5756,#5757,#5758,#5759,#5760,
    #5761,#5762,#5763,#5764,#5765,#5766,#5767,#5768,#5769,#5770,#5771,
    #5772,#5773,#5774,#5775,#5776,#5777,#5778,#5779,#5780,#5781,#5782,
    #5783,#5784,#5785,#5786,#5787,#5788,#5789,#5790,#5791,#5792,#5793,
    #5794,#5795,#5796,#5797,#5798,#5799,#5800,#5801,#5802,#5803,#5804,
    #5805,#5806,#5807,#5808,#5809,#5810,#5811,#5812,#5813,#5814,#5815,
    #5816,#5817,#5818,#5819,#5820,#5821,#5822,#5823,#5824,#5825,#5826,
    #5827,#5828,#5829,#5830,#5831,#5832,#5833,#5834,#5835,#5836,#5837,
    #5838,#5839,#5840,#5841,#5842,#5843,#5844,#5845,#5846,#5847,#5848,
    #5849,#5850,#5851,#5852,#5853,#5854,#5855,#5856,#5857,#5858,#5859,
    #5860,#5861,#5862,#5863,#5864,#5865,#5866,#5867,#5868,#5869,#5870,
    #5871,#5872,#5873,#5874,#5875,#5876,#5877,#5878,#5879,#5880,#5881,
    #5882,#5883,#5884,#5885,#5886,#5887,#5888,#5889,#5890,#5891,#5892,
    #5893,#5894,#5895,#5896,#5897,#5898,#5899,#5900,#5901,#5902,#5903,
    #5904,#5905,#5906,#5907,#5908,#5909,#5910,#5911,#5912,#5913,#5914,
    #5915,#5916,#5917,#5918,#5919,#5920,#5921,#5922,#5923,#5924,#5925,
    #5926,#5927,#5928,#5929,#5930,#5931,#5932,#5933,#5934,#5935,#5936,
    #5937,#5938,#5939,#5940,#5941,#5942,#5943,#5944,#5945,#5946,#5947,
    #5948,#5949,#5950,#5951,#5952,#5953,#5954,#5955,#5956,#5957,#5958,
    #5959,#5960,#5961,#5962,#5963,#5964,#5965,#5966,#5967,#5968,#5969,
    #5970,#5971,#5972,#5973,#5974,#5975,#5976,#5977,#5978,#5979,#5980,
    #5981,#5982,#5983,#5984,#5985,#5986,#5987,#5988),.UNSPECIFIED.,.F.,
  .F.,(9,8,8,8,8,8,8,8,8,8,8,8,8,8,8,8,8,8,8,8,8,8,8,8,8,8,8,8,8,9),(
    -0.118959417748,-6.214251848145E-03,-2.690965413774E-03,
    -9.293221965884E-04,-4.850058799561E-05,6.550762541435E-06,
    6.160211307849E-05,1.717048141526E-04,3.919102163008E-04,
    8.323210205972E-04,7.87889388934E-03,2.197203962682E-02,
    5.015833110179E-02,0.106530914052,0.332021245851,0.783001909451,
    1.68496323665,3.488885891048,7.096731199844,10.70457650864,
    12.508499163038,13.410460490237,13.861441153837,14.086931485637,
    14.143304068587,14.171490360062,14.185583505799,14.192630078668,
    14.199676651537,14.312421817436),.UNSPECIFIED.);
#5756 = CARTESIAN_POINT('',(5.22018530516,1.424465014007));
#5757 = CARTESIAN_POINT('',(5.219843844505,1.424497447191));
#5758 = CARTESIAN_POINT('',(5.219500954532,1.424529397799));
#5759 = CARTESIAN_POINT('',(5.219156557668,1.424560872438));
#5760 = CARTESIAN_POINT('',(5.218810576341,1.424591877718));
#5761 = CARTESIAN_POINT('',(5.218462932974,1.424622420246));
#5762 = CARTESIAN_POINT('',(5.218113549999,1.424652506631));
#5763 = CARTESIAN_POINT('',(5.217762349839,1.424682143482));
#5764 = CARTESIAN_POINT('',(5.217409254923,1.424711337408));
#5765 = CARTESIAN_POINT('',(5.217398214213,1.424712248205));
#5766 = CARTESIAN_POINT('',(5.217387173504,1.424713159003));
#5767 = CARTESIAN_POINT('',(5.217376132795,1.424714069801));
#5768 = CARTESIAN_POINT('',(5.217365092086,1.424714980598));
#5769 = CARTESIAN_POINT('',(5.217354051377,1.424715891396));
#5770 = CARTESIAN_POINT('',(5.217343010668,1.424716802194));
#5771 = CARTESIAN_POINT('',(5.217331969958,1.424717712991));
#5772 = CARTESIAN_POINT('',(5.217320929249,1.424718623789));
#5773 = CARTESIAN_POINT('',(5.217315404006,1.424719078055));
#5774 = CARTESIAN_POINT('',(5.217309878764,1.424719532321));
#5775 = CARTESIAN_POINT('',(5.217304353521,1.424719986587));
#5776 = CARTESIAN_POINT('',(5.217298828278,1.424720440853));
#5777 = CARTESIAN_POINT('',(5.217293303035,1.424720895119));
#5778 = CARTESIAN_POINT('',(5.217287777792,1.424721349385));
#5779 = CARTESIAN_POINT('',(5.217282252549,1.424721803652));
#5780 = CARTESIAN_POINT('',(5.217276727307,1.424722257918));
#5781 = CARTESIAN_POINT('',(5.217273963458,1.424722484768));
#5782 = CARTESIAN_POINT('',(5.217271199609,1.424722711618));
#5783 = CARTESIAN_POINT('',(5.21726843576,1.424722938468));
#5784 = CARTESIAN_POINT('',(5.217265671911,1.424723165319));
#5785 = CARTESIAN_POINT('',(5.217262908062,1.424723392169));
#5786 = CARTESIAN_POINT('',(5.217260144213,1.424723619019));
#5787 = CARTESIAN_POINT('',(5.217257380364,1.42472384587));
#5788 = CARTESIAN_POINT('',(5.217254616515,1.42472407272));
#5789 = CARTESIAN_POINT('',(5.217254398592,1.424724090596));
#5790 = CARTESIAN_POINT('',(5.217254509189,1.424724081525));
#5791 = CARTESIAN_POINT('',(5.217253487225,1.424724165354));
#5792 = CARTESIAN_POINT('',(5.217254855417,1.424724053127));
#5793 = CARTESIAN_POINT('',(5.21725289252,1.424724214136));
#5794 = CARTESIAN_POINT('',(5.217253990115,1.424724124105));
#5795 = CARTESIAN_POINT('',(5.217253451042,1.424724168323));
#5796 = CARTESIAN_POINT('',(5.217253009512,1.42472420454));
#5797 = CARTESIAN_POINT('',(5.217252600532,1.424724238087));
#5798 = CARTESIAN_POINT('',(5.217252191551,1.424724271634));
#5799 = CARTESIAN_POINT('',(5.21725178257,1.424724305181));
#5800 = CARTESIAN_POINT('',(5.21725137359,1.424724338728));
#5801 = CARTESIAN_POINT('',(5.217250964609,1.424724372275));
#5802 = CARTESIAN_POINT('',(5.217250555629,1.424724405822));
#5803 = CARTESIAN_POINT('',(5.217250146648,1.424724439369));
#5804 = CARTESIAN_POINT('',(5.217249737667,1.424724472916));
#5805 = CARTESIAN_POINT('',(5.217248919701,1.424724540009));
#5806 = CARTESIAN_POINT('',(5.217248101736,1.424724607102));
#5807 = CARTESIAN_POINT('',(5.217247283769,1.424724674196));
#5808 = CARTESIAN_POINT('',(5.217246465804,1.424724741289));
#5809 = CARTESIAN_POINT('',(5.217245647837,1.424724808382));
#5810 = CARTESIAN_POINT('',(5.217244829872,1.424724875476));
#5811 = CARTESIAN_POINT('',(5.217244011906,1.424724942569));
#5812 = CARTESIAN_POINT('',(5.21724319394,1.424725009663));
#5813 = CARTESIAN_POINT('',(5.21724155799,1.424725143847));
#5814 = CARTESIAN_POINT('',(5.21723992204,1.424725278031));
#5815 = CARTESIAN_POINT('',(5.217238286091,1.424725412216));
#5816 = CARTESIAN_POINT('',(5.217236650141,1.4247255464));
#5817 = CARTESIAN_POINT('',(5.217235014191,1.424725680585));
#5818 = CARTESIAN_POINT('',(5.217233378241,1.424725814769));
#5819 = CARTESIAN_POINT('',(5.217231742291,1.424725948953));
#5820 = CARTESIAN_POINT('',(5.217230106341,1.424726083138));
#5821 = CARTESIAN_POINT('',(5.217226834369,1.424726351497));
#5822 = CARTESIAN_POINT('',(5.217223562396,1.424726619856));
#5823 = CARTESIAN_POINT('',(5.217220290423,1.424726888215));
#5824 = CARTESIAN_POINT('',(5.217217018451,1.424727156575));
#5825 = CARTESIAN_POINT('',(5.217213746479,1.424727424934));
#5826 = CARTESIAN_POINT('',(5.217210474506,1.424727693293));
#5827 = CARTESIAN_POINT('',(5.217207202534,1.424727961652));
#5828 = CARTESIAN_POINT('',(5.217203930561,1.424728230012));
#5829 = CARTESIAN_POINT('',(5.217151565823,1.424732522031));
#5830 = CARTESIAN_POINT('',(5.217099201085,1.424736814051));
#5831 = CARTESIAN_POINT('',(5.217046836347,1.424741106071));
#5832 = CARTESIAN_POINT('',(5.216994471609,1.424745398091));
#5833 = CARTESIAN_POINT('',(5.216942106871,1.42474969011));
#5834 = CARTESIAN_POINT('',(5.216889742133,1.42475398213));
#5835 = CARTESIAN_POINT('',(5.216837377394,1.42475827415));
#5836 = CARTESIAN_POINT('',(5.216785012656,1.42476256617));
#5837 = CARTESIAN_POINT('',(5.216680258373,1.424771146957));
#5838 = CARTESIAN_POINT('',(5.216575489915,1.424779725884));
#5839 = CARTESIAN_POINT('',(5.216470707282,1.424788302949));
#5840 = CARTESIAN_POINT('',(5.216365910476,1.424796878154));
#5841 = CARTESIAN_POINT('',(5.216261099494,1.424805451497));
#5842 = CARTESIAN_POINT('',(5.216156274338,1.42481402298));
#5843 = CARTESIAN_POINT('',(5.216051435007,1.424822592601));
#5844 = CARTESIAN_POINT('',(5.215946581502,1.424831160362));
#5845 = CARTESIAN_POINT('',(5.215736874488,1.424848295892));
#5846 = CARTESIAN_POINT('',(5.215527110782,1.424865423962));
#5847 = CARTESIAN_POINT('',(5.215317290386,1.424882544572));
#5848 = CARTESIAN_POINT('',(5.215107413298,1.424899657722));
#5849 = CARTESIAN_POINT('',(5.21489747952,1.424916763411));
#5850 = CARTESIAN_POINT('',(5.21468748905,1.42493386164));
#5851 = CARTESIAN_POINT('',(5.21447744189,1.424950952409));
#5852 = CARTESIAN_POINT('',(5.214267338038,1.424968035718));
#5853 = CARTESIAN_POINT('',(5.21384713029,1.42500220241));
#5854 = CARTESIAN_POINT('',(5.213426695846,1.425036339132));
#5855 = CARTESIAN_POINT('',(5.213006034704,1.425070445884));
#5856 = CARTESIAN_POINT('',(5.212585146864,1.425104522665));
#5857 = CARTESIAN_POINT('',(5.212164032328,1.425138569475));
#5858 = CARTESIAN_POINT('',(5.211742691094,1.425172586315));
#5859 = CARTESIAN_POINT('',(5.211321123164,1.425206573184));
#5860 = CARTESIAN_POINT('',(5.210899328536,1.425240530083));
#5861 = CARTESIAN_POINT('',(5.209212144611,1.425376363694));
#5862 = CARTESIAN_POINT('',(5.207521338891,1.425511710891));
#5863 = CARTESIAN_POINT('',(5.205826911373,1.425646571672));
#5864 = CARTESIAN_POINT('',(5.204128862059,1.425780946038));
#5865 = CARTESIAN_POINT('',(5.202427190948,1.425914833989));
#5866 = CARTESIAN_POINT('',(5.200721898041,1.426048235525));
#5867 = CARTESIAN_POINT('',(5.199012983336,1.426181150645));
#5868 = CARTESIAN_POINT('',(5.197300446835,1.426313579351));
#5869 = CARTESIAN_POINT('',(5.193875393498,1.426578423984));
#5870 = CARTESIAN_POINT('',(5.190435865284,1.426841300941));
#5871 = CARTESIAN_POINT('',(5.186981889076,1.427102195684));
#5872 = CARTESIAN_POINT('',(5.183513491759,1.427361093679));
#5873 = CARTESIAN_POINT('',(5.180030700214,1.427617980387));
#5874 = CARTESIAN_POINT('',(5.176533541326,1.427872841272));
#5875 = CARTESIAN_POINT('',(5.173022041977,1.428125661798));
#5876 = CARTESIAN_POINT('',(5.16949622905,1.428376427428));
#5877 = CARTESIAN_POINT('',(5.162444615869,1.428877958701));
#5878 = CARTESIAN_POINT('',(5.155335794254,1.429371270818));
#5879 = CARTESIAN_POINT('',(5.14817004821,1.42985624772));
#5880 = CARTESIAN_POINT('',(5.140947722384,1.430332773874));
#5881 = CARTESIAN_POINT('',(5.133669222066,1.43080073428));
#5882 = CARTESIAN_POINT('',(5.126335013185,1.431260014465));
#5883 = CARTESIAN_POINT('',(5.118945622314,1.431710500487));
#5884 = CARTESIAN_POINT('',(5.111501636667,1.432152078933));
#5885 = CARTESIAN_POINT('',(5.096613653183,1.433035231065));
#5886 = CARTESIAN_POINT('',(5.081507338099,1.433882766273));
#5887 = CARTESIAN_POINT('',(5.066187352508,1.434693762082));
#5888 = CARTESIAN_POINT('',(5.050659443529,1.435467325379));
#5889 = CARTESIAN_POINT('',(5.034930444311,1.436202592409));
#5890 = CARTESIAN_POINT('',(5.019008274026,1.436898728775));
#5891 = CARTESIAN_POINT('',(5.002901937878,1.437554929444));
#5892 = CARTESIAN_POINT('',(4.986621527094,1.43817041874));
#5893 = CARTESIAN_POINT('',(4.954060708202,1.439401407872));
#5894 = CARTESIAN_POINT('',(4.920803729562,1.440469601711));
#5895 = CARTESIAN_POINT('',(4.886931257418,1.441368953818));
#5896 = CARTESIAN_POINT('',(4.852541711354,1.44209415247));
#5897 = CARTESIAN_POINT('',(4.817749704993,1.442640939286));
#5898 = CARTESIAN_POINT('',(4.782682630073,1.443006337864));
#5899 = CARTESIAN_POINT('',(4.747475383907,1.443188792435));
#5900 = CARTESIAN_POINT('',(4.712263240211,1.443188216536));
#5901 = CARTESIAN_POINT('',(4.677051101481,1.443187639814));
#5902 = CARTESIAN_POINT('',(4.641834216775,1.443004034191));
#5903 = CARTESIAN_POINT('',(4.606747934728,1.442637300913));
#5904 = CARTESIAN_POINT('',(4.571929148352,1.442088825272));
#5905 = CARTESIAN_POINT('',(4.53750945365,1.441361479266));
#5906 = CARTESIAN_POINT('',(4.503610231781,1.440459598298));
#5907 = CARTESIAN_POINT('',(4.470339654808,1.439388931931));
#5908 = CARTESIAN_POINT('',(4.43779161501,1.438156568682));
#5909 = CARTESIAN_POINT('',(4.421517589441,1.437540388236));
#5910 = CARTESIAN_POINT('',(4.405424232148,1.436883781694));
#5911 = CARTESIAN_POINT('',(4.389523270385,1.436187639497));
#5912 = CARTESIAN_POINT('',(4.373825561769,1.435452933362));
#5913 = CARTESIAN_POINT('',(4.35834109429,1.434680716289));
#5914 = CARTESIAN_POINT('',(4.343078986295,1.433872122557));
#5915 = CARTESIAN_POINT('',(4.328047486505,1.433028367723));
#5916 = CARTESIAN_POINT('',(4.313253974003,1.432150748623));
#5917 = CARTESIAN_POINT('',(4.305857137288,1.431711947754));
#5918 = CARTESIAN_POINT('',(4.298519951785,1.431264665434));
#5919 = CARTESIAN_POINT('',(4.291243228395,1.430809075555));
#5920 = CARTESIAN_POINT('',(4.284027778024,1.43034535201));
#5921 = CARTESIAN_POINT('',(4.276874411572,1.42987366869));
#5922 = CARTESIAN_POINT('',(4.269783939945,1.429394199489));
#5923 = CARTESIAN_POINT('',(4.262757174044,1.428907118299));
#5924 = CARTESIAN_POINT('',(4.255794924773,1.428412599011));
#5925 = CARTESIAN_POINT('',(4.252313752382,1.428165344551));
#5926 = CARTESIAN_POINT('',(4.248848681903,1.427916233282));
#5927 = CARTESIAN_POINT('',(4.245399793958,1.427665289246));
#5928 = CARTESIAN_POINT('',(4.241967169166,1.427412536483));
#5929 = CARTESIAN_POINT('',(4.238550888151,1.427157999037));
#5930 = CARTESIAN_POINT('',(4.235151031532,1.426901700948));
#5931 = CARTESIAN_POINT('',(4.23176767993,1.426643666258));
#5932 = CARTESIAN_POINT('',(4.228400913968,1.426383919008));
#5933 = CARTESIAN_POINT('',(4.226717497754,1.426254034716));
#5934 = CARTESIAN_POINT('',(4.225038253046,1.426123731927));
#5935 = CARTESIAN_POINT('',(4.223363179844,1.42599301064));
#5936 = CARTESIAN_POINT('',(4.221692278149,1.425861870855));
#5937 = CARTESIAN_POINT('',(4.22002554796,1.425730312572));
#5938 = CARTESIAN_POINT('',(4.218362989278,1.425598335792));
#5939 = CARTESIAN_POINT('',(4.216704602102,1.425465940514));
#5940 = CARTESIAN_POINT('',(4.215050386432,1.425333126738));
#5941 = CARTESIAN_POINT('',(4.214636839601,1.425299925878));
#5942 = CARTESIAN_POINT('',(4.214223555462,1.425266699603));
#5943 = CARTESIAN_POINT('',(4.213810534013,1.425233447913));
#5944 = CARTESIAN_POINT('',(4.213397775257,1.425200170809));
#5945 = CARTESIAN_POINT('',(4.212985279191,1.42516686829));
#5946 = CARTESIAN_POINT('',(4.212573045817,1.425133540357));
#5947 = CARTESIAN_POINT('',(4.212161075134,1.42510018701));
#5948 = CARTESIAN_POINT('',(4.211749367143,1.425066808248));
#5949 = CARTESIAN_POINT('',(4.211543513314,1.425050118932));
#5950 = CARTESIAN_POINT('',(4.211337725297,1.42503342332));
#5951 = CARTESIAN_POINT('',(4.211132003093,1.425016721409));
#5952 = CARTESIAN_POINT('',(4.210926346702,1.425000013202));
#5953 = CARTESIAN_POINT('',(4.210720756125,1.424983298697));
#5954 = CARTESIAN_POINT('',(4.21051523136,1.424966577895));
#5955 = CARTESIAN_POINT('',(4.210309772409,1.424949850795));
#5956 = CARTESIAN_POINT('',(4.21010437927,1.424933117398));
#5957 = CARTESIAN_POINT('',(4.210001682721,1.424924750708));
#5958 = CARTESIAN_POINT('',(4.209899002643,1.42491638245));
#5959 = CARTESIAN_POINT('',(4.209796339035,1.424908012625));
#5960 = CARTESIAN_POINT('',(4.209693691898,1.424899641233));
#5961 = CARTESIAN_POINT('',(4.209591061231,1.424891268274));
#5962 = CARTESIAN_POINT('',(4.209488447034,1.424882893747));
#5963 = CARTESIAN_POINT('',(4.209385849308,1.424874517653));
#5964 = CARTESIAN_POINT('',(4.209283268053,1.424866139992));
#5965 = CARTESIAN_POINT('',(4.209231973634,1.424861950862));
#5966 = CARTESIAN_POINT('',(4.209180685144,1.424857761483));
#5967 = CARTESIAN_POINT('',(4.209129402582,1.424853571858));
#5968 = CARTESIAN_POINT('',(4.209078125948,1.424849381985));
#5969 = CARTESIAN_POINT('',(4.209026855242,1.424845191865));
#5970 = CARTESIAN_POINT('',(4.208975590464,1.424841001497));
#5971 = CARTESIAN_POINT('',(4.208924331615,1.424836810883));
#5972 = CARTESIAN_POINT('',(4.208873078694,1.42483262002));
#5973 = CARTESIAN_POINT('',(4.208821952448,1.424828439253));
#5974 = CARTESIAN_POINT('',(4.208771220403,1.424824289027));
#5975 = CARTESIAN_POINT('',(4.208720882558,1.42482016934));
#5976 = CARTESIAN_POINT('',(4.208670938915,1.424816080193));
#5977 = CARTESIAN_POINT('',(4.208621389473,1.424812021586));
#5978 = CARTESIAN_POINT('',(4.208572234232,1.424807993519));
#5979 = CARTESIAN_POINT('',(4.208523473191,1.424803995991));
#5980 = CARTESIAN_POINT('',(4.208475106351,1.424800029004));
#5981 = CARTESIAN_POINT('',(4.207700986914,1.424736536721));
#5982 = CARTESIAN_POINT('',(4.207024367889,1.424680582717));
#5983 = CARTESIAN_POINT('',(4.206427263366,1.424630691026));
#5984 = CARTESIAN_POINT('',(4.205894132884,1.424585569162));
#5985 = CARTESIAN_POINT('',(4.205411881423,1.424544108114));
#5986 = CARTESIAN_POINT('',(4.204969859418,1.424505382351));
#5987 = CARTESIAN_POINT('',(4.204559862743,1.424468649817));
#5988 = CARTESIAN_POINT('',(4.204176132723,1.424433351936));
#5989 = ( GEOMETRIC_REPRESENTATION_CONTEXT(2) 
PARAMETRIC_REPRESENTATION_CONTEXT() REPRESENTATION_CONTEXT('2D SPACE',''
  ) );
#5990 = ORIENTED_EDGE('',*,*,#5991,.F.);
#5991 = EDGE_CURVE('',#5992,#5715,#5994,.T.);
#5992 = VERTEX_POINT('',#5993);
#5993 = CARTESIAN_POINT('',(-7.1,-14.80947425158,19.45167518557));
#5994 = SURFACE_CURVE('',#5995,(#5999,#6005),.PCURVE_S1.);
#5995 = ( BOUNDED_CURVE() B_SPLINE_CURVE(2,(#5996,#5997,#5998),
.UNSPECIFIED.,.F.,.F.) B_SPLINE_CURVE_WITH_KNOTS((3,3),(0.,
14.431381235184),.PIECEWISE_BEZIER_KNOTS.) CURVE() 
GEOMETRIC_REPRESENTATION_ITEM() RATIONAL_B_SPLINE_CURVE((1.,
0.767825760457,1.)) REPRESENTATION_ITEM('') );
#5996 = CARTESIAN_POINT('',(-7.1,-14.80947425158,19.45167518557));
#5997 = CARTESIAN_POINT('',(-7.221157113982,-14.71361393222,
    21.280799042253));
#5998 = CARTESIAN_POINT('',(-7.182027977736,-12.89378451776,
    21.517974384904));
#5999 = PCURVE('',#5554,#6000);
#6000 = DEFINITIONAL_REPRESENTATION('',(#6001),#6004);
#6001 = B_SPLINE_CURVE_WITH_KNOTS('',1,(#6002,#6003),.UNSPECIFIED.,.F.,
  .F.,(2,2),(0.,14.431381235184),.PIECEWISE_BEZIER_KNOTS.);
#6002 = CARTESIAN_POINT('',(0.,14.312421817436));
#6003 = CARTESIAN_POINT('',(14.431381235184,14.312421817436));
#6004 = ( GEOMETRIC_REPRESENTATION_CONTEXT(2) 
PARAMETRIC_REPRESENTATION_CONTEXT() REPRESENTATION_CONTEXT('2D SPACE',''
  ) );
#6005 = PCURVE('',#6006,#6112);
#6006 = ( BOUNDED_SURFACE() B_SPLINE_SURFACE(2,12,(
    (#6007,#6008,#6009,#6010,#6011,#6012,#6013,#6014,#6015,#6016,#6017
      ,#6018,#6019,#6020,#6021,#6022,#6023,#6024,#6025,#6026,#6027,#6028
      ,#6029,#6030,#6031,#6032,#6033,#6034,#6035,#6036,#6037,#6038,#6039
      ,#6040,#6041)
    ,(#6042,#6043,#6044,#6045,#6046,#6047,#6048,#6049,#6050,#6051,#6052
      ,#6053,#6054,#6055,#6056,#6057,#6058,#6059,#6060,#6061,#6062,#6063
      ,#6064,#6065,#6066,#6067,#6068,#6069,#6070,#6071,#6072,#6073,#6074
      ,#6075,#6076)
    ,(#6077,#6078,#6079,#6080,#6081,#6082,#6083,#6084,#6085,#6086,#6087
      ,#6088,#6089,#6090,#6091,#6092,#6093,#6094,#6095,#6096,#6097,#6098
      ,#6099,#6100,#6101,#6102,#6103,#6104,#6105,#6106,#6107,#6108,#6109
      ,#6110,#6111
)),.UNSPECIFIED.,.F.,.F.,.F.) B_SPLINE_SURFACE_WITH_KNOTS((3,3),(13,11,
    11,13),(0.,4.724024580414),(14.312421817436,15.971406343853,
    16.923497297723,19.03644639785),.UNSPECIFIED.) 
GEOMETRIC_REPRESENTATION_ITEM() RATIONAL_B_SPLINE_SURFACE((
    (1.,1.,0.999999999999,1.000000000002,0.999999999996,1.000000000005
      ,0.999999999995,1.000000000004,0.999999999997,1.000000000001,1.,1.
      ,1.,1.,1.,0.999999999999,1.000000000001,0.999999999998
      ,1.000000000001,0.999999999999,1.000000000001,1.,1.,1.,1.,1.,1.,1.
      ,1.,0.999999999999,1.000000000001,1.,1.,1.,1.)
    ,(0.767825760457,0.768873532321,0.76992814381,0.77072970308
      ,0.771579577088,0.772267820729,0.772850924182,0.773384618809
      ,0.773768204027,0.774081587732,0.774280850748,0.774381109761
      ,0.774377646005,0.774342751352,0.774274234443,0.774172141391
      ,0.774036555029,0.773867594919,0.773665417341,0.773430215303
      ,0.773162218533,0.772861693486,0.772528943337,0.77135508285
      ,0.770388632463,0.769269654769,0.768000908235,0.766586591056
      ,0.765047843721,0.763362196261,0.761547117347,0.759662739801
      ,0.757646302671,0.755451368017,0.753293477626)
    ,(1.,1.,0.999999999999,1.000000000002,0.999999999996,1.000000000005
      ,0.999999999995,1.000000000004,0.999999999997,1.000000000001,1.,1.
      ,1.,1.,1.,0.999999999999,1.000000000001,0.999999999998
      ,1.000000000001,0.999999999999,1.000000000001,1.,1.,1.,1.,1.,1.,1.
      ,1.,0.999999999999,1.000000000001,1.,1.,1.,1.
))) REPRESENTATION_ITEM('') SURFACE() );
#6007 = CARTESIAN_POINT('',(-7.1,-14.80947425158,19.45167518557));
#6008 = CARTESIAN_POINT('',(-7.250531003009,-14.80967245144,
    19.447893306977));
#6009 = CARTESIAN_POINT('',(-7.408628847585,-14.80238480124,
    19.444499328076));
#6010 = CARTESIAN_POINT('',(-7.554977764776,-14.78633217448,
    19.441268689875));
#6011 = CARTESIAN_POINT('',(-7.708379342781,-14.76516943076,
    19.43845527315));
#6012 = CARTESIAN_POINT('',(-7.860522115486,-14.73272916992,
    19.435966554429));
#6013 = CARTESIAN_POINT('',(-8.004800138643,-14.69650097928,
    19.433763579605));
#6014 = CARTESIAN_POINT('',(-8.155810616209,-14.64968826237,
    19.431986179347));
#6015 = CARTESIAN_POINT('',(-8.297224964829,-14.59742741117,
    19.430509385385));
#6016 = CARTESIAN_POINT('',(-8.439806092129,-14.53701524489,
    19.429424379747));
#6017 = CARTESIAN_POINT('',(-8.577556199154,-14.46986429291,
    19.428695091177));
#6018 = CARTESIAN_POINT('',(-8.711990332387,-14.39580523485,
    19.428335742968));
#6019 = CARTESIAN_POINT('',(-8.917078294598,-14.26887595305,
    19.428348265848));
#6020 = CARTESIAN_POINT('',(-8.99051566401,-14.22042026599,
    19.428473891745));
#6021 = CARTESIAN_POINT('',(-9.06253340184,-14.16983872612,
    19.428720554036));
#6022 = CARTESIAN_POINT('',(-9.13305943424,-14.11718065377,
    19.429088053218));
#6023 = CARTESIAN_POINT('',(-9.20202425187,-14.06249778432,
    19.429576013502));
#6024 = CARTESIAN_POINT('',(-9.26936090992,-14.00584426819,
    19.43018388281));
#6025 = CARTESIAN_POINT('',(-9.33500502803,-13.94727667084,
    19.430910932783));
#6026 = CARTESIAN_POINT('',(-9.39889479037,-13.8868539728,
    19.431756258768));
#6027 = CARTESIAN_POINT('',(-9.4609709456,-13.82463756961,
    19.432718779832));
#6028 = CARTESIAN_POINT('',(-9.52117680689,-13.76069127188,
    19.43379723875));
#6029 = CARTESIAN_POINT('',(-9.57945825188,-13.69508130527,
    19.434990202013));
#6030 = CARTESIAN_POINT('',(-9.76072089566,-13.47873012574,
    19.439194113923));
#6031 = CARTESIAN_POINT('',(-9.87595399976,-13.32172584528,
    19.442646551499));
#6032 = CARTESIAN_POINT('',(-9.98083420828,-13.15760835296,
    19.446647947268));
#6033 = CARTESIAN_POINT('',(-10.07508774987,-12.98727916854,
    19.451135175968));
#6034 = CARTESIAN_POINT('',(-10.15782577517,-12.81114472461,
    19.456161644141));
#6035 = CARTESIAN_POINT('',(-10.22927663991,-12.63118975049,
    19.46162492122));
#6036 = CARTESIAN_POINT('',(-10.28912692958,-12.4465503355,
    19.467504076934));
#6037 = CARTESIAN_POINT('',(-10.33652584127,-12.25870754153,
    19.473815875577));
#6038 = CARTESIAN_POINT('',(-10.37185253329,-12.07153747058,
    19.48048857299));
#6039 = CARTESIAN_POINT('',(-10.39601568182,-11.88115689192,
    19.487488056592));
#6040 = CARTESIAN_POINT('',(-10.40722110831,-11.68746313441,
    19.494667720295));
#6041 = CARTESIAN_POINT('',(-10.40682375638,-11.5,19.502249646824));
#6042 = CARTESIAN_POINT('',(-7.221157113982,-14.71361393222,
    21.280799042253));
#6043 = CARTESIAN_POINT('',(-7.359026259504,-14.7086001703,
    21.271457990908));
#6044 = CARTESIAN_POINT('',(-7.49668787711,-14.69683524693,
    21.262917345665));
#6045 = CARTESIAN_POINT('',(-7.633952758456,-14.67910264433,
    21.255103217931));
#6046 = CARTESIAN_POINT('',(-7.770749284702,-14.65442721607,
    21.248130574922));
#6047 = CARTESIAN_POINT('',(-7.905596901714,-14.62359917499,
    21.242016138702));
#6048 = CARTESIAN_POINT('',(-8.040064101155,-14.58636283136,
    21.236676696158));
#6049 = CARTESIAN_POINT('',(-8.171586201077,-14.54274246314,
    21.232293212756));
#6050 = CARTESIAN_POINT('',(-8.301718939455,-14.49307586645,
    21.228715384663));
#6051 = CARTESIAN_POINT('',(-8.428922096142,-14.4372714764,
    21.226064162534));
#6052 = CARTESIAN_POINT('',(-8.55343282389,-14.37560583134,
    21.224290536362));
#6053 = CARTESIAN_POINT('',(-8.674741251902,-14.30820979481,
    21.223415888724));
#6054 = CARTESIAN_POINT('',(-8.860216242198,-14.19343814606,
    21.223446331655));
#6055 = CARTESIAN_POINT('',(-8.926720927118,-14.14975793056,
    21.223752020265));
#6056 = CARTESIAN_POINT('',(-8.99204122109,-14.10428320668,
    21.224352309297));
#6057 = CARTESIAN_POINT('',(-9.05612081351,-14.05705148114,
    21.225246877131));
#6058 = CARTESIAN_POINT('',(-9.11890515265,-14.0081020318,
    21.226435067518));
#6059 = CARTESIAN_POINT('',(-9.18034140929,-13.95747593889,
    21.22791588852));
#6060 = CARTESIAN_POINT('',(-9.24037844258,-13.9052161186,
    21.229688011097));
#6061 = CARTESIAN_POINT('',(-9.29896676808,-13.85136735884,
    21.231749767169));
#6062 = CARTESIAN_POINT('',(-9.35605852802,-13.79597635741,
    21.234099147373));
#6063 = CARTESIAN_POINT('',(-9.41160746387,-13.7390917621,21.23673379829
    ));
#6064 = CARTESIAN_POINT('',(-9.4655688912,-13.68076421312,
    21.239651019344));
#6065 = CARTESIAN_POINT('',(-9.63421267949,-13.48831458343,
    21.249952992007));
#6066 = CARTESIAN_POINT('',(-9.74253562445,-13.3486323555,
    21.258443997557));
#6067 = CARTESIAN_POINT('',(-9.84240770132,-13.20258363912,
    21.268285459242));
#6068 = CARTESIAN_POINT('',(-9.93329320597,-13.05068840757,
    21.279456024077));
#6069 = CARTESIAN_POINT('',(-10.0150517017,-12.89384002926,
    21.291859646652));
#6070 = CARTESIAN_POINT('',(-10.08710086636,-12.73207447354,
    21.30553585035));
#6071 = CARTESIAN_POINT('',(-10.14928473791,-12.56674164083,
    21.320337431509));
#6072 = CARTESIAN_POINT('',(-10.20149492411,-12.39853250975,
    21.336190441604));
#6073 = CARTESIAN_POINT('',(-10.24326894739,-12.22716338984,
    21.353162675488));
#6074 = CARTESIAN_POINT('',(-10.27479953575,-12.05479080079,
    21.370987093184));
#6075 = CARTESIAN_POINT('',(-10.29621314949,-11.88106722191,
    21.389698075633));
#6076 = CARTESIAN_POINT('',(-10.30688295074,-11.70686484272,
    21.409233819975));
#6077 = CARTESIAN_POINT('',(-7.182027977736,-12.89378451776,
    21.517974384904));
#6078 = CARTESIAN_POINT('',(-7.247432907041,-12.89703500178,
    21.512863903238));
#6079 = CARTESIAN_POINT('',(-7.275635237743,-12.89776403615,
    21.510700537715));
#6080 = CARTESIAN_POINT('',(-7.364217858988,-12.89842056821,
    21.504247641109));
#6081 = CARTESIAN_POINT('',(-7.411549900002,-12.88461556854,
    21.502413588349));
#6082 = CARTESIAN_POINT('',(-7.461394932976,-12.88535364181,
    21.498724124761));
#6083 = CARTESIAN_POINT('',(-7.541736504992,-12.86278668031,
    21.495559289671));
#6084 = CARTESIAN_POINT('',(-7.577271968184,-12.85377980093,
    21.494031717976));
#6085 = CARTESIAN_POINT('',(-7.648469230077,-12.83064823394,
    21.491596490631));
#6086 = CARTESIAN_POINT('',(-7.697855044635,-12.80956146332,
    21.490489847436));
#6087 = CARTESIAN_POINT('',(-7.753818940396,-12.7835601208,
    21.489487778302));
#6088 = CARTESIAN_POINT('',(-7.806232982051,-12.75498744118,
    21.489043348467));
#6089 = CARTESIAN_POINT('',(-7.8862610252,-12.70544105008,
    21.489059505492));
#6090 = CARTESIAN_POINT('',(-7.914849007899,-12.68643461906,
    21.489218636102));
#6091 = CARTESIAN_POINT('',(-7.942811405784,-12.66650753706,
    21.489531080805));
#6092 = CARTESIAN_POINT('',(-7.970116193739,-12.64568144612,
    21.489996617442));
#6093 = CARTESIAN_POINT('',(-7.996731819212,-12.62398022603,
    21.490614726783));
#6094 = CARTESIAN_POINT('',(-8.022627202207,-12.60142999432,
    21.491384592538));
#6095 = CARTESIAN_POINT('',(-8.047771735295,-12.57805910631,
    21.492305101337));
#6096 = CARTESIAN_POINT('',(-8.072135283603,-12.55389815504,
    21.493374842755));
#6097 = CARTESIAN_POINT('',(-8.095688184824,-12.52897997133,
    21.494592109286));
#6098 = CARTESIAN_POINT('',(-8.118401249208,-12.50333962374,
    21.495954896366));
#6099 = CARTESIAN_POINT('',(-8.140245759568,-12.47701441859,
    21.497460902357));
#6100 = CARTESIAN_POINT('',(-8.20768214805,-12.3901889745,21.5027618405)
  );
#6101 = CARTESIAN_POINT('',(-8.249699318158,-12.32712038211,
    21.507117122961));
#6102 = CARTESIAN_POINT('',(-8.287428245446,-12.26168651898,
    21.512058633061));
#6103 = CARTESIAN_POINT('',(-8.319080199457,-12.1922104555,
    21.517918568494));
#6104 = CARTESIAN_POINT('',(-8.347732784646,-12.12527311787,
    21.523692301632));
#6105 = CARTESIAN_POINT('',(-8.370415633845,-12.04870878372,
    21.531026791464));
#6106 = CARTESIAN_POINT('',(-8.385818997323,-11.9776527371,
    21.538248627496));
#6107 = CARTESIAN_POINT('',(-8.398570631867,-11.91178050641,
    21.545053975754));
#6108 = CARTESIAN_POINT('',(-8.408052200387,-11.82569124433,
    21.554453024965));
#6109 = CARTESIAN_POINT('',(-8.405514376511,-11.75363078537,
    21.563075511791));
#6110 = CARTESIAN_POINT('',(-8.402602748277,-11.70497944245,
    21.569042341336));
#6111 = CARTESIAN_POINT('',(-8.395623662272,-11.62034282024,
    21.579444678344));
#6112 = DEFINITIONAL_REPRESENTATION('',(#6113),#6116);
#6113 = B_SPLINE_CURVE_WITH_KNOTS('',1,(#6114,#6115),.UNSPECIFIED.,.F.,
  .F.,(2,2),(0.,14.431381235184),.PIECEWISE_BEZIER_KNOTS.);
#6114 = CARTESIAN_POINT('',(0.,14.312421817436));
#6115 = CARTESIAN_POINT('',(4.724024580414,14.312421817436));
#6116 = ( GEOMETRIC_REPRESENTATION_CONTEXT(2) 
PARAMETRIC_REPRESENTATION_CONTEXT() REPRESENTATION_CONTEXT('2D SPACE',''
  ) );
#6117 = ORIENTED_EDGE('',*,*,#6118,.F.);
#6118 = EDGE_CURVE('',#5540,#5992,#6119,.T.);
#6119 = SURFACE_CURVE('',#6120,(#6148,#6155),.PCURVE_S1.);
#6120 = B_SPLINE_CURVE_WITH_KNOTS('',9,(#6121,#6122,#6123,#6124,#6125,
    #6126,#6127,#6128,#6129,#6130,#6131,#6132,#6133,#6134,#6135,#6136,
    #6137,#6138,#6139,#6140,#6141,#6142,#6143,#6144,#6145,#6146,#6147),
  .UNSPECIFIED.,.F.,.F.,(10,9,8,10),(-0.118959417748,0.,14.19233174435,
    14.312421817436),.UNSPECIFIED.);
#6121 = CARTESIAN_POINT('',(7.1,-14.8094716812,19.451724231385));
#6122 = CARTESIAN_POINT('',(7.085521185151,-14.80941986508,
    19.452712941858));
#6123 = CARTESIAN_POINT('',(7.071048358473,-14.80936775181,
    19.453707322331));
#6124 = CARTESIAN_POINT('',(7.056580789288,-14.80931533899,
    19.454707418521));
#6125 = CARTESIAN_POINT('',(7.042117746928,-14.80926262422,
    19.455713276148));
#6126 = CARTESIAN_POINT('',(7.02765850071,-14.80920960512,
    19.456724940929));
#6127 = CARTESIAN_POINT('',(7.013202319971,-14.80915627928,
    19.457742458582));
#6128 = CARTESIAN_POINT('',(6.998748474025,-14.8091026443,
    19.458765874827));
#6129 = CARTESIAN_POINT('',(6.984296232207,-14.8090486978,
    19.459795235381));
#6130 = CARTESIAN_POINT('',(6.969844863836,-14.80899443738,
    19.460830585962));
#6131 = CARTESIAN_POINT('',(5.42363955441,-14.80318891401,
    19.571606570957));
#6132 = CARTESIAN_POINT('',(3.875495416914,-14.79883231847,
    19.654735365951));
#6133 = CARTESIAN_POINT('',(2.325601702099,-14.79592649953,
    19.710181694313));
#6134 = CARTESIAN_POINT('',(0.775952110882,-14.79447417036,
    19.737893785647));
#6135 = CARTESIAN_POINT('',(-0.776268421992,-14.79447212128,
    19.737932884379));
#6136 = CARTESIAN_POINT('',(-2.324527089364,-14.79593035443,
    19.710108138426));
#6137 = CARTESIAN_POINT('',(-3.87458117452,-14.79882902107,
    19.654798283962));
#6138 = CARTESIAN_POINT('',(-5.420869059946,-14.80317844144,
    19.571806399505));
#6139 = CARTESIAN_POINT('',(-6.987465999227,-14.80905881656,
    19.459602158019));
#6140 = CARTESIAN_POINT('',(-7.000909955711,-14.80910918406,
    19.458641088777));
#6141 = CARTESIAN_POINT('',(-7.014604121957,-14.80916035774,
    19.457664636899));
#6142 = CARTESIAN_POINT('',(-7.028505199765,-14.80921213463,
    19.456676674987));
#6143 = CARTESIAN_POINT('',(-7.042575622006,-14.80926433017,
    19.455680724638));
#6144 = CARTESIAN_POINT('',(-7.056783552613,-14.80931677821,
    19.45467995644));
#6145 = CARTESIAN_POINT('',(-7.071102886591,-14.80936933098,
    19.453677189979));
#6146 = CARTESIAN_POINT('',(-7.085513250008,-14.80942185909,
    19.452674893832));
#6147 = CARTESIAN_POINT('',(-7.1,-14.80947425158,19.45167518557));
#6148 = PCURVE('',#5554,#6149);
#6149 = DEFINITIONAL_REPRESENTATION('',(#6150),#6154);
#6150 = LINE('',#6151,#6152);
#6151 = CARTESIAN_POINT('',(0.,0.));
#6152 = VECTOR('',#6153,1.);
#6153 = DIRECTION('',(0.,1.));
#6154 = ( GEOMETRIC_REPRESENTATION_CONTEXT(2) 
PARAMETRIC_REPRESENTATION_CONTEXT() REPRESENTATION_CONTEXT('2D SPACE',''
  ) );
#6155 = PCURVE('',#6156,#6161);
#6156 = PLANE('',#6157);
#6157 = AXIS2_PLACEMENT_3D('',#6158,#6159,#6160);
#6158 = CARTESIAN_POINT('',(-7.1,-14.48725420175,25.6));
#6159 = DIRECTION('',(0.,-0.998629534755,5.233595624292E-02));
#6160 = DIRECTION('',(1.,0.,0.));
#6161 = DEFINITIONAL_REPRESENTATION('',(#6162),#6190);
#6162 = B_SPLINE_CURVE_WITH_KNOTS('',9,(#6163,#6164,#6165,#6166,#6167,
    #6168,#6169,#6170,#6171,#6172,#6173,#6174,#6175,#6176,#6177,#6178,
    #6179,#6180,#6181,#6182,#6183,#6184,#6185,#6186,#6187,#6188,#6189),
  .UNSPECIFIED.,.F.,.F.,(10,9,8,10),(-0.118959417748,0.,14.19233174435,
    14.312421817436),.UNSPECIFIED.);
#6163 = CARTESIAN_POINT('',(14.2,-6.15671333026));
#6164 = CARTESIAN_POINT('',(14.185521185151,-6.155723262934));
#6165 = CARTESIAN_POINT('',(14.171048358473,-6.154727517827));
#6166 = CARTESIAN_POINT('',(14.156580789288,-6.153726049159));
#6167 = CARTESIAN_POINT('',(14.142117746928,-6.152718811148));
#6168 = CARTESIAN_POINT('',(14.12765850071,-6.151705758012));
#6169 = CARTESIAN_POINT('',(14.113202319971,-6.150686843973));
#6170 = CARTESIAN_POINT('',(14.098748474025,-6.149662023247));
#6171 = CARTESIAN_POINT('',(14.084296232207,-6.148631250054));
#6172 = CARTESIAN_POINT('',(14.069844863836,-6.147594478614));
#6173 = CARTESIAN_POINT('',(12.52363955441,-6.036666470639));
#6174 = CARTESIAN_POINT('',(10.975495416914,-5.953423594176));
#6175 = CARTESIAN_POINT('',(9.425601702099,-5.897901174267));
#6176 = CARTESIAN_POINT('',(7.875952110882,-5.870151052356));
#6177 = CARTESIAN_POINT('',(6.323731578008,-5.870111899967));
#6178 = CARTESIAN_POINT('',(4.775472910636,-5.897974831098));
#6179 = CARTESIAN_POINT('',(3.22541882548,-5.95336058982));
#6180 = CARTESIAN_POINT('',(1.679130940054,-6.036466367857));
#6181 = CARTESIAN_POINT('',(0.112534000773,-6.148824592385));
#6182 = CARTESIAN_POINT('',(9.9090044289E-02,-6.149786980547));
#6183 = CARTESIAN_POINT('',(8.5395878043E-02,-6.150764772454));
#6184 = CARTESIAN_POINT('',(7.1494800235E-02,-6.151754090192));
#6185 = CARTESIAN_POINT('',(5.7424377994E-02,-6.152751407329));
#6186 = CARTESIAN_POINT('',(4.3216447387E-02,-6.153753548928));
#6187 = CARTESIAN_POINT('',(2.8897113409E-02,-6.154757691531));
#6188 = CARTESIAN_POINT('',(1.4486749992E-02,-6.155761363175));
#6189 = CARTESIAN_POINT('',(0.,-6.156762443383));
#6190 = ( GEOMETRIC_REPRESENTATION_CONTEXT(2) 
PARAMETRIC_REPRESENTATION_CONTEXT() REPRESENTATION_CONTEXT('2D SPACE',''
  ) );
#6191 = ADVANCED_FACE('',(#6192),#6006,.T.);
#6192 = FACE_BOUND('',#6193,.T.);
#6193 = EDGE_LOOP('',(#6194,#6195,#6357,#6378));
#6194 = ORIENTED_EDGE('',*,*,#5991,.T.);
#6195 = ORIENTED_EDGE('',*,*,#6196,.T.);
#6196 = EDGE_CURVE('',#5715,#6197,#6199,.T.);
#6197 = VERTEX_POINT('',#6198);
#6198 = CARTESIAN_POINT('',(-8.395623662272,-11.62034282024,
    21.579444678344));
#6199 = SURFACE_CURVE('',#6200,(#6236,#6243),.PCURVE_S1.);
#6200 = ( BOUNDED_CURVE() B_SPLINE_CURVE(12,(#6201,#6202,#6203,#6204,
    #6205,#6206,#6207,#6208,#6209,#6210,#6211,#6212,#6213,#6214,#6215,
    #6216,#6217,#6218,#6219,#6220,#6221,#6222,#6223,#6224,#6225,#6226,
    #6227,#6228,#6229,#6230,#6231,#6232,#6233,#6234,#6235),
.UNSPECIFIED.,.F.,.F.) B_SPLINE_CURVE_WITH_KNOTS((13,11,11,13),(
    14.312421817436,15.971406343853,16.923497297723,19.03644639785),
.UNSPECIFIED.) CURVE() GEOMETRIC_REPRESENTATION_ITEM() 
RATIONAL_B_SPLINE_CURVE((1.,1.,0.999999999999,1.000000000002,
    0.999999999996,1.000000000005,0.999999999995,1.000000000004,
    0.999999999997,1.000000000001,1.,1.,1.,1.,1.,0.999999999999,
    1.000000000001,0.999999999998,1.000000000001,0.999999999999,
    1.000000000001,1.,1.,1.,1.,1.,1.,1.,1.,0.999999999999,1.000000000001
,1.,1.,1.,1.)) REPRESENTATION_ITEM('') );
#6201 = CARTESIAN_POINT('',(-7.182027977736,-12.89378451776,
    21.517974384904));
#6202 = CARTESIAN_POINT('',(-7.247432907041,-12.89703500178,
    21.512863903238));
#6203 = CARTESIAN_POINT('',(-7.275635237743,-12.89776403615,
    21.510700537715));
#6204 = CARTESIAN_POINT('',(-7.364217858988,-12.89842056821,
    21.504247641109));
#6205 = CARTESIAN_POINT('',(-7.411549900002,-12.88461556854,
    21.502413588349));
#6206 = CARTESIAN_POINT('',(-7.461394932976,-12.88535364181,
    21.498724124761));
#6207 = CARTESIAN_POINT('',(-7.541736504992,-12.86278668031,
    21.495559289671));
#6208 = CARTESIAN_POINT('',(-7.577271968184,-12.85377980093,
    21.494031717976));
#6209 = CARTESIAN_POINT('',(-7.648469230077,-12.83064823394,
    21.491596490631));
#6210 = CARTESIAN_POINT('',(-7.697855044635,-12.80956146332,
    21.490489847436));
#6211 = CARTESIAN_POINT('',(-7.753818940396,-12.7835601208,
    21.489487778302));
#6212 = CARTESIAN_POINT('',(-7.806232982051,-12.75498744118,
    21.489043348467));
#6213 = CARTESIAN_POINT('',(-7.8862610252,-12.70544105008,
    21.489059505492));
#6214 = CARTESIAN_POINT('',(-7.914849007899,-12.68643461906,
    21.489218636102));
#6215 = CARTESIAN_POINT('',(-7.942811405784,-12.66650753706,
    21.489531080805));
#6216 = CARTESIAN_POINT('',(-7.970116193739,-12.64568144612,
    21.489996617442));
#6217 = CARTESIAN_POINT('',(-7.996731819212,-12.62398022603,
    21.490614726783));
#6218 = CARTESIAN_POINT('',(-8.022627202207,-12.60142999432,
    21.491384592538));
#6219 = CARTESIAN_POINT('',(-8.047771735295,-12.57805910631,
    21.492305101337));
#6220 = CARTESIAN_POINT('',(-8.072135283603,-12.55389815504,
    21.493374842755));
#6221 = CARTESIAN_POINT('',(-8.095688184824,-12.52897997133,
    21.494592109286));
#6222 = CARTESIAN_POINT('',(-8.118401249208,-12.50333962374,
    21.495954896366));
#6223 = CARTESIAN_POINT('',(-8.140245759568,-12.47701441859,
    21.497460902357));
#6224 = CARTESIAN_POINT('',(-8.20768214805,-12.3901889745,21.5027618405)
  );
#6225 = CARTESIAN_POINT('',(-8.249699318158,-12.32712038211,
    21.507117122961));
#6226 = CARTESIAN_POINT('',(-8.287428245446,-12.26168651898,
    21.512058633061));
#6227 = CARTESIAN_POINT('',(-8.319080199457,-12.1922104555,
    21.517918568494));
#6228 = CARTESIAN_POINT('',(-8.347732784646,-12.12527311787,
    21.523692301632));
#6229 = CARTESIAN_POINT('',(-8.370415633845,-12.04870878372,
    21.531026791464));
#6230 = CARTESIAN_POINT('',(-8.385818997323,-11.9776527371,
    21.538248627496));
#6231 = CARTESIAN_POINT('',(-8.398570631867,-11.91178050641,
    21.545053975754));
#6232 = CARTESIAN_POINT('',(-8.408052200387,-11.82569124433,
    21.554453024965));
#6233 = CARTESIAN_POINT('',(-8.405514376511,-11.75363078537,
    21.563075511791));
#6234 = CARTESIAN_POINT('',(-8.402602748277,-11.70497944245,
    21.569042341336));
#6235 = CARTESIAN_POINT('',(-8.395623662272,-11.62034282024,
    21.579444678344));
#6236 = PCURVE('',#6006,#6237);
#6237 = DEFINITIONAL_REPRESENTATION('',(#6238),#6242);
#6238 = LINE('',#6239,#6240);
#6239 = CARTESIAN_POINT('',(4.724024580414,0.));
#6240 = VECTOR('',#6241,1.);
#6241 = DIRECTION('',(0.,1.));
#6242 = ( GEOMETRIC_REPRESENTATION_CONTEXT(2) 
PARAMETRIC_REPRESENTATION_CONTEXT() REPRESENTATION_CONTEXT('2D SPACE',''
  ) );
#6243 = PCURVE('',#4700,#6244);
#6244 = DEFINITIONAL_REPRESENTATION('',(#6245),#6356);
#6245 = B_SPLINE_CURVE_WITH_KNOTS('',10,(#6246,#6247,#6248,#6249,#6250,
    #6251,#6252,#6253,#6254,#6255,#6256,#6257,#6258,#6259,#6260,#6261,
    #6262,#6263,#6264,#6265,#6266,#6267,#6268,#6269,#6270,#6271,#6272,
    #6273,#6274,#6275,#6276,#6277,#6278,#6279,#6280,#6281,#6282,#6283,
    #6284,#6285,#6286,#6287,#6288,#6289,#6290,#6291,#6292,#6293,#6294,
    #6295,#6296,#6297,#6298,#6299,#6300,#6301,#6302,#6303,#6304,#6305,
    #6306,#6307,#6308,#6309,#6310,#6311,#6312,#6313,#6314,#6315,#6316,
    #6317,#6318,#6319,#6320,#6321,#6322,#6323,#6324,#6325,#6326,#6327,
    #6328,#6329,#6330,#6331,#6332,#6333,#6334,#6335,#6336,#6337,#6338,
    #6339,#6340,#6341,#6342,#6343,#6344,#6345,#6346,#6347,#6348,#6349,
    #6350,#6351,#6352,#6353,#6354,#6355),.UNSPECIFIED.,.F.,.F.,(11,9,9,9
    ,9,9,9,9,9,9,9,9,11),(14.312421817436,14.902924889988,15.49342796254
    ,15.788679498816,15.936305266954,15.973211708988,16.010118151023,
    16.083931035091,16.674434107643,16.969685643919,17.264937180195,
    17.855440252747,19.03644639785),.UNSPECIFIED.);
#6246 = CARTESIAN_POINT('',(4.204176132723,1.424433351936));
#6247 = CARTESIAN_POINT('',(4.202568303196,1.424285453745));
#6248 = CARTESIAN_POINT('',(4.201357772828,1.42417481896));
#6249 = CARTESIAN_POINT('',(4.200070778039,1.42406081022));
#6250 = CARTESIAN_POINT('',(4.198664477231,1.423944287174));
#6251 = CARTESIAN_POINT('',(4.197185718408,1.423829267129));
#6252 = CARTESIAN_POINT('',(4.195667821268,1.423717876066));
#6253 = CARTESIAN_POINT('',(4.194124991416,1.423611257123));
#6254 = CARTESIAN_POINT('',(4.192564447037,1.423509630672));
#6255 = CARTESIAN_POINT('',(4.190987911337,1.423413194224));
#6256 = CARTESIAN_POINT('',(4.187805701709,1.423230827153));
#6257 = CARTESIAN_POINT('',(4.186200003166,1.423144899823));
#6258 = CARTESIAN_POINT('',(4.184580958245,1.423064303963));
#6259 = CARTESIAN_POINT('',(4.182948607043,1.422989072138));
#6260 = CARTESIAN_POINT('',(4.181304994904,1.422919331115));
#6261 = CARTESIAN_POINT('',(4.179652037057,1.422855179426));
#6262 = CARTESIAN_POINT('',(4.177989965868,1.422796614944));
#6263 = CARTESIAN_POINT('',(4.176318509505,1.422743614227));
#6264 = CARTESIAN_POINT('',(4.174639168677,1.422696257489));
#6265 = CARTESIAN_POINT('',(4.172110180316,1.42263374935));
#6266 = CARTESIAN_POINT('',(4.171265530754,1.422614335062));
#6267 = CARTESIAN_POINT('',(4.170419380158,1.422596348344));
#6268 = CARTESIAN_POINT('',(4.169571928351,1.422579796328));
#6269 = CARTESIAN_POINT('',(4.168723358635,1.422564684461));
#6270 = CARTESIAN_POINT('',(4.167873802486,1.422551014928));
#6271 = CARTESIAN_POINT('',(4.16702333313,1.422538786582));
#6272 = CARTESIAN_POINT('',(4.166171987717,1.422527996297));
#6273 = CARTESIAN_POINT('',(4.165319818351,1.422518641825));
#6274 = CARTESIAN_POINT('',(4.164040548505,1.422506768217));
#6275 = CARTESIAN_POINT('',(4.163613955481,1.422503169988));
#6276 = CARTESIAN_POINT('',(4.163187214383,1.422499931868));
#6277 = CARTESIAN_POINT('',(4.162760346923,1.422497054343));
#6278 = CARTESIAN_POINT('',(4.162333382912,1.42249453828));
#6279 = CARTESIAN_POINT('',(4.16190636202,1.422492384952));
#6280 = CARTESIAN_POINT('',(4.161479329408,1.422490595847));
#6281 = CARTESIAN_POINT('',(4.161052325022,1.4224891721));
#6282 = CARTESIAN_POINT('',(4.160625366756,1.422488113723));
#6283 = CARTESIAN_POINT('',(4.160091692462,1.422487244668));
#6284 = CARTESIAN_POINT('',(4.159984960051,1.422487093611));
#6285 = CARTESIAN_POINT('',(4.159878225732,1.422486965094));
#6286 = CARTESIAN_POINT('',(4.159771490801,1.42248685916));
#6287 = CARTESIAN_POINT('',(4.159664756812,1.422486775865));
#6288 = CARTESIAN_POINT('',(4.159558022678,1.422486715141));
#6289 = CARTESIAN_POINT('',(4.1594512843,1.422486676783));
#6290 = CARTESIAN_POINT('',(4.159344536676,1.422486660546));
#6291 = CARTESIAN_POINT('',(4.159237778534,1.422486666351));
#6292 = CARTESIAN_POINT('',(4.159024260393,1.422486722885));
#6293 = CARTESIAN_POINT('',(4.158917502989,1.422486773735));
#6294 = CARTESIAN_POINT('',(4.158810747454,1.422486847168));
#6295 = CARTESIAN_POINT('',(4.158703993992,1.422486943184));
#6296 = CARTESIAN_POINT('',(4.158597242806,1.422487061784));
#6297 = CARTESIAN_POINT('',(4.1584904941,1.422487202967));
#6298 = CARTESIAN_POINT('',(4.158383748076,1.422487366735));
#6299 = CARTESIAN_POINT('',(4.158277004938,1.422487553088));
#6300 = CARTESIAN_POINT('',(4.158170264889,1.422487762025));
#6301 = CARTESIAN_POINT('',(4.157850054621,1.422488456592));
#6302 = CARTESIAN_POINT('',(4.157636594196,1.422489009983));
#6303 = CARTESIAN_POINT('',(4.157423148559,1.422489653714));
#6304 = CARTESIAN_POINT('',(4.157209719415,1.422490387781));
#6305 = CARTESIAN_POINT('',(4.156996308461,1.422491212177));
#6306 = CARTESIAN_POINT('',(4.156782917405,1.4224921269));
#6307 = CARTESIAN_POINT('',(4.156569547943,1.42249313194));
#6308 = CARTESIAN_POINT('',(4.156356201782,1.422494227296));
#6309 = CARTESIAN_POINT('',(4.15614288062,1.422495412959));
#6310 = CARTESIAN_POINT('',(4.154223230486,1.422506896664));
#6311 = CARTESIAN_POINT('',(4.152518586463,1.422522883445));
#6312 = CARTESIAN_POINT('',(4.150816551933,1.422544643362));
#6313 = CARTESIAN_POINT('',(4.149118000253,1.422572165373));
#6314 = CARTESIAN_POINT('',(4.147423841004,1.42260543222));
#6315 = CARTESIAN_POINT('',(4.14573502742,1.422644420357));
#6316 = CARTESIAN_POINT('',(4.144052537201,1.422689100411));
#6317 = CARTESIAN_POINT('',(4.142377353002,1.422739437551));
#6318 = CARTESIAN_POINT('',(4.14071046928,1.422795391301));
#6319 = CARTESIAN_POINT('',(4.138224193113,1.422887675644));
#6320 = CARTESIAN_POINT('',(4.137397774981,1.422919830151));
#6321 = CARTESIAN_POINT('',(4.136573829341,1.422953366559));
#6322 = CARTESIAN_POINT('',(4.135752468713,1.422988294474));
#6323 = CARTESIAN_POINT('',(4.134933918255,1.423024583974));
#6324 = CARTESIAN_POINT('',(4.134118054163,1.423062233503));
#6325 = CARTESIAN_POINT('',(4.133305492545,1.423101283761));
#6326 = CARTESIAN_POINT('',(4.132495790907,1.423141618958));
#6327 = CARTESIAN_POINT('',(4.13168956872,1.423183351296));
#6328 = CARTESIAN_POINT('',(4.13008391734,1.423269457649));
#6329 = CARTESIAN_POINT('',(4.129284509074,1.423313837613));
#6330 = CARTESIAN_POINT('',(4.12848862325,1.423359534674));
#6331 = CARTESIAN_POINT('',(4.127696373258,1.423406541389));
#6332 = CARTESIAN_POINT('',(4.126907877245,1.423454851604));
#6333 = CARTESIAN_POINT('',(4.126123254511,1.423504459504));
#6334 = CARTESIAN_POINT('',(4.12534262189,1.423555358658));
#6335 = CARTESIAN_POINT('',(4.124566090148,1.423607541071));
#6336 = CARTESIAN_POINT('',(4.123793760363,1.423660996224));
#6337 = CARTESIAN_POINT('',(4.121489640243,1.423825137946));
#6338 = CARTESIAN_POINT('',(4.119970720302,1.423939608026));
#6339 = CARTESIAN_POINT('',(4.118469758917,1.424059029031));
#6340 = CARTESIAN_POINT('',(4.116987350961,1.424183318976));
#6341 = CARTESIAN_POINT('',(4.115524211909,1.424312403964));
#6342 = CARTESIAN_POINT('',(4.114081281726,1.424446204292));
#6343 = CARTESIAN_POINT('',(4.112659673614,1.424584618747));
#6344 = CARTESIAN_POINT('',(4.1112605323,1.424727517825));
#6345 = CARTESIAN_POINT('',(4.109884866967,1.424874756705));
#6346 = CARTESIAN_POINT('',(4.105830536879,1.425329142736));
#6347 = CARTESIAN_POINT('',(4.103224593497,1.425648948097));
#6348 = CARTESIAN_POINT('',(4.100721377635,1.425984719641));
#6349 = CARTESIAN_POINT('',(4.098325272648,1.426335413781));
#6350 = CARTESIAN_POINT('',(4.096032013764,1.426701564935));
#6351 = CARTESIAN_POINT('',(4.093862135715,1.427080688166));
#6352 = CARTESIAN_POINT('',(4.091862372925,1.427469414637));
#6353 = CARTESIAN_POINT('',(4.090250543585,1.427829061425));
#6354 = CARTESIAN_POINT('',(4.088779937766,1.428172142375));
#6355 = CARTESIAN_POINT('',(4.086725593924,1.428658829036));
#6356 = ( GEOMETRIC_REPRESENTATION_CONTEXT(2) 
PARAMETRIC_REPRESENTATION_CONTEXT() REPRESENTATION_CONTEXT('2D SPACE',''
  ) );
#6357 = ORIENTED_EDGE('',*,*,#6358,.F.);
#6358 = EDGE_CURVE('',#6359,#6197,#6361,.T.);
#6359 = VERTEX_POINT('',#6360);
#6360 = CARTESIAN_POINT('',(-10.40682375638,-11.5,19.502249646824));
#6361 = SURFACE_CURVE('',#6362,(#6366,#6372),.PCURVE_S1.);
#6362 = ( BOUNDED_CURVE() B_SPLINE_CURVE(2,(#6363,#6364,#6365),
.UNSPECIFIED.,.F.,.F.) B_SPLINE_CURVE_WITH_KNOTS((3,3),(0.,
4.724024580414),.PIECEWISE_BEZIER_KNOTS.) CURVE() 
GEOMETRIC_REPRESENTATION_ITEM() RATIONAL_B_SPLINE_CURVE((1.,
0.753293477626,1.)) REPRESENTATION_ITEM('') );
#6363 = CARTESIAN_POINT('',(-10.40682375638,-11.5,19.502249646824));
#6364 = CARTESIAN_POINT('',(-10.30688295074,-11.70686484272,
    21.409233819975));
#6365 = CARTESIAN_POINT('',(-8.395623662272,-11.62034282024,
    21.579444678344));
#6366 = PCURVE('',#6006,#6367);
#6367 = DEFINITIONAL_REPRESENTATION('',(#6368),#6371);
#6368 = B_SPLINE_CURVE_WITH_KNOTS('',1,(#6369,#6370),.UNSPECIFIED.,.F.,
  .F.,(2,2),(0.,4.724024580414),.PIECEWISE_BEZIER_KNOTS.);
#6369 = CARTESIAN_POINT('',(0.,19.03644639785));
#6370 = CARTESIAN_POINT('',(4.724024580414,19.03644639785));
#6371 = ( GEOMETRIC_REPRESENTATION_CONTEXT(2) 
PARAMETRIC_REPRESENTATION_CONTEXT() REPRESENTATION_CONTEXT('2D SPACE',''
  ) );
#6372 = PCURVE('',#4511,#6373);
#6373 = DEFINITIONAL_REPRESENTATION('',(#6374),#6377);
#6374 = B_SPLINE_CURVE_WITH_KNOTS('',1,(#6375,#6376),.UNSPECIFIED.,.F.,
  .F.,(2,2),(0.,4.724024580414),.PIECEWISE_BEZIER_KNOTS.);
#6375 = CARTESIAN_POINT('',(0.,19.03644639785));
#6376 = CARTESIAN_POINT('',(20.946821172305,19.03644639785));
#6377 = ( GEOMETRIC_REPRESENTATION_CONTEXT(2) 
PARAMETRIC_REPRESENTATION_CONTEXT() REPRESENTATION_CONTEXT('2D SPACE',''
  ) );
#6378 = ORIENTED_EDGE('',*,*,#6379,.F.);
#6379 = EDGE_CURVE('',#5992,#6359,#6380,.T.);
#6380 = SURFACE_CURVE('',#6381,(#6417,#6424),.PCURVE_S1.);
#6381 = ( BOUNDED_CURVE() B_SPLINE_CURVE(12,(#6382,#6383,#6384,#6385,
    #6386,#6387,#6388,#6389,#6390,#6391,#6392,#6393,#6394,#6395,#6396,
    #6397,#6398,#6399,#6400,#6401,#6402,#6403,#6404,#6405,#6406,#6407,
    #6408,#6409,#6410,#6411,#6412,#6413,#6414,#6415,#6416),
.UNSPECIFIED.,.F.,.F.) B_SPLINE_CURVE_WITH_KNOTS((13,11,11,13),(
    14.312421817436,15.971406343853,16.923497297723,19.03644639785),
.UNSPECIFIED.) CURVE() GEOMETRIC_REPRESENTATION_ITEM() 
RATIONAL_B_SPLINE_CURVE((1.,1.,0.999999999999,1.000000000002,
    0.999999999996,1.000000000005,0.999999999995,1.000000000004,
    0.999999999997,1.000000000001,1.,1.,1.,1.,1.,0.999999999999,
    1.000000000001,0.999999999998,1.000000000001,0.999999999999,
    1.000000000001,1.,1.,1.,1.,1.,1.,1.,1.,0.999999999999,1.000000000001
,1.,1.,1.,1.)) REPRESENTATION_ITEM('') );
#6382 = CARTESIAN_POINT('',(-7.1,-14.80947425158,19.45167518557));
#6383 = CARTESIAN_POINT('',(-7.250531003009,-14.80967245144,
    19.447893306977));
#6384 = CARTESIAN_POINT('',(-7.408628847585,-14.80238480124,
    19.444499328076));
#6385 = CARTESIAN_POINT('',(-7.554977764776,-14.78633217448,
    19.441268689875));
#6386 = CARTESIAN_POINT('',(-7.708379342781,-14.76516943076,
    19.43845527315));
#6387 = CARTESIAN_POINT('',(-7.860522115486,-14.73272916992,
    19.435966554429));
#6388 = CARTESIAN_POINT('',(-8.004800138643,-14.69650097928,
    19.433763579605));
#6389 = CARTESIAN_POINT('',(-8.155810616209,-14.64968826237,
    19.431986179347));
#6390 = CARTESIAN_POINT('',(-8.297224964829,-14.59742741117,
    19.430509385385));
#6391 = CARTESIAN_POINT('',(-8.439806092129,-14.53701524489,
    19.429424379747));
#6392 = CARTESIAN_POINT('',(-8.577556199154,-14.46986429291,
    19.428695091177));
#6393 = CARTESIAN_POINT('',(-8.711990332387,-14.39580523485,
    19.428335742968));
#6394 = CARTESIAN_POINT('',(-8.917078294598,-14.26887595305,
    19.428348265848));
#6395 = CARTESIAN_POINT('',(-8.99051566401,-14.22042026599,
    19.428473891745));
#6396 = CARTESIAN_POINT('',(-9.06253340184,-14.16983872612,
    19.428720554036));
#6397 = CARTESIAN_POINT('',(-9.13305943424,-14.11718065377,
    19.429088053218));
#6398 = CARTESIAN_POINT('',(-9.20202425187,-14.06249778432,
    19.429576013502));
#6399 = CARTESIAN_POINT('',(-9.26936090992,-14.00584426819,
    19.43018388281));
#6400 = CARTESIAN_POINT('',(-9.33500502803,-13.94727667084,
    19.430910932783));
#6401 = CARTESIAN_POINT('',(-9.39889479037,-13.8868539728,
    19.431756258768));
#6402 = CARTESIAN_POINT('',(-9.4609709456,-13.82463756961,
    19.432718779832));
#6403 = CARTESIAN_POINT('',(-9.52117680689,-13.76069127188,
    19.43379723875));
#6404 = CARTESIAN_POINT('',(-9.57945825188,-13.69508130527,
    19.434990202013));
#6405 = CARTESIAN_POINT('',(-9.76072089566,-13.47873012574,
    19.439194113923));
#6406 = CARTESIAN_POINT('',(-9.87595399976,-13.32172584528,
    19.442646551499));
#6407 = CARTESIAN_POINT('',(-9.98083420828,-13.15760835296,
    19.446647947268));
#6408 = CARTESIAN_POINT('',(-10.07508774987,-12.98727916854,
    19.451135175968));
#6409 = CARTESIAN_POINT('',(-10.15782577517,-12.81114472461,
    19.456161644141));
#6410 = CARTESIAN_POINT('',(-10.22927663991,-12.63118975049,
    19.46162492122));
#6411 = CARTESIAN_POINT('',(-10.28912692958,-12.4465503355,
    19.467504076934));
#6412 = CARTESIAN_POINT('',(-10.33652584127,-12.25870754153,
    19.473815875577));
#6413 = CARTESIAN_POINT('',(-10.37185253329,-12.07153747058,
    19.48048857299));
#6414 = CARTESIAN_POINT('',(-10.39601568182,-11.88115689192,
    19.487488056592));
#6415 = CARTESIAN_POINT('',(-10.40722110831,-11.68746313441,
    19.494667720295));
#6416 = CARTESIAN_POINT('',(-10.40682375638,-11.5,19.502249646824));
#6417 = PCURVE('',#6006,#6418);
#6418 = DEFINITIONAL_REPRESENTATION('',(#6419),#6423);
#6419 = LINE('',#6420,#6421);
#6420 = CARTESIAN_POINT('',(0.,0.));
#6421 = VECTOR('',#6422,1.);
#6422 = DIRECTION('',(0.,1.));
#6423 = ( GEOMETRIC_REPRESENTATION_CONTEXT(2) 
PARAMETRIC_REPRESENTATION_CONTEXT() REPRESENTATION_CONTEXT('2D SPACE',''
  ) );
#6424 = PCURVE('',#6425,#6430);
#6425 = CONICAL_SURFACE('',#6426,3.7,5.235987755983E-02);
#6426 = AXIS2_PLACEMENT_3D('',#6427,#6428,#6429);
#6427 = CARTESIAN_POINT('',(-7.1,-11.5,12.));
#6428 = DIRECTION('',(-0.,-0.,-1.));
#6429 = DIRECTION('',(-1.,9.601928861623E-16,0.));
#6430 = DEFINITIONAL_REPRESENTATION('',(#6431),#6484);
#6431 = B_SPLINE_CURVE_WITH_KNOTS('',11,(#6432,#6433,#6434,#6435,#6436,
    #6437,#6438,#6439,#6440,#6441,#6442,#6443,#6444,#6445,#6446,#6447,
    #6448,#6449,#6450,#6451,#6452,#6453,#6454,#6455,#6456,#6457,#6458,
    #6459,#6460,#6461,#6462,#6463,#6464,#6465,#6466,#6467,#6468,#6469,
    #6470,#6471,#6472,#6473,#6474,#6475,#6476,#6477,#6478,#6479,#6480,
    #6481,#6482,#6483),.UNSPECIFIED.,.F.,.F.,(12,10,10,10,10,12),(
    14.312421817436,15.49342796254,16.083931035091,16.674434107643,
    17.855440252747,19.03644639785),.UNSPECIFIED.);
#6432 = CARTESIAN_POINT('',(4.712388980385,-7.45167518557));
#6433 = CARTESIAN_POINT('',(4.747712610772,-7.448738171915));
#6434 = CARTESIAN_POINT('',(4.7844243222,-7.446037085973));
#6435 = CARTESIAN_POINT('',(4.819765655632,-7.443463627715));
#6436 = CARTESIAN_POINT('',(4.855486434776,-7.441095279198));
#6437 = CARTESIAN_POINT('',(4.891382371147,-7.438930910307));
#6438 = CARTESIAN_POINT('',(4.927172558813,-7.436965086334));
#6439 = CARTESIAN_POINT('',(4.962998644671,-7.435207307918));
#6440 = CARTESIAN_POINT('',(4.998884370699,-7.433661932135));
#6441 = CARTESIAN_POINT('',(5.034770275541,-7.432331045478));
#6442 = CARTESIAN_POINT('',(5.070677073716,-7.431217894694));
#6443 = CARTESIAN_POINT('',(5.124555555514,-7.429877712836));
#6444 = CARTESIAN_POINT('',(5.142518326768,-7.429485916712));
#6445 = CARTESIAN_POINT('',(5.160483825667,-7.429149299834));
#6446 = CARTESIAN_POINT('',(5.178455086281,-7.428868206019));
#6447 = CARTESIAN_POINT('',(5.196417274364,-7.42864241099));
#6448 = CARTESIAN_POINT('',(5.21441074645,-7.428473092124));
#6449 = CARTESIAN_POINT('',(5.232352757492,-7.428358441122));
#6450 = CARTESIAN_POINT('',(5.250349713344,-7.428300819101));
#6451 = CARTESIAN_POINT('',(5.268315003872,-7.428298484857));
#6452 = CARTESIAN_POINT('',(5.286289646042,-7.428352223312));
#6453 = CARTESIAN_POINT('',(5.322234378501,-7.428571288254));
#6454 = CARTESIAN_POINT('',(5.3402057144,-7.428736639484));
#6455 = CARTESIAN_POINT('',(5.358175542043,-7.428957741143));
#6456 = CARTESIAN_POINT('',(5.376143402966,-7.429234486164));
#6457 = CARTESIAN_POINT('',(5.39410885817,-7.429566728707));
#6458 = CARTESIAN_POINT('',(5.412071488119,-7.429954284222));
#6459 = CARTESIAN_POINT('',(5.430030892742,-7.430396929371));
#6460 = CARTESIAN_POINT('',(5.447986691433,-7.430894402104));
#6461 = CARTESIAN_POINT('',(5.465938523048,-7.431446401596));
#6462 = CARTESIAN_POINT('',(5.483886045908,-7.432052588291));
#6463 = CARTESIAN_POINT('',(5.537714721577,-7.434032575055));
#6464 = CARTESIAN_POINT('',(5.573581818584,-7.435567719683));
#6465 = CARTESIAN_POINT('',(5.609427473251,-7.437315200646));
#6466 = CARTESIAN_POINT('',(5.645248481161,-7.439271195577));
#6467 = CARTESIAN_POINT('',(5.681040773727,-7.441431251986));
#6468 = CARTESIAN_POINT('',(5.716799896423,-7.443790490995));
#6469 = CARTESIAN_POINT('',(5.752521867649,-7.446343674139));
#6470 = CARTESIAN_POINT('',(5.788203905361,-7.449085167033));
#6471 = CARTESIAN_POINT('',(5.823844508546,-7.452008834344));
#6472 = CARTESIAN_POINT('',(5.859442380683,-7.455107900002));
#6473 = CARTESIAN_POINT('',(5.930544983867,-7.461641713835));
#6474 = CARTESIAN_POINT('',(5.966049418149,-7.465076602903));
#6475 = CARTESIAN_POINT('',(6.001504863163,-7.46867251127));
#6476 = CARTESIAN_POINT('',(6.036900661211,-7.472421732604));
#6477 = CARTESIAN_POINT('',(6.072238862843,-7.47631731382));
#6478 = CARTESIAN_POINT('',(6.107512758785,-7.480350252603));
#6479 = CARTESIAN_POINT('',(6.142741302264,-7.48450913967));
#6480 = CARTESIAN_POINT('',(6.178000864466,-7.488781235155));
#6481 = CARTESIAN_POINT('',(6.213351019259,-7.493154264352));
#6482 = CARTESIAN_POINT('',(6.248618719578,-7.497626568464));
#6483 = CARTESIAN_POINT('',(6.28318530718,-7.502249646824));
#6484 = ( GEOMETRIC_REPRESENTATION_CONTEXT(2) 
PARAMETRIC_REPRESENTATION_CONTEXT() REPRESENTATION_CONTEXT('2D SPACE',''
  ) );
#6485 = ADVANCED_FACE('',(#6486),#6425,.T.);
#6486 = FACE_BOUND('',#6487,.T.);
#6487 = EDGE_LOOP('',(#6488,#6506,#6530,#6548));
#6488 = ORIENTED_EDGE('',*,*,#6489,.F.);
#6489 = EDGE_CURVE('',#3961,#6359,#6490,.T.);
#6490 = SURFACE_CURVE('',#6491,(#6494,#6500),.PCURVE_S1.);
#6491 = B_SPLINE_CURVE_WITH_KNOTS('',1,(#6492,#6493),.UNSPECIFIED.,.F.,
  .F.,(2,2),(0.,1.),.PIECEWISE_BEZIER_KNOTS.);
#6492 = CARTESIAN_POINT('',(-10.8,-11.5,12.));
#6493 = CARTESIAN_POINT('',(-10.08725420175,-11.5,25.6));
#6494 = PCURVE('',#6425,#6495);
#6495 = DEFINITIONAL_REPRESENTATION('',(#6496),#6499);
#6496 = B_SPLINE_CURVE_WITH_KNOTS('',1,(#6497,#6498),.UNSPECIFIED.,.F.,
  .F.,(2,2),(0.,1.),.PIECEWISE_BEZIER_KNOTS.);
#6497 = CARTESIAN_POINT('',(6.28318530718,0.));
#6498 = CARTESIAN_POINT('',(6.28318530718,-13.6));
#6499 = ( GEOMETRIC_REPRESENTATION_CONTEXT(2) 
PARAMETRIC_REPRESENTATION_CONTEXT() REPRESENTATION_CONTEXT('2D SPACE',''
  ) );
#6500 = PCURVE('',#3976,#6501);
#6501 = DEFINITIONAL_REPRESENTATION('',(#6502),#6505);
#6502 = B_SPLINE_CURVE_WITH_KNOTS('',1,(#6503,#6504),.UNSPECIFIED.,.F.,
  .F.,(2,2),(0.,1.),.PIECEWISE_BEZIER_KNOTS.);
#6503 = CARTESIAN_POINT('',(20.5,-13.61866390557));
#6504 = CARTESIAN_POINT('',(20.5,0.));
#6505 = ( GEOMETRIC_REPRESENTATION_CONTEXT(2) 
PARAMETRIC_REPRESENTATION_CONTEXT() REPRESENTATION_CONTEXT('2D SPACE',''
  ) );
#6506 = ORIENTED_EDGE('',*,*,#6507,.T.);
#6507 = EDGE_CURVE('',#3961,#6508,#6510,.T.);
#6508 = VERTEX_POINT('',#6509);
#6509 = CARTESIAN_POINT('',(-7.1,-15.12469442285,13.436916010939));
#6510 = SURFACE_CURVE('',#6511,(#6516,#6523),.PCURVE_S1.);
#6511 = CIRCLE('',#6512,3.62469442285);
#6512 = AXIS2_PLACEMENT_3D('',#6513,#6514,#6515);
#6513 = CARTESIAN_POINT('',(-7.1,-11.5,13.436916010939));
#6514 = DIRECTION('',(0.,0.,1.));
#6515 = DIRECTION('',(-1.,9.767955957801E-16,0.));
#6516 = PCURVE('',#6425,#6517);
#6517 = DEFINITIONAL_REPRESENTATION('',(#6518),#6522);
#6518 = LINE('',#6519,#6520);
#6519 = CARTESIAN_POINT('',(6.28318530718,-1.436916010939));
#6520 = VECTOR('',#6521,1.);
#6521 = DIRECTION('',(-1.,-0.));
#6522 = ( GEOMETRIC_REPRESENTATION_CONTEXT(2) 
PARAMETRIC_REPRESENTATION_CONTEXT() REPRESENTATION_CONTEXT('2D SPACE',''
  ) );
#6523 = PCURVE('',#4002,#6524);
#6524 = DEFINITIONAL_REPRESENTATION('',(#6525),#6529);
#6525 = LINE('',#6526,#6527);
#6526 = CARTESIAN_POINT('',(6.28318530718,3.08923277603));
#6527 = VECTOR('',#6528,1.);
#6528 = DIRECTION('',(-1.,0.));
#6529 = ( GEOMETRIC_REPRESENTATION_CONTEXT(2) 
PARAMETRIC_REPRESENTATION_CONTEXT() REPRESENTATION_CONTEXT('2D SPACE',''
  ) );
#6530 = ORIENTED_EDGE('',*,*,#6531,.T.);
#6531 = EDGE_CURVE('',#6508,#5992,#6532,.T.);
#6532 = SURFACE_CURVE('',#6533,(#6536,#6542),.PCURVE_S1.);
#6533 = B_SPLINE_CURVE_WITH_KNOTS('',1,(#6534,#6535),.UNSPECIFIED.,.F.,
  .F.,(2,2),(0.,1.),.PIECEWISE_BEZIER_KNOTS.);
#6534 = CARTESIAN_POINT('',(-7.1,-15.2,12.));
#6535 = CARTESIAN_POINT('',(-7.1,-14.48725420175,25.6));
#6536 = PCURVE('',#6425,#6537);
#6537 = DEFINITIONAL_REPRESENTATION('',(#6538),#6541);
#6538 = B_SPLINE_CURVE_WITH_KNOTS('',1,(#6539,#6540),.UNSPECIFIED.,.F.,
  .F.,(2,2),(0.,1.),.PIECEWISE_BEZIER_KNOTS.);
#6539 = CARTESIAN_POINT('',(4.712388980385,0.));
#6540 = CARTESIAN_POINT('',(4.712388980385,-13.6));
#6541 = ( GEOMETRIC_REPRESENTATION_CONTEXT(2) 
PARAMETRIC_REPRESENTATION_CONTEXT() REPRESENTATION_CONTEXT('2D SPACE',''
  ) );
#6542 = PCURVE('',#6156,#6543);
#6543 = DEFINITIONAL_REPRESENTATION('',(#6544),#6547);
#6544 = B_SPLINE_CURVE_WITH_KNOTS('',1,(#6545,#6546),.UNSPECIFIED.,.F.,
  .F.,(2,2),(0.,1.),.PIECEWISE_BEZIER_KNOTS.);
#6545 = CARTESIAN_POINT('',(0.,-13.61866390557));
#6546 = CARTESIAN_POINT('',(0.,0.));
#6547 = ( GEOMETRIC_REPRESENTATION_CONTEXT(2) 
PARAMETRIC_REPRESENTATION_CONTEXT() REPRESENTATION_CONTEXT('2D SPACE',''
  ) );
#6548 = ORIENTED_EDGE('',*,*,#6379,.T.);
#6549 = ADVANCED_FACE('',(#6550),#6156,.T.);
#6550 = FACE_BOUND('',#6551,.T.);
#6551 = EDGE_LOOP('',(#6552,#6553,#6581,#6599));
#6552 = ORIENTED_EDGE('',*,*,#6531,.F.);
#6553 = ORIENTED_EDGE('',*,*,#6554,.T.);
#6554 = EDGE_CURVE('',#6508,#6555,#6557,.T.);
#6555 = VERTEX_POINT('',#6556);
#6556 = CARTESIAN_POINT('',(7.1,-15.12469442285,13.436916010939));
#6557 = SURFACE_CURVE('',#6558,(#6562,#6569),.PCURVE_S1.);
#6558 = LINE('',#6559,#6560);
#6559 = CARTESIAN_POINT('',(-7.1,-15.12469442285,13.436916010939));
#6560 = VECTOR('',#6561,1.);
#6561 = DIRECTION('',(1.,0.,0.));
#6562 = PCURVE('',#6156,#6563);
#6563 = DEFINITIONAL_REPRESENTATION('',(#6564),#6568);
#6564 = LINE('',#6565,#6566);
#6565 = CARTESIAN_POINT('',(0.,-12.17977594869));
#6566 = VECTOR('',#6567,1.);
#6567 = DIRECTION('',(1.,0.));
#6568 = ( GEOMETRIC_REPRESENTATION_CONTEXT(2) 
PARAMETRIC_REPRESENTATION_CONTEXT() REPRESENTATION_CONTEXT('2D SPACE',''
  ) );
#6569 = PCURVE('',#6570,#6575);
#6570 = CYLINDRICAL_SURFACE('',#6571,0.25);
#6571 = AXIS2_PLACEMENT_3D('',#6572,#6573,#6574);
#6572 = CARTESIAN_POINT('',(-7.1,-15.37435180653,13.45));
#6573 = DIRECTION('',(1.,0.,0.));
#6574 = DIRECTION('',(0.,0.,-1.));
#6575 = DEFINITIONAL_REPRESENTATION('',(#6576),#6580);
#6576 = LINE('',#6577,#6578);
#6577 = CARTESIAN_POINT('',(1.518436449235,0.));
#6578 = VECTOR('',#6579,1.);
#6579 = DIRECTION('',(0.,1.));
#6580 = ( GEOMETRIC_REPRESENTATION_CONTEXT(2) 
PARAMETRIC_REPRESENTATION_CONTEXT() REPRESENTATION_CONTEXT('2D SPACE',''
  ) );
#6581 = ORIENTED_EDGE('',*,*,#6582,.T.);
#6582 = EDGE_CURVE('',#6555,#5540,#6583,.T.);
#6583 = SURFACE_CURVE('',#6584,(#6587,#6593),.PCURVE_S1.);
#6584 = B_SPLINE_CURVE_WITH_KNOTS('',1,(#6585,#6586),.UNSPECIFIED.,.F.,
  .F.,(2,2),(0.,1.),.PIECEWISE_BEZIER_KNOTS.);
#6585 = CARTESIAN_POINT('',(7.1,-15.2,12.));
#6586 = CARTESIAN_POINT('',(7.1,-14.48725420175,25.6));
#6587 = PCURVE('',#6156,#6588);
#6588 = DEFINITIONAL_REPRESENTATION('',(#6589),#6592);
#6589 = B_SPLINE_CURVE_WITH_KNOTS('',1,(#6590,#6591),.UNSPECIFIED.,.F.,
  .F.,(2,2),(0.,1.),.PIECEWISE_BEZIER_KNOTS.);
#6590 = CARTESIAN_POINT('',(14.2,-13.61866390557));
#6591 = CARTESIAN_POINT('',(14.2,0.));
#6592 = ( GEOMETRIC_REPRESENTATION_CONTEXT(2) 
PARAMETRIC_REPRESENTATION_CONTEXT() REPRESENTATION_CONTEXT('2D SPACE',''
  ) );
#6593 = PCURVE('',#5675,#6594);
#6594 = DEFINITIONAL_REPRESENTATION('',(#6595),#6598);
#6595 = B_SPLINE_CURVE_WITH_KNOTS('',1,(#6596,#6597),.UNSPECIFIED.,.F.,
  .F.,(2,2),(0.,1.),.PIECEWISE_BEZIER_KNOTS.);
#6596 = CARTESIAN_POINT('',(6.28318530718,0.));
#6597 = CARTESIAN_POINT('',(6.28318530718,-13.6));
#6598 = ( GEOMETRIC_REPRESENTATION_CONTEXT(2) 
PARAMETRIC_REPRESENTATION_CONTEXT() REPRESENTATION_CONTEXT('2D SPACE',''
  ) );
#6599 = ORIENTED_EDGE('',*,*,#6118,.T.);
#6600 = ADVANCED_FACE('',(#6601),#6570,.F.);
#6601 = FACE_BOUND('',#6602,.F.);
#6602 = EDGE_LOOP('',(#6603,#6632,#6652,#6653));
#6603 = ORIENTED_EDGE('',*,*,#6604,.F.);
#6604 = EDGE_CURVE('',#6605,#6607,#6609,.T.);
#6605 = VERTEX_POINT('',#6606);
#6606 = CARTESIAN_POINT('',(-7.1,-15.25,13.233120705897));
#6607 = VERTEX_POINT('',#6608);
#6608 = CARTESIAN_POINT('',(7.1,-15.25,13.233120705897));
#6609 = SURFACE_CURVE('',#6610,(#6614,#6620),.PCURVE_S1.);
#6610 = LINE('',#6611,#6612);
#6611 = CARTESIAN_POINT('',(-7.1,-15.25,13.233120705897));
#6612 = VECTOR('',#6613,1.);
#6613 = DIRECTION('',(1.,0.,0.));
#6614 = PCURVE('',#6570,#6615);
#6615 = DEFINITIONAL_REPRESENTATION('',(#6616),#6619);
#6616 = B_SPLINE_CURVE_WITH_KNOTS('',1,(#6617,#6618),.UNSPECIFIED.,.F.,
  .F.,(2,2),(-5.999999981299E-07,14.2000006),.PIECEWISE_BEZIER_KNOTS.);
#6617 = CARTESIAN_POINT('',(0.520607476809,-5.999999981299E-07));
#6618 = CARTESIAN_POINT('',(0.520607476809,14.2000006));
#6619 = ( GEOMETRIC_REPRESENTATION_CONTEXT(2) 
PARAMETRIC_REPRESENTATION_CONTEXT() REPRESENTATION_CONTEXT('2D SPACE',''
  ) );
#6620 = PCURVE('',#6621,#6626);
#6621 = PLANE('',#6622);
#6622 = AXIS2_PLACEMENT_3D('',#6623,#6624,#6625);
#6623 = CARTESIAN_POINT('',(-7.1,-15.25,11.9));
#6624 = DIRECTION('',(0.,1.,0.));
#6625 = DIRECTION('',(1.,0.,0.));
#6626 = DEFINITIONAL_REPRESENTATION('',(#6627),#6631);
#6627 = LINE('',#6628,#6629);
#6628 = CARTESIAN_POINT('',(0.,-1.333120705897));
#6629 = VECTOR('',#6630,1.);
#6630 = DIRECTION('',(1.,0.));
#6631 = ( GEOMETRIC_REPRESENTATION_CONTEXT(2) 
PARAMETRIC_REPRESENTATION_CONTEXT() REPRESENTATION_CONTEXT('2D SPACE',''
  ) );
#6632 = ORIENTED_EDGE('',*,*,#6633,.T.);
#6633 = EDGE_CURVE('',#6605,#6508,#6634,.T.);
#6634 = SURFACE_CURVE('',#6635,(#6640,#6646),.PCURVE_S1.);
#6635 = CIRCLE('',#6636,0.25);
#6636 = AXIS2_PLACEMENT_3D('',#6637,#6638,#6639);
#6637 = CARTESIAN_POINT('',(-7.1,-15.37435180653,13.45));
#6638 = DIRECTION('',(1.,7.383289036628E-16,0.));
#6639 = DIRECTION('',(7.383289036628E-16,-1.,0.));
#6640 = PCURVE('',#6570,#6641);
#6641 = DEFINITIONAL_REPRESENTATION('',(#6642),#6645);
#6642 = B_SPLINE_CURVE_WITH_KNOTS('',1,(#6643,#6644),.UNSPECIFIED.,.F.,
  .F.,(2,2),(1.570796326795,3.08923277603),.PIECEWISE_BEZIER_KNOTS.);
#6643 = CARTESIAN_POINT('',(0.,1.682515825295E-15));
#6644 = CARTESIAN_POINT('',(1.518436449235,1.682515825295E-15));
#6645 = ( GEOMETRIC_REPRESENTATION_CONTEXT(2) 
PARAMETRIC_REPRESENTATION_CONTEXT() REPRESENTATION_CONTEXT('2D SPACE',''
  ) );
#6646 = PCURVE('',#4002,#6647);
#6647 = DEFINITIONAL_REPRESENTATION('',(#6648),#6651);
#6648 = B_SPLINE_CURVE_WITH_KNOTS('',1,(#6649,#6650),.UNSPECIFIED.,.F.,
  .F.,(2,2),(1.570796326795,3.08923277603),.PIECEWISE_BEZIER_KNOTS.);
#6649 = CARTESIAN_POINT('',(4.712388980385,1.570796326795));
#6650 = CARTESIAN_POINT('',(4.712388980385,3.08923277603));
#6651 = ( GEOMETRIC_REPRESENTATION_CONTEXT(2) 
PARAMETRIC_REPRESENTATION_CONTEXT() REPRESENTATION_CONTEXT('2D SPACE',''
  ) );
#6652 = ORIENTED_EDGE('',*,*,#6554,.T.);
#6653 = ORIENTED_EDGE('',*,*,#6654,.F.);
#6654 = EDGE_CURVE('',#6607,#6555,#6655,.T.);
#6655 = SURFACE_CURVE('',#6656,(#6661,#6667),.PCURVE_S1.);
#6656 = CIRCLE('',#6657,0.25);
#6657 = AXIS2_PLACEMENT_3D('',#6658,#6659,#6660);
#6658 = CARTESIAN_POINT('',(7.1,-15.37435180653,13.45));
#6659 = DIRECTION('',(1.,-1.7723435216E-16,0.));
#6660 = DIRECTION('',(-1.7723435216E-16,-1.,0.));
#6661 = PCURVE('',#6570,#6662);
#6662 = DEFINITIONAL_REPRESENTATION('',(#6663),#6666);
#6663 = B_SPLINE_CURVE_WITH_KNOTS('',1,(#6664,#6665),.UNSPECIFIED.,.F.,
  .F.,(2,2),(1.570796326795,3.08923277603),.PIECEWISE_BEZIER_KNOTS.);
#6664 = CARTESIAN_POINT('',(0.,14.2));
#6665 = CARTESIAN_POINT('',(1.518436449235,14.2));
#6666 = ( GEOMETRIC_REPRESENTATION_CONTEXT(2) 
PARAMETRIC_REPRESENTATION_CONTEXT() REPRESENTATION_CONTEXT('2D SPACE',''
  ) );
#6667 = PCURVE('',#6668,#6673);
#6668 = TOROIDAL_SURFACE('',#6669,3.874351806539,0.25);
#6669 = AXIS2_PLACEMENT_3D('',#6670,#6671,#6672);
#6670 = CARTESIAN_POINT('',(7.1,-11.5,13.45));
#6671 = DIRECTION('',(-0.,-0.,-1.));
#6672 = DIRECTION('',(-1.95359119156E-15,-1.,0.));
#6673 = DEFINITIONAL_REPRESENTATION('',(#6674),#6677);
#6674 = B_SPLINE_CURVE_WITH_KNOTS('',1,(#6675,#6676),.UNSPECIFIED.,.F.,
  .F.,(2,2),(1.570796326795,3.08923277603),.PIECEWISE_BEZIER_KNOTS.);
#6675 = CARTESIAN_POINT('',(6.28318530718,1.570796326795));
#6676 = CARTESIAN_POINT('',(6.28318530718,3.08923277603));
#6677 = ( GEOMETRIC_REPRESENTATION_CONTEXT(2) 
PARAMETRIC_REPRESENTATION_CONTEXT() REPRESENTATION_CONTEXT('2D SPACE',''
  ) );
#6678 = ADVANCED_FACE('',(#6679),#6668,.F.);
#6679 = FACE_BOUND('',#6680,.F.);
#6680 = EDGE_LOOP('',(#6681,#6705,#6727,#6754));
#6681 = ORIENTED_EDGE('',*,*,#6682,.T.);
#6682 = EDGE_CURVE('',#6555,#6683,#6685,.T.);
#6683 = VERTEX_POINT('',#6684);
#6684 = CARTESIAN_POINT('',(10.72469442285,-11.5,13.436916010939));
#6685 = SURFACE_CURVE('',#6686,(#6691,#6698),.PCURVE_S1.);
#6686 = CIRCLE('',#6687,3.62469442285);
#6687 = AXIS2_PLACEMENT_3D('',#6688,#6689,#6690);
#6688 = CARTESIAN_POINT('',(7.1,-11.5,13.436916010939));
#6689 = DIRECTION('',(0.,0.,1.));
#6690 = DIRECTION('',(-1.95359119156E-15,-1.,0.));
#6691 = PCURVE('',#6668,#6692);
#6692 = DEFINITIONAL_REPRESENTATION('',(#6693),#6697);
#6693 = LINE('',#6694,#6695);
#6694 = CARTESIAN_POINT('',(6.28318530718,3.08923277603));
#6695 = VECTOR('',#6696,1.);
#6696 = DIRECTION('',(-1.,0.));
#6697 = ( GEOMETRIC_REPRESENTATION_CONTEXT(2) 
PARAMETRIC_REPRESENTATION_CONTEXT() REPRESENTATION_CONTEXT('2D SPACE',''
  ) );
#6698 = PCURVE('',#5675,#6699);
#6699 = DEFINITIONAL_REPRESENTATION('',(#6700),#6704);
#6700 = LINE('',#6701,#6702);
#6701 = CARTESIAN_POINT('',(6.28318530718,-1.436916010939));
#6702 = VECTOR('',#6703,1.);
#6703 = DIRECTION('',(-1.,-0.));
#6704 = ( GEOMETRIC_REPRESENTATION_CONTEXT(2) 
PARAMETRIC_REPRESENTATION_CONTEXT() REPRESENTATION_CONTEXT('2D SPACE',''
  ) );
#6705 = ORIENTED_EDGE('',*,*,#6706,.F.);
#6706 = EDGE_CURVE('',#6707,#6683,#6709,.T.);
#6707 = VERTEX_POINT('',#6708);
#6708 = CARTESIAN_POINT('',(10.85,-11.5,13.233120705897));
#6709 = SURFACE_CURVE('',#6710,(#6715,#6721),.PCURVE_S1.);
#6710 = CIRCLE('',#6711,0.25);
#6711 = AXIS2_PLACEMENT_3D('',#6712,#6713,#6714);
#6712 = CARTESIAN_POINT('',(10.974351806539,-11.5,13.45));
#6713 = DIRECTION('',(-2.056225177327E-16,1.,0.));
#6714 = DIRECTION('',(1.,2.056225177327E-16,0.));
#6715 = PCURVE('',#6668,#6716);
#6716 = DEFINITIONAL_REPRESENTATION('',(#6717),#6720);
#6717 = B_SPLINE_CURVE_WITH_KNOTS('',1,(#6718,#6719),.UNSPECIFIED.,.F.,
  .F.,(2,2),(1.570796326795,3.08923277603),.PIECEWISE_BEZIER_KNOTS.);
#6718 = CARTESIAN_POINT('',(4.712388980385,1.570796326795));
#6719 = CARTESIAN_POINT('',(4.712388980385,3.08923277603));
#6720 = ( GEOMETRIC_REPRESENTATION_CONTEXT(2) 
PARAMETRIC_REPRESENTATION_CONTEXT() REPRESENTATION_CONTEXT('2D SPACE',''
  ) );
#6721 = PCURVE('',#4084,#6722);
#6722 = DEFINITIONAL_REPRESENTATION('',(#6723),#6726);
#6723 = B_SPLINE_CURVE_WITH_KNOTS('',1,(#6724,#6725),.UNSPECIFIED.,.F.,
  .F.,(2,2),(1.570796326795,3.08923277603),.PIECEWISE_BEZIER_KNOTS.);
#6724 = CARTESIAN_POINT('',(0.,7.105427357601E-15));
#6725 = CARTESIAN_POINT('',(1.518436449235,7.105427357601E-15));
#6726 = ( GEOMETRIC_REPRESENTATION_CONTEXT(2) 
PARAMETRIC_REPRESENTATION_CONTEXT() REPRESENTATION_CONTEXT('2D SPACE',''
  ) );
#6727 = ORIENTED_EDGE('',*,*,#6728,.T.);
#6728 = EDGE_CURVE('',#6707,#6607,#6729,.T.);
#6729 = SURFACE_CURVE('',#6730,(#6735,#6742),.PCURVE_S1.);
#6730 = CIRCLE('',#6731,3.75);
#6731 = AXIS2_PLACEMENT_3D('',#6732,#6733,#6734);
#6732 = CARTESIAN_POINT('',(7.1,-11.5,13.233120705897));
#6733 = DIRECTION('',(0.,0.,-1.));
#6734 = DIRECTION('',(0.,1.,0.));
#6735 = PCURVE('',#6668,#6736);
#6736 = DEFINITIONAL_REPRESENTATION('',(#6737),#6741);
#6737 = LINE('',#6738,#6739);
#6738 = CARTESIAN_POINT('',(3.14159265359,2.091403803604));
#6739 = VECTOR('',#6740,1.);
#6740 = DIRECTION('',(1.,-0.));
#6741 = ( GEOMETRIC_REPRESENTATION_CONTEXT(2) 
PARAMETRIC_REPRESENTATION_CONTEXT() REPRESENTATION_CONTEXT('2D SPACE',''
  ) );
#6742 = PCURVE('',#6743,#6748);
#6743 = CYLINDRICAL_SURFACE('',#6744,3.75);
#6744 = AXIS2_PLACEMENT_3D('',#6745,#6746,#6747);
#6745 = CARTESIAN_POINT('',(7.1,-11.5,11.9));
#6746 = DIRECTION('',(-0.,-0.,-1.));
#6747 = DIRECTION('',(0.,-1.,0.));
#6748 = DEFINITIONAL_REPRESENTATION('',(#6749),#6753);
#6749 = LINE('',#6750,#6751);
#6750 = CARTESIAN_POINT('',(3.14159265359,-1.333120705897));
#6751 = VECTOR('',#6752,1.);
#6752 = DIRECTION('',(1.,-0.));
#6753 = ( GEOMETRIC_REPRESENTATION_CONTEXT(2) 
PARAMETRIC_REPRESENTATION_CONTEXT() REPRESENTATION_CONTEXT('2D SPACE',''
  ) );
#6754 = ORIENTED_EDGE('',*,*,#6654,.T.);
#6755 = ADVANCED_FACE('',(#6756),#6743,.F.);
#6756 = FACE_BOUND('',#6757,.F.);
#6757 = EDGE_LOOP('',(#6758,#6784,#6805,#6806));
#6758 = ORIENTED_EDGE('',*,*,#6759,.T.);
#6759 = EDGE_CURVE('',#6760,#6762,#6764,.T.);
#6760 = VERTEX_POINT('',#6761);
#6761 = CARTESIAN_POINT('',(10.85,-11.5,13.45));
#6762 = VERTEX_POINT('',#6763);
#6763 = CARTESIAN_POINT('',(7.1,-15.25,13.45));
#6764 = SURFACE_CURVE('',#6765,(#6770,#6777),.PCURVE_S1.);
#6765 = CIRCLE('',#6766,3.75);
#6766 = AXIS2_PLACEMENT_3D('',#6767,#6768,#6769);
#6767 = CARTESIAN_POINT('',(7.1,-11.5,13.45));
#6768 = DIRECTION('',(0.,0.,-1.));
#6769 = DIRECTION('',(1.,0.,0.));
#6770 = PCURVE('',#6743,#6771);
#6771 = DEFINITIONAL_REPRESENTATION('',(#6772),#6776);
#6772 = LINE('',#6773,#6774);
#6773 = CARTESIAN_POINT('',(4.712388980385,-1.55));
#6774 = VECTOR('',#6775,1.);
#6775 = DIRECTION('',(1.,-0.));
#6776 = ( GEOMETRIC_REPRESENTATION_CONTEXT(2) 
PARAMETRIC_REPRESENTATION_CONTEXT() REPRESENTATION_CONTEXT('2D SPACE',''
  ) );
#6777 = PCURVE('',#3610,#6778);
#6778 = DEFINITIONAL_REPRESENTATION('',(#6779),#6783);
#6779 = LINE('',#6780,#6781);
#6780 = CARTESIAN_POINT('',(6.28318530718,3.14159265359));
#6781 = VECTOR('',#6782,1.);
#6782 = DIRECTION('',(-1.,0.));
#6783 = ( GEOMETRIC_REPRESENTATION_CONTEXT(2) 
PARAMETRIC_REPRESENTATION_CONTEXT() REPRESENTATION_CONTEXT('2D SPACE',''
  ) );
#6784 = ORIENTED_EDGE('',*,*,#6785,.F.);
#6785 = EDGE_CURVE('',#6607,#6762,#6786,.T.);
#6786 = SURFACE_CURVE('',#6787,(#6791,#6798),.PCURVE_S1.);
#6787 = LINE('',#6788,#6789);
#6788 = CARTESIAN_POINT('',(7.1,-15.25,11.9));
#6789 = VECTOR('',#6790,1.);
#6790 = DIRECTION('',(0.,0.,1.));
#6791 = PCURVE('',#6743,#6792);
#6792 = DEFINITIONAL_REPRESENTATION('',(#6793),#6797);
#6793 = LINE('',#6794,#6795);
#6794 = CARTESIAN_POINT('',(6.28318530718,0.));
#6795 = VECTOR('',#6796,1.);
#6796 = DIRECTION('',(-0.,-1.));
#6797 = ( GEOMETRIC_REPRESENTATION_CONTEXT(2) 
PARAMETRIC_REPRESENTATION_CONTEXT() REPRESENTATION_CONTEXT('2D SPACE',''
  ) );
#6798 = PCURVE('',#6621,#6799);
#6799 = DEFINITIONAL_REPRESENTATION('',(#6800),#6804);
#6800 = LINE('',#6801,#6802);
#6801 = CARTESIAN_POINT('',(14.2,0.));
#6802 = VECTOR('',#6803,1.);
#6803 = DIRECTION('',(0.,-1.));
#6804 = ( GEOMETRIC_REPRESENTATION_CONTEXT(2) 
PARAMETRIC_REPRESENTATION_CONTEXT() REPRESENTATION_CONTEXT('2D SPACE',''
  ) );
#6805 = ORIENTED_EDGE('',*,*,#6728,.F.);
#6806 = ORIENTED_EDGE('',*,*,#6807,.T.);
#6807 = EDGE_CURVE('',#6707,#6760,#6808,.T.);
#6808 = SURFACE_CURVE('',#6809,(#6813,#6820),.PCURVE_S1.);
#6809 = LINE('',#6810,#6811);
#6810 = CARTESIAN_POINT('',(10.85,-11.5,11.9));
#6811 = VECTOR('',#6812,1.);
#6812 = DIRECTION('',(0.,0.,1.));
#6813 = PCURVE('',#6743,#6814);
#6814 = DEFINITIONAL_REPRESENTATION('',(#6815),#6819);
#6815 = LINE('',#6816,#6817);
#6816 = CARTESIAN_POINT('',(4.712388980385,0.));
#6817 = VECTOR('',#6818,1.);
#6818 = DIRECTION('',(-0.,-1.));
#6819 = ( GEOMETRIC_REPRESENTATION_CONTEXT(2) 
PARAMETRIC_REPRESENTATION_CONTEXT() REPRESENTATION_CONTEXT('2D SPACE',''
  ) );
#6820 = PCURVE('',#6821,#6826);
#6821 = PLANE('',#6822);
#6822 = AXIS2_PLACEMENT_3D('',#6823,#6824,#6825);
#6823 = CARTESIAN_POINT('',(10.85,-11.5,11.9));
#6824 = DIRECTION('',(-1.,0.,0.));
#6825 = DIRECTION('',(0.,1.,0.));
#6826 = DEFINITIONAL_REPRESENTATION('',(#6827),#6831);
#6827 = LINE('',#6828,#6829);
#6828 = CARTESIAN_POINT('',(0.,0.));
#6829 = VECTOR('',#6830,1.);
#6830 = DIRECTION('',(0.,-1.));
#6831 = ( GEOMETRIC_REPRESENTATION_CONTEXT(2) 
PARAMETRIC_REPRESENTATION_CONTEXT() REPRESENTATION_CONTEXT('2D SPACE',''
  ) );
#6832 = ADVANCED_FACE('',(#6833),#6821,.T.);
#6833 = FACE_BOUND('',#6834,.T.);
#6834 = EDGE_LOOP('',(#6835,#6858,#6878,#6879));
#6835 = ORIENTED_EDGE('',*,*,#6836,.F.);
#6836 = EDGE_CURVE('',#4047,#6837,#6839,.T.);
#6837 = VERTEX_POINT('',#6838);
#6838 = CARTESIAN_POINT('',(10.85,9.,13.45));
#6839 = SURFACE_CURVE('',#6840,(#6844,#6851),.PCURVE_S1.);
#6840 = LINE('',#6841,#6842);
#6841 = CARTESIAN_POINT('',(10.85,9.,11.9));
#6842 = VECTOR('',#6843,1.);
#6843 = DIRECTION('',(0.,0.,1.));
#6844 = PCURVE('',#6821,#6845);
#6845 = DEFINITIONAL_REPRESENTATION('',(#6846),#6850);
#6846 = LINE('',#6847,#6848);
#6847 = CARTESIAN_POINT('',(20.5,0.));
#6848 = VECTOR('',#6849,1.);
#6849 = DIRECTION('',(0.,-1.));
#6850 = ( GEOMETRIC_REPRESENTATION_CONTEXT(2) 
PARAMETRIC_REPRESENTATION_CONTEXT() REPRESENTATION_CONTEXT('2D SPACE',''
  ) );
#6851 = PCURVE('',#3916,#6852);
#6852 = DEFINITIONAL_REPRESENTATION('',(#6853),#6857);
#6853 = LINE('',#6854,#6855);
#6854 = CARTESIAN_POINT('',(6.28318530718,0.));
#6855 = VECTOR('',#6856,1.);
#6856 = DIRECTION('',(-0.,-1.));
#6857 = ( GEOMETRIC_REPRESENTATION_CONTEXT(2) 
PARAMETRIC_REPRESENTATION_CONTEXT() REPRESENTATION_CONTEXT('2D SPACE',''
  ) );
#6858 = ORIENTED_EDGE('',*,*,#6859,.F.);
#6859 = EDGE_CURVE('',#6707,#4047,#6860,.T.);
#6860 = SURFACE_CURVE('',#6861,(#6865,#6872),.PCURVE_S1.);
#6861 = LINE('',#6862,#6863);
#6862 = CARTESIAN_POINT('',(10.85,-11.5,13.233120705897));
#6863 = VECTOR('',#6864,1.);
#6864 = DIRECTION('',(0.,1.,0.));
#6865 = PCURVE('',#6821,#6866);
#6866 = DEFINITIONAL_REPRESENTATION('',(#6867),#6871);
#6867 = LINE('',#6868,#6869);
#6868 = CARTESIAN_POINT('',(0.,-1.333120705897));
#6869 = VECTOR('',#6870,1.);
#6870 = DIRECTION('',(1.,0.));
#6871 = ( GEOMETRIC_REPRESENTATION_CONTEXT(2) 
PARAMETRIC_REPRESENTATION_CONTEXT() REPRESENTATION_CONTEXT('2D SPACE',''
  ) );
#6872 = PCURVE('',#4084,#6873);
#6873 = DEFINITIONAL_REPRESENTATION('',(#6874),#6877);
#6874 = B_SPLINE_CURVE_WITH_KNOTS('',1,(#6875,#6876),.UNSPECIFIED.,.F.,
  .F.,(2,2),(-5.999999928008E-07,20.5000006),.PIECEWISE_BEZIER_KNOTS.);
#6875 = CARTESIAN_POINT('',(0.520607476809,-5.999999928008E-07));
#6876 = CARTESIAN_POINT('',(0.520607476809,20.5000006));
#6877 = ( GEOMETRIC_REPRESENTATION_CONTEXT(2) 
PARAMETRIC_REPRESENTATION_CONTEXT() REPRESENTATION_CONTEXT('2D SPACE',''
  ) );
#6878 = ORIENTED_EDGE('',*,*,#6807,.T.);
#6879 = ORIENTED_EDGE('',*,*,#6880,.F.);
#6880 = EDGE_CURVE('',#6837,#6760,#6881,.T.);
#6881 = SURFACE_CURVE('',#6882,(#6886,#6893),.PCURVE_S1.);
#6882 = LINE('',#6883,#6884);
#6883 = CARTESIAN_POINT('',(10.85,9.,13.45));
#6884 = VECTOR('',#6885,1.);
#6885 = DIRECTION('',(0.,-1.,0.));
#6886 = PCURVE('',#6821,#6887);
#6887 = DEFINITIONAL_REPRESENTATION('',(#6888),#6892);
#6888 = LINE('',#6889,#6890);
#6889 = CARTESIAN_POINT('',(20.5,-1.55));
#6890 = VECTOR('',#6891,1.);
#6891 = DIRECTION('',(-1.,0.));
#6892 = ( GEOMETRIC_REPRESENTATION_CONTEXT(2) 
PARAMETRIC_REPRESENTATION_CONTEXT() REPRESENTATION_CONTEXT('2D SPACE',''
  ) );
#6893 = PCURVE('',#3758,#6894);
#6894 = DEFINITIONAL_REPRESENTATION('',(#6895),#6899);
#6895 = LINE('',#6896,#6897);
#6896 = CARTESIAN_POINT('',(1.570796326795,0.));
#6897 = VECTOR('',#6898,1.);
#6898 = DIRECTION('',(0.,1.));
#6899 = ( GEOMETRIC_REPRESENTATION_CONTEXT(2) 
PARAMETRIC_REPRESENTATION_CONTEXT() REPRESENTATION_CONTEXT('2D SPACE',''
  ) );
#6900 = ADVANCED_FACE('',(#6901),#6621,.T.);
#6901 = FACE_BOUND('',#6902,.T.);
#6902 = EDGE_LOOP('',(#6903,#6904,#6905,#6928));
#6903 = ORIENTED_EDGE('',*,*,#6785,.F.);
#6904 = ORIENTED_EDGE('',*,*,#6604,.F.);
#6905 = ORIENTED_EDGE('',*,*,#6906,.T.);
#6906 = EDGE_CURVE('',#6605,#6907,#6909,.T.);
#6907 = VERTEX_POINT('',#6908);
#6908 = CARTESIAN_POINT('',(-7.1,-15.25,13.45));
#6909 = SURFACE_CURVE('',#6910,(#6914,#6921),.PCURVE_S1.);
#6910 = LINE('',#6911,#6912);
#6911 = CARTESIAN_POINT('',(-7.1,-15.25,11.9));
#6912 = VECTOR('',#6913,1.);
#6913 = DIRECTION('',(0.,0.,1.));
#6914 = PCURVE('',#6621,#6915);
#6915 = DEFINITIONAL_REPRESENTATION('',(#6916),#6920);
#6916 = LINE('',#6917,#6918);
#6917 = CARTESIAN_POINT('',(0.,0.));
#6918 = VECTOR('',#6919,1.);
#6919 = DIRECTION('',(0.,-1.));
#6920 = ( GEOMETRIC_REPRESENTATION_CONTEXT(2) 
PARAMETRIC_REPRESENTATION_CONTEXT() REPRESENTATION_CONTEXT('2D SPACE',''
  ) );
#6921 = PCURVE('',#3863,#6922);
#6922 = DEFINITIONAL_REPRESENTATION('',(#6923),#6927);
#6923 = LINE('',#6924,#6925);
#6924 = CARTESIAN_POINT('',(4.712388980385,0.));
#6925 = VECTOR('',#6926,1.);
#6926 = DIRECTION('',(-0.,-1.));
#6927 = ( GEOMETRIC_REPRESENTATION_CONTEXT(2) 
PARAMETRIC_REPRESENTATION_CONTEXT() REPRESENTATION_CONTEXT('2D SPACE',''
  ) );
#6928 = ORIENTED_EDGE('',*,*,#6929,.F.);
#6929 = EDGE_CURVE('',#6762,#6907,#6930,.T.);
#6930 = SURFACE_CURVE('',#6931,(#6935,#6942),.PCURVE_S1.);
#6931 = LINE('',#6932,#6933);
#6932 = CARTESIAN_POINT('',(7.1,-15.25,13.45));
#6933 = VECTOR('',#6934,1.);
#6934 = DIRECTION('',(-1.,0.,0.));
#6935 = PCURVE('',#6621,#6936);
#6936 = DEFINITIONAL_REPRESENTATION('',(#6937),#6941);
#6937 = LINE('',#6938,#6939);
#6938 = CARTESIAN_POINT('',(14.2,-1.55));
#6939 = VECTOR('',#6940,1.);
#6940 = DIRECTION('',(-1.,0.));
#6941 = ( GEOMETRIC_REPRESENTATION_CONTEXT(2) 
PARAMETRIC_REPRESENTATION_CONTEXT() REPRESENTATION_CONTEXT('2D SPACE',''
  ) );
#6942 = PCURVE('',#3638,#6943);
#6943 = DEFINITIONAL_REPRESENTATION('',(#6944),#6948);
#6944 = LINE('',#6945,#6946);
#6945 = CARTESIAN_POINT('',(1.570796326795,0.));
#6946 = VECTOR('',#6947,1.);
#6947 = DIRECTION('',(0.,1.));
#6948 = ( GEOMETRIC_REPRESENTATION_CONTEXT(2) 
PARAMETRIC_REPRESENTATION_CONTEXT() REPRESENTATION_CONTEXT('2D SPACE',''
  ) );
#6949 = ADVANCED_FACE('',(#6950),#5675,.T.);
#6950 = FACE_BOUND('',#6951,.T.);
#6951 = EDGE_LOOP('',(#6952,#6953,#6954,#6972));
#6952 = ORIENTED_EDGE('',*,*,#6582,.F.);
#6953 = ORIENTED_EDGE('',*,*,#6682,.T.);
#6954 = ORIENTED_EDGE('',*,*,#6955,.T.);
#6955 = EDGE_CURVE('',#6683,#5262,#6956,.T.);
#6956 = SURFACE_CURVE('',#6957,(#6960,#6966),.PCURVE_S1.);
#6957 = B_SPLINE_CURVE_WITH_KNOTS('',1,(#6958,#6959),.UNSPECIFIED.,.F.,
  .F.,(2,2),(0.,1.),.PIECEWISE_BEZIER_KNOTS.);
#6958 = CARTESIAN_POINT('',(10.8,-11.5,12.));
#6959 = CARTESIAN_POINT('',(10.087254201751,-11.5,25.6));
#6960 = PCURVE('',#5675,#6961);
#6961 = DEFINITIONAL_REPRESENTATION('',(#6962),#6965);
#6962 = B_SPLINE_CURVE_WITH_KNOTS('',1,(#6963,#6964),.UNSPECIFIED.,.F.,
  .F.,(2,2),(0.,1.),.PIECEWISE_BEZIER_KNOTS.);
#6963 = CARTESIAN_POINT('',(4.712388980385,0.));
#6964 = CARTESIAN_POINT('',(4.712388980385,-13.6));
#6965 = ( GEOMETRIC_REPRESENTATION_CONTEXT(2) 
PARAMETRIC_REPRESENTATION_CONTEXT() REPRESENTATION_CONTEXT('2D SPACE',''
  ) );
#6966 = PCURVE('',#4112,#6967);
#6967 = DEFINITIONAL_REPRESENTATION('',(#6968),#6971);
#6968 = B_SPLINE_CURVE_WITH_KNOTS('',1,(#6969,#6970),.UNSPECIFIED.,.F.,
  .F.,(2,2),(0.,1.),.PIECEWISE_BEZIER_KNOTS.);
#6969 = CARTESIAN_POINT('',(0.,-13.61866390557));
#6970 = CARTESIAN_POINT('',(0.,0.));
#6971 = ( GEOMETRIC_REPRESENTATION_CONTEXT(2) 
PARAMETRIC_REPRESENTATION_CONTEXT() REPRESENTATION_CONTEXT('2D SPACE',''
  ) );
#6972 = ORIENTED_EDGE('',*,*,#5642,.T.);
#6973 = ADVANCED_FACE('',(#6974),#4700,.T.);
#6974 = FACE_BOUND('',#6975,.T.);
#6975 = EDGE_LOOP('',(#6976,#7000,#7001,#7002,#7003,#7225,#7226,#7227,
    #7228));
#6976 = ORIENTED_EDGE('',*,*,#6977,.T.);
#6977 = EDGE_CURVE('',#4907,#6978,#6980,.T.);
#6978 = VERTEX_POINT('',#6979);
#6979 = CARTESIAN_POINT('',(0.,0.,22.6));
#6980 = SEAM_CURVE('',#6981,(#6986,#6993),.PCURVE_S1.);
#6981 = CIRCLE('',#6982,101.2);
#6982 = AXIS2_PLACEMENT_3D('',#6983,#6984,#6985);
#6983 = CARTESIAN_POINT('',(0.,0.,-78.6));
#6984 = DIRECTION('',(-2.449293598295E-16,-1.,0.));
#6985 = DIRECTION('',(1.,-2.449293598295E-16,0.));
#6986 = PCURVE('',#4700,#6987);
#6987 = DEFINITIONAL_REPRESENTATION('',(#6988),#6992);
#6988 = LINE('',#6989,#6990);
#6989 = CARTESIAN_POINT('',(6.28318530718,-4.138911435803E-13));
#6990 = VECTOR('',#6991,1.);
#6991 = DIRECTION('',(0.,1.));
#6992 = ( GEOMETRIC_REPRESENTATION_CONTEXT(2) 
PARAMETRIC_REPRESENTATION_CONTEXT() REPRESENTATION_CONTEXT('2D SPACE',''
  ) );
#6993 = PCURVE('',#4700,#6994);
#6994 = DEFINITIONAL_REPRESENTATION('',(#6995),#6999);
#6995 = LINE('',#6996,#6997);
#6996 = CARTESIAN_POINT('',(4.138911435803E-13,-4.138911435803E-13));
#6997 = VECTOR('',#6998,1.);
#6998 = DIRECTION('',(0.,1.));
#6999 = ( GEOMETRIC_REPRESENTATION_CONTEXT(2) 
PARAMETRIC_REPRESENTATION_CONTEXT() REPRESENTATION_CONTEXT('2D SPACE',''
  ) );
#7000 = ORIENTED_EDGE('',*,*,#6977,.F.);
#7001 = ORIENTED_EDGE('',*,*,#4906,.F.);
#7002 = ORIENTED_EDGE('',*,*,#4620,.F.);
#7003 = ORIENTED_EDGE('',*,*,#7004,.F.);
#7004 = EDGE_CURVE('',#6197,#4497,#7005,.T.);
#7005 = SURFACE_CURVE('',#7006,(#7041,#7218),.PCURVE_S1.);
#7006 = B_SPLINE_CURVE_WITH_KNOTS('',9,(#7007,#7008,#7009,#7010,#7011,
    #7012,#7013,#7014,#7015,#7016,#7017,#7018,#7019,#7020,#7021,#7022,
    #7023,#7024,#7025,#7026,#7027,#7028,#7029,#7030,#7031,#7032,#7033,
    #7034,#7035,#7036,#7037,#7038,#7039,#7040),.UNSPECIFIED.,.F.,.F.,(10
    ,8,8,8,10),(19.03644639785,19.242637220249,29.527530635861,
    39.812424051472,39.983267570155),.UNSPECIFIED.);
#7007 = CARTESIAN_POINT('',(-8.395623662272,-11.62034282024,
    21.579444678344));
#7008 = CARTESIAN_POINT('',(-8.394715595922,-11.60933053747,
    21.580798152451));
#7009 = CARTESIAN_POINT('',(-8.393950530587,-11.59768804607,
    21.582211142165));
#7010 = CARTESIAN_POINT('',(-8.393312951563,-11.58527707988,
    21.583701055272));
#7011 = CARTESIAN_POINT('',(-8.392788099749,-11.57192175983,
    21.585289243214));
#7012 = CARTESIAN_POINT('',(-8.392361971649,-11.55740859385,
    21.587001001083));
#7013 = CARTESIAN_POINT('',(-8.39202131937,-11.54148647699,
    21.588865567628));
#7014 = CARTESIAN_POINT('',(-8.391753650622,-11.52386669131,
    21.590916125251));
#7015 = CARTESIAN_POINT('',(-8.39154722872,-11.50422290596,
    21.593189800007));
#7016 = CARTESIAN_POINT('',(-8.383601932384,-10.3832383714,
    21.722317369845));
#7017 = CARTESIAN_POINT('',(-8.378074386812,-9.263248184745,
    21.837388613369));
#7018 = CARTESIAN_POINT('',(-8.372637083426,-8.128645495898,
    21.939547078188));
#7019 = CARTESIAN_POINT('',(-8.368093096406,-6.988127167245,
    22.027326794854));
#7020 = CARTESIAN_POINT('',(-8.364198660789,-5.844001486926,
    22.100631771529));
#7021 = CARTESIAN_POINT('',(-8.361136963431,-4.698853268677,
    22.159163600884));
#7022 = CARTESIAN_POINT('',(-8.358827988339,-3.553150179292,
    22.202996319634));
#7023 = CARTESIAN_POINT('',(-8.357300030976,-2.407415171849,
    22.232100407073));
#7024 = CARTESIAN_POINT('',(-8.355787862979,-0.116235315068,
    22.260893723285));
#7025 = CARTESIAN_POINT('',(-8.355804470679,1.029204734778,
    22.260581911426));
#7026 = CARTESIAN_POINT('',(-8.356592372411,2.174282291728,
    22.245573303421));
#7027 = CARTESIAN_POINT('',(-8.358147884276,3.318932196713,
    22.215887454354));
#7028 = CARTESIAN_POINT('',(-8.360476413682,4.462948738131,
    22.171522306927));
#7029 = CARTESIAN_POINT('',(-8.363565463251,5.605712161617,
    22.112507631947));
#7030 = CARTESIAN_POINT('',(-8.367427775386,6.74622175313,
    22.038913447089));
#7031 = CARTESIAN_POINT('',(-8.372004226341,7.882604823062,
    21.950987589736));
#7032 = CARTESIAN_POINT('',(-8.377502795937,9.031249921859,
    21.847470485219));
#7033 = CARTESIAN_POINT('',(-8.377594103371,9.049359438335,
    21.845834118049));
#7034 = CARTESIAN_POINT('',(-8.377687986867,9.066914722724,
    21.844243729522));
#7035 = CARTESIAN_POINT('',(-8.377785566465,9.084009064654,
    21.842691186385));
#7036 = CARTESIAN_POINT('',(-8.377887968686,9.100724285096,
    21.841169313907));
#7037 = CARTESIAN_POINT('',(-8.377996326531,9.117130736339,
    21.839671895877));
#7038 = CARTESIAN_POINT('',(-8.37811177948,9.13328730202,21.838193674602
    ));
#7039 = CARTESIAN_POINT('',(-8.378235473495,9.149241397096,
    21.836730350908));
#7040 = CARTESIAN_POINT('',(-8.378368561016,9.165028967865,
    21.835278584141));
#7041 = PCURVE('',#4700,#7042);
#7042 = DEFINITIONAL_REPRESENTATION('',(#7043),#7217);
#7043 = B_SPLINE_CURVE_WITH_KNOTS('',10,(#7044,#7045,#7046,#7047,#7048,
    #7049,#7050,#7051,#7052,#7053,#7054,#7055,#7056,#7057,#7058,#7059,
    #7060,#7061,#7062,#7063,#7064,#7065,#7066,#7067,#7068,#7069,#7070,
    #7071,#7072,#7073,#7074,#7075,#7076,#7077,#7078,#7079,#7080,#7081,
    #7082,#7083,#7084,#7085,#7086,#7087,#7088,#7089,#7090,#7091,#7092,
    #7093,#7094,#7095,#7096,#7097,#7098,#7099,#7100,#7101,#7102,#7103,
    #7104,#7105,#7106,#7107,#7108,#7109,#7110,#7111,#7112,#7113,#7114,
    #7115,#7116,#7117,#7118,#7119,#7120,#7121,#7122,#7123,#7124,#7125,
    #7126,#7127,#7128,#7129,#7130,#7131,#7132,#7133,#7134,#7135,#7136,
    #7137,#7138,#7139,#7140,#7141,#7142,#7143,#7144,#7145,#7146,#7147,
    #7148,#7149,#7150,#7151,#7152,#7153,#7154,#7155,#7156,#7157,#7158,
    #7159,#7160,#7161,#7162,#7163,#7164,#7165,#7166,#7167,#7168,#7169,
    #7170,#7171,#7172,#7173,#7174,#7175,#7176,#7177,#7178,#7179,#7180,
    #7181,#7182,#7183,#7184,#7185,#7186,#7187,#7188,#7189,#7190,#7191,
    #7192,#7193,#7194,#7195,#7196,#7197,#7198,#7199,#7200,#7201,#7202,
    #7203,#7204,#7205,#7206,#7207,#7208,#7209,#7210,#7211,#7212,#7213,
    #7214,#7215,#7216),.UNSPECIFIED.,.F.,.F.,(11,9,9,9,9,9,9,9,9,9,9,9,9
    ,9,9,9,9,9,9,11),(19.03644639785,19.200093438259,19.241005198361,
    19.281916958463,19.363740478667,19.691034559484,20.345622721119,
    21.654799044388,24.273151690926,29.509856984003,34.746562277079,
    37.364914923617,38.674091246886,39.328679408521,39.655973489338,
    39.737797009542,39.778708769645,39.799164649696,39.819620529747,
    39.983267570155),.UNSPECIFIED.);
#7044 = CARTESIAN_POINT('',(4.086725593924,1.428658829036));
#7045 = CARTESIAN_POINT('',(4.086440932162,1.428726267153));
#7046 = CARTESIAN_POINT('',(4.086138873919,1.428795837277));
#7047 = CARTESIAN_POINT('',(4.085817758844,1.428867962963));
#7048 = CARTESIAN_POINT('',(4.085475511375,1.428943137085));
#7049 = CARTESIAN_POINT('',(4.085109640711,1.429021921817));
#7050 = CARTESIAN_POINT('',(4.084717240849,1.429104948657));
#7051 = CARTESIAN_POINT('',(4.084294990542,1.429192918402));
#7052 = CARTESIAN_POINT('',(4.083839153338,1.42928660117));
#7053 = CARTESIAN_POINT('',(4.083345577553,1.429386836382));
#7054 = CARTESIAN_POINT('',(4.082675725967,1.429521456873));
#7055 = CARTESIAN_POINT('',(4.082539119126,1.429548846031));
#7056 = CARTESIAN_POINT('',(4.082399798728,1.429576715397));
#7057 = CARTESIAN_POINT('',(4.082257687734,1.429605080116));
#7058 = CARTESIAN_POINT('',(4.082112709117,1.429633955335));
#7059 = CARTESIAN_POINT('',(4.081964785832,1.429663356201));
#7060 = CARTESIAN_POINT('',(4.081813840855,1.42969329786));
#7061 = CARTESIAN_POINT('',(4.081659797143,1.429723795459));
#7062 = CARTESIAN_POINT('',(4.081502577666,1.429754864145));
#7063 = CARTESIAN_POINT('',(4.081181633109,1.429818173982));
#7064 = CARTESIAN_POINT('',(4.081016614704,1.429850655968));
#7065 = CARTESIAN_POINT('',(4.080861504732,1.429881272812));
#7066 = CARTESIAN_POINT('',(4.080689949906,1.429914932722));
#7067 = CARTESIAN_POINT('',(4.080538011126,1.429944919571));
#7068 = CARTESIAN_POINT('',(4.080368475902,1.429978163826));
#7069 = CARTESIAN_POINT('',(4.080210102491,1.430009309571));
#7070 = CARTESIAN_POINT('',(4.080046615442,1.430041387879));
#7071 = CARTESIAN_POINT('',(4.079884442416,1.430073201673));
#7072 = CARTESIAN_POINT('',(4.079397074444,1.430168741706));
#7073 = CARTESIAN_POINT('',(4.079071787366,1.430232425662));
#7074 = CARTESIAN_POINT('',(4.078746124727,1.430296100168));
#7075 = CARTESIAN_POINT('',(4.078420086047,1.430359765171));
#7076 = CARTESIAN_POINT('',(4.078093670874,1.430423420624));
#7077 = CARTESIAN_POINT('',(4.077766878718,1.430487066471));
#7078 = CARTESIAN_POINT('',(4.077439709128,1.430550702666));
#7079 = CARTESIAN_POINT('',(4.077112161622,1.430614329154));
#7080 = CARTESIAN_POINT('',(4.076784235737,1.430677945887));
#7081 = CARTESIAN_POINT('',(4.075142712061,1.430995980513));
#7082 = CARTESIAN_POINT('',(4.073823432476,1.431250251413));
#7083 = CARTESIAN_POINT('',(4.072498061273,1.431504362129));
#7084 = CARTESIAN_POINT('',(4.071166567494,1.431758309278));
#7085 = CARTESIAN_POINT('',(4.069828920156,1.432012089476));
#7086 = CARTESIAN_POINT('',(4.068485088308,1.432265699343));
#7087 = CARTESIAN_POINT('',(4.067135040965,1.432519135494));
#7088 = CARTESIAN_POINT('',(4.065778747171,1.432772394548));
#7089 = CARTESIAN_POINT('',(4.064416175951,1.433025473121));
#7090 = CARTESIAN_POINT('',(4.060309537115,1.43378415725));
#7091 = CARTESIAN_POINT('',(4.057546540468,1.434289210765));
#7092 = CARTESIAN_POINT('',(4.054758052299,1.434793500559));
#7093 = CARTESIAN_POINT('',(4.05194381536,1.435296998431));
#7094 = CARTESIAN_POINT('',(4.049103569266,1.435799675798));
#7095 = CARTESIAN_POINT('',(4.046237050484,1.436301503694));
#7096 = CARTESIAN_POINT('',(4.043343992341,1.436802452769));
#7097 = CARTESIAN_POINT('',(4.040424125018,1.43730249329));
#7098 = CARTESIAN_POINT('',(4.037477175555,1.437801595143));
#7099 = CARTESIAN_POINT('',(4.028554252432,1.439295993195));
#7100 = CARTESIAN_POINT('',(4.022496212357,1.440288382624));
#7101 = CARTESIAN_POINT('',(4.016326525502,1.441276652319));
#7102 = CARTESIAN_POINT('',(4.010042926769,1.442260554166));
#7103 = CARTESIAN_POINT('',(4.003643108065,1.443239835728));
#7104 = CARTESIAN_POINT('',(3.997124718326,1.444214240257));
#7105 = CARTESIAN_POINT('',(3.990485363487,1.445183506678));
#7106 = CARTESIAN_POINT('',(3.983722606515,1.446147369601));
#7107 = CARTESIAN_POINT('',(3.976833967379,1.447105559316));
#7108 = CARTESIAN_POINT('',(3.955782834454,1.449962286751));
#7109 = CARTESIAN_POINT('',(3.941235170942,1.451842984379));
#7110 = CARTESIAN_POINT('',(3.926153857056,1.453697702286));
#7111 = CARTESIAN_POINT('',(3.910518370866,1.455524184216));
#7112 = CARTESIAN_POINT('',(3.894307871986,1.45732010108));
#7113 = CARTESIAN_POINT('',(3.87750144359,1.459083043261));
#7114 = CARTESIAN_POINT('',(3.86007844858,1.460810514212));
#7115 = CARTESIAN_POINT('',(3.84201899976,1.462499925326));
#7116 = CARTESIAN_POINT('',(3.823304544151,1.464148592094));
#7117 = CARTESIAN_POINT('',(3.765146595714,1.468964010446));
#7118 = CARTESIAN_POINT('',(3.723688537815,1.472000184157));
#7119 = CARTESIAN_POINT('',(3.679412325572,1.474839999648));
#7120 = CARTESIAN_POINT('',(3.632219129248,1.477459702555));
#7121 = CARTESIAN_POINT('',(3.582066023272,1.479834131216));
#7122 = CARTESIAN_POINT('',(3.528998978693,1.481937080066));
#7123 = CARTESIAN_POINT('',(3.473194394699,1.483742506517));
#7124 = CARTESIAN_POINT('',(3.414994233365,1.485226633596));
#7125 = CARTESIAN_POINT('',(3.354906667022,1.486370478559));
#7126 = CARTESIAN_POINT('',(3.232155319711,1.487953153121));
#7127 = CARTESIAN_POINT('',(3.169493893234,1.488391820634));
#7128 = CARTESIAN_POINT('',(3.10614762673,1.488465899716));
#7129 = CARTESIAN_POINT('',(3.042823339187,1.488169132986));
#7130 = CARTESIAN_POINT('',(2.980274507666,1.487503673122));
#7131 = CARTESIAN_POINT('',(2.919208275369,1.486480832896));
#7132 = CARTESIAN_POINT('',(2.86018950555,1.485118924907));
#7133 = CARTESIAN_POINT('',(2.803604325913,1.483440261904));
#7134 = CARTESIAN_POINT('',(2.749700259932,1.481469341739));
#7135 = CARTESIAN_POINT('',(2.673046406771,1.478112077059));
#7136 = CARTESIAN_POINT('',(2.648195584537,1.476926164274));
#7137 = CARTESIAN_POINT('',(2.62406037582,1.475676578168));
#7138 = CARTESIAN_POINT('',(2.600648339983,1.474366471757));
#7139 = CARTESIAN_POINT('',(2.577960437755,1.47299897441));
#7140 = CARTESIAN_POINT('',(2.555992024614,1.471577166436));
#7141 = CARTESIAN_POINT('',(2.534733844146,1.470104053659));
#7142 = CARTESIAN_POINT('',(2.514173021425,1.468582542004));
#7143 = CARTESIAN_POINT('',(2.494294056384,1.467015412074));
#7144 = CARTESIAN_POINT('',(2.465472697585,1.464600234559));
#7145 = CARTESIAN_POINT('',(2.456031737624,1.463784430991));
#7146 = CARTESIAN_POINT('',(2.44675476225,1.462958215095));
#7147 = CARTESIAN_POINT('',(2.437639478508,1.462121911564));
#7148 = CARTESIAN_POINT('',(2.428683491477,1.461275837815));
#7149 = CARTESIAN_POINT('',(2.419884320197,1.460420304066));
#7150 = CARTESIAN_POINT('',(2.411239413609,1.459555613439));
#7151 = CARTESIAN_POINT('',(2.402746166481,1.458682062035));
#7152 = CARTESIAN_POINT('',(2.394401935346,1.457799939033));
#7153 = CARTESIAN_POINT('',(2.382105113974,1.456464320649));
#7154 = CARTESIAN_POINT('',(2.378042764484,1.456017044778));
#7155 = CARTESIAN_POINT('',(2.374016670148,1.455567732727));
#7156 = CARTESIAN_POINT('',(2.370026495147,1.455116418051));
#7157 = CARTESIAN_POINT('',(2.366071903666,1.454663134315));
#7158 = CARTESIAN_POINT('',(2.362152559887,1.454207915075));
#7159 = CARTESIAN_POINT('',(2.358268127996,1.453750793895));
#7160 = CARTESIAN_POINT('',(2.354418272175,1.453291804331));
#7161 = CARTESIAN_POINT('',(2.350602656608,1.452830979945));
#7162 = CARTESIAN_POINT('',(2.344930089914,1.452137041473));
#7163 = CARTESIAN_POINT('',(2.343047709306,1.451905277822));
#7164 = CARTESIAN_POINT('',(2.341173763053,1.451673067189));
#7165 = CARTESIAN_POINT('',(2.339308210561,1.451440413425));
#7166 = CARTESIAN_POINT('',(2.337451011218,1.45120732037));
#7167 = CARTESIAN_POINT('',(2.335602124437,1.450973791881));
#7168 = CARTESIAN_POINT('',(2.333761509605,1.450739831796));
#7169 = CARTESIAN_POINT('',(2.331929126131,1.450505443968));
#7170 = CARTESIAN_POINT('',(2.330104933409,1.450270632241));
#7171 = CARTESIAN_POINT('',(2.327834880198,1.449976592519));
#7172 = CARTESIAN_POINT('',(2.327381379033,1.449917758313));
#7173 = CARTESIAN_POINT('',(2.326928386736,1.449858897902));
#7174 = CARTESIAN_POINT('',(2.326475902702,1.449800011346));
#7175 = CARTESIAN_POINT('',(2.326023926319,1.4497410987));
#7176 = CARTESIAN_POINT('',(2.325572456984,1.449682160026));
#7177 = CARTESIAN_POINT('',(2.325121494087,1.449623195377));
#7178 = CARTESIAN_POINT('',(2.324671037021,1.449564204815));
#7179 = CARTESIAN_POINT('',(2.324221085178,1.449505188396));
#7180 = CARTESIAN_POINT('',(2.323546914338,1.449416625068));
#7181 = CARTESIAN_POINT('',(2.32332231688,1.449387097509));
#7182 = CARTESIAN_POINT('',(2.323097845503,1.449357563507));
#7183 = CARTESIAN_POINT('',(2.322873500133,1.44932802307));
#7184 = CARTESIAN_POINT('',(2.322649280694,1.449298476204));
#7185 = CARTESIAN_POINT('',(2.322425187112,1.449268922917));
#7186 = CARTESIAN_POINT('',(2.322201219313,1.449239363216));
#7187 = CARTESIAN_POINT('',(2.321977377222,1.449209797108));
#7188 = CARTESIAN_POINT('',(2.321753660764,1.4491802246));
#7189 = CARTESIAN_POINT('',(2.321418274414,1.449135856249));
#7190 = CARTESIAN_POINT('',(2.321306510354,1.4491210652));
#7191 = CARTESIAN_POINT('',(2.321194777675,1.449106272555));
#7192 = CARTESIAN_POINT('',(2.321083076367,1.449091478312));
#7193 = CARTESIAN_POINT('',(2.320971406421,1.449076682475));
#7194 = CARTESIAN_POINT('',(2.320859767827,1.449061885042));
#7195 = CARTESIAN_POINT('',(2.320748160578,1.449047086016));
#7196 = CARTESIAN_POINT('',(2.320636584663,1.449032285397));
#7197 = CARTESIAN_POINT('',(2.320525040072,1.449017483186));
#7198 = CARTESIAN_POINT('',(2.320302013524,1.448987875582));
#7199 = CARTESIAN_POINT('',(2.320190481821,1.448973063643));
#7200 = CARTESIAN_POINT('',(2.320079340695,1.448958297381));
#7201 = CARTESIAN_POINT('',(2.319967108174,1.448943381851));
#7202 = CARTESIAN_POINT('',(2.319856684912,1.448928698563));
#7203 = CARTESIAN_POINT('',(2.319745406376,1.448913897136));
#7204 = CARTESIAN_POINT('',(2.319632393771,1.448898861942));
#7205 = CARTESIAN_POINT('',(2.319522618464,1.448884246703));
#7206 = CARTESIAN_POINT('',(2.319412031858,1.448869519183));
#7207 = CARTESIAN_POINT('',(2.318422557553,1.448737684351));
#7208 = CARTESIAN_POINT('',(2.317570465587,1.4486237476));
#7209 = CARTESIAN_POINT('',(2.316742229493,1.448512608274));
#7210 = CARTESIAN_POINT('',(2.315934608545,1.448403854906));
#7211 = CARTESIAN_POINT('',(2.315144706174,1.44829711691));
#7212 = CARTESIAN_POINT('',(2.314369969952,1.448192064576));
#7213 = CARTESIAN_POINT('',(2.313608191614,1.448088409073));
#7214 = CARTESIAN_POINT('',(2.312857507038,1.447985902445));
#7215 = CARTESIAN_POINT('',(2.312116396258,1.447884337616));
#7216 = CARTESIAN_POINT('',(2.311383683459,1.447783548387));
#7217 = ( GEOMETRIC_REPRESENTATION_CONTEXT(2) 
PARAMETRIC_REPRESENTATION_CONTEXT() REPRESENTATION_CONTEXT('2D SPACE',''
  ) );
#7218 = PCURVE('',#4511,#7219);
#7219 = DEFINITIONAL_REPRESENTATION('',(#7220),#7224);
#7220 = LINE('',#7221,#7222);
#7221 = CARTESIAN_POINT('',(20.946821172305,0.));
#7222 = VECTOR('',#7223,1.);
#7223 = DIRECTION('',(0.,1.));
#7224 = ( GEOMETRIC_REPRESENTATION_CONTEXT(2) 
PARAMETRIC_REPRESENTATION_CONTEXT() REPRESENTATION_CONTEXT('2D SPACE',''
  ) );
#7225 = ORIENTED_EDGE('',*,*,#6196,.F.);
#7226 = ORIENTED_EDGE('',*,*,#5714,.F.);
#7227 = ORIENTED_EDGE('',*,*,#5408,.F.);
#7228 = ORIENTED_EDGE('',*,*,#5142,.F.);
#7229 = ADVANCED_FACE('',(#7230),#4511,.T.);
#7230 = FACE_BOUND('',#7231,.T.);
#7231 = EDGE_LOOP('',(#7232,#7233,#7234,#7235));
#7232 = ORIENTED_EDGE('',*,*,#6358,.T.);
#7233 = ORIENTED_EDGE('',*,*,#7004,.T.);
#7234 = ORIENTED_EDGE('',*,*,#4496,.F.);
#7235 = ORIENTED_EDGE('',*,*,#7236,.F.);
#7236 = EDGE_CURVE('',#6359,#4125,#7237,.T.);
#7237 = SURFACE_CURVE('',#7238,(#7273,#7280),.PCURVE_S1.);
#7238 = B_SPLINE_CURVE_WITH_KNOTS('',9,(#7239,#7240,#7241,#7242,#7243,
    #7244,#7245,#7246,#7247,#7248,#7249,#7250,#7251,#7252,#7253,#7254,
    #7255,#7256,#7257,#7258,#7259,#7260,#7261,#7262,#7263,#7264,#7265,
    #7266,#7267,#7268,#7269,#7270,#7271,#7272),.UNSPECIFIED.,.F.,.F.,(10
    ,8,8,8,10),(19.03644639785,19.242637220249,29.527530635861,
    39.812424051472,39.983267570155),.UNSPECIFIED.);
#7239 = CARTESIAN_POINT('',(-10.40682375638,-11.5,19.502249646824));
#7240 = CARTESIAN_POINT('',(-10.40668108054,-11.47579700988,
    19.504972064046));
#7241 = CARTESIAN_POINT('',(-10.40653832811,-11.45171801144,
    19.507695942609));
#7242 = CARTESIAN_POINT('',(-10.40639571191,-11.42777840188,
    19.510417221916));
#7243 = CARTESIAN_POINT('',(-10.4062534724,-11.40399988492,
    19.513131313353));
#7244 = CARTESIAN_POINT('',(-10.40611187775,-11.38041047086,
    19.51583310029));
#7245 = CARTESIAN_POINT('',(-10.40597122377,-11.35704447653,
    19.518516938079));
#7246 = CARTESIAN_POINT('',(-10.40583183396,-11.33394252531,
    19.521176654057));
#7247 = CARTESIAN_POINT('',(-10.40569405949,-11.31115154715,
    19.523805547544));
#7248 = CARTESIAN_POINT('',(-10.39878549558,-10.17006720555,
    19.65562879988));
#7249 = CARTESIAN_POINT('',(-10.39278849952,-9.055243510761,
    19.770058301356));
#7250 = CARTESIAN_POINT('',(-10.38754189573,-7.93905683255,
    19.870169465492));
#7251 = CARTESIAN_POINT('',(-10.38305399897,-6.82306713455,
    19.955803637035));
#7252 = CARTESIAN_POINT('',(-10.37931291004,-5.705992870167,
    20.027187866282));
#7253 = CARTESIAN_POINT('',(-10.37632438662,-4.588405561888,
    20.084212289996));
#7254 = CARTESIAN_POINT('',(-10.37408568671,-3.470102715104,
    20.126929229024));
#7255 = CARTESIAN_POINT('',(-10.37259846813,-2.351377147872,
    20.155307050056));
#7256 = CARTESIAN_POINT('',(-10.37112695096,-0.113440541537,
    20.183385270294));
#7257 = CARTESIAN_POINT('',(-10.37114268699,1.005766870389,
    20.183085008985));
#7258 = CARTESIAN_POINT('',(-10.37191021749,2.125006880384,
    20.168439654621));
#7259 = CARTESIAN_POINT('',(-10.37342959301,3.244033188828,
    20.13944824267));
#7260 = CARTESIAN_POINT('',(-10.37570074297,4.362643133608,
    20.096112119752));
#7261 = CARTESIAN_POINT('',(-10.37872294248,5.480619658146,
    20.038445117952));
#7262 = CARTESIAN_POINT('',(-10.38249650052,6.597910155093,
    19.966441341045));
#7263 = CARTESIAN_POINT('',(-10.38702108768,7.714388141559,
    19.880107075083));
#7264 = CARTESIAN_POINT('',(-10.39238845541,8.849176910242,19.7776915977
    ));
#7265 = CARTESIAN_POINT('',(-10.3924768022,8.867818755634,
    19.776005840647));
#7266 = CARTESIAN_POINT('',(-10.39256571807,8.886544537049,
    19.774309224596));
#7267 = CARTESIAN_POINT('',(-10.39265513387,8.905340217753,
    19.772603069508));
#7268 = CARTESIAN_POINT('',(-10.39274498779,8.924193534938,
    19.770888554576));
#7269 = CARTESIAN_POINT('',(-10.39283522541,8.943093999734,
    19.769166718232));
#7270 = CARTESIAN_POINT('',(-10.39292579969,8.962032897194,
    19.767438458142));
#7271 = CARTESIAN_POINT('',(-10.39301667095,8.98100328631,19.76570453121
    ));
#7272 = CARTESIAN_POINT('',(-10.3931078069,9.,19.763965553573));
#7273 = PCURVE('',#4511,#7274);
#7274 = DEFINITIONAL_REPRESENTATION('',(#7275),#7279);
#7275 = LINE('',#7276,#7277);
#7276 = CARTESIAN_POINT('',(0.,0.));
#7277 = VECTOR('',#7278,1.);
#7278 = DIRECTION('',(0.,1.));
#7279 = ( GEOMETRIC_REPRESENTATION_CONTEXT(2) 
PARAMETRIC_REPRESENTATION_CONTEXT() REPRESENTATION_CONTEXT('2D SPACE',''
  ) );
#7280 = PCURVE('',#3976,#7281);
#7281 = DEFINITIONAL_REPRESENTATION('',(#7282),#7317);
#7282 = B_SPLINE_CURVE_WITH_KNOTS('',9,(#7283,#7284,#7285,#7286,#7287,
    #7288,#7289,#7290,#7291,#7292,#7293,#7294,#7295,#7296,#7297,#7298,
    #7299,#7300,#7301,#7302,#7303,#7304,#7305,#7306,#7307,#7308,#7309,
    #7310,#7311,#7312,#7313,#7314,#7315,#7316),.UNSPECIFIED.,.F.,.F.,(10
    ,8,8,8,10),(19.03644639785,19.242637220249,29.527530635861,
    39.812424051472,39.983267570155),.UNSPECIFIED.);
#7283 = CARTESIAN_POINT('',(20.5,-6.106118576469));
#7284 = CARTESIAN_POINT('',(20.475797009882,-6.103392423149));
#7285 = CARTESIAN_POINT('',(20.451718011447,-6.100664806482));
#7286 = CARTESIAN_POINT('',(20.42777840188,-6.097939792639));
#7287 = CARTESIAN_POINT('',(20.403999884924,-6.095221976529));
#7288 = CARTESIAN_POINT('',(20.380410470861,-6.092516481805));
#7289 = CARTESIAN_POINT('',(20.357044476531,-6.089828960862));
#7290 = CARTESIAN_POINT('',(20.333942525318,-6.087165594834));
#7291 = CARTESIAN_POINT('',(20.311151547157,-6.084533093595));
#7292 = CARTESIAN_POINT('',(19.170067205551,-5.952528934147));
#7293 = CARTESIAN_POINT('',(18.055243510761,-5.837942395802));
#7294 = CARTESIAN_POINT('',(16.93905683255,-5.737693844511));
#7295 = CARTESIAN_POINT('',(15.82306713455,-5.651942153255));
#7296 = CARTESIAN_POINT('',(14.705992870167,-5.580459960147));
#7297 = CARTESIAN_POINT('',(13.588405561888,-5.523357279193));
#7298 = CARTESIAN_POINT('',(12.470102715104,-5.480581717745));
#7299 = CARTESIAN_POINT('',(11.351377147872,-5.452164952524));
#7300 = CARTESIAN_POINT('',(9.113440541537,-5.424048199252));
#7301 = CARTESIAN_POINT('',(7.994233129611,-5.424348872624));
#7302 = CARTESIAN_POINT('',(6.874993119616,-5.439014325481));
#7303 = CARTESIAN_POINT('',(5.755966811172,-5.468045523681));
#7304 = CARTESIAN_POINT('',(4.637356866392,-5.511441118753));
#7305 = CARTESIAN_POINT('',(3.519380341854,-5.569187259633));
#7306 = CARTESIAN_POINT('',(2.402089844907,-5.641289850634));
#7307 = CARTESIAN_POINT('',(1.285611858441,-5.727742597081));
#7308 = CARTESIAN_POINT('',(0.150823089758,-5.830298623934));
#7309 = CARTESIAN_POINT('',(0.132181244366,-5.83198669443));
#7310 = CARTESIAN_POINT('',(0.113455462951,-5.833685638824));
#7311 = CARTESIAN_POINT('',(9.4659782247E-02,-5.835394135347));
#7312 = CARTESIAN_POINT('',(7.5806465062E-02,-5.837111003187));
#7313 = CARTESIAN_POINT('',(5.6906000266E-02,-5.838835202486));
#7314 = CARTESIAN_POINT('',(3.7967102806E-02,-5.840565834348));
#7315 = CARTESIAN_POINT('',(1.899671369E-02,-5.842302140827));
#7316 = CARTESIAN_POINT('',(0.,-5.844043504943));
#7317 = ( GEOMETRIC_REPRESENTATION_CONTEXT(2) 
PARAMETRIC_REPRESENTATION_CONTEXT() REPRESENTATION_CONTEXT('2D SPACE',''
  ) );
#7318 = ADVANCED_FACE('',(#7319),#4112,.T.);
#7319 = FACE_BOUND('',#7320,.T.);
#7320 = EDGE_LOOP('',(#7321,#7322,#7343,#7344,#7345));
#7321 = ORIENTED_EDGE('',*,*,#6955,.F.);
#7322 = ORIENTED_EDGE('',*,*,#7323,.T.);
#7323 = EDGE_CURVE('',#6683,#4017,#7324,.T.);
#7324 = SURFACE_CURVE('',#7325,(#7329,#7336),.PCURVE_S1.);
#7325 = LINE('',#7326,#7327);
#7326 = CARTESIAN_POINT('',(10.72469442285,-11.5,13.436916010939));
#7327 = VECTOR('',#7328,1.);
#7328 = DIRECTION('',(0.,1.,0.));
#7329 = PCURVE('',#4112,#7330);
#7330 = DEFINITIONAL_REPRESENTATION('',(#7331),#7335);
#7331 = LINE('',#7332,#7333);
#7332 = CARTESIAN_POINT('',(0.,-12.17977594869));
#7333 = VECTOR('',#7334,1.);
#7334 = DIRECTION('',(1.,0.));
#7335 = ( GEOMETRIC_REPRESENTATION_CONTEXT(2) 
PARAMETRIC_REPRESENTATION_CONTEXT() REPRESENTATION_CONTEXT('2D SPACE',''
  ) );
#7336 = PCURVE('',#4084,#7337);
#7337 = DEFINITIONAL_REPRESENTATION('',(#7338),#7342);
#7338 = LINE('',#7339,#7340);
#7339 = CARTESIAN_POINT('',(1.518436449235,0.));
#7340 = VECTOR('',#7341,1.);
#7341 = DIRECTION('',(0.,1.));
#7342 = ( GEOMETRIC_REPRESENTATION_CONTEXT(2) 
PARAMETRIC_REPRESENTATION_CONTEXT() REPRESENTATION_CONTEXT('2D SPACE',''
  ) );
#7343 = ORIENTED_EDGE('',*,*,#4098,.T.);
#7344 = ORIENTED_EDGE('',*,*,#5083,.T.);
#7345 = ORIENTED_EDGE('',*,*,#5349,.T.);
#7346 = ADVANCED_FACE('',(#7347),#4084,.F.);
#7347 = FACE_BOUND('',#7348,.F.);
#7348 = EDGE_LOOP('',(#7349,#7350,#7351,#7352));
#7349 = ORIENTED_EDGE('',*,*,#6859,.F.);
#7350 = ORIENTED_EDGE('',*,*,#6706,.T.);
#7351 = ORIENTED_EDGE('',*,*,#7323,.T.);
#7352 = ORIENTED_EDGE('',*,*,#4070,.F.);
#7353 = ADVANCED_FACE('',(#7354),#3976,.T.);
#7354 = FACE_BOUND('',#7355,.T.);
#7355 = EDGE_LOOP('',(#7356,#7357,#7358,#7359));
#7356 = ORIENTED_EDGE('',*,*,#4124,.F.);
#7357 = ORIENTED_EDGE('',*,*,#3960,.T.);
#7358 = ORIENTED_EDGE('',*,*,#6489,.T.);
#7359 = ORIENTED_EDGE('',*,*,#7236,.T.);
#7360 = ADVANCED_FACE('',(#7361),#4002,.F.);
#7361 = FACE_BOUND('',#7362,.F.);
#7362 = EDGE_LOOP('',(#7363,#7364,#7365,#7387));
#7363 = ORIENTED_EDGE('',*,*,#6507,.T.);
#7364 = ORIENTED_EDGE('',*,*,#6633,.F.);
#7365 = ORIENTED_EDGE('',*,*,#7366,.T.);
#7366 = EDGE_CURVE('',#6605,#3848,#7367,.T.);
#7367 = SURFACE_CURVE('',#7368,(#7373,#7380),.PCURVE_S1.);
#7368 = CIRCLE('',#7369,3.75);
#7369 = AXIS2_PLACEMENT_3D('',#7370,#7371,#7372);
#7370 = CARTESIAN_POINT('',(-7.1,-11.5,13.233120705897));
#7371 = DIRECTION('',(0.,0.,-1.));
#7372 = DIRECTION('',(0.,1.,0.));
#7373 = PCURVE('',#4002,#7374);
#7374 = DEFINITIONAL_REPRESENTATION('',(#7375),#7379);
#7375 = LINE('',#7376,#7377);
#7376 = CARTESIAN_POINT('',(1.570796326795,2.091403803604));
#7377 = VECTOR('',#7378,1.);
#7378 = DIRECTION('',(1.,-0.));
#7379 = ( GEOMETRIC_REPRESENTATION_CONTEXT(2) 
PARAMETRIC_REPRESENTATION_CONTEXT() REPRESENTATION_CONTEXT('2D SPACE',''
  ) );
#7380 = PCURVE('',#3863,#7381);
#7381 = DEFINITIONAL_REPRESENTATION('',(#7382),#7386);
#7382 = LINE('',#7383,#7384);
#7383 = CARTESIAN_POINT('',(1.570796326795,-1.333120705897));
#7384 = VECTOR('',#7385,1.);
#7385 = DIRECTION('',(1.,-0.));
#7386 = ( GEOMETRIC_REPRESENTATION_CONTEXT(2) 
PARAMETRIC_REPRESENTATION_CONTEXT() REPRESENTATION_CONTEXT('2D SPACE',''
  ) );
#7387 = ORIENTED_EDGE('',*,*,#3988,.T.);
#7388 = ADVANCED_FACE('',(#7389),#3916,.F.);
#7389 = FACE_BOUND('',#7390,.F.);
#7390 = EDGE_LOOP('',(#7391,#7413,#7414,#7415));
#7391 = ORIENTED_EDGE('',*,*,#7392,.T.);
#7392 = EDGE_CURVE('',#3796,#6837,#7393,.T.);
#7393 = SURFACE_CURVE('',#7394,(#7399,#7406),.PCURVE_S1.);
#7394 = CIRCLE('',#7395,10.85);
#7395 = AXIS2_PLACEMENT_3D('',#7396,#7397,#7398);
#7396 = CARTESIAN_POINT('',(0.,9.,13.45));
#7397 = DIRECTION('',(-0.,0.,-1.));
#7398 = DIRECTION('',(-1.,-1.637195243687E-16,0.));
#7399 = PCURVE('',#3916,#7400);
#7400 = DEFINITIONAL_REPRESENTATION('',(#7401),#7405);
#7401 = LINE('',#7402,#7403);
#7402 = CARTESIAN_POINT('',(3.14159265359,-1.55));
#7403 = VECTOR('',#7404,1.);
#7404 = DIRECTION('',(1.,-0.));
#7405 = ( GEOMETRIC_REPRESENTATION_CONTEXT(2) 
PARAMETRIC_REPRESENTATION_CONTEXT() REPRESENTATION_CONTEXT('2D SPACE',''
  ) );
#7406 = PCURVE('',#3732,#7407);
#7407 = DEFINITIONAL_REPRESENTATION('',(#7408),#7412);
#7408 = LINE('',#7409,#7410);
#7409 = CARTESIAN_POINT('',(6.28318530718,3.14159265359));
#7410 = VECTOR('',#7411,1.);
#7411 = DIRECTION('',(-1.,0.));
#7412 = ( GEOMETRIC_REPRESENTATION_CONTEXT(2) 
PARAMETRIC_REPRESENTATION_CONTEXT() REPRESENTATION_CONTEXT('2D SPACE',''
  ) );
#7413 = ORIENTED_EDGE('',*,*,#6836,.F.);
#7414 = ORIENTED_EDGE('',*,*,#4046,.F.);
#7415 = ORIENTED_EDGE('',*,*,#3902,.T.);
#7416 = ADVANCED_FACE('',(#7417),#3863,.F.);
#7417 = FACE_BOUND('',#7418,.F.);
#7418 = EDGE_LOOP('',(#7419,#7441,#7442,#7443));
#7419 = ORIENTED_EDGE('',*,*,#7420,.T.);
#7420 = EDGE_CURVE('',#6907,#3774,#7421,.T.);
#7421 = SURFACE_CURVE('',#7422,(#7427,#7434),.PCURVE_S1.);
#7422 = CIRCLE('',#7423,3.75);
#7423 = AXIS2_PLACEMENT_3D('',#7424,#7425,#7426);
#7424 = CARTESIAN_POINT('',(-7.1,-11.5,13.45));
#7425 = DIRECTION('',(0.,-0.,-1.));
#7426 = DIRECTION('',(2.368475785867E-16,-1.,0.));
#7427 = PCURVE('',#3863,#7428);
#7428 = DEFINITIONAL_REPRESENTATION('',(#7429),#7433);
#7429 = LINE('',#7430,#7431);
#7430 = CARTESIAN_POINT('',(4.712388980385,-1.55));
#7431 = VECTOR('',#7432,1.);
#7432 = DIRECTION('',(1.,-0.));
#7433 = ( GEOMETRIC_REPRESENTATION_CONTEXT(2) 
PARAMETRIC_REPRESENTATION_CONTEXT() REPRESENTATION_CONTEXT('2D SPACE',''
  ) );
#7434 = PCURVE('',#3671,#7435);
#7435 = DEFINITIONAL_REPRESENTATION('',(#7436),#7440);
#7436 = LINE('',#7437,#7438);
#7437 = CARTESIAN_POINT('',(6.28318530718,3.14159265359));
#7438 = VECTOR('',#7439,1.);
#7439 = DIRECTION('',(-1.,0.));
#7440 = ( GEOMETRIC_REPRESENTATION_CONTEXT(2) 
PARAMETRIC_REPRESENTATION_CONTEXT() REPRESENTATION_CONTEXT('2D SPACE',''
  ) );
#7441 = ORIENTED_EDGE('',*,*,#3847,.F.);
#7442 = ORIENTED_EDGE('',*,*,#7366,.F.);
#7443 = ORIENTED_EDGE('',*,*,#6906,.T.);
#7444 = ADVANCED_FACE('',(#7445),#3671,.T.);
#7445 = FACE_BOUND('',#7446,.T.);
#7446 = EDGE_LOOP('',(#7447,#7448,#7449,#7450));
#7447 = ORIENTED_EDGE('',*,*,#7420,.T.);
#7448 = ORIENTED_EDGE('',*,*,#3773,.F.);
#7449 = ORIENTED_EDGE('',*,*,#3650,.F.);
#7450 = ORIENTED_EDGE('',*,*,#7451,.T.);
#7451 = EDGE_CURVE('',#3623,#6907,#7452,.T.);
#7452 = SURFACE_CURVE('',#7453,(#7458,#7464),.PCURVE_S1.);
#7453 = CIRCLE('',#7454,0.15);
#7454 = AXIS2_PLACEMENT_3D('',#7455,#7456,#7457);
#7455 = CARTESIAN_POINT('',(-7.1,-15.4,13.45));
#7456 = DIRECTION('',(-1.,0.,0.));
#7457 = DIRECTION('',(0.,0.,1.));
#7458 = PCURVE('',#3671,#7459);
#7459 = DEFINITIONAL_REPRESENTATION('',(#7460),#7463);
#7460 = B_SPLINE_CURVE_WITH_KNOTS('',1,(#7461,#7462),.UNSPECIFIED.,.F.,
  .F.,(2,2),(0.,1.570796326795),.PIECEWISE_BEZIER_KNOTS.);
#7461 = CARTESIAN_POINT('',(6.28318530718,1.570796326795));
#7462 = CARTESIAN_POINT('',(6.28318530718,3.14159265359));
#7463 = ( GEOMETRIC_REPRESENTATION_CONTEXT(2) 
PARAMETRIC_REPRESENTATION_CONTEXT() REPRESENTATION_CONTEXT('2D SPACE',''
  ) );
#7464 = PCURVE('',#3638,#7465);
#7465 = DEFINITIONAL_REPRESENTATION('',(#7466),#7469);
#7466 = B_SPLINE_CURVE_WITH_KNOTS('',1,(#7467,#7468),.UNSPECIFIED.,.F.,
  .F.,(2,2),(0.,1.570796326795),.PIECEWISE_BEZIER_KNOTS.);
#7467 = CARTESIAN_POINT('',(0.,14.2));
#7468 = CARTESIAN_POINT('',(1.570796326795,14.2));
#7469 = ( GEOMETRIC_REPRESENTATION_CONTEXT(2) 
PARAMETRIC_REPRESENTATION_CONTEXT() REPRESENTATION_CONTEXT('2D SPACE',''
  ) );
#7470 = ADVANCED_FACE('',(#7471),#3732,.T.);
#7471 = FACE_BOUND('',#7472,.T.);
#7472 = EDGE_LOOP('',(#7473,#7474,#7494,#7495));
#7473 = ORIENTED_EDGE('',*,*,#7392,.T.);
#7474 = ORIENTED_EDGE('',*,*,#7475,.F.);
#7475 = EDGE_CURVE('',#3712,#6837,#7476,.T.);
#7476 = SURFACE_CURVE('',#7477,(#7482,#7488),.PCURVE_S1.);
#7477 = CIRCLE('',#7478,0.15);
#7478 = AXIS2_PLACEMENT_3D('',#7479,#7480,#7481);
#7479 = CARTESIAN_POINT('',(11.,9.,13.45));
#7480 = DIRECTION('',(-1.579050055666E-16,-1.,0.));
#7481 = DIRECTION('',(1.,-1.579050055666E-16,0.));
#7482 = PCURVE('',#3732,#7483);
#7483 = DEFINITIONAL_REPRESENTATION('',(#7484),#7487);
#7484 = B_SPLINE_CURVE_WITH_KNOTS('',1,(#7485,#7486),.UNSPECIFIED.,.F.,
  .F.,(2,2),(1.570796326795,3.14159265359),.PIECEWISE_BEZIER_KNOTS.);
#7485 = CARTESIAN_POINT('',(3.14159265359,1.570796326795));
#7486 = CARTESIAN_POINT('',(3.14159265359,3.14159265359));
#7487 = ( GEOMETRIC_REPRESENTATION_CONTEXT(2) 
PARAMETRIC_REPRESENTATION_CONTEXT() REPRESENTATION_CONTEXT('2D SPACE',''
  ) );
#7488 = PCURVE('',#3758,#7489);
#7489 = DEFINITIONAL_REPRESENTATION('',(#7490),#7493);
#7490 = B_SPLINE_CURVE_WITH_KNOTS('',1,(#7491,#7492),.UNSPECIFIED.,.F.,
  .F.,(2,2),(1.570796326795,3.14159265359),.PIECEWISE_BEZIER_KNOTS.);
#7491 = CARTESIAN_POINT('',(0.,0.));
#7492 = CARTESIAN_POINT('',(1.570796326795,0.));
#7493 = ( GEOMETRIC_REPRESENTATION_CONTEXT(2) 
PARAMETRIC_REPRESENTATION_CONTEXT() REPRESENTATION_CONTEXT('2D SPACE',''
  ) );
#7494 = ORIENTED_EDGE('',*,*,#3711,.F.);
#7495 = ORIENTED_EDGE('',*,*,#3823,.T.);
#7496 = ADVANCED_FACE('',(#7497),#3638,.T.);
#7497 = FACE_BOUND('',#7498,.T.);
#7498 = EDGE_LOOP('',(#7499,#7519,#7520,#7521));
#7499 = ORIENTED_EDGE('',*,*,#7500,.T.);
#7500 = EDGE_CURVE('',#3590,#6762,#7501,.T.);
#7501 = SURFACE_CURVE('',#7502,(#7507,#7513),.PCURVE_S1.);
#7502 = CIRCLE('',#7503,0.15);
#7503 = AXIS2_PLACEMENT_3D('',#7504,#7505,#7506);
#7504 = CARTESIAN_POINT('',(7.1,-15.4,13.45));
#7505 = DIRECTION('',(-1.,-6.123233995737E-17,0.));
#7506 = DIRECTION('',(6.123233995737E-17,-1.,0.));
#7507 = PCURVE('',#3638,#7508);
#7508 = DEFINITIONAL_REPRESENTATION('',(#7509),#7512);
#7509 = B_SPLINE_CURVE_WITH_KNOTS('',1,(#7510,#7511),.UNSPECIFIED.,.F.,
  .F.,(2,2),(1.570796326795,3.14159265359),.PIECEWISE_BEZIER_KNOTS.);
#7510 = CARTESIAN_POINT('',(0.,0.));
#7511 = CARTESIAN_POINT('',(1.570796326795,0.));
#7512 = ( GEOMETRIC_REPRESENTATION_CONTEXT(2) 
PARAMETRIC_REPRESENTATION_CONTEXT() REPRESENTATION_CONTEXT('2D SPACE',''
  ) );
#7513 = PCURVE('',#3610,#7514);
#7514 = DEFINITIONAL_REPRESENTATION('',(#7515),#7518);
#7515 = B_SPLINE_CURVE_WITH_KNOTS('',1,(#7516,#7517),.UNSPECIFIED.,.F.,
  .F.,(2,2),(1.570796326795,3.14159265359),.PIECEWISE_BEZIER_KNOTS.);
#7516 = CARTESIAN_POINT('',(4.712388980385,1.570796326795));
#7517 = CARTESIAN_POINT('',(4.712388980385,3.14159265359));
#7518 = ( GEOMETRIC_REPRESENTATION_CONTEXT(2) 
PARAMETRIC_REPRESENTATION_CONTEXT() REPRESENTATION_CONTEXT('2D SPACE',''
  ) );
#7519 = ORIENTED_EDGE('',*,*,#6929,.T.);
#7520 = ORIENTED_EDGE('',*,*,#7451,.F.);
#7521 = ORIENTED_EDGE('',*,*,#3622,.F.);
#7522 = ADVANCED_FACE('',(#7523),#3758,.T.);
#7523 = FACE_BOUND('',#7524,.T.);
#7524 = EDGE_LOOP('',(#7525,#7526,#7527,#7547));
#7525 = ORIENTED_EDGE('',*,*,#7475,.T.);
#7526 = ORIENTED_EDGE('',*,*,#6880,.T.);
#7527 = ORIENTED_EDGE('',*,*,#7528,.F.);
#7528 = EDGE_CURVE('',#3588,#6760,#7529,.T.);
#7529 = SURFACE_CURVE('',#7530,(#7535,#7541),.PCURVE_S1.);
#7530 = CIRCLE('',#7531,0.15);
#7531 = AXIS2_PLACEMENT_3D('',#7532,#7533,#7534);
#7532 = CARTESIAN_POINT('',(11.,-11.5,13.45));
#7533 = DIRECTION('',(0.,-1.,0.));
#7534 = DIRECTION('',(1.,0.,0.));
#7535 = PCURVE('',#3758,#7536);
#7536 = DEFINITIONAL_REPRESENTATION('',(#7537),#7540);
#7537 = B_SPLINE_CURVE_WITH_KNOTS('',1,(#7538,#7539),.UNSPECIFIED.,.F.,
  .F.,(2,2),(1.570796326795,3.14159265359),.PIECEWISE_BEZIER_KNOTS.);
#7538 = CARTESIAN_POINT('',(0.,20.5));
#7539 = CARTESIAN_POINT('',(1.570796326795,20.5));
#7540 = ( GEOMETRIC_REPRESENTATION_CONTEXT(2) 
PARAMETRIC_REPRESENTATION_CONTEXT() REPRESENTATION_CONTEXT('2D SPACE',''
  ) );
#7541 = PCURVE('',#3610,#7542);
#7542 = DEFINITIONAL_REPRESENTATION('',(#7543),#7546);
#7543 = B_SPLINE_CURVE_WITH_KNOTS('',1,(#7544,#7545),.UNSPECIFIED.,.F.,
  .F.,(2,2),(1.570796326795,3.14159265359),.PIECEWISE_BEZIER_KNOTS.);
#7544 = CARTESIAN_POINT('',(6.28318530718,1.570796326795));
#7545 = CARTESIAN_POINT('',(6.28318530718,3.14159265359));
#7546 = ( GEOMETRIC_REPRESENTATION_CONTEXT(2) 
PARAMETRIC_REPRESENTATION_CONTEXT() REPRESENTATION_CONTEXT('2D SPACE',''
  ) );
#7547 = ORIENTED_EDGE('',*,*,#3744,.F.);
#7548 = ADVANCED_FACE('',(#7549),#3610,.T.);
#7549 = FACE_BOUND('',#7550,.T.);
#7550 = EDGE_LOOP('',(#7551,#7552,#7553,#7554));
#7551 = ORIENTED_EDGE('',*,*,#6759,.T.);
#7552 = ORIENTED_EDGE('',*,*,#7500,.F.);
#7553 = ORIENTED_EDGE('',*,*,#3587,.F.);
#7554 = ORIENTED_EDGE('',*,*,#7528,.T.);
#7555 = ADVANCED_FACE('',(#7556),#3549,.T.);
#7556 = FACE_BOUND('',#7557,.T.);
#7557 = EDGE_LOOP('',(#7558,#7583,#7603,#7604));
#7558 = ORIENTED_EDGE('',*,*,#7559,.T.);
#7559 = EDGE_CURVE('',#7560,#7562,#7564,.T.);
#7560 = VERTEX_POINT('',#7561);
#7561 = CARTESIAN_POINT('',(11.6,-11.5,13.45));
#7562 = VERTEX_POINT('',#7563);
#7563 = CARTESIAN_POINT('',(11.6,9.,13.45));
#7564 = SURFACE_CURVE('',#7565,(#7569,#7576),.PCURVE_S1.);
#7565 = LINE('',#7566,#7567);
#7566 = CARTESIAN_POINT('',(11.6,-11.5,13.45));
#7567 = VECTOR('',#7568,1.);
#7568 = DIRECTION('',(0.,1.,0.));
#7569 = PCURVE('',#3549,#7570);
#7570 = DEFINITIONAL_REPRESENTATION('',(#7571),#7575);
#7571 = LINE('',#7572,#7573);
#7572 = CARTESIAN_POINT('',(6.28318530718,0.));
#7573 = VECTOR('',#7574,1.);
#7574 = DIRECTION('',(-0.,1.));
#7575 = ( GEOMETRIC_REPRESENTATION_CONTEXT(2) 
PARAMETRIC_REPRESENTATION_CONTEXT() REPRESENTATION_CONTEXT('2D SPACE',''
  ) );
#7576 = PCURVE('',#182,#7577);
#7577 = DEFINITIONAL_REPRESENTATION('',(#7578),#7582);
#7578 = LINE('',#7579,#7580);
#7579 = CARTESIAN_POINT('',(0.,-1.45));
#7580 = VECTOR('',#7581,1.);
#7581 = DIRECTION('',(1.,0.));
#7582 = ( GEOMETRIC_REPRESENTATION_CONTEXT(2) 
PARAMETRIC_REPRESENTATION_CONTEXT() REPRESENTATION_CONTEXT('2D SPACE',''
  ) );
#7583 = ORIENTED_EDGE('',*,*,#7584,.T.);
#7584 = EDGE_CURVE('',#7562,#3534,#7585,.T.);
#7585 = SURFACE_CURVE('',#7586,(#7591,#7597),.PCURVE_S1.);
#7586 = CIRCLE('',#7587,0.15);
#7587 = AXIS2_PLACEMENT_3D('',#7588,#7589,#7590);
#7588 = CARTESIAN_POINT('',(11.45,9.,13.45));
#7589 = DIRECTION('',(0.,-1.,0.));
#7590 = DIRECTION('',(1.,0.,0.));
#7591 = PCURVE('',#3549,#7592);
#7592 = DEFINITIONAL_REPRESENTATION('',(#7593),#7596);
#7593 = B_SPLINE_CURVE_WITH_KNOTS('',1,(#7594,#7595),.UNSPECIFIED.,.F.,
  .F.,(2,2),(0.,1.570796326795),.PIECEWISE_BEZIER_KNOTS.);
#7594 = CARTESIAN_POINT('',(6.28318530718,20.5));
#7595 = CARTESIAN_POINT('',(4.712388980385,20.5));
#7596 = ( GEOMETRIC_REPRESENTATION_CONTEXT(2) 
PARAMETRIC_REPRESENTATION_CONTEXT() REPRESENTATION_CONTEXT('2D SPACE',''
  ) );
#7597 = PCURVE('',#3397,#7598);
#7598 = DEFINITIONAL_REPRESENTATION('',(#7599),#7602);
#7599 = B_SPLINE_CURVE_WITH_KNOTS('',1,(#7600,#7601),.UNSPECIFIED.,.F.,
  .F.,(2,2),(0.,1.570796326795),.PIECEWISE_BEZIER_KNOTS.);
#7600 = CARTESIAN_POINT('',(0.,0.));
#7601 = CARTESIAN_POINT('',(0.,1.570796326795));
#7602 = ( GEOMETRIC_REPRESENTATION_CONTEXT(2) 
PARAMETRIC_REPRESENTATION_CONTEXT() REPRESENTATION_CONTEXT('2D SPACE',''
  ) );
#7603 = ORIENTED_EDGE('',*,*,#3533,.F.);
#7604 = ORIENTED_EDGE('',*,*,#7605,.F.);
#7605 = EDGE_CURVE('',#7560,#3505,#7606,.T.);
#7606 = SURFACE_CURVE('',#7607,(#7612,#7618),.PCURVE_S1.);
#7607 = CIRCLE('',#7608,0.15);
#7608 = AXIS2_PLACEMENT_3D('',#7609,#7610,#7611);
#7609 = CARTESIAN_POINT('',(11.45,-11.5,13.45));
#7610 = DIRECTION('',(4.322001154316E-16,-1.,0.));
#7611 = DIRECTION('',(1.,4.322001154316E-16,0.));
#7612 = PCURVE('',#3549,#7613);
#7613 = DEFINITIONAL_REPRESENTATION('',(#7614),#7617);
#7614 = B_SPLINE_CURVE_WITH_KNOTS('',1,(#7615,#7616),.UNSPECIFIED.,.F.,
  .F.,(2,2),(0.,1.570796326795),.PIECEWISE_BEZIER_KNOTS.);
#7615 = CARTESIAN_POINT('',(6.28318530718,0.));
#7616 = CARTESIAN_POINT('',(4.712388980385,0.));
#7617 = ( GEOMETRIC_REPRESENTATION_CONTEXT(2) 
PARAMETRIC_REPRESENTATION_CONTEXT() REPRESENTATION_CONTEXT('2D SPACE',''
  ) );
#7618 = PCURVE('',#3521,#7619);
#7619 = DEFINITIONAL_REPRESENTATION('',(#7620),#7623);
#7620 = B_SPLINE_CURVE_WITH_KNOTS('',1,(#7621,#7622),.UNSPECIFIED.,.F.,
  .F.,(2,2),(0.,1.570796326795),.PIECEWISE_BEZIER_KNOTS.);
#7621 = CARTESIAN_POINT('',(1.570796326795,0.));
#7622 = CARTESIAN_POINT('',(1.570796326795,1.570796326795));
#7623 = ( GEOMETRIC_REPRESENTATION_CONTEXT(2) 
PARAMETRIC_REPRESENTATION_CONTEXT() REPRESENTATION_CONTEXT('2D SPACE',''
  ) );
#7624 = ADVANCED_FACE('',(#7625),#3521,.T.);
#7625 = FACE_BOUND('',#7626,.T.);
#7626 = EDGE_LOOP('',(#7627,#7647,#7669,#7670));
#7627 = ORIENTED_EDGE('',*,*,#7628,.F.);
#7628 = EDGE_CURVE('',#57,#3482,#7629,.T.);
#7629 = SURFACE_CURVE('',#7630,(#7635,#7641),.PCURVE_S1.);
#7630 = CIRCLE('',#7631,0.15);
#7631 = AXIS2_PLACEMENT_3D('',#7632,#7633,#7634);
#7632 = CARTESIAN_POINT('',(7.1,-15.85,13.45));
#7633 = DIRECTION('',(-1.,0.,0.));
#7634 = DIRECTION('',(0.,-1.,0.));
#7635 = PCURVE('',#3521,#7636);
#7636 = DEFINITIONAL_REPRESENTATION('',(#7637),#7640);
#7637 = B_SPLINE_CURVE_WITH_KNOTS('',1,(#7638,#7639),.UNSPECIFIED.,.F.,
  .F.,(2,2),(0.,1.570796326795),.PIECEWISE_BEZIER_KNOTS.);
#7638 = CARTESIAN_POINT('',(0.,0.));
#7639 = CARTESIAN_POINT('',(0.,1.570796326795));
#7640 = ( GEOMETRIC_REPRESENTATION_CONTEXT(2) 
PARAMETRIC_REPRESENTATION_CONTEXT() REPRESENTATION_CONTEXT('2D SPACE',''
  ) );
#7641 = PCURVE('',#72,#7642);
#7642 = DEFINITIONAL_REPRESENTATION('',(#7643),#7646);
#7643 = B_SPLINE_CURVE_WITH_KNOTS('',1,(#7644,#7645),.UNSPECIFIED.,.F.,
  .F.,(2,2),(0.,1.570796326795),.PIECEWISE_BEZIER_KNOTS.);
#7644 = CARTESIAN_POINT('',(6.28318530718,14.2));
#7645 = CARTESIAN_POINT('',(4.712388980385,14.2));
#7646 = ( GEOMETRIC_REPRESENTATION_CONTEXT(2) 
PARAMETRIC_REPRESENTATION_CONTEXT() REPRESENTATION_CONTEXT('2D SPACE',''
  ) );
#7647 = ORIENTED_EDGE('',*,*,#7648,.T.);
#7648 = EDGE_CURVE('',#57,#7560,#7649,.T.);
#7649 = SURFACE_CURVE('',#7650,(#7655,#7662),.PCURVE_S1.);
#7650 = CIRCLE('',#7651,4.5);
#7651 = AXIS2_PLACEMENT_3D('',#7652,#7653,#7654);
#7652 = CARTESIAN_POINT('',(7.1,-11.5,13.45));
#7653 = DIRECTION('',(0.,0.,1.));
#7654 = DIRECTION('',(-3.947459643112E-16,-1.,0.));
#7655 = PCURVE('',#3521,#7656);
#7656 = DEFINITIONAL_REPRESENTATION('',(#7657),#7661);
#7657 = LINE('',#7658,#7659);
#7658 = CARTESIAN_POINT('',(0.,0.));
#7659 = VECTOR('',#7660,1.);
#7660 = DIRECTION('',(1.,0.));
#7661 = ( GEOMETRIC_REPRESENTATION_CONTEXT(2) 
PARAMETRIC_REPRESENTATION_CONTEXT() REPRESENTATION_CONTEXT('2D SPACE',''
  ) );
#7662 = PCURVE('',#100,#7663);
#7663 = DEFINITIONAL_REPRESENTATION('',(#7664),#7668);
#7664 = LINE('',#7665,#7666);
#7665 = CARTESIAN_POINT('',(6.28318530718,-1.45));
#7666 = VECTOR('',#7667,1.);
#7667 = DIRECTION('',(-1.,0.));
#7668 = ( GEOMETRIC_REPRESENTATION_CONTEXT(2) 
PARAMETRIC_REPRESENTATION_CONTEXT() REPRESENTATION_CONTEXT('2D SPACE',''
  ) );
#7669 = ORIENTED_EDGE('',*,*,#7605,.T.);
#7670 = ORIENTED_EDGE('',*,*,#3504,.F.);
#7671 = ADVANCED_FACE('',(#7672),#3397,.T.);
#7672 = FACE_BOUND('',#7673,.T.);
#7673 = EDGE_LOOP('',(#7674,#7675,#7697,#7698));
#7674 = ORIENTED_EDGE('',*,*,#7584,.F.);
#7675 = ORIENTED_EDGE('',*,*,#7676,.T.);
#7676 = EDGE_CURVE('',#7562,#3252,#7677,.T.);
#7677 = SURFACE_CURVE('',#7678,(#7683,#7690),.PCURVE_S1.);
#7678 = CIRCLE('',#7679,11.6);
#7679 = AXIS2_PLACEMENT_3D('',#7680,#7681,#7682);
#7680 = CARTESIAN_POINT('',(0.,9.,13.45));
#7681 = DIRECTION('',(0.,0.,1.));
#7682 = DIRECTION('',(1.,0.,0.));
#7683 = PCURVE('',#3397,#7684);
#7684 = DEFINITIONAL_REPRESENTATION('',(#7685),#7689);
#7685 = LINE('',#7686,#7687);
#7686 = CARTESIAN_POINT('',(0.,0.));
#7687 = VECTOR('',#7688,1.);
#7688 = DIRECTION('',(1.,0.));
#7689 = ( GEOMETRIC_REPRESENTATION_CONTEXT(2) 
PARAMETRIC_REPRESENTATION_CONTEXT() REPRESENTATION_CONTEXT('2D SPACE',''
  ) );
#7690 = PCURVE('',#211,#7691);
#7691 = DEFINITIONAL_REPRESENTATION('',(#7692),#7696);
#7692 = LINE('',#7693,#7694);
#7693 = CARTESIAN_POINT('',(6.28318530718,-1.45));
#7694 = VECTOR('',#7695,1.);
#7695 = DIRECTION('',(-1.,0.));
#7696 = ( GEOMETRIC_REPRESENTATION_CONTEXT(2) 
PARAMETRIC_REPRESENTATION_CONTEXT() REPRESENTATION_CONTEXT('2D SPACE',''
  ) );
#7697 = ORIENTED_EDGE('',*,*,#3383,.T.);
#7698 = ORIENTED_EDGE('',*,*,#3561,.F.);
#7699 = ADVANCED_FACE('',(#7700),#211,.T.);
#7700 = FACE_BOUND('',#7701,.T.);
#7701 = EDGE_LOOP('',(#7702,#7703,#7704,#7705));
#7702 = ORIENTED_EDGE('',*,*,#194,.T.);
#7703 = ORIENTED_EDGE('',*,*,#3251,.F.);
#7704 = ORIENTED_EDGE('',*,*,#7676,.F.);
#7705 = ORIENTED_EDGE('',*,*,#7706,.F.);
#7706 = EDGE_CURVE('',#167,#7562,#7707,.T.);
#7707 = SURFACE_CURVE('',#7708,(#7712,#7719),.PCURVE_S1.);
#7708 = LINE('',#7709,#7710);
#7709 = CARTESIAN_POINT('',(11.6,9.,12.));
#7710 = VECTOR('',#7711,1.);
#7711 = DIRECTION('',(-1.225073682345E-15,0.,1.));
#7712 = PCURVE('',#211,#7713);
#7713 = DEFINITIONAL_REPRESENTATION('',(#7714),#7718);
#7714 = LINE('',#7715,#7716);
#7715 = CARTESIAN_POINT('',(6.28318530718,0.));
#7716 = VECTOR('',#7717,1.);
#7717 = DIRECTION('',(-0.,-1.));
#7718 = ( GEOMETRIC_REPRESENTATION_CONTEXT(2) 
PARAMETRIC_REPRESENTATION_CONTEXT() REPRESENTATION_CONTEXT('2D SPACE',''
  ) );
#7719 = PCURVE('',#182,#7720);
#7720 = DEFINITIONAL_REPRESENTATION('',(#7721),#7725);
#7721 = LINE('',#7722,#7723);
#7722 = CARTESIAN_POINT('',(20.5,0.));
#7723 = VECTOR('',#7724,1.);
#7724 = DIRECTION('',(0.,-1.));
#7725 = ( GEOMETRIC_REPRESENTATION_CONTEXT(2) 
PARAMETRIC_REPRESENTATION_CONTEXT() REPRESENTATION_CONTEXT('2D SPACE',''
  ) );
#7726 = ADVANCED_FACE('',(#7727),#182,.F.);
#7727 = FACE_BOUND('',#7728,.F.);
#7728 = EDGE_LOOP('',(#7729,#7750,#7751,#7752));
#7729 = ORIENTED_EDGE('',*,*,#7730,.T.);
#7730 = EDGE_CURVE('',#143,#7560,#7731,.T.);
#7731 = SURFACE_CURVE('',#7732,(#7736,#7743),.PCURVE_S1.);
#7732 = LINE('',#7733,#7734);
#7733 = CARTESIAN_POINT('',(11.6,-11.5,12.));
#7734 = VECTOR('',#7735,1.);
#7735 = DIRECTION('',(0.,-3.675221047035E-15,1.));
#7736 = PCURVE('',#182,#7737);
#7737 = DEFINITIONAL_REPRESENTATION('',(#7738),#7742);
#7738 = LINE('',#7739,#7740);
#7739 = CARTESIAN_POINT('',(0.,0.));
#7740 = VECTOR('',#7741,1.);
#7741 = DIRECTION('',(-3.675221047035E-15,-1.));
#7742 = ( GEOMETRIC_REPRESENTATION_CONTEXT(2) 
PARAMETRIC_REPRESENTATION_CONTEXT() REPRESENTATION_CONTEXT('2D SPACE',''
  ) );
#7743 = PCURVE('',#100,#7744);
#7744 = DEFINITIONAL_REPRESENTATION('',(#7745),#7749);
#7745 = LINE('',#7746,#7747);
#7746 = CARTESIAN_POINT('',(4.712388980385,0.));
#7747 = VECTOR('',#7748,1.);
#7748 = DIRECTION('',(-0.,-1.));
#7749 = ( GEOMETRIC_REPRESENTATION_CONTEXT(2) 
PARAMETRIC_REPRESENTATION_CONTEXT() REPRESENTATION_CONTEXT('2D SPACE',''
  ) );
#7750 = ORIENTED_EDGE('',*,*,#7559,.T.);
#7751 = ORIENTED_EDGE('',*,*,#7706,.F.);
#7752 = ORIENTED_EDGE('',*,*,#166,.F.);
#7753 = ADVANCED_FACE('',(#7754),#100,.T.);
#7754 = FACE_BOUND('',#7755,.T.);
#7755 = EDGE_LOOP('',(#7756,#7757,#7758,#7759));
#7756 = ORIENTED_EDGE('',*,*,#142,.T.);
#7757 = ORIENTED_EDGE('',*,*,#7730,.T.);
#7758 = ORIENTED_EDGE('',*,*,#7648,.F.);
#7759 = ORIENTED_EDGE('',*,*,#84,.F.);
#7760 = ADVANCED_FACE('',(#7761),#72,.T.);
#7761 = FACE_BOUND('',#7762,.T.);
#7762 = EDGE_LOOP('',(#7763,#7764,#7765,#7766));
#7763 = ORIENTED_EDGE('',*,*,#56,.T.);
#7764 = ORIENTED_EDGE('',*,*,#7628,.T.);
#7765 = ORIENTED_EDGE('',*,*,#3481,.F.);
#7766 = ORIENTED_EDGE('',*,*,#3434,.F.);
#7767 = ADVANCED_FACE('',(#7768),#44,.T.);
#7768 = FACE_BOUND('',#7769,.T.);
#7769 = EDGE_LOOP('',(#7770,#7771,#7772,#7773));
#7770 = ORIENTED_EDGE('',*,*,#251,.T.);
#7771 = ORIENTED_EDGE('',*,*,#21,.F.);
#7772 = ORIENTED_EDGE('',*,*,#3412,.F.);
#7773 = ORIENTED_EDGE('',*,*,#3302,.T.);
#7774 = ( GEOMETRIC_REPRESENTATION_CONTEXT(3) 
GLOBAL_UNCERTAINTY_ASSIGNED_CONTEXT((#7778)) 
GLOBAL_UNIT_ASSIGNED_CONTEXT((#7775,#7776,#7777)) REPRESENTATION_CONTEXT
('Context #1','3D Context with UNIT and UNCERTAINTY') );
#7775 = ( LENGTH_UNIT() NAMED_UNIT(*) SI_UNIT(.MILLI.,.METRE.) );
#7776 = ( NAMED_UNIT(*) PLANE_ANGLE_UNIT() SI_UNIT($,.RADIAN.) );
#7777 = ( NAMED_UNIT(*) SI_UNIT($,.STERADIAN.) SOLID_ANGLE_UNIT() );
#7778 = UNCERTAINTY_MEASURE_WITH_UNIT(LENGTH_MEASURE(1.E-06),#7775,
  'distance_accuracy_value','confusion accuracy');
#7779 = PRODUCT_RELATED_PRODUCT_CATEGORY('part',$,(#7));
ENDSEC;
END-ISO-10303-21;
