ISO-10303-21;
HEADER;
FILE_DESCRIPTION(('Open CASCADE Model'),'2;1');
FILE_NAME('Open CASCADE Shape Model','2026-09-09T12:14:13',('Author'),(
    'Open CASCADE'),'Open CASCADE STEP processor 7.9','Open CASCADE 7.9'
  ,'Unknown');
FILE_SCHEMA(('AUTOMOTIVE_DESIGN { 1 0 10303 214 1 1 1 1 }'));
ENDSEC;
DATA;
#1 = APPLICATION_PROTOCOL_DEFINITION('international standard',
  'automotive_design',2000,#2);
#2 = APPLICATION_CONTEXT(
  'core data for automotive mechanical design processes');
#3 = SHAPE_DEFINITION_REPRESENTATION(#4,#10);
#4 = PRODUCT_DEFINITION_SHAPE('','',#5);
#5 = PRODUCT_DEFINITION('design','',#6,#9);
#6 = PRODUCT_DEFINITION_FORMATION('','',#7);
#7 = PRODUCT('Open CASCADE STEP translator 7.9 4',
  'Open CASCADE STEP translator 7.9 4','',(#8));
#8 = PRODUCT_CONTEXT('',#2,'mechanical');
#9 = PRODUCT_DEFINITION_CONTEXT('part definition',#2,'design');
#10 = ADVANCED_BREP_SHAPE_REPRESENTATION('',(#11,#15),#5957);
#11 = AXIS2_PLACEMENT_3D('',#12,#13,#14);
#12 = CARTESIAN_POINT('',(0.,0.,0.));
#13 = DIRECTION('',(0.,0.,1.));
#14 = DIRECTION('',(1.,0.,-0.));
#15 = MANIFOLD_SOLID_BREP('',#16);
#16 = CLOSED_SHELL('',(#17,#256,#512,#969,#1249,#1336,#1547,#1742,#1920,
    #2810,#2947,#3092,#3287,#3423,#3682,#4033,#4244,#4470,#4495,#4520,
    #4545,#4552,#4880,#5011,#5174,#5307,#5492,#5731,#5922));
#17 = ADVANCED_FACE('',(#18),#31,.T.);
#18 = FACE_BOUND('',#19,.T.);
#19 = EDGE_LOOP('',(#20,#52,#80,#105));
#20 = ORIENTED_EDGE('',*,*,#21,.F.);
#21 = EDGE_CURVE('',#22,#24,#26,.T.);
#22 = VERTEX_POINT('',#23);
#23 = CARTESIAN_POINT('',(-7.1,-14.3,12.));
#24 = VERTEX_POINT('',#25);
#25 = CARTESIAN_POINT('',(-7.1,-13.91195941003,19.404255537557));
#26 = SURFACE_CURVE('',#27,(#30,#41),.PCURVE_S1.);
#27 = B_SPLINE_CURVE_WITH_KNOTS('',1,(#28,#29),.UNSPECIFIED.,.F.,.F.,(2,
    2),(0.,1.),.PIECEWISE_BEZIER_KNOTS.);
#28 = CARTESIAN_POINT('',(-7.1,-14.3,12.));
#29 = CARTESIAN_POINT('',(-7.1,-13.58725420175,25.6));
#30 = PCURVE('',#31,#36);
#31 = PLANE('',#32);
#32 = AXIS2_PLACEMENT_3D('',#33,#34,#35);
#33 = CARTESIAN_POINT('',(-7.1,-13.58725420175,25.6));
#34 = DIRECTION('',(0.,-0.998629534755,5.233595624292E-02));
#35 = DIRECTION('',(1.,0.,0.));
#36 = DEFINITIONAL_REPRESENTATION('',(#37),#40);
#37 = B_SPLINE_CURVE_WITH_KNOTS('',1,(#38,#39),.UNSPECIFIED.,.F.,.F.,(2,
    2),(0.,1.),.PIECEWISE_BEZIER_KNOTS.);
#38 = CARTESIAN_POINT('',(0.,-13.61866390557));
#39 = CARTESIAN_POINT('',(0.,0.));
#40 = ( GEOMETRIC_REPRESENTATION_CONTEXT(2) 
PARAMETRIC_REPRESENTATION_CONTEXT() REPRESENTATION_CONTEXT('2D SPACE',''
  ) );
#41 = PCURVE('',#42,#47);
#42 = CONICAL_SURFACE('',#43,2.8,5.235987755983E-02);
#43 = AXIS2_PLACEMENT_3D('',#44,#45,#46);
#44 = CARTESIAN_POINT('',(-7.1,-11.5,12.));
#45 = DIRECTION('',(-0.,-0.,-1.));
#46 = DIRECTION('',(-1.,0.,0.));
#47 = DEFINITIONAL_REPRESENTATION('',(#48),#51);
#48 = B_SPLINE_CURVE_WITH_KNOTS('',1,(#49,#50),.UNSPECIFIED.,.F.,.F.,(2,
    2),(0.,1.),.PIECEWISE_BEZIER_KNOTS.);
#49 = CARTESIAN_POINT('',(4.712388980385,0.));
#50 = CARTESIAN_POINT('',(4.712388980385,-13.6));
#51 = ( GEOMETRIC_REPRESENTATION_CONTEXT(2) 
PARAMETRIC_REPRESENTATION_CONTEXT() REPRESENTATION_CONTEXT('2D SPACE',''
  ) );
#52 = ORIENTED_EDGE('',*,*,#53,.T.);
#53 = EDGE_CURVE('',#22,#54,#56,.T.);
#54 = VERTEX_POINT('',#55);
#55 = CARTESIAN_POINT('',(7.1,-14.3,12.));
#56 = SURFACE_CURVE('',#57,(#61,#68),.PCURVE_S1.);
#57 = LINE('',#58,#59);
#58 = CARTESIAN_POINT('',(-7.1,-14.3,12.));
#59 = VECTOR('',#60,1.);
#60 = DIRECTION('',(1.,0.,0.));
#61 = PCURVE('',#31,#62);
#62 = DEFINITIONAL_REPRESENTATION('',(#63),#67);
#63 = LINE('',#64,#65);
#64 = CARTESIAN_POINT('',(0.,-13.61866390557));
#65 = VECTOR('',#66,1.);
#66 = DIRECTION('',(1.,0.));
#67 = ( GEOMETRIC_REPRESENTATION_CONTEXT(2) 
PARAMETRIC_REPRESENTATION_CONTEXT() REPRESENTATION_CONTEXT('2D SPACE',''
  ) );
#68 = PCURVE('',#69,#74);
#69 = PLANE('',#70);
#70 = AXIS2_PLACEMENT_3D('',#71,#72,#73);
#71 = CARTESIAN_POINT('',(-7.1,-11.5,12.));
#72 = DIRECTION('',(0.,0.,1.));
#73 = DIRECTION('',(-1.,0.,0.));
#74 = DEFINITIONAL_REPRESENTATION('',(#75),#79);
#75 = LINE('',#76,#77);
#76 = CARTESIAN_POINT('',(0.,2.8));
#77 = VECTOR('',#78,1.);
#78 = DIRECTION('',(-1.,0.));
#79 = ( GEOMETRIC_REPRESENTATION_CONTEXT(2) 
PARAMETRIC_REPRESENTATION_CONTEXT() REPRESENTATION_CONTEXT('2D SPACE',''
  ) );
#80 = ORIENTED_EDGE('',*,*,#81,.T.);
#81 = EDGE_CURVE('',#54,#82,#84,.T.);
#82 = VERTEX_POINT('',#83);
#83 = CARTESIAN_POINT('',(7.1,-13.91195842024,19.404274423827));
#84 = SURFACE_CURVE('',#85,(#88,#94),.PCURVE_S1.);
#85 = B_SPLINE_CURVE_WITH_KNOTS('',1,(#86,#87),.UNSPECIFIED.,.F.,.F.,(2,
    2),(0.,1.),.PIECEWISE_BEZIER_KNOTS.);
#86 = CARTESIAN_POINT('',(7.1,-14.3,12.));
#87 = CARTESIAN_POINT('',(7.1,-13.58725420175,25.6));
#88 = PCURVE('',#31,#89);
#89 = DEFINITIONAL_REPRESENTATION('',(#90),#93);
#90 = B_SPLINE_CURVE_WITH_KNOTS('',1,(#91,#92),.UNSPECIFIED.,.F.,.F.,(2,
    2),(0.,1.),.PIECEWISE_BEZIER_KNOTS.);
#91 = CARTESIAN_POINT('',(14.2,-13.61866390557));
#92 = CARTESIAN_POINT('',(14.2,0.));
#93 = ( GEOMETRIC_REPRESENTATION_CONTEXT(2) 
PARAMETRIC_REPRESENTATION_CONTEXT() REPRESENTATION_CONTEXT('2D SPACE',''
  ) );
#94 = PCURVE('',#95,#100);
#95 = CONICAL_SURFACE('',#96,2.8,5.235987755983E-02);
#96 = AXIS2_PLACEMENT_3D('',#97,#98,#99);
#97 = CARTESIAN_POINT('',(7.1,-11.5,12.));
#98 = DIRECTION('',(-0.,-0.,-1.));
#99 = DIRECTION('',(-3.172065784643E-16,-1.,0.));
#100 = DEFINITIONAL_REPRESENTATION('',(#101),#104);
#101 = B_SPLINE_CURVE_WITH_KNOTS('',1,(#102,#103),.UNSPECIFIED.,.F.,.F.,
  (2,2),(0.,1.),.PIECEWISE_BEZIER_KNOTS.);
#102 = CARTESIAN_POINT('',(6.28318530718,0.));
#103 = CARTESIAN_POINT('',(6.28318530718,-13.6));
#104 = ( GEOMETRIC_REPRESENTATION_CONTEXT(2) 
PARAMETRIC_REPRESENTATION_CONTEXT() REPRESENTATION_CONTEXT('2D SPACE',''
  ) );
#105 = ORIENTED_EDGE('',*,*,#106,.T.);
#106 = EDGE_CURVE('',#82,#24,#107,.T.);
#107 = SURFACE_CURVE('',#108,(#136,#167),.PCURVE_S1.);
#108 = B_SPLINE_CURVE_WITH_KNOTS('',9,(#109,#110,#111,#112,#113,#114,
    #115,#116,#117,#118,#119,#120,#121,#122,#123,#124,#125,#126,#127,
    #128,#129,#130,#131,#132,#133,#134,#135),.UNSPECIFIED.,.F.,.F.,(10,9
    ,8,10),(-7.228308330673E-02,0.,14.195452822989,14.26825769689),
  .UNSPECIFIED.);
#109 = CARTESIAN_POINT('',(7.1,-13.91195842024,19.404274423827));
#110 = CARTESIAN_POINT('',(7.09135068459,-13.91192671841,19.404879330721
    ));
#111 = CARTESIAN_POINT('',(7.082703793098,-13.911894898,19.405486500294)
  );
#112 = CARTESIAN_POINT('',(7.07405904998,-13.91186295808,19.406095950426
    ));
#113 = CARTESIAN_POINT('',(7.065416179689,-13.91183089769,19.406707699)
  );
#114 = CARTESIAN_POINT('',(7.056774906684,-13.91179871591,
    19.407321763896));
#115 = CARTESIAN_POINT('',(7.048134955413,-13.91176641181,
    19.407938162997));
#116 = CARTESIAN_POINT('',(7.039496050339,-13.91173398443,
    19.408556914184));
#117 = CARTESIAN_POINT('',(7.030857915907,-13.91170143285,
    19.409178035339));
#118 = CARTESIAN_POINT('',(7.022220276581,-13.91166875613,
    19.409801544343));
#119 = CARTESIAN_POINT('',(5.464436253671,-13.9057755631,19.522250366072
    ));
#120 = CARTESIAN_POINT('',(3.904668660478,-13.90135301579,19.6066375958)
  );
#121 = CARTESIAN_POINT('',(2.343116195831,-13.89840402574,19.6629076781)
  );
#122 = CARTESIAN_POINT('',(0.781798270003,-13.89692751906,
    19.691081103707));
#123 = CARTESIAN_POINT('',(-0.782117117533,-13.8969296076,
    19.691041252004));
#124 = CARTESIAN_POINT('',(-2.342189939168,-13.89840372749,
    19.66291336904));
#125 = CARTESIAN_POINT('',(-3.904438850792,-13.90135260018,
    19.606645526009));
#126 = CARTESIAN_POINT('',(-5.462694929479,-13.90576891537,
    19.522377212249));
#127 = CARTESIAN_POINT('',(-7.032799518838,-13.91170776471,
    19.409057216261));
#128 = CARTESIAN_POINT('',(-7.04092959157,-13.91173847225,
    19.408471281546));
#129 = CARTESIAN_POINT('',(-7.049161886753,-13.91176951493,
    19.407878951855));
#130 = CARTESIAN_POINT('',(-7.057481790469,-13.91180082747,
    19.407281472942));
#131 = CARTESIAN_POINT('',(-7.065876346657,-13.91183234826,
    19.406680020506));
#132 = CARTESIAN_POINT('',(-7.074334257118,-13.91186401935,
    19.406075700191));
#133 = CARTESIAN_POINT('',(-7.082845881508,-13.91189578646,
    19.405469547582));
#134 = CARTESIAN_POINT('',(-7.091403237344,-13.911927599,19.404862528212
    ));
#135 = CARTESIAN_POINT('',(-7.1,-13.91195941003,19.404255537557));
#136 = PCURVE('',#31,#137);
#137 = DEFINITIONAL_REPRESENTATION('',(#138),#166);
#138 = B_SPLINE_CURVE_WITH_KNOTS('',9,(#139,#140,#141,#142,#143,#144,
    #145,#146,#147,#148,#149,#150,#151,#152,#153,#154,#155,#156,#157,
    #158,#159,#160,#161,#162,#163,#164,#165),.UNSPECIFIED.,.F.,.F.,(10,9
    ,8,10),(-7.228308330673E-02,0.,14.195452822989,14.26825769689),
  .UNSPECIFIED.);
#139 = CARTESIAN_POINT('',(14.2,-6.204228255372));
#140 = CARTESIAN_POINT('',(14.19135068459,-6.203622518336));
#141 = CARTESIAN_POINT('',(14.182703793098,-6.203014515516));
#142 = CARTESIAN_POINT('',(14.17405904998,-6.202404229008));
#143 = CARTESIAN_POINT('',(14.165416179689,-6.201791640903));
#144 = CARTESIAN_POINT('',(14.156774906684,-6.201176733298));
#145 = CARTESIAN_POINT('',(14.148134955413,-6.200559488284));
#146 = CARTESIAN_POINT('',(14.139496050339,-6.199939887956));
#147 = CARTESIAN_POINT('',(14.130857915907,-6.199317914408));
#148 = CARTESIAN_POINT('',(14.122220276581,-6.198693549734));
#149 = CARTESIAN_POINT('',(12.564436253671,-6.086090409314));
#150 = CARTESIAN_POINT('',(11.004668660478,-6.001587371109));
#151 = CARTESIAN_POINT('',(9.443116195831,-5.945240066787));
#152 = CARTESIAN_POINT('',(7.881798270003,-5.917027977492));
#153 = CARTESIAN_POINT('',(6.317882882467,-5.917067883886));
#154 = CARTESIAN_POINT('',(4.757810060832,-5.945234368037));
#155 = CARTESIAN_POINT('',(3.195561149208,-6.001579430018));
#156 = CARTESIAN_POINT('',(1.637305070521,-6.085963389061));
#157 = CARTESIAN_POINT('',(6.7200481162E-02,-6.199438899292));
#158 = CARTESIAN_POINT('',(5.907040843E-02,-6.200025638112));
#159 = CARTESIAN_POINT('',(5.0838113247E-02,-6.200618780684));
#160 = CARTESIAN_POINT('',(4.2518209531E-02,-6.201217079545));
#161 = CARTESIAN_POINT('',(3.4123653343E-02,-6.201819357382));
#162 = CARTESIAN_POINT('',(2.5665742882E-02,-6.202424507033));
#163 = CARTESIAN_POINT('',(1.7154118492E-02,-6.203031491493));
#164 = CARTESIAN_POINT('',(8.596762656E-03,-6.203639343904));
#165 = CARTESIAN_POINT('',(0.,-6.20424716756));
#166 = ( GEOMETRIC_REPRESENTATION_CONTEXT(2) 
PARAMETRIC_REPRESENTATION_CONTEXT() REPRESENTATION_CONTEXT('2D SPACE',''
  ) );
#167 = PCURVE('',#168,#250);
#168 = ( BOUNDED_SURFACE() B_SPLINE_SURFACE(2,9,(
    (#169,#170,#171,#172,#173,#174,#175,#176,#177,#178,#179,#180,#181
      ,#182,#183,#184,#185,#186,#187,#188,#189,#190,#191,#192,#193,#194
      ,#195)
    ,(#196,#197,#198,#199,#200,#201,#202,#203,#204,#205,#206,#207,#208
      ,#209,#210,#211,#212,#213,#214,#215,#216,#217,#218,#219,#220,#221
      ,#222)
    ,(#223,#224,#225,#226,#227,#228,#229,#230,#231,#232,#233,#234,#235
      ,#236,#237,#238,#239,#240,#241,#242,#243,#244,#245,#246,#247,#248
,#249
    )),.UNSPECIFIED.,.F.,.F.,.F.) B_SPLINE_SURFACE_WITH_KNOTS((3,3),(10,
    9,8,10),(0.,14.340540780196),(-7.228308330673E-02,0.,14.195452822989
,14.26825769689),.UNSPECIFIED.) GEOMETRIC_REPRESENTATION_ITEM() 
RATIONAL_B_SPLINE_SURFACE((
    (1.,1.,1.,1.,1.,1.,1.,1.,1.,1.,1.,1.,1.,1.,1.,1.,1.,1.,1.,1.,1.,1.
      ,1.,1.,1.,1.,1.)
    ,(0.767821660179,0.767815164157,0.767809482298,0.767804613986
      ,0.767800558603,0.767797315531,0.767794884154,0.767793263853
      ,0.767792454012,0.767792454012,0.767792454012,0.767791693881
      ,0.767796298346,0.767782742845,0.767808199584,0.767774253243
      ,0.767808362654,0.767782550033,0.767797273549,0.767797740944
      ,0.767798643823,0.767800036401,0.767801983895,0.767804562521
      ,0.767807859493,0.76781197303,0.767817012345)
    ,(1.,1.,1.,1.,1.,1.,1.,1.,1.,1.,1.,1.,1.,1.,1.,1.,1.,1.,1.,1.,1.,1.
,1.,1.,1.,1.,1.))) REPRESENTATION_ITEM('') SURFACE() );
#169 = CARTESIAN_POINT('',(7.1,-13.91195842024,19.404274423827));
#170 = CARTESIAN_POINT('',(7.09135068459,-13.91192671841,19.404879330721
    ));
#171 = CARTESIAN_POINT('',(7.082703793098,-13.911894898,19.405486500294)
  );
#172 = CARTESIAN_POINT('',(7.07405904998,-13.91186295808,19.406095950426
    ));
#173 = CARTESIAN_POINT('',(7.065416179689,-13.91183089769,19.406707699)
  );
#174 = CARTESIAN_POINT('',(7.056774906684,-13.91179871591,
    19.407321763896));
#175 = CARTESIAN_POINT('',(7.048134955413,-13.91176641181,
    19.407938162997));
#176 = CARTESIAN_POINT('',(7.039496050339,-13.91173398443,
    19.408556914184));
#177 = CARTESIAN_POINT('',(7.030857915907,-13.91170143285,
    19.409178035339));
#178 = CARTESIAN_POINT('',(7.022220276581,-13.91166875613,
    19.409801544343));
#179 = CARTESIAN_POINT('',(5.464436253671,-13.9057755631,19.522250366072
    ));
#180 = CARTESIAN_POINT('',(3.904668660478,-13.90135301579,19.6066375958)
  );
#181 = CARTESIAN_POINT('',(2.343116195831,-13.89840402574,19.6629076781)
  );
#182 = CARTESIAN_POINT('',(0.781798270003,-13.89692751906,
    19.691081103707));
#183 = CARTESIAN_POINT('',(-0.782117117533,-13.8969296076,
    19.691041252004));
#184 = CARTESIAN_POINT('',(-2.342189939168,-13.89840372749,
    19.66291336904));
#185 = CARTESIAN_POINT('',(-3.904438850792,-13.90135260018,
    19.606645526009));
#186 = CARTESIAN_POINT('',(-5.462694929479,-13.90576891537,
    19.522377212249));
#187 = CARTESIAN_POINT('',(-7.032799518838,-13.91170776471,
    19.409057216261));
#188 = CARTESIAN_POINT('',(-7.04092959157,-13.91173847225,
    19.408471281546));
#189 = CARTESIAN_POINT('',(-7.049161886753,-13.91176951493,
    19.407878951855));
#190 = CARTESIAN_POINT('',(-7.057481790469,-13.91180082747,
    19.407281472942));
#191 = CARTESIAN_POINT('',(-7.065876346657,-13.91183234826,
    19.406680020506));
#192 = CARTESIAN_POINT('',(-7.074334257118,-13.91186401935,
    19.406075700191));
#193 = CARTESIAN_POINT('',(-7.082845881508,-13.91189578646,
    19.405469547582));
#194 = CARTESIAN_POINT('',(-7.091403237344,-13.911927599,19.404862528212
    ));
#195 = CARTESIAN_POINT('',(-7.1,-13.91195941003,19.404255537557));
#196 = CARTESIAN_POINT('',(7.172611409756,-13.85531649717,20.48506670027
    ));
#197 = CARTESIAN_POINT('',(7.1645857009,-13.85528581221,20.485652204173)
  );
#198 = CARTESIAN_POINT('',(7.156562107595,-13.85525517574,
    20.486236782787));
#199 = CARTESIAN_POINT('',(7.148540327086,-13.85522458659,
    20.486820458437));
#200 = CARTESIAN_POINT('',(7.14052005657,-13.8551940436,20.487403253456)
  );
#201 = CARTESIAN_POINT('',(7.132500993204,-13.85516354559,
    20.487985190186));
#202 = CARTESIAN_POINT('',(7.124482834102,-13.85513309139,
    20.488566290975));
#203 = CARTESIAN_POINT('',(7.116465276347,-13.85510267982,20.48914657818
    ));
#204 = CARTESIAN_POINT('',(7.108448016984,-13.85507230973,
    20.489726074165));
#205 = CARTESIAN_POINT('',(7.100430753034,-13.85504197992,20.4903048013)
  );
#206 = CARTESIAN_POINT('',(5.525296800067,-13.84908315104,
    20.604006029758));
#207 = CARTESIAN_POINT('',(3.94817194911,-13.84461115788,20.689336742501
    ));
#208 = CARTESIAN_POINT('',(2.369147043509,-13.84163048117,
    20.746211442159));
#209 = CARTESIAN_POINT('',(0.790648011828,-13.84013411192,
    20.774763868402));
#210 = CARTESIAN_POINT('',(-0.791016788527,-13.84014260491,
    20.77460181244));
#211 = CARTESIAN_POINT('',(-2.368326617443,-13.84162396214,
    20.746335832744));
#212 = CARTESIAN_POINT('',(-3.948937952719,-13.84461494506,
    20.689264478751));
#213 = CARTESIAN_POINT('',(-5.524921349382,-13.8490817173,
    20.604033387105));
#214 = CARTESIAN_POINT('',(-7.108503446944,-13.85507252898,
    20.48972189062));
#215 = CARTESIAN_POINT('',(-7.116583217892,-13.85510313549,
    20.489137883621));
#216 = CARTESIAN_POINT('',(-7.124662745177,-13.85513378127,
    20.488553127204));
#217 = CARTESIAN_POINT('',(-7.132742240678,-13.85516446724,
    20.487967604056));
#218 = CARTESIAN_POINT('',(-7.140821947845,-13.85519519445,
    20.48738129402));
#219 = CARTESIAN_POINT('',(-7.148902141094,-13.8552259641,
    20.486794174138));
#220 = CARTESIAN_POINT('',(-7.156983125251,-13.85525677754,
    20.486206218693));
#221 = CARTESIAN_POINT('',(-7.165065234949,-13.85528763626,
    20.485617399254));
#222 = CARTESIAN_POINT('',(-7.173148834053,-13.85531854188,
    20.485027684718));
#223 = CARTESIAN_POINT('',(7.153090418573,-12.77984782557,
    20.624990738315));
#224 = CARTESIAN_POINT('',(7.148790237559,-12.77969370756,
    20.625320586554));
#225 = CARTESIAN_POINT('',(7.144492644474,-12.77955685373,
    20.625647814109));
#226 = CARTESIAN_POINT('',(7.140197035687,-12.7794372552,20.625972465691
    ));
#227 = CARTESIAN_POINT('',(7.135902807567,-12.77933490306,20.62629458601
    ));
#228 = CARTESIAN_POINT('',(7.131609356486,-12.77924978845,
    20.626614219773));
#229 = CARTESIAN_POINT('',(7.127316078809,-12.77918190245,
    20.626931411691));
#230 = CARTESIAN_POINT('',(7.123022370908,-12.77913123619,
    20.627246206473));
#231 = CARTESIAN_POINT('',(7.118727629152,-12.77909778077,
    20.627558648828));
#232 = CARTESIAN_POINT('',(7.11443124991,-12.7790815273,20.627868783466)
  );
#233 = CARTESIAN_POINT('',(5.536191477204,-12.77311094891,
    20.741794205884));
#234 = CARTESIAN_POINT('',(3.95594212231,-12.76861418597,20.827294862098
    ));
#235 = CARTESIAN_POINT('',(2.373884467279,-12.76572430252,
    20.884271665854));
#236 = CARTESIAN_POINT('',(0.792063260607,-12.76394018115,
    20.912909812284));
#237 = CARTESIAN_POINT('',(-0.792383881159,-12.76448412893,
    20.912691326595));
#238 = CARTESIAN_POINT('',(-2.374277667073,-12.76524905097,
    20.884527762413));
#239 = CARTESIAN_POINT('',(-3.961469595946,-12.76897167957,
    20.827152844479));
#240 = CARTESIAN_POINT('',(-5.543183034148,-12.77293890997,
    20.741099910955));
#241 = CARTESIAN_POINT('',(-7.1088420859,-12.77916265035,20.628259232481
    ));
#242 = CARTESIAN_POINT('',(-7.116204210727,-12.77920040101,
    20.627726827062));
#243 = CARTESIAN_POINT('',(-7.123026541314,-12.77924538421,
    20.627231569758));
#244 = CARTESIAN_POINT('',(-7.129387553513,-12.77929903989,
    20.626767790246));
#245 = CARTESIAN_POINT('',(-7.135357223302,-12.7793630089,
    20.626330372519));
#246 = CARTESIAN_POINT('',(-7.140997026766,-12.77943913301,
    20.625914754885));
#247 = CARTESIAN_POINT('',(-7.146359940117,-12.77952945493,
    20.625516929965));
#248 = CARTESIAN_POINT('',(-7.151490439676,-12.77963621831,
    20.625133444697));
#249 = CARTESIAN_POINT('',(-7.156424501886,-12.7797618677,
    20.624761400336));
#250 = DEFINITIONAL_REPRESENTATION('',(#251),#255);
#251 = LINE('',#252,#253);
#252 = CARTESIAN_POINT('',(0.,0.));
#253 = VECTOR('',#254,1.);
#254 = DIRECTION('',(0.,1.));
#255 = ( GEOMETRIC_REPRESENTATION_CONTEXT(2) 
PARAMETRIC_REPRESENTATION_CONTEXT() REPRESENTATION_CONTEXT('2D SPACE',''
  ) );
#256 = ADVANCED_FACE('',(#257),#42,.T.);
#257 = FACE_BOUND('',#258,.T.);
#258 = EDGE_LOOP('',(#259,#286,#308,#309));
#259 = ORIENTED_EDGE('',*,*,#260,.F.);
#260 = EDGE_CURVE('',#261,#263,#265,.T.);
#261 = VERTEX_POINT('',#262);
#262 = CARTESIAN_POINT('',(-9.9,-11.5,12.));
#263 = VERTEX_POINT('',#264);
#264 = CARTESIAN_POINT('',(-9.50931798598,-11.5,19.454656910921));
#265 = SURFACE_CURVE('',#266,(#269,#275),.PCURVE_S1.);
#266 = B_SPLINE_CURVE_WITH_KNOTS('',1,(#267,#268),.UNSPECIFIED.,.F.,.F.,
  (2,2),(0.,1.),.PIECEWISE_BEZIER_KNOTS.);
#267 = CARTESIAN_POINT('',(-9.9,-11.5,12.));
#268 = CARTESIAN_POINT('',(-9.18725420175,-11.5,25.6));
#269 = PCURVE('',#42,#270);
#270 = DEFINITIONAL_REPRESENTATION('',(#271),#274);
#271 = B_SPLINE_CURVE_WITH_KNOTS('',1,(#272,#273),.UNSPECIFIED.,.F.,.F.,
  (2,2),(0.,1.),.PIECEWISE_BEZIER_KNOTS.);
#272 = CARTESIAN_POINT('',(6.28318530718,0.));
#273 = CARTESIAN_POINT('',(6.28318530718,-13.6));
#274 = ( GEOMETRIC_REPRESENTATION_CONTEXT(2) 
PARAMETRIC_REPRESENTATION_CONTEXT() REPRESENTATION_CONTEXT('2D SPACE',''
  ) );
#275 = PCURVE('',#276,#281);
#276 = PLANE('',#277);
#277 = AXIS2_PLACEMENT_3D('',#278,#279,#280);
#278 = CARTESIAN_POINT('',(-9.18725420175,9.,25.6));
#279 = DIRECTION('',(-0.998629534755,-8.653280019939E-17,
    5.233595624292E-02));
#280 = DIRECTION('',(8.665155314144E-17,-1.,2.321146922246E-30));
#281 = DEFINITIONAL_REPRESENTATION('',(#282),#285);
#282 = B_SPLINE_CURVE_WITH_KNOTS('',1,(#283,#284),.UNSPECIFIED.,.F.,.F.,
  (2,2),(0.,1.),.PIECEWISE_BEZIER_KNOTS.);
#283 = CARTESIAN_POINT('',(20.5,-13.61866390557));
#284 = CARTESIAN_POINT('',(20.5,0.));
#285 = ( GEOMETRIC_REPRESENTATION_CONTEXT(2) 
PARAMETRIC_REPRESENTATION_CONTEXT() REPRESENTATION_CONTEXT('2D SPACE',''
  ) );
#286 = ORIENTED_EDGE('',*,*,#287,.T.);
#287 = EDGE_CURVE('',#261,#22,#288,.T.);
#288 = SURFACE_CURVE('',#289,(#294,#301),.PCURVE_S1.);
#289 = CIRCLE('',#290,2.8);
#290 = AXIS2_PLACEMENT_3D('',#291,#292,#293);
#291 = CARTESIAN_POINT('',(-7.1,-11.5,12.));
#292 = DIRECTION('',(0.,0.,1.));
#293 = DIRECTION('',(-1.,0.,0.));
#294 = PCURVE('',#42,#295);
#295 = DEFINITIONAL_REPRESENTATION('',(#296),#300);
#296 = LINE('',#297,#298);
#297 = CARTESIAN_POINT('',(6.28318530718,0.));
#298 = VECTOR('',#299,1.);
#299 = DIRECTION('',(-1.,-0.));
#300 = ( GEOMETRIC_REPRESENTATION_CONTEXT(2) 
PARAMETRIC_REPRESENTATION_CONTEXT() REPRESENTATION_CONTEXT('2D SPACE',''
  ) );
#301 = PCURVE('',#69,#302);
#302 = DEFINITIONAL_REPRESENTATION('',(#303),#307);
#303 = CIRCLE('',#304,2.8);
#304 = AXIS2_PLACEMENT_2D('',#305,#306);
#305 = CARTESIAN_POINT('',(0.,0.));
#306 = DIRECTION('',(1.,0.));
#307 = ( GEOMETRIC_REPRESENTATION_CONTEXT(2) 
PARAMETRIC_REPRESENTATION_CONTEXT() REPRESENTATION_CONTEXT('2D SPACE',''
  ) );
#308 = ORIENTED_EDGE('',*,*,#21,.T.);
#309 = ORIENTED_EDGE('',*,*,#310,.T.);
#310 = EDGE_CURVE('',#24,#263,#311,.T.);
#311 = SURFACE_CURVE('',#312,(#348,#399),.PCURVE_S1.);
#312 = ( BOUNDED_CURVE() B_SPLINE_CURVE(12,(#313,#314,#315,#316,#317,
    #318,#319,#320,#321,#322,#323,#324,#325,#326,#327,#328,#329,#330,
    #331,#332,#333,#334,#335,#336,#337,#338,#339,#340,#341,#342,#343,
    #344,#345,#346,#347),.UNSPECIFIED.,.F.,.F.) 
B_SPLINE_CURVE_WITH_KNOTS((13,11,11,13),(14.26825769689,15.499750609799,
16.197803226571,17.773052037612),.UNSPECIFIED.) CURVE() 
GEOMETRIC_REPRESENTATION_ITEM() RATIONAL_B_SPLINE_CURVE((1.,1.,1.,
    1.000000000001,0.999999999998,1.000000000003,0.999999999997,
    1.000000000003,0.999999999998,1.000000000001,0.999999999999,1.,1.,
    1.000000000001,0.999999999999,1.000000000003,0.999999999996,
    1.000000000004,0.999999999997,1.000000000002,0.999999999999,1.,1.,1.
    ,1.,0.999999999999,1.000000000001,0.999999999998,1.000000000002,
    0.999999999998,1.000000000001,0.999999999999,1.,1.,1.)) 
REPRESENTATION_ITEM('') );
#313 = CARTESIAN_POINT('',(-7.1,-13.91195941003,19.404255537557));
#314 = CARTESIAN_POINT('',(-7.209328249819,-13.91215568195,
    19.40051044625));
#315 = CARTESIAN_POINT('',(-7.324635665928,-13.90693575838,
    19.397048842831));
#316 = CARTESIAN_POINT('',(-7.431820141561,-13.89526449512,
    19.393911167475));
#317 = CARTESIAN_POINT('',(-7.542964192884,-13.87982737186,
    19.391112401472));
#318 = CARTESIAN_POINT('',(-7.654603654296,-13.85632865845,
    19.388561164116));
#319 = CARTESIAN_POINT('',(-7.759278449241,-13.82979725894,
    19.386501352162));
#320 = CARTESIAN_POINT('',(-7.869637293326,-13.79582549881,
    19.384618973198));
#321 = CARTESIAN_POINT('',(-7.97261969701,-13.7576719022,19.383228690904
    ));
#322 = CARTESIAN_POINT('',(-8.07657677067,-13.71368513057,19.38212000937
    ));
#323 = CARTESIAN_POINT('',(-8.176978358658,-13.66474195496,
    19.38140529167));
#324 = CARTESIAN_POINT('',(-8.274963076352,-13.61077078243,
    19.38104755329));
#325 = CARTESIAN_POINT('',(-8.423769929834,-13.51867657283,
    19.381059749438));
#326 = CARTESIAN_POINT('',(-8.476646670798,-13.48381363363,
    19.381181314393));
#327 = CARTESIAN_POINT('',(-8.528514108424,-13.44743742419,
    19.381420007803));
#328 = CARTESIAN_POINT('',(-8.579321848753,-13.40958232521,
    19.381775647258));
#329 = CARTESIAN_POINT('',(-8.629021221016,-13.37028439578,
    19.382247892229));
#330 = CARTESIAN_POINT('',(-8.677565277642,-13.32958137337,
    19.382836244073));
#331 = CARTESIAN_POINT('',(-8.724908794253,-13.28751267381,
    19.383540046027));
#332 = CARTESIAN_POINT('',(-8.771008269667,-13.2441193913,
    19.384358483216));
#333 = CARTESIAN_POINT('',(-8.815821925897,-13.19944429844,
    19.385290582642));
#334 = CARTESIAN_POINT('',(-8.859309708147,-13.15353184619,
    19.386335213196));
#335 = CARTESIAN_POINT('',(-8.90143328482,-13.10642816388,19.38749108565
    ));
#336 = CARTESIAN_POINT('',(-9.03405239167,-12.94930503411,19.39161289903
    ));
#337 = CARTESIAN_POINT('',(-9.11881706323,-12.83458267111,
    19.395029800917));
#338 = CARTESIAN_POINT('',(-9.19601172614,-12.71472516741,
    19.398980261968));
#339 = CARTESIAN_POINT('',(-9.26533396958,-12.58982465051,19.40347231273
    ));
#340 = CARTESIAN_POINT('',(-9.32630188126,-12.46131038657,
    19.408442946977));
#341 = CARTESIAN_POINT('',(-9.37890445974,-12.32925694044,
    19.413885978772));
#342 = CARTESIAN_POINT('',(-9.42291978933,-12.19381918152,
    19.419790644625));
#343 = CARTESIAN_POINT('',(-9.45784851108,-12.0566286025,19.42609148409)
  );
#344 = CARTESIAN_POINT('',(-9.48385968062,-11.91890295777,
    19.432747227421));
#345 = CARTESIAN_POINT('',(-9.50157628999,-11.77926170195,
    19.439776162044));
#346 = CARTESIAN_POINT('',(-9.50971523215,-11.63726808465,
    19.447077002324));
#347 = CARTESIAN_POINT('',(-9.50931798598,-11.5,19.454656910921));
#348 = PCURVE('',#42,#349);
#349 = DEFINITIONAL_REPRESENTATION('',(#350),#398);
#350 = B_SPLINE_CURVE_WITH_KNOTS('',10,(#351,#352,#353,#354,#355,#356,
    #357,#358,#359,#360,#361,#362,#363,#364,#365,#366,#367,#368,#369,
    #370,#371,#372,#373,#374,#375,#376,#377,#378,#379,#380,#381,#382,
    #383,#384,#385,#386,#387,#388,#389,#390,#391,#392,#393,#394,#395,
    #396,#397),.UNSPECIFIED.,.F.,.F.,(11,9,9,9,9,11),(14.26825769689,
    15.14445628207,15.58255557466,16.020654867251,16.896853452431,
    17.773052037612),.UNSPECIFIED.);
#351 = CARTESIAN_POINT('',(4.712388980385,-7.404255537557));
#352 = CARTESIAN_POINT('',(4.751089275567,-7.401058010065));
#353 = CARTESIAN_POINT('',(4.791626631596,-7.398070702135));
#354 = CARTESIAN_POINT('',(4.830197394658,-7.395322727666));
#355 = CARTESIAN_POINT('',(4.869723368339,-7.392814136469));
#356 = CARTESIAN_POINT('',(4.909178161406,-7.390530479367));
#357 = CARTESIAN_POINT('',(4.948481541114,-7.388519705669));
#358 = CARTESIAN_POINT('',(4.987962352086,-7.386749161977));
#359 = CARTESIAN_POINT('',(5.027407679604,-7.385244453183));
#360 = CARTESIAN_POINT('',(5.066884380275,-7.384002009672));
#361 = CARTESIAN_POINT('',(5.12611801176,-7.382538091108));
#362 = CARTESIAN_POINT('',(5.145866814671,-7.382116646949));
#363 = CARTESIAN_POINT('',(5.165615324668,-7.381762364872));
#364 = CARTESIAN_POINT('',(5.185374792776,-7.381474664652));
#365 = CARTESIAN_POINT('',(5.205130533221,-7.381254857261));
#366 = CARTESIAN_POINT('',(5.224883930871,-7.381102890072));
#367 = CARTESIAN_POINT('',(5.244644032596,-7.381018126496));
#368 = CARTESIAN_POINT('',(5.264404066284,-7.381001149918));
#369 = CARTESIAN_POINT('',(5.284161650774,-7.3810519907));
#370 = CARTESIAN_POINT('',(5.323675932897,-7.381288800036));
#371 = CARTESIAN_POINT('',(5.343431923724,-7.381474810209));
#372 = CARTESIAN_POINT('',(5.363186194728,-7.381728336753));
#373 = CARTESIAN_POINT('',(5.38293820147,-7.382049233241));
#374 = CARTESIAN_POINT('',(5.402687424649,-7.382437296016));
#375 = CARTESIAN_POINT('',(5.422433370118,-7.382892264101));
#376 = CARTESIAN_POINT('',(5.442175568868,-7.383413819299));
#377 = CARTESIAN_POINT('',(5.461913577041,-7.384001586104));
#378 = CARTESIAN_POINT('',(5.48164697592,-7.384655131765));
#379 = CARTESIAN_POINT('',(5.540832163972,-7.386811635218));
#380 = CARTESIAN_POINT('',(5.580269938516,-7.388510759192));
#381 = CARTESIAN_POINT('',(5.619673766289,-7.390464617063));
#382 = CARTESIAN_POINT('',(5.659089251025,-7.392679820922));
#383 = CARTESIAN_POINT('',(5.698388616248,-7.395123718175));
#384 = CARTESIAN_POINT('',(5.737751863068,-7.39782764378));
#385 = CARTESIAN_POINT('',(5.776995981458,-7.400750648669));
#386 = CARTESIAN_POINT('',(5.81623046431,-7.403903875383));
#387 = CARTESIAN_POINT('',(5.855410725149,-7.407271539804));
#388 = CARTESIAN_POINT('',(5.933673226365,-7.414420592642));
#389 = CARTESIAN_POINT('',(5.972755414853,-7.418201303378));
#390 = CARTESIAN_POINT('',(6.011777608628,-7.422180947835));
#391 = CARTESIAN_POINT('',(6.050744091778,-7.426346399478));
#392 = CARTESIAN_POINT('',(6.089638071238,-7.430686942101));
#393 = CARTESIAN_POINT('',(6.128467929194,-7.435194102574));
#394 = CARTESIAN_POINT('',(6.167308241436,-7.439857850001));
#395 = CARTESIAN_POINT('',(6.206247781361,-7.444663981678));
#396 = CARTESIAN_POINT('',(6.245156729346,-7.449597515751));
#397 = CARTESIAN_POINT('',(6.28318530718,-7.454656910921));
#398 = ( GEOMETRIC_REPRESENTATION_CONTEXT(2) 
PARAMETRIC_REPRESENTATION_CONTEXT() REPRESENTATION_CONTEXT('2D SPACE',''
  ) );
#399 = PCURVE('',#400,#506);
#400 = ( BOUNDED_SURFACE() B_SPLINE_SURFACE(2,12,(
    (#401,#402,#403,#404,#405,#406,#407,#408,#409,#410,#411,#412,#413
      ,#414,#415,#416,#417,#418,#419,#420,#421,#422,#423,#424,#425,#426
      ,#427,#428,#429,#430,#431,#432,#433,#434,#435)
    ,(#436,#437,#438,#439,#440,#441,#442,#443,#444,#445,#446,#447,#448
      ,#449,#450,#451,#452,#453,#454,#455,#456,#457,#458,#459,#460,#461
      ,#462,#463,#464,#465,#466,#467,#468,#469,#470)
    ,(#471,#472,#473,#474,#475,#476,#477,#478,#479,#480,#481,#482,#483
      ,#484,#485,#486,#487,#488,#489,#490,#491,#492,#493,#494,#495,#496
      ,#497,#498,#499,#500,#501,#502,#503,#504,#505
)),.UNSPECIFIED.,.F.,.F.,.F.) B_SPLINE_SURFACE_WITH_KNOTS((3,3),(13,11,
    11,13),(0.,3.504794340722),(14.26825769689,15.499750609799,
    16.197803226571,17.773052037612),.UNSPECIFIED.) 
GEOMETRIC_REPRESENTATION_ITEM() RATIONAL_B_SPLINE_SURFACE((
    (1.,1.,1.,1.000000000001,0.999999999998,1.000000000003
      ,0.999999999997,1.000000000003,0.999999999998,1.000000000001
      ,0.999999999999,1.,1.,1.000000000001,0.999999999999,1.000000000003
      ,0.999999999996,1.000000000004,0.999999999997,1.000000000002
      ,0.999999999999,1.,1.,1.,1.,0.999999999999,1.000000000001
      ,0.999999999998,1.000000000002,0.999999999998,1.000000000001
      ,0.999999999999,1.,1.,1.)
    ,(0.767817012345,0.76885914538,0.769919791914,0.770725453754
      ,0.771576860903,0.772262081041,0.77285718346,0.77338080947
      ,0.773773442397,0.774083877625,0.774284732865,0.774385111147
      ,0.774381696388,0.774347574219,0.774280573253,0.77418073624
      ,0.774048140636,0.773882898651,0.773685157192,0.77345509792
      ,0.773192937201,0.772898926141,0.772573350565,0.771411320167
      ,0.770446766948,0.769328308545,0.768054584693,0.766641803682
      ,0.765089818132,0.763395420756,0.761579487965,0.759669941313
      ,0.757641961244,0.755430368357,0.75326648227)
    ,(1.,1.,1.,1.000000000001,0.999999999998,1.000000000003
      ,0.999999999997,1.000000000003,0.999999999998,1.000000000001
      ,0.999999999999,1.,1.,1.000000000001,0.999999999999,1.000000000003
      ,0.999999999996,1.000000000004,0.999999999997,1.000000000002
      ,0.999999999999,1.,1.,1.,1.,0.999999999999,1.000000000001
      ,0.999999999998,1.000000000002,0.999999999998,1.000000000001
,0.999999999999,1.,1.,1.))) REPRESENTATION_ITEM('') SURFACE() );
#401 = CARTESIAN_POINT('',(-7.1,-13.91195941003,19.404255537557));
#402 = CARTESIAN_POINT('',(-7.209328249819,-13.91215568195,
    19.40051044625));
#403 = CARTESIAN_POINT('',(-7.324635665928,-13.90693575838,
    19.397048842831));
#404 = CARTESIAN_POINT('',(-7.431820141561,-13.89526449512,
    19.393911167475));
#405 = CARTESIAN_POINT('',(-7.542964192884,-13.87982737186,
    19.391112401472));
#406 = CARTESIAN_POINT('',(-7.654603654296,-13.85632865845,
    19.388561164116));
#407 = CARTESIAN_POINT('',(-7.759278449241,-13.82979725894,
    19.386501352162));
#408 = CARTESIAN_POINT('',(-7.869637293326,-13.79582549881,
    19.384618973198));
#409 = CARTESIAN_POINT('',(-7.97261969701,-13.7576719022,19.383228690904
    ));
#410 = CARTESIAN_POINT('',(-8.07657677067,-13.71368513057,19.38212000937
    ));
#411 = CARTESIAN_POINT('',(-8.176978358658,-13.66474195496,
    19.38140529167));
#412 = CARTESIAN_POINT('',(-8.274963076352,-13.61077078243,
    19.38104755329));
#413 = CARTESIAN_POINT('',(-8.423769929834,-13.51867657283,
    19.381059749438));
#414 = CARTESIAN_POINT('',(-8.476646670798,-13.48381363363,
    19.381181314393));
#415 = CARTESIAN_POINT('',(-8.528514108424,-13.44743742419,
    19.381420007803));
#416 = CARTESIAN_POINT('',(-8.579321848753,-13.40958232521,
    19.381775647258));
#417 = CARTESIAN_POINT('',(-8.629021221016,-13.37028439578,
    19.382247892229));
#418 = CARTESIAN_POINT('',(-8.677565277642,-13.32958137337,
    19.382836244073));
#419 = CARTESIAN_POINT('',(-8.724908794253,-13.28751267381,
    19.383540046027));
#420 = CARTESIAN_POINT('',(-8.771008269667,-13.2441193913,
    19.384358483216));
#421 = CARTESIAN_POINT('',(-8.815821925897,-13.19944429844,
    19.385290582642));
#422 = CARTESIAN_POINT('',(-8.859309708147,-13.15353184619,
    19.386335213196));
#423 = CARTESIAN_POINT('',(-8.90143328482,-13.10642816388,19.38749108565
    ));
#424 = CARTESIAN_POINT('',(-9.03405239167,-12.94930503411,19.39161289903
    ));
#425 = CARTESIAN_POINT('',(-9.11881706323,-12.83458267111,
    19.395029800917));
#426 = CARTESIAN_POINT('',(-9.19601172614,-12.71472516741,
    19.398980261968));
#427 = CARTESIAN_POINT('',(-9.26533396958,-12.58982465051,19.40347231273
    ));
#428 = CARTESIAN_POINT('',(-9.32630188126,-12.46131038657,
    19.408442946977));
#429 = CARTESIAN_POINT('',(-9.37890445974,-12.32925694044,
    19.413885978772));
#430 = CARTESIAN_POINT('',(-9.42291978933,-12.19381918152,
    19.419790644625));
#431 = CARTESIAN_POINT('',(-9.45784851108,-12.0566286025,19.42609148409)
  );
#432 = CARTESIAN_POINT('',(-9.48385968062,-11.91890295777,
    19.432747227421));
#433 = CARTESIAN_POINT('',(-9.50157628999,-11.77926170195,
    19.439776162044));
#434 = CARTESIAN_POINT('',(-9.50971523215,-11.63726808465,
    19.447077002324));
#435 = CARTESIAN_POINT('',(-9.50931798598,-11.5,19.454656910921));
#436 = CARTESIAN_POINT('',(-7.173148834053,-13.85531854188,
    20.485027684718));
#437 = CARTESIAN_POINT('',(-7.275507754209,-13.8523762202,
    20.477989744806));
#438 = CARTESIAN_POINT('',(-7.377770615931,-13.84437527204,
    20.471549574144));
#439 = CARTESIAN_POINT('',(-7.479683399415,-13.83178989871,
    20.46566959264));
#440 = CARTESIAN_POINT('',(-7.581420242047,-13.81409134227,
    20.46039913199));
#441 = CARTESIAN_POINT('',(-7.681540055384,-13.79163782935,
    20.455801878129));
#442 = CARTESIAN_POINT('',(-7.781554024746,-13.76444541151,
    20.451763585892));
#443 = CARTESIAN_POINT('',(-7.879259884431,-13.73237835202,
    20.448463596797));
#444 = CARTESIAN_POINT('',(-7.975987982397,-13.69578409037,
    20.445761118041));
#445 = CARTESIAN_POINT('',(-8.070500232438,-13.65454864448,
    20.443761749296));
#446 = CARTESIAN_POINT('',(-8.162996126515,-13.60889891849,
    20.442423145811));
#447 = CARTESIAN_POINT('',(-8.253083007028,-13.55892979516,
    20.441763070716));
#448 = CARTESIAN_POINT('',(-8.390146610077,-13.47411470961,
    20.441785644312));
#449 = CARTESIAN_POINT('',(-8.438904725093,-13.44208615028,
    20.442010636647));
#450 = CARTESIAN_POINT('',(-8.486792465995,-13.40873904957,
    20.442452463538));
#451 = CARTESIAN_POINT('',(-8.533768375969,-13.3741010332,
    20.443110886282));
#452 = CARTESIAN_POINT('',(-8.57979229792,-13.33820103594,20.44398541834
    ));
#453 = CARTESIAN_POINT('',(-8.624825348705,-13.30106932376,
    20.44507532461));
#454 = CARTESIAN_POINT('',(-8.668829894867,-13.26273751758,
    20.446379620388));
#455 = CARTESIAN_POINT('',(-8.711769529939,-13.2232386187,
    20.447897070044));
#456 = CARTESIAN_POINT('',(-8.753609053344,-13.18260703576,
    20.449626185379));
#457 = CARTESIAN_POINT('',(-8.794314450899,-13.1408786133,
    20.451565223701));
#458 = CARTESIAN_POINT('',(-8.833852876993,-13.09809066172,
    20.453712185594));
#459 = CARTESIAN_POINT('',(-8.958841751753,-12.95527295683,
    20.461381825853));
#460 = CARTESIAN_POINT('',(-9.03942151671,-12.85100143773,
    20.467751179745));
#461 = CARTESIAN_POINT('',(-9.11354843349,-12.74182171353,
    20.475159200411));
#462 = CARTESIAN_POINT('',(-9.18090175632,-12.62846281195,
    20.483543213689));
#463 = CARTESIAN_POINT('',(-9.24120128795,-12.51098896204,
    20.492916476932));
#464 = CARTESIAN_POINT('',(-9.29419026463,-12.39013695961,
    20.503210868236));
#465 = CARTESIAN_POINT('',(-9.33966384459,-12.26664655934,20.51435420628
    ));
#466 = CARTESIAN_POINT('',(-9.37745869008,-12.14070829812,
    20.526336442229));
#467 = CARTESIAN_POINT('',(-9.4074361401,-12.01279321663,20.539112488916
    ));
#468 = CARTESIAN_POINT('',(-9.42956084503,-11.88405062907,
    20.552549422383));
#469 = CARTESIAN_POINT('',(-9.44397080892,-11.75437353039,
    20.566650822892));
#470 = CARTESIAN_POINT('',(-9.45026975412,-11.62444932838,
    20.581364294117));
#471 = CARTESIAN_POINT('',(-7.156424501886,-12.7797618677,
    20.624761400336));
#472 = CARTESIAN_POINT('',(-7.219019170871,-12.78135588533,
    20.620041558414));
#473 = CARTESIAN_POINT('',(-7.250892344417,-12.78022004043,
    20.617846035065));
#474 = CARTESIAN_POINT('',(-7.325643414376,-12.77913680303,
    20.612573587453));
#475 = CARTESIAN_POINT('',(-7.376175947638,-12.76672743227,
    20.610350921831));
#476 = CARTESIAN_POINT('',(-7.419486010374,-12.76369146979,
    20.60757787078));
#477 = CARTESIAN_POINT('',(-7.493930045756,-12.74475349772,
    20.604397823683));
#478 = CARTESIAN_POINT('',(-7.528646075896,-12.73327852157,
    20.603231626962));
#479 = CARTESIAN_POINT('',(-7.593172571694,-12.71253173995,
    20.600987721839));
#480 = CARTESIAN_POINT('',(-7.639818511467,-12.69192562502,
    20.600026130641));
#481 = CARTESIAN_POINT('',(-7.691579695968,-12.6675874146,
    20.599131124448));
#482 = CARTESIAN_POINT('',(-7.740380368599,-12.64082124681,
    20.598736162406));
#483 = CARTESIAN_POINT('',(-7.814631978642,-12.59485950843,
    20.59875018894));
#484 = CARTESIAN_POINT('',(-7.840982409603,-12.57741572058,
    20.598888226578));
#485 = CARTESIAN_POINT('',(-7.866793913532,-12.55917230283,
    20.599159262638));
#486 = CARTESIAN_POINT('',(-7.892039696271,-12.54014734997,
    20.599563113333));
#487 = CARTESIAN_POINT('',(-7.916693486723,-12.52036049391,
    20.600099375911));
#488 = CARTESIAN_POINT('',(-7.940729536855,-12.49983290364,
    20.600767428668));
#489 = CARTESIAN_POINT('',(-7.964122621695,-12.47858728525,
    20.601566430932));
#490 = CARTESIAN_POINT('',(-7.986848039334,-12.45664788196,
    20.602495323081));
#491 = CARTESIAN_POINT('',(-8.008881610927,-12.43404047407,
    20.603552826526));
#492 = CARTESIAN_POINT('',(-8.030199680687,-12.41079237898,
    20.604737443723));
#493 = CARTESIAN_POINT('',(-8.050779115894,-12.38693245121,
    20.606047458168));
#494 = CARTESIAN_POINT('',(-8.115319697507,-12.30733587445,
    20.610715764649));
#495 = CARTESIAN_POINT('',(-8.156143118404,-12.24943605355,
    20.614555401069));
#496 = CARTESIAN_POINT('',(-8.193045955406,-12.18764811548,
    20.619136506852));
#497 = CARTESIAN_POINT('',(-8.225000474329,-12.12679757401,
    20.623964609381));
#498 = CARTESIAN_POINT('',(-8.253774492953,-12.06016229756,
    20.629703827753));
#499 = CARTESIAN_POINT('',(-8.277260357379,-11.99205459617,
    20.635998183244));
#500 = CARTESIAN_POINT('',(-8.295000676804,-11.92748040275,20.642293569)
  );
#501 = CARTESIAN_POINT('',(-8.309912686081,-11.85999994021,
    20.649137126499));
#502 = CARTESIAN_POINT('',(-8.320904311245,-11.7848009108,
    20.657166499375));
#503 = CARTESIAN_POINT('',(-8.322735134306,-11.71649109239,
    20.665045332653));
#504 = CARTESIAN_POINT('',(-8.323714614473,-11.66509088311,
    20.67103358044));
#505 = CARTESIAN_POINT('',(-8.320258248301,-11.5840264074,
    20.680781800276));
#506 = DEFINITIONAL_REPRESENTATION('',(#507),#511);
#507 = LINE('',#508,#509);
#508 = CARTESIAN_POINT('',(0.,0.));
#509 = VECTOR('',#510,1.);
#510 = DIRECTION('',(0.,1.));
#511 = ( GEOMETRIC_REPRESENTATION_CONTEXT(2) 
PARAMETRIC_REPRESENTATION_CONTEXT() REPRESENTATION_CONTEXT('2D SPACE',''
  ) );
#512 = ADVANCED_FACE('',(#513),#168,.T.);
#513 = FACE_BOUND('',#514,.T.);
#514 = EDGE_LOOP('',(#515,#591,#949,#968));
#515 = ORIENTED_EDGE('',*,*,#516,.T.);
#516 = EDGE_CURVE('',#82,#517,#519,.T.);
#517 = VERTEX_POINT('',#518);
#518 = CARTESIAN_POINT('',(7.153090418573,-12.77984782557,
    20.624990738315));
#519 = SURFACE_CURVE('',#520,(#524,#530),.PCURVE_S1.);
#520 = ( BOUNDED_CURVE() B_SPLINE_CURVE(2,(#521,#522,#523),
.UNSPECIFIED.,.F.,.F.) B_SPLINE_CURVE_WITH_KNOTS((3,3),(0.,
14.340540780196),.PIECEWISE_BEZIER_KNOTS.) CURVE() 
GEOMETRIC_REPRESENTATION_ITEM() RATIONAL_B_SPLINE_CURVE((1.,
0.767821660179,1.)) REPRESENTATION_ITEM('') );
#521 = CARTESIAN_POINT('',(7.1,-13.91195842024,19.404274423827));
#522 = CARTESIAN_POINT('',(7.172611409756,-13.85531649717,20.48506670027
    ));
#523 = CARTESIAN_POINT('',(7.153090418573,-12.77984782557,
    20.624990738315));
#524 = PCURVE('',#168,#525);
#525 = DEFINITIONAL_REPRESENTATION('',(#526),#529);
#526 = B_SPLINE_CURVE_WITH_KNOTS('',1,(#527,#528),.UNSPECIFIED.,.F.,.F.,
  (2,2),(0.,14.340540780196),.PIECEWISE_BEZIER_KNOTS.);
#527 = CARTESIAN_POINT('',(0.,-7.228308330673E-02));
#528 = CARTESIAN_POINT('',(14.340540780196,-7.228308330673E-02));
#529 = ( GEOMETRIC_REPRESENTATION_CONTEXT(2) 
PARAMETRIC_REPRESENTATION_CONTEXT() REPRESENTATION_CONTEXT('2D SPACE',''
  ) );
#530 = PCURVE('',#531,#586);
#531 = ( BOUNDED_SURFACE() B_SPLINE_SURFACE(2,9,(
    (#532,#533,#534,#535,#536,#537,#538,#539,#540,#541,#542,#543,#544
      ,#545,#546,#547,#548,#549)
    ,(#550,#551,#552,#553,#554,#555,#556,#557,#558,#559,#560,#561,#562
      ,#563,#564,#565,#566,#567)
    ,(#568,#569,#570,#571,#572,#573,#574,#575,#576,#577,#578,#579,#580
      ,#581,#582,#583,#584,#585
)),.UNSPECIFIED.,.F.,.F.,.F.) B_SPLINE_SURFACE_WITH_KNOTS((3,3),(10,8,10
    ),(0.,3.505138407288),(88.925122479332,90.503950224088,
92.43026088662),.UNSPECIFIED.) GEOMETRIC_REPRESENTATION_ITEM() 
RATIONAL_B_SPLINE_SURFACE((
    (1.,1.,1.,1.,1.,1.,1.,1.,1.,1.,1.,1.,1.,1.,1.,1.,1.,1.)
    ,(0.753263904168,0.756141690558,0.759106048181,0.761633365342
      ,0.764086552438,0.766230665912,0.768161843524,0.769803891041
      ,0.771168525761,0.773545396535,0.774415096442,0.774831672671
      ,0.774782254803,0.774268776231,0.773297798169,0.771881369365
      ,0.770047118569,0.767821660179)
    ,(1.,1.,1.,1.,1.,1.,1.,1.,1.,1.,1.,1.,1.,1.,1.,1.,1.,1.
))) REPRESENTATION_ITEM('') SURFACE() );
#532 = CARTESIAN_POINT('',(9.509318523047,-11.5,19.454646663107));
#533 = CARTESIAN_POINT('',(9.50984934911,-11.68296290389,19.444517898439
    ));
#534 = CARTESIAN_POINT('',(9.494718927828,-11.87455175142,
    19.434902398477));
#535 = CARTESIAN_POINT('',(9.461433507349,-12.05876426745,
    19.425790645915));
#536 = CARTESIAN_POINT('',(9.414062060247,-12.24212091559,
    19.417522179501));
#537 = CARTESIAN_POINT('',(9.348546582171,-12.42180790377,
    19.409807159278));
#538 = CARTESIAN_POINT('',(9.268325649246,-12.59444363823,
    19.403141066204));
#539 = CARTESIAN_POINT('',(9.17253547623,-12.7599284142,19.397296703522)
  );
#540 = CARTESIAN_POINT('',(9.062623327178,-12.91594236792,
    19.392474162305));
#541 = CARTESIAN_POINT('',(8.789423932807,-13.23852738601,
    19.384043022856));
#542 = CARTESIAN_POINT('',(8.619738790861,-13.39981847877,
    19.380943043517));
#543 = CARTESIAN_POINT('',(8.432528500096,-13.54252119303,
    19.379456713069));
#544 = CARTESIAN_POINT('',(8.230177767159,-13.66428849772,19.37962758987
    ));
#545 = CARTESIAN_POINT('',(8.015738039776,-13.76322459887,
    19.381463668902));
#546 = CARTESIAN_POINT('',(7.792254301548,-13.83799738302,
    19.384932338995));
#547 = CARTESIAN_POINT('',(7.562812214079,-13.88781587853,
    19.389962413242));
#548 = CARTESIAN_POINT('',(7.331057797572,-13.91236833059,
    19.396452868401));
#549 = CARTESIAN_POINT('',(7.1,-13.91195842024,19.404274423827));
#550 = CARTESIAN_POINT('',(9.450270832862,-11.62462494815,
    20.581343710623));
#551 = CARTESIAN_POINT('',(9.441872712351,-11.79813549031,
    20.561693178822));
#552 = CARTESIAN_POINT('',(9.41855355016,-11.97123697332,20.543163305833
    ));
#553 = CARTESIAN_POINT('',(9.381192547967,-12.14197594032,
    20.525920704227));
#554 = CARTESIAN_POINT('',(9.329220389891,-12.31126726681,
    20.509895587469));
#555 = CARTESIAN_POINT('',(9.263080248082,-12.47430912245,
    20.495624149534));
#556 = CARTESIAN_POINT('',(9.183404726378,-12.63256560387,
    20.482883448005));
#557 = CARTESIAN_POINT('',(9.090675352644,-12.78293320049,
    20.472006447069));
#558 = CARTESIAN_POINT('',(8.985799950465,-12.92488600334,
    20.462987381348));
#559 = CARTESIAN_POINT('',(8.728598779623,-13.21784199473,
    20.447313861638));
#560 = CARTESIAN_POINT('',(8.570648142582,-13.36451513692,
    20.441570728242));
#561 = CARTESIAN_POINT('',(8.397457296372,-13.49498292853,
    20.438820083107));
#562 = CARTESIAN_POINT('',(8.211314908623,-13.60720703882,
    20.439135341061));
#563 = CARTESIAN_POINT('',(8.014410161706,-13.69968553484,
    20.442534139852));
#564 = CARTESIAN_POINT('',(7.809300610525,-13.77127369678,
    20.448965472339));
#565 = CARTESIAN_POINT('',(7.598876849334,-13.82117272633,
    20.458313601334));
#566 = CARTESIAN_POINT('',(7.38574614496,-13.84914841529,20.470417101791
    ));
#567 = CARTESIAN_POINT('',(7.172611409756,-13.85531649717,20.48506670027
    ));
#568 = CARTESIAN_POINT('',(8.320196827458,-11.58538736226,
    20.680628142748));
#569 = CARTESIAN_POINT('',(8.324553825604,-11.69724217766,
    20.667210294052));
#570 = CARTESIAN_POINT('',(8.320270356648,-11.75467022369,
    20.660727281268));
#571 = CARTESIAN_POINT('',(8.316345394271,-11.85988014963,
    20.648701937921));
#572 = CARTESIAN_POINT('',(8.289264462201,-11.95299952319,
    20.639698623643));
#573 = CARTESIAN_POINT('',(8.265604559263,-12.03758474608,
    20.631507475449));
#574 = CARTESIAN_POINT('',(8.226522661237,-12.12897440469,
    20.623594831022));
#575 = CARTESIAN_POINT('',(8.182107727873,-12.21109757539,
    20.617176316077));
#576 = CARTESIAN_POINT('',(8.129225052733,-12.29045021313,
    20.611690620145));
#577 = CARTESIAN_POINT('',(7.99625907789,-12.4538424025,20.602142520412)
  );
#578 = CARTESIAN_POINT('',(7.912732508101,-12.53545208332,
    20.598614202007));
#579 = CARTESIAN_POINT('',(7.819048318725,-12.60752908889,
    20.596941665166));
#580 = CARTESIAN_POINT('',(7.718635681122,-12.66810727869,
    20.597108234801));
#581 = CARTESIAN_POINT('',(7.610903641157,-12.71677068693,20.59920473265
    ));
#582 = CARTESIAN_POINT('',(7.497896399021,-12.75272976098,
    20.603175653109));
#583 = CARTESIAN_POINT('',(7.383748640858,-12.77490985844,
    20.608847996576));
#584 = CARTESIAN_POINT('',(7.267688249204,-12.7839549992,20.616200435673
    ));
#585 = CARTESIAN_POINT('',(7.153090418573,-12.77984782557,
    20.624990738315));
#586 = DEFINITIONAL_REPRESENTATION('',(#587),#590);
#587 = B_SPLINE_CURVE_WITH_KNOTS('',1,(#588,#589),.UNSPECIFIED.,.F.,.F.,
  (2,2),(0.,14.340540780196),.PIECEWISE_BEZIER_KNOTS.);
#588 = CARTESIAN_POINT('',(0.,92.43026088662));
#589 = CARTESIAN_POINT('',(3.505138407288,92.43026088662));
#590 = ( GEOMETRIC_REPRESENTATION_CONTEXT(2) 
PARAMETRIC_REPRESENTATION_CONTEXT() REPRESENTATION_CONTEXT('2D SPACE',''
  ) );
#591 = ORIENTED_EDGE('',*,*,#592,.T.);
#592 = EDGE_CURVE('',#517,#593,#595,.T.);
#593 = VERTEX_POINT('',#594);
#594 = CARTESIAN_POINT('',(-7.156424501886,-12.7797618677,
    20.624761400336));
#595 = SURFACE_CURVE('',#596,(#624,#631),.PCURVE_S1.);
#596 = B_SPLINE_CURVE_WITH_KNOTS('',9,(#597,#598,#599,#600,#601,#602,
    #603,#604,#605,#606,#607,#608,#609,#610,#611,#612,#613,#614,#615,
    #616,#617,#618,#619,#620,#621,#622,#623),.UNSPECIFIED.,.F.,.F.,(10,9
    ,8,10),(-7.228308330673E-02,0.,14.195452822989,14.26825769689),
  .UNSPECIFIED.);
#597 = CARTESIAN_POINT('',(7.153090418573,-12.77984782557,
    20.624990738315));
#598 = CARTESIAN_POINT('',(7.148790237559,-12.77969370756,
    20.625320586554));
#599 = CARTESIAN_POINT('',(7.144492644474,-12.77955685373,
    20.625647814109));
#600 = CARTESIAN_POINT('',(7.140197035687,-12.7794372552,20.625972465691
    ));
#601 = CARTESIAN_POINT('',(7.135902807567,-12.77933490306,20.62629458601
    ));
#602 = CARTESIAN_POINT('',(7.131609356486,-12.77924978845,
    20.626614219773));
#603 = CARTESIAN_POINT('',(7.127316078809,-12.77918190245,
    20.626931411691));
#604 = CARTESIAN_POINT('',(7.123022370908,-12.77913123619,
    20.627246206473));
#605 = CARTESIAN_POINT('',(7.118727629152,-12.77909778077,
    20.627558648828));
#606 = CARTESIAN_POINT('',(7.11443124991,-12.7790815273,20.627868783466)
  );
#607 = CARTESIAN_POINT('',(5.536191477204,-12.77311094891,
    20.741794205884));
#608 = CARTESIAN_POINT('',(3.95594212231,-12.76861418597,20.827294862098
    ));
#609 = CARTESIAN_POINT('',(2.373884467279,-12.76572430252,
    20.884271665854));
#610 = CARTESIAN_POINT('',(0.792063260607,-12.76394018115,
    20.912909812284));
#611 = CARTESIAN_POINT('',(-0.792383881159,-12.76448412893,
    20.912691326595));
#612 = CARTESIAN_POINT('',(-2.374277667073,-12.76524905097,
    20.884527762413));
#613 = CARTESIAN_POINT('',(-3.961469595946,-12.76897167957,
    20.827152844479));
#614 = CARTESIAN_POINT('',(-5.543183034148,-12.77293890997,
    20.741099910955));
#615 = CARTESIAN_POINT('',(-7.1088420859,-12.77916265035,20.628259232481
    ));
#616 = CARTESIAN_POINT('',(-7.116204210727,-12.77920040101,
    20.627726827062));
#617 = CARTESIAN_POINT('',(-7.123026541314,-12.77924538421,
    20.627231569758));
#618 = CARTESIAN_POINT('',(-7.129387553513,-12.77929903989,
    20.626767790246));
#619 = CARTESIAN_POINT('',(-7.135357223302,-12.7793630089,
    20.626330372519));
#620 = CARTESIAN_POINT('',(-7.140997026766,-12.77943913301,
    20.625914754885));
#621 = CARTESIAN_POINT('',(-7.146359940117,-12.77952945493,
    20.625516929965));
#622 = CARTESIAN_POINT('',(-7.151490439676,-12.77963621831,
    20.625133444697));
#623 = CARTESIAN_POINT('',(-7.156424501886,-12.7797618677,
    20.624761400336));
#624 = PCURVE('',#168,#625);
#625 = DEFINITIONAL_REPRESENTATION('',(#626),#630);
#626 = LINE('',#627,#628);
#627 = CARTESIAN_POINT('',(14.340540780196,0.));
#628 = VECTOR('',#629,1.);
#629 = DIRECTION('',(0.,1.));
#630 = ( GEOMETRIC_REPRESENTATION_CONTEXT(2) 
PARAMETRIC_REPRESENTATION_CONTEXT() REPRESENTATION_CONTEXT('2D SPACE',''
  ) );
#631 = PCURVE('',#632,#637);
#632 = SPHERICAL_SURFACE('',#633,100.3);
#633 = AXIS2_PLACEMENT_3D('',#634,#635,#636);
#634 = CARTESIAN_POINT('',(0.,0.,-78.6));
#635 = DIRECTION('',(0.,0.,1.));
#636 = DIRECTION('',(1.,0.,0.));
#637 = DEFINITIONAL_REPRESENTATION('',(#638),#948);
#638 = B_SPLINE_CURVE_WITH_KNOTS('',11,(#639,#640,#641,#642,#643,#644,
    #645,#646,#647,#648,#649,#650,#651,#652,#653,#654,#655,#656,#657,
    #658,#659,#660,#661,#662,#663,#664,#665,#666,#667,#668,#669,#670,
    #671,#672,#673,#674,#675,#676,#677,#678,#679,#680,#681,#682,#683,
    #684,#685,#686,#687,#688,#689,#690,#691,#692,#693,#694,#695,#696,
    #697,#698,#699,#700,#701,#702,#703,#704,#705,#706,#707,#708,#709,
    #710,#711,#712,#713,#714,#715,#716,#717,#718,#719,#720,#721,#722,
    #723,#724,#725,#726,#727,#728,#729,#730,#731,#732,#733,#734,#735,
    #736,#737,#738,#739,#740,#741,#742,#743,#744,#745,#746,#747,#748,
    #749,#750,#751,#752,#753,#754,#755,#756,#757,#758,#759,#760,#761,
    #762,#763,#764,#765,#766,#767,#768,#769,#770,#771,#772,#773,#774,
    #775,#776,#777,#778,#779,#780,#781,#782,#783,#784,#785,#786,#787,
    #788,#789,#790,#791,#792,#793,#794,#795,#796,#797,#798,#799,#800,
    #801,#802,#803,#804,#805,#806,#807,#808,#809,#810,#811,#812,#813,
    #814,#815,#816,#817,#818,#819,#820,#821,#822,#823,#824,#825,#826,
    #827,#828,#829,#830,#831,#832,#833,#834,#835,#836,#837,#838,#839,
    #840,#841,#842,#843,#844,#845,#846,#847,#848,#849,#850,#851,#852,
    #853,#854,#855,#856,#857,#858,#859,#860,#861,#862,#863,#864,#865,
    #866,#867,#868,#869,#870,#871,#872,#873,#874,#875,#876,#877,#878,
    #879,#880,#881,#882,#883,#884,#885,#886,#887,#888,#889,#890,#891,
    #892,#893,#894,#895,#896,#897,#898,#899,#900,#901,#902,#903,#904,
    #905,#906,#907,#908,#909,#910,#911,#912,#913,#914,#915,#916,#917,
    #918,#919,#920,#921,#922,#923,#924,#925,#926,#927,#928,#929,#930,
    #931,#932,#933,#934,#935,#936,#937,#938,#939,#940,#941,#942,#943,
    #944,#945,#946,#947),.UNSPECIFIED.,.F.,.F.,(12,11,11,11,11,11,11,11,
    11,11,11,11,11,11,11,11,11,11,11,11,11,11,11,11,11,11,11,11,12),(
    -7.228308330673E-02,-1.626534588409E-02,-2.260911528432E-03,
    -5.103572339749E-04,-7.271866036054E-05,-1.801383865874E-05,
    3.669098304305E-05,1.461006264467E-04,3.649199132538E-04,
    1.240197060483E-03,4.741305649398E-03,1.174352282723E-02,
    3.975239153855E-02,0.151787866384,0.375858816074,0.824000715456,
    1.720284514218,3.512852111742,7.097987306791,10.68312250184,
    12.475690099365,13.371973898127,13.820115797508,14.044186747199,
    14.156222222044,14.184231090756,14.198235525111,14.212239959467,
    14.26825769689),.UNSPECIFIED.);
#639 = CARTESIAN_POINT('',(5.222661381015,1.424255278536));
#640 = CARTESIAN_POINT('',(5.222502181752,1.424269559192));
#641 = CARTESIAN_POINT('',(5.222342782948,1.424283771019));
#642 = CARTESIAN_POINT('',(5.222183176322,1.424297914721));
#643 = CARTESIAN_POINT('',(5.222023353558,1.424311990993));
#644 = CARTESIAN_POINT('',(5.221863306401,1.424326000546));
#645 = CARTESIAN_POINT('',(5.221703026511,1.42433994407));
#646 = CARTESIAN_POINT('',(5.221542505645,1.424353822278));
#647 = CARTESIAN_POINT('',(5.221381735469,1.424367635861));
#648 = CARTESIAN_POINT('',(5.221220707719,1.424381385527));
#649 = CARTESIAN_POINT('',(5.221059414087,1.424395071974));
#650 = CARTESIAN_POINT('',(5.220897846287,1.424408695904));
#651 = CARTESIAN_POINT('',(5.220857455307,1.424412101805));
#652 = CARTESIAN_POINT('',(5.220817046606,1.424415503847));
#653 = CARTESIAN_POINT('',(5.22077662019,1.424418902033));
#654 = CARTESIAN_POINT('',(5.220736176045,1.424422296359));
#655 = CARTESIAN_POINT('',(5.220695714194,1.424425686829));
#656 = CARTESIAN_POINT('',(5.220655234607,1.424429073439));
#657 = CARTESIAN_POINT('',(5.220614737316,1.424432456193));
#658 = CARTESIAN_POINT('',(5.220574222293,1.424435835088));
#659 = CARTESIAN_POINT('',(5.220533689558,1.424439210125));
#660 = CARTESIAN_POINT('',(5.2204931391,1.424442581305));
#661 = CARTESIAN_POINT('',(5.220452570923,1.424445948627));
#662 = CARTESIAN_POINT('',(5.220447498346,1.424446369255));
#663 = CARTESIAN_POINT('',(5.220442425767,1.424446789883));
#664 = CARTESIAN_POINT('',(5.220437353194,1.424447210513));
#665 = CARTESIAN_POINT('',(5.220432280609,1.424447631137));
#666 = CARTESIAN_POINT('',(5.220427208042,1.42444805177));
#667 = CARTESIAN_POINT('',(5.220422135454,1.424448472394));
#668 = CARTESIAN_POINT('',(5.220417062885,1.424448893026));
#669 = CARTESIAN_POINT('',(5.220411990303,1.424449313652));
#670 = CARTESIAN_POINT('',(5.220406917727,1.424449734281));
#671 = CARTESIAN_POINT('',(5.220401845149,1.424450154909));
#672 = CARTESIAN_POINT('',(5.220396772572,1.424450575537));
#673 = CARTESIAN_POINT('',(5.220395503978,1.424450680602));
#674 = CARTESIAN_POINT('',(5.220394235387,1.424450785667));
#675 = CARTESIAN_POINT('',(5.220392966785,1.424450890729));
#676 = CARTESIAN_POINT('',(5.220391698206,1.424450995797));
#677 = CARTESIAN_POINT('',(5.220390429592,1.424451100857));
#678 = CARTESIAN_POINT('',(5.22038916102,1.424451205926));
#679 = CARTESIAN_POINT('',(5.220387892407,1.424451310986));
#680 = CARTESIAN_POINT('',(5.220386623826,1.424451416053));
#681 = CARTESIAN_POINT('',(5.220385355225,1.424451521116));
#682 = CARTESIAN_POINT('',(5.220384086634,1.424451626181));
#683 = CARTESIAN_POINT('',(5.22038281804,1.424451731245));
#684 = CARTESIAN_POINT('',(5.220382659453,1.424451744375));
#685 = CARTESIAN_POINT('',(5.220382500865,1.424451757505));
#686 = CARTESIAN_POINT('',(5.220382342281,1.424451770637));
#687 = CARTESIAN_POINT('',(5.220382183689,1.424451783765));
#688 = CARTESIAN_POINT('',(5.220382025109,1.424451796899));
#689 = CARTESIAN_POINT('',(5.220381866514,1.424451810025));
#690 = CARTESIAN_POINT('',(5.220381707934,1.424451823159));
#691 = CARTESIAN_POINT('',(5.220381549343,1.424451836287));
#692 = CARTESIAN_POINT('',(5.220381390758,1.424451849419));
#693 = CARTESIAN_POINT('',(5.22038123217,1.424451862549));
#694 = CARTESIAN_POINT('',(5.220381073584,1.42445187568));
#695 = CARTESIAN_POINT('',(5.220380975627,1.42445188379));
#696 = CARTESIAN_POINT('',(5.220380534449,1.424451920316));
#697 = CARTESIAN_POINT('',(5.220380814883,1.424451897099));
#698 = CARTESIAN_POINT('',(5.220380659987,1.424451909921));
#699 = CARTESIAN_POINT('',(5.22038004231,1.424451961064));
#700 = CARTESIAN_POINT('',(5.220379608351,1.424451996987));
#701 = CARTESIAN_POINT('',(5.220379535147,1.424452003052));
#702 = CARTESIAN_POINT('',(5.220379337932,1.424452019377));
#703 = CARTESIAN_POINT('',(5.220378790338,1.424452064715));
#704 = CARTESIAN_POINT('',(5.220378638217,1.424452077309));
#705 = CARTESIAN_POINT('',(5.220378310582,1.424452104434));
#706 = CARTESIAN_POINT('',(5.220377717296,1.424452153553));
#707 = CARTESIAN_POINT('',(5.220377124008,1.424452202672));
#708 = CARTESIAN_POINT('',(5.220376530726,1.424452251791));
#709 = CARTESIAN_POINT('',(5.220375937431,1.424452300908));
#710 = CARTESIAN_POINT('',(5.220375344159,1.42445235003));
#711 = CARTESIAN_POINT('',(5.220374750856,1.424452399145));
#712 = CARTESIAN_POINT('',(5.220374157585,1.424452448267));
#713 = CARTESIAN_POINT('',(5.220373564288,1.424452497383));
#714 = CARTESIAN_POINT('',(5.220372971007,1.424452546503));
#715 = CARTESIAN_POINT('',(5.220372377719,1.424452595621));
#716 = CARTESIAN_POINT('',(5.220371784433,1.42445264474));
#717 = CARTESIAN_POINT('',(5.220370597848,1.424452742976));
#718 = CARTESIAN_POINT('',(5.220369411262,1.424452841211));
#719 = CARTESIAN_POINT('',(5.220368224675,1.424452939447));
#720 = CARTESIAN_POINT('',(5.220367038093,1.424453037683));
#721 = CARTESIAN_POINT('',(5.220365851502,1.424453135918));
#722 = CARTESIAN_POINT('',(5.220364664923,1.424453234154));
#723 = CARTESIAN_POINT('',(5.220363478331,1.424453332389));
#724 = CARTESIAN_POINT('',(5.22036229175,1.424453430625));
#725 = CARTESIAN_POINT('',(5.220361105162,1.424453528861));
#726 = CARTESIAN_POINT('',(5.220359918577,1.424453627096));
#727 = CARTESIAN_POINT('',(5.220358731991,1.424453725332));
#728 = CARTESIAN_POINT('',(5.220353985472,1.424454118252));
#729 = CARTESIAN_POINT('',(5.22034923895,1.424454511171));
#730 = CARTESIAN_POINT('',(5.22034449244,1.424454904092));
#731 = CARTESIAN_POINT('',(5.220339745904,1.424455297008));
#732 = CARTESIAN_POINT('',(5.220334999408,1.424455689933));
#733 = CARTESIAN_POINT('',(5.220330252863,1.424456082846));
#734 = CARTESIAN_POINT('',(5.220325506366,1.424456475771));
#735 = CARTESIAN_POINT('',(5.220320759832,1.424456868687));
#736 = CARTESIAN_POINT('',(5.22031601332,1.424457261609));
#737 = CARTESIAN_POINT('',(5.220311266798,1.424457654528));
#738 = CARTESIAN_POINT('',(5.22030652028,1.424458047447));
#739 = CARTESIAN_POINT('',(5.220287531379,1.424459618757));
#740 = CARTESIAN_POINT('',(5.220268542475,1.424461190067));
#741 = CARTESIAN_POINT('',(5.220249553579,1.424462761378));
#742 = CARTESIAN_POINT('',(5.220230564666,1.424464332685));
#743 = CARTESIAN_POINT('',(5.220211575781,1.424465903998));
#744 = CARTESIAN_POINT('',(5.220192586861,1.424467475305));
#745 = CARTESIAN_POINT('',(5.220173597976,1.424469046618));
#746 = CARTESIAN_POINT('',(5.220154609063,1.424470617926));
#747 = CARTESIAN_POINT('',(5.220135620167,1.424472189237));
#748 = CARTESIAN_POINT('',(5.220116631264,1.424473760546));
#749 = CARTESIAN_POINT('',(5.220097642363,1.424475331856));
#750 = CARTESIAN_POINT('',(5.220059651001,1.424478472707));
#751 = CARTESIAN_POINT('',(5.220021659641,1.424481613559));
#752 = CARTESIAN_POINT('',(5.219983668274,1.42448475441));
#753 = CARTESIAN_POINT('',(5.219945676923,1.424487895262));
#754 = CARTESIAN_POINT('',(5.219907685547,1.424491036112));
#755 = CARTESIAN_POINT('',(5.219869694201,1.424494176964));
#756 = CARTESIAN_POINT('',(5.219831702825,1.424497317815));
#757 = CARTESIAN_POINT('',(5.219793711474,1.424500458666));
#758 = CARTESIAN_POINT('',(5.219755720107,1.424503599517));
#759 = CARTESIAN_POINT('',(5.219717728747,1.424506740369));
#760 = CARTESIAN_POINT('',(5.219679737385,1.42450988122));
#761 = CARTESIAN_POINT('',(5.219527735781,1.424522439916));
#762 = CARTESIAN_POINT('',(5.219375705253,1.424534994831));
#763 = CARTESIAN_POINT('',(5.219223645806,1.424547545967));
#764 = CARTESIAN_POINT('',(5.219071557427,1.424560093319));
#765 = CARTESIAN_POINT('',(5.218919440143,1.424572636896));
#766 = CARTESIAN_POINT('',(5.218767293912,1.424585176683));
#767 = CARTESIAN_POINT('',(5.218615118783,1.424597712699));
#768 = CARTESIAN_POINT('',(5.218462914712,1.424610244927));
#769 = CARTESIAN_POINT('',(5.21831068173,1.424622773379));
#770 = CARTESIAN_POINT('',(5.21815841982,1.424635298047));
#771 = CARTESIAN_POINT('',(5.218006128989,1.424647818936));
#772 = CARTESIAN_POINT('',(5.217396965413,1.42469790304));
#773 = CARTESIAN_POINT('',(5.216787339246,1.424747926211));
#774 = CARTESIAN_POINT('',(5.216177250496,1.42479788845));
#775 = CARTESIAN_POINT('',(5.215566699146,1.424847789753));
#776 = CARTESIAN_POINT('',(5.214955685224,1.424897630128));
#777 = CARTESIAN_POINT('',(5.214344208692,1.424947409563));
#778 = CARTESIAN_POINT('',(5.213732269593,1.424997128072));
#779 = CARTESIAN_POINT('',(5.213119867888,1.425046785642));
#780 = CARTESIAN_POINT('',(5.212507003604,1.425096382283));
#781 = CARTESIAN_POINT('',(5.211893676727,1.425145917989));
#782 = CARTESIAN_POINT('',(5.211279887263,1.425195392762));
#783 = CARTESIAN_POINT('',(5.210052304861,1.425294345811));
#784 = CARTESIAN_POINT('',(5.208822875153,1.425393050912));
#785 = CARTESIAN_POINT('',(5.207591598146,1.425491508067));
#786 = CARTESIAN_POINT('',(5.206358473821,1.425589717274));
#787 = CARTESIAN_POINT('',(5.205123502211,1.425687678535));
#788 = CARTESIAN_POINT('',(5.203886683271,1.425785391848));
#789 = CARTESIAN_POINT('',(5.202648017051,1.425882857214));
#790 = CARTESIAN_POINT('',(5.201407503507,1.425980074634));
#791 = CARTESIAN_POINT('',(5.200165142669,1.426077044107));
#792 = CARTESIAN_POINT('',(5.198920934521,1.426173765633));
#793 = CARTESIAN_POINT('',(5.19767487907,1.426270239212));
#794 = CARTESIAN_POINT('',(5.195182782349,1.426463177066));
#795 = CARTESIAN_POINT('',(5.192683302618,1.426655111907));
#796 = CARTESIAN_POINT('',(5.190176448988,1.426846038792));
#797 = CARTESIAN_POINT('',(5.18766223057,1.427035952781));
#798 = CARTESIAN_POINT('',(5.185140656474,1.427224848924));
#799 = CARTESIAN_POINT('',(5.182611735812,1.427412722286));
#800 = CARTESIAN_POINT('',(5.180075477692,1.427599567916));
#801 = CARTESIAN_POINT('',(5.177531891227,1.427785380877));
#802 = CARTESIAN_POINT('',(5.174980985526,1.427970156223));
#803 = CARTESIAN_POINT('',(5.1724227697,1.428153889011));
#804 = CARTESIAN_POINT('',(5.169857252859,1.428336574299));
#805 = CARTESIAN_POINT('',(5.164726228311,1.428701944886));
#806 = CARTESIAN_POINT('',(5.159566023064,1.429063125685));
#807 = CARTESIAN_POINT('',(5.154376733312,1.429420077227));
#808 = CARTESIAN_POINT('',(5.149158468135,1.42977276015));
#809 = CARTESIAN_POINT('',(5.143911349509,1.430121135198));
#810 = CARTESIAN_POINT('',(5.138635512293,1.430465163227));
#811 = CARTESIAN_POINT('',(5.133331104242,1.430804805194));
#812 = CARTESIAN_POINT('',(5.127998285998,1.43114002217));
#813 = CARTESIAN_POINT('',(5.122637231093,1.431470775329));
#814 = CARTESIAN_POINT('',(5.11724812595,1.431797025954));
#815 = CARTESIAN_POINT('',(5.111831169883,1.432118735437));
#816 = CARTESIAN_POINT('',(5.100997248182,1.43276215087));
#817 = CARTESIAN_POINT('',(5.090051948612,1.433387408672));
#818 = CARTESIAN_POINT('',(5.078996852241,1.433994194711));
#819 = CARTESIAN_POINT('',(5.067833772356,1.434582201082));
#820 = CARTESIAN_POINT('',(5.056564754447,1.435151126107));
#821 = CARTESIAN_POINT('',(5.045192076237,1.435700674338));
#822 = CARTESIAN_POINT('',(5.033718247634,1.436230556553));
#823 = CARTESIAN_POINT('',(5.022146010795,1.43674048976));
#824 = CARTESIAN_POINT('',(5.01047834006,1.437230197191));
#825 = CARTESIAN_POINT('',(4.998718442003,1.437699408309));
#826 = CARTESIAN_POINT('',(4.986869755403,1.438147858805));
#827 = CARTESIAN_POINT('',(4.963172385549,1.439044767694));
#828 = CARTESIAN_POINT('',(4.9391199361,1.439858659875));
#829 = CARTESIAN_POINT('',(4.914739904509,1.440587476407));
#830 = CARTESIAN_POINT('',(4.890063588639,1.441229314596));
#831 = CARTESIAN_POINT('',(4.865125900675,1.441782467999));
#832 = CARTESIAN_POINT('',(4.839965061259,1.442245460571));
#833 = CARTESIAN_POINT('',(4.814622174032,1.442617075002));
#834 = CARTESIAN_POINT('',(4.789140680359,1.44289637517));
#835 = CARTESIAN_POINT('',(4.763565694462,1.443082722793));
#836 = CARTESIAN_POINT('',(4.737943218778,1.443175788207));
#837 = CARTESIAN_POINT('',(4.712319239663,1.443175555328));
#838 = CARTESIAN_POINT('',(4.686695263427,1.443175321749));
#839 = CARTESIAN_POINT('',(4.661069863813,1.443081790274));
#840 = CARTESIAN_POINT('',(4.635489047356,1.442894939953));
#841 = CARTESIAN_POINT('',(4.609999062539,1.442615065152));
#842 = CARTESIAN_POINT('',(4.584645522903,1.442242773999));
#843 = CARTESIAN_POINT('',(4.559472650924,1.441778983451));
#844 = CARTESIAN_POINT('',(4.534522642282,1.441224910851));
#845 = CARTESIAN_POINT('',(4.509835150997,1.440582062119));
#846 = CARTESIAN_POINT('',(4.485446894936,1.439852216438));
#847 = CARTESIAN_POINT('',(4.461391382119,1.439037407556));
#848 = CARTESIAN_POINT('',(4.437698757516,1.438139901609));
#849 = CARTESIAN_POINT('',(4.425852443632,1.437691150989));
#850 = CARTESIAN_POINT('',(4.414096865462,1.43722172251));
#851 = CARTESIAN_POINT('',(4.402435792264,1.436731903495));
#852 = CARTESIAN_POINT('',(4.390872785953,1.436221993878));
#853 = CARTESIAN_POINT('',(4.379411201069,1.435692306161));
#854 = CARTESIAN_POINT('',(4.368054184829,1.435143165476));
#855 = CARTESIAN_POINT('',(4.356804677066,1.434574909511));
#856 = CARTESIAN_POINT('',(4.345665410281,1.433987888586));
#857 = CARTESIAN_POINT('',(4.334638909609,1.433382465584));
#858 = CARTESIAN_POINT('',(4.323727492837,1.432759016004));
#859 = CARTESIAN_POINT('',(4.312933270398,1.432117927931));
#860 = CARTESIAN_POINT('',(4.307536163022,1.431797382852));
#861 = CARTESIAN_POINT('',(4.302168359568,1.431472427094));
#862 = CARTESIAN_POINT('',(4.296830125183,1.431143108786));
#863 = CARTESIAN_POINT('',(4.291521713378,1.430809476653));
#864 = CARTESIAN_POINT('',(4.286243366117,1.430471580042));
#865 = CARTESIAN_POINT('',(4.280995313675,1.430129468874));
#866 = CARTESIAN_POINT('',(4.275777774824,1.429783193713));
#867 = CARTESIAN_POINT('',(4.270590956633,1.42943280569));
#868 = CARTESIAN_POINT('',(4.265435054643,1.429078356567));
#869 = CARTESIAN_POINT('',(4.260310252746,1.428719898695));
#870 = CARTESIAN_POINT('',(4.255216723248,1.428357485037));
#871 = CARTESIAN_POINT('',(4.252669954518,1.42817627843));
#872 = CARTESIAN_POINT('',(4.25013100892,1.427994082583));
#873 = CARTESIAN_POINT('',(4.247599905345,1.427810904253));
#874 = CARTESIAN_POINT('',(4.245076662691,1.427626750192));
#875 = CARTESIAN_POINT('',(4.242561299847,1.427441627157));
#876 = CARTESIAN_POINT('',(4.240053835713,1.427255541902));
#877 = CARTESIAN_POINT('',(4.237554289176,1.427068501183));
#878 = CARTESIAN_POINT('',(4.235062679136,1.426880511753));
#879 = CARTESIAN_POINT('',(4.232579024482,1.426691580369));
#880 = CARTESIAN_POINT('',(4.230103344112,1.426501713784));
#881 = CARTESIAN_POINT('',(4.227635656916,1.426310918754));
#882 = CARTESIAN_POINT('',(4.226401797243,1.426215514854));
#883 = CARTESIAN_POINT('',(4.225169943251,1.426119882812));
#884 = CARTESIAN_POINT('',(4.223940094945,1.426024022632));
#885 = CARTESIAN_POINT('',(4.222712252316,1.425927934305));
#886 = CARTESIAN_POINT('',(4.221486415378,1.425831617845));
#887 = CARTESIAN_POINT('',(4.220262584114,1.425735073235));
#888 = CARTESIAN_POINT('',(4.219040758541,1.425638300493));
#889 = CARTESIAN_POINT('',(4.217820938645,1.425541299603));
#890 = CARTESIAN_POINT('',(4.216603124435,1.425444070576));
#891 = CARTESIAN_POINT('',(4.215387315907,1.425346613406));
#892 = CARTESIAN_POINT('',(4.214173513061,1.425248928096));
#893 = CARTESIAN_POINT('',(4.213566616866,1.425200087883));
#894 = CARTESIAN_POINT('',(4.21296022493,1.425151192108));
#895 = CARTESIAN_POINT('',(4.212354337264,1.425102240778));
#896 = CARTESIAN_POINT('',(4.211748953842,1.425053233879));
#897 = CARTESIAN_POINT('',(4.211144074712,1.425004171433));
#898 = CARTESIAN_POINT('',(4.210539699806,1.424955053411));
#899 = CARTESIAN_POINT('',(4.209935829199,1.424905879844));
#900 = CARTESIAN_POINT('',(4.209332462826,1.424856650706));
#901 = CARTESIAN_POINT('',(4.208729600732,1.424807366015));
#902 = CARTESIAN_POINT('',(4.208127242892,1.42475802576));
#903 = CARTESIAN_POINT('',(4.207525389317,1.424708629946));
#904 = CARTESIAN_POINT('',(4.207374926256,1.424696281187));
#905 = CARTESIAN_POINT('',(4.207224494773,1.424683928992));
#906 = CARTESIAN_POINT('',(4.207074094881,1.424671573367));
#907 = CARTESIAN_POINT('',(4.206923726548,1.424659214301));
#908 = CARTESIAN_POINT('',(4.206773389832,1.424646851812));
#909 = CARTESIAN_POINT('',(4.206623084654,1.424634485877));
#910 = CARTESIAN_POINT('',(4.206472811098,1.42462211652));
#911 = CARTESIAN_POINT('',(4.206322569092,1.42460974372));
#912 = CARTESIAN_POINT('',(4.206172358686,1.424597367492));
#913 = CARTESIAN_POINT('',(4.206022179852,1.424584987828));
#914 = CARTESIAN_POINT('',(4.205872032602,1.424572604731));
#915 = CARTESIAN_POINT('',(4.205797049176,1.424566420412));
#916 = CARTESIAN_POINT('',(4.205721236476,1.424560168185));
#917 = CARTESIAN_POINT('',(4.205649260096,1.424554221732));
#918 = CARTESIAN_POINT('',(4.205566146976,1.424547381804));
#919 = CARTESIAN_POINT('',(4.20550557732,1.424542346017));
#920 = CARTESIAN_POINT('',(4.205412358713,1.424534693641));
#921 = CARTESIAN_POINT('',(4.205352849579,1.424529739934));
#922 = CARTESIAN_POINT('',(4.205270061911,1.424522919956));
#923 = CARTESIAN_POINT('',(4.205195752138,1.424516777804));
#924 = CARTESIAN_POINT('',(4.205121893732,1.424510670175));
#925 = CARTESIAN_POINT('',(4.205048611781,1.424504607183));
#926 = CARTESIAN_POINT('',(4.204975396289,1.424498549498));
#927 = CARTESIAN_POINT('',(4.204903064536,1.424492561052));
#928 = CARTESIAN_POINT('',(4.204831599143,1.424486640405));
#929 = CARTESIAN_POINT('',(4.204760982719,1.424480786115));
#930 = CARTESIAN_POINT('',(4.204691197898,1.424474996748));
#931 = CARTESIAN_POINT('',(4.204622227277,1.424469270856));
#932 = CARTESIAN_POINT('',(4.204554053496,1.424463607008));
#933 = CARTESIAN_POINT('',(4.204486659156,1.424458003757));
#934 = CARTESIAN_POINT('',(4.204420026885,1.424452459668));
#935 = CARTESIAN_POINT('',(4.204354139296,1.4244469733));
#936 = CARTESIAN_POINT('',(4.204288979009,1.424441543212));
#937 = CARTESIAN_POINT('',(4.204028344931,1.424419823379));
#938 = CARTESIAN_POINT('',(4.203779379734,1.424399006383));
#939 = CARTESIAN_POINT('',(4.203541041361,1.424379005218));
#940 = CARTESIAN_POINT('',(4.203312358152,1.424359738016));
#941 = CARTESIAN_POINT('',(4.203092428832,1.424341128046));
#942 = CARTESIAN_POINT('',(4.202880422525,1.424323103707));
#943 = CARTESIAN_POINT('',(4.202675578734,1.424305598541));
#944 = CARTESIAN_POINT('',(4.202477207366,1.424288551219));
#945 = CARTESIAN_POINT('',(4.202284688709,1.424271905554));
#946 = CARTESIAN_POINT('',(4.202097473448,1.424255610489));
#947 = CARTESIAN_POINT('',(4.201915082656,1.424239620107));
#948 = ( GEOMETRIC_REPRESENTATION_CONTEXT(2) 
PARAMETRIC_REPRESENTATION_CONTEXT() REPRESENTATION_CONTEXT('2D SPACE',''
  ) );
#949 = ORIENTED_EDGE('',*,*,#950,.F.);
#950 = EDGE_CURVE('',#24,#593,#951,.T.);
#951 = SURFACE_CURVE('',#952,(#956,#962),.PCURVE_S1.);
#952 = ( BOUNDED_CURVE() B_SPLINE_CURVE(2,(#953,#954,#955),
.UNSPECIFIED.,.F.,.F.) B_SPLINE_CURVE_WITH_KNOTS((3,3),(0.,
14.340540780196),.PIECEWISE_BEZIER_KNOTS.) CURVE() 
GEOMETRIC_REPRESENTATION_ITEM() RATIONAL_B_SPLINE_CURVE((1.,
0.767817012345,1.)) REPRESENTATION_ITEM('') );
#953 = CARTESIAN_POINT('',(-7.1,-13.91195941003,19.404255537557));
#954 = CARTESIAN_POINT('',(-7.173148834053,-13.85531854188,
    20.485027684718));
#955 = CARTESIAN_POINT('',(-7.156424501886,-12.7797618677,
    20.624761400336));
#956 = PCURVE('',#168,#957);
#957 = DEFINITIONAL_REPRESENTATION('',(#958),#961);
#958 = B_SPLINE_CURVE_WITH_KNOTS('',1,(#959,#960),.UNSPECIFIED.,.F.,.F.,
  (2,2),(0.,14.340540780196),.PIECEWISE_BEZIER_KNOTS.);
#959 = CARTESIAN_POINT('',(0.,14.26825769689));
#960 = CARTESIAN_POINT('',(14.340540780196,14.26825769689));
#961 = ( GEOMETRIC_REPRESENTATION_CONTEXT(2) 
PARAMETRIC_REPRESENTATION_CONTEXT() REPRESENTATION_CONTEXT('2D SPACE',''
  ) );
#962 = PCURVE('',#400,#963);
#963 = DEFINITIONAL_REPRESENTATION('',(#964),#967);
#964 = B_SPLINE_CURVE_WITH_KNOTS('',1,(#965,#966),.UNSPECIFIED.,.F.,.F.,
  (2,2),(0.,14.340540780196),.PIECEWISE_BEZIER_KNOTS.);
#965 = CARTESIAN_POINT('',(0.,14.26825769689));
#966 = CARTESIAN_POINT('',(3.504794340722,14.26825769689));
#967 = ( GEOMETRIC_REPRESENTATION_CONTEXT(2) 
PARAMETRIC_REPRESENTATION_CONTEXT() REPRESENTATION_CONTEXT('2D SPACE',''
  ) );
#968 = ORIENTED_EDGE('',*,*,#106,.F.);
#969 = ADVANCED_FACE('',(#970,#1076),#69,.F.);
#970 = FACE_BOUND('',#971,.F.);
#971 = EDGE_LOOP('',(#972,#973,#997,#1025,#1054,#1075));
#972 = ORIENTED_EDGE('',*,*,#53,.T.);
#973 = ORIENTED_EDGE('',*,*,#974,.T.);
#974 = EDGE_CURVE('',#54,#975,#977,.T.);
#975 = VERTEX_POINT('',#976);
#976 = CARTESIAN_POINT('',(9.9,-11.5,12.));
#977 = SURFACE_CURVE('',#978,(#983,#990),.PCURVE_S1.);
#978 = CIRCLE('',#979,2.8);
#979 = AXIS2_PLACEMENT_3D('',#980,#981,#982);
#980 = CARTESIAN_POINT('',(7.1,-11.5,12.));
#981 = DIRECTION('',(0.,0.,1.));
#982 = DIRECTION('',(-3.172065784643E-16,-1.,0.));
#983 = PCURVE('',#69,#984);
#984 = DEFINITIONAL_REPRESENTATION('',(#985),#989);
#985 = CIRCLE('',#986,2.8);
#986 = AXIS2_PLACEMENT_2D('',#987,#988);
#987 = CARTESIAN_POINT('',(-14.2,0.));
#988 = DIRECTION('',(3.172065784643E-16,1.));
#989 = ( GEOMETRIC_REPRESENTATION_CONTEXT(2) 
PARAMETRIC_REPRESENTATION_CONTEXT() REPRESENTATION_CONTEXT('2D SPACE',''
  ) );
#990 = PCURVE('',#95,#991);
#991 = DEFINITIONAL_REPRESENTATION('',(#992),#996);
#992 = LINE('',#993,#994);
#993 = CARTESIAN_POINT('',(6.28318530718,0.));
#994 = VECTOR('',#995,1.);
#995 = DIRECTION('',(-1.,-0.));
#996 = ( GEOMETRIC_REPRESENTATION_CONTEXT(2) 
PARAMETRIC_REPRESENTATION_CONTEXT() REPRESENTATION_CONTEXT('2D SPACE',''
  ) );
#997 = ORIENTED_EDGE('',*,*,#998,.T.);
#998 = EDGE_CURVE('',#975,#999,#1001,.T.);
#999 = VERTEX_POINT('',#1000);
#1000 = CARTESIAN_POINT('',(9.9,9.,12.));
#1001 = SURFACE_CURVE('',#1002,(#1006,#1013),.PCURVE_S1.);
#1002 = LINE('',#1003,#1004);
#1003 = CARTESIAN_POINT('',(9.9,-11.5,12.));
#1004 = VECTOR('',#1005,1.);
#1005 = DIRECTION('',(0.,1.,0.));
#1006 = PCURVE('',#69,#1007);
#1007 = DEFINITIONAL_REPRESENTATION('',(#1008),#1012);
#1008 = LINE('',#1009,#1010);
#1009 = CARTESIAN_POINT('',(-17.,0.));
#1010 = VECTOR('',#1011,1.);
#1011 = DIRECTION('',(0.,-1.));
#1012 = ( GEOMETRIC_REPRESENTATION_CONTEXT(2) 
PARAMETRIC_REPRESENTATION_CONTEXT() REPRESENTATION_CONTEXT('2D SPACE',''
  ) );
#1013 = PCURVE('',#1014,#1019);
#1014 = PLANE('',#1015);
#1015 = AXIS2_PLACEMENT_3D('',#1016,#1017,#1018);
#1016 = CARTESIAN_POINT('',(9.187254201751,-11.5,25.6));
#1017 = DIRECTION('',(0.998629534755,8.653280019939E-17,
    5.233595624292E-02));
#1018 = DIRECTION('',(-8.665155314144E-17,1.,2.321146922246E-30));
#1019 = DEFINITIONAL_REPRESENTATION('',(#1020),#1024);
#1020 = LINE('',#1021,#1022);
#1021 = CARTESIAN_POINT('',(-6.176053041334E-17,-13.61866390557));
#1022 = VECTOR('',#1023,1.);
#1023 = DIRECTION('',(1.,-4.534991893593E-18));
#1024 = ( GEOMETRIC_REPRESENTATION_CONTEXT(2) 
PARAMETRIC_REPRESENTATION_CONTEXT() REPRESENTATION_CONTEXT('2D SPACE',''
  ) );
#1025 = ORIENTED_EDGE('',*,*,#1026,.T.);
#1026 = EDGE_CURVE('',#999,#1027,#1029,.T.);
#1027 = VERTEX_POINT('',#1028);
#1028 = CARTESIAN_POINT('',(-9.9,9.,12.));
#1029 = SURFACE_CURVE('',#1030,(#1035,#1042),.PCURVE_S1.);
#1030 = CIRCLE('',#1031,9.9);
#1031 = AXIS2_PLACEMENT_3D('',#1032,#1033,#1034);
#1032 = CARTESIAN_POINT('',(0.,9.,12.));
#1033 = DIRECTION('',(0.,-0.,1.));
#1034 = DIRECTION('',(1.,1.794299837778E-16,0.));
#1035 = PCURVE('',#69,#1036);
#1036 = DEFINITIONAL_REPRESENTATION('',(#1037),#1041);
#1037 = CIRCLE('',#1038,9.9);
#1038 = AXIS2_PLACEMENT_2D('',#1039,#1040);
#1039 = CARTESIAN_POINT('',(-7.1,-20.5));
#1040 = DIRECTION('',(-1.,-1.794299837778E-16));
#1041 = ( GEOMETRIC_REPRESENTATION_CONTEXT(2) 
PARAMETRIC_REPRESENTATION_CONTEXT() REPRESENTATION_CONTEXT('2D SPACE',''
  ) );
#1042 = PCURVE('',#1043,#1048);
#1043 = CONICAL_SURFACE('',#1044,9.9,5.235987755983E-02);
#1044 = AXIS2_PLACEMENT_3D('',#1045,#1046,#1047);
#1045 = CARTESIAN_POINT('',(0.,9.,12.));
#1046 = DIRECTION('',(-0.,-0.,-1.));
#1047 = DIRECTION('',(1.,1.794299837778E-16,0.));
#1048 = DEFINITIONAL_REPRESENTATION('',(#1049),#1053);
#1049 = LINE('',#1050,#1051);
#1050 = CARTESIAN_POINT('',(6.28318530718,0.));
#1051 = VECTOR('',#1052,1.);
#1052 = DIRECTION('',(-1.,-0.));
#1053 = ( GEOMETRIC_REPRESENTATION_CONTEXT(2) 
PARAMETRIC_REPRESENTATION_CONTEXT() REPRESENTATION_CONTEXT('2D SPACE',''
  ) );
#1054 = ORIENTED_EDGE('',*,*,#1055,.T.);
#1055 = EDGE_CURVE('',#1027,#261,#1056,.T.);
#1056 = SURFACE_CURVE('',#1057,(#1061,#1068),.PCURVE_S1.);
#1057 = LINE('',#1058,#1059);
#1058 = CARTESIAN_POINT('',(-9.9,9.,12.));
#1059 = VECTOR('',#1060,1.);
#1060 = DIRECTION('',(0.,-1.,0.));
#1061 = PCURVE('',#69,#1062);
#1062 = DEFINITIONAL_REPRESENTATION('',(#1063),#1067);
#1063 = LINE('',#1064,#1065);
#1064 = CARTESIAN_POINT('',(2.8,-20.5));
#1065 = VECTOR('',#1066,1.);
#1066 = DIRECTION('',(0.,1.));
#1067 = ( GEOMETRIC_REPRESENTATION_CONTEXT(2) 
PARAMETRIC_REPRESENTATION_CONTEXT() REPRESENTATION_CONTEXT('2D SPACE',''
  ) );
#1068 = PCURVE('',#276,#1069);
#1069 = DEFINITIONAL_REPRESENTATION('',(#1070),#1074);
#1070 = LINE('',#1071,#1072);
#1071 = CARTESIAN_POINT('',(-6.176053041334E-17,-13.61866390557));
#1072 = VECTOR('',#1073,1.);
#1073 = DIRECTION('',(1.,-4.534991893593E-18));
#1074 = ( GEOMETRIC_REPRESENTATION_CONTEXT(2) 
PARAMETRIC_REPRESENTATION_CONTEXT() REPRESENTATION_CONTEXT('2D SPACE',''
  ) );
#1075 = ORIENTED_EDGE('',*,*,#287,.T.);
#1076 = FACE_BOUND('',#1077,.F.);
#1077 = EDGE_LOOP('',(#1078,#1108,#1137,#1165,#1194,#1222));
#1078 = ORIENTED_EDGE('',*,*,#1079,.F.);
#1079 = EDGE_CURVE('',#1080,#1082,#1084,.T.);
#1080 = VERTEX_POINT('',#1081);
#1081 = CARTESIAN_POINT('',(-7.1,-14.,12.));
#1082 = VERTEX_POINT('',#1083);
#1083 = CARTESIAN_POINT('',(7.1,-14.,12.));
#1084 = SURFACE_CURVE('',#1085,(#1089,#1096),.PCURVE_S1.);
#1085 = LINE('',#1086,#1087);
#1086 = CARTESIAN_POINT('',(-7.1,-14.,12.));
#1087 = VECTOR('',#1088,1.);
#1088 = DIRECTION('',(1.,0.,0.));
#1089 = PCURVE('',#69,#1090);
#1090 = DEFINITIONAL_REPRESENTATION('',(#1091),#1095);
#1091 = LINE('',#1092,#1093);
#1092 = CARTESIAN_POINT('',(0.,2.5));
#1093 = VECTOR('',#1094,1.);
#1094 = DIRECTION('',(-1.,0.));
#1095 = ( GEOMETRIC_REPRESENTATION_CONTEXT(2) 
PARAMETRIC_REPRESENTATION_CONTEXT() REPRESENTATION_CONTEXT('2D SPACE',''
  ) );
#1096 = PCURVE('',#1097,#1102);
#1097 = PLANE('',#1098);
#1098 = AXIS2_PLACEMENT_3D('',#1099,#1100,#1101);
#1099 = CARTESIAN_POINT('',(-7.1,-13.28725420175,25.6));
#1100 = DIRECTION('',(0.,-0.998629534755,5.233595624292E-02));
#1101 = DIRECTION('',(1.,0.,0.));
#1102 = DEFINITIONAL_REPRESENTATION('',(#1103),#1107);
#1103 = LINE('',#1104,#1105);
#1104 = CARTESIAN_POINT('',(0.,-13.61866390557));
#1105 = VECTOR('',#1106,1.);
#1106 = DIRECTION('',(1.,0.));
#1107 = ( GEOMETRIC_REPRESENTATION_CONTEXT(2) 
PARAMETRIC_REPRESENTATION_CONTEXT() REPRESENTATION_CONTEXT('2D SPACE',''
  ) );
#1108 = ORIENTED_EDGE('',*,*,#1109,.F.);
#1109 = EDGE_CURVE('',#1110,#1080,#1112,.T.);
#1110 = VERTEX_POINT('',#1111);
#1111 = CARTESIAN_POINT('',(-9.6,-11.5,12.));
#1112 = SURFACE_CURVE('',#1113,(#1118,#1125),.PCURVE_S1.);
#1113 = CIRCLE('',#1114,2.5);
#1114 = AXIS2_PLACEMENT_3D('',#1115,#1116,#1117);
#1115 = CARTESIAN_POINT('',(-7.1,-11.5,12.));
#1116 = DIRECTION('',(0.,0.,1.));
#1117 = DIRECTION('',(-1.,0.,0.));
#1118 = PCURVE('',#69,#1119);
#1119 = DEFINITIONAL_REPRESENTATION('',(#1120),#1124);
#1120 = CIRCLE('',#1121,2.5);
#1121 = AXIS2_PLACEMENT_2D('',#1122,#1123);
#1122 = CARTESIAN_POINT('',(0.,0.));
#1123 = DIRECTION('',(1.,0.));
#1124 = ( GEOMETRIC_REPRESENTATION_CONTEXT(2) 
PARAMETRIC_REPRESENTATION_CONTEXT() REPRESENTATION_CONTEXT('2D SPACE',''
  ) );
#1125 = PCURVE('',#1126,#1131);
#1126 = CONICAL_SURFACE('',#1127,2.5,5.235987755983E-02);
#1127 = AXIS2_PLACEMENT_3D('',#1128,#1129,#1130);
#1128 = CARTESIAN_POINT('',(-7.1,-11.5,12.));
#1129 = DIRECTION('',(-0.,-0.,-1.));
#1130 = DIRECTION('',(-1.,0.,0.));
#1131 = DEFINITIONAL_REPRESENTATION('',(#1132),#1136);
#1132 = LINE('',#1133,#1134);
#1133 = CARTESIAN_POINT('',(6.28318530718,0.));
#1134 = VECTOR('',#1135,1.);
#1135 = DIRECTION('',(-1.,-0.));
#1136 = ( GEOMETRIC_REPRESENTATION_CONTEXT(2) 
PARAMETRIC_REPRESENTATION_CONTEXT() REPRESENTATION_CONTEXT('2D SPACE',''
  ) );
#1137 = ORIENTED_EDGE('',*,*,#1138,.F.);
#1138 = EDGE_CURVE('',#1139,#1110,#1141,.T.);
#1139 = VERTEX_POINT('',#1140);
#1140 = CARTESIAN_POINT('',(-9.6,9.,12.));
#1141 = SURFACE_CURVE('',#1142,(#1146,#1153),.PCURVE_S1.);
#1142 = LINE('',#1143,#1144);
#1143 = CARTESIAN_POINT('',(-9.6,9.,12.));
#1144 = VECTOR('',#1145,1.);
#1145 = DIRECTION('',(0.,-1.,0.));
#1146 = PCURVE('',#69,#1147);
#1147 = DEFINITIONAL_REPRESENTATION('',(#1148),#1152);
#1148 = LINE('',#1149,#1150);
#1149 = CARTESIAN_POINT('',(2.5,-20.5));
#1150 = VECTOR('',#1151,1.);
#1151 = DIRECTION('',(0.,1.));
#1152 = ( GEOMETRIC_REPRESENTATION_CONTEXT(2) 
PARAMETRIC_REPRESENTATION_CONTEXT() REPRESENTATION_CONTEXT('2D SPACE',''
  ) );
#1153 = PCURVE('',#1154,#1159);
#1154 = PLANE('',#1155);
#1155 = AXIS2_PLACEMENT_3D('',#1156,#1157,#1158);
#1156 = CARTESIAN_POINT('',(-8.887254201751,9.,25.6));
#1157 = DIRECTION('',(-0.998629534755,0.,5.233595624292E-02));
#1158 = DIRECTION('',(0.,-1.,0.));
#1159 = DEFINITIONAL_REPRESENTATION('',(#1160),#1164);
#1160 = LINE('',#1161,#1162);
#1161 = CARTESIAN_POINT('',(-0.,-13.61866390557));
#1162 = VECTOR('',#1163,1.);
#1163 = DIRECTION('',(1.,0.));
#1164 = ( GEOMETRIC_REPRESENTATION_CONTEXT(2) 
PARAMETRIC_REPRESENTATION_CONTEXT() REPRESENTATION_CONTEXT('2D SPACE',''
  ) );
#1165 = ORIENTED_EDGE('',*,*,#1166,.F.);
#1166 = EDGE_CURVE('',#1167,#1139,#1169,.T.);
#1167 = VERTEX_POINT('',#1168);
#1168 = CARTESIAN_POINT('',(9.6,9.,12.));
#1169 = SURFACE_CURVE('',#1170,(#1175,#1182),.PCURVE_S1.);
#1170 = CIRCLE('',#1171,9.6);
#1171 = AXIS2_PLACEMENT_3D('',#1172,#1173,#1174);
#1172 = CARTESIAN_POINT('',(0.,9.,12.));
#1173 = DIRECTION('',(-0.,0.,1.));
#1174 = DIRECTION('',(1.,-1.850371707709E-16,0.));
#1175 = PCURVE('',#69,#1176);
#1176 = DEFINITIONAL_REPRESENTATION('',(#1177),#1181);
#1177 = CIRCLE('',#1178,9.6);
#1178 = AXIS2_PLACEMENT_2D('',#1179,#1180);
#1179 = CARTESIAN_POINT('',(-7.1,-20.5));
#1180 = DIRECTION('',(-1.,1.850371707709E-16));
#1181 = ( GEOMETRIC_REPRESENTATION_CONTEXT(2) 
PARAMETRIC_REPRESENTATION_CONTEXT() REPRESENTATION_CONTEXT('2D SPACE',''
  ) );
#1182 = PCURVE('',#1183,#1188);
#1183 = CONICAL_SURFACE('',#1184,9.6,5.235987755983E-02);
#1184 = AXIS2_PLACEMENT_3D('',#1185,#1186,#1187);
#1185 = CARTESIAN_POINT('',(0.,9.,12.));
#1186 = DIRECTION('',(-0.,-0.,-1.));
#1187 = DIRECTION('',(1.,-1.850371707709E-16,0.));
#1188 = DEFINITIONAL_REPRESENTATION('',(#1189),#1193);
#1189 = LINE('',#1190,#1191);
#1190 = CARTESIAN_POINT('',(6.28318530718,0.));
#1191 = VECTOR('',#1192,1.);
#1192 = DIRECTION('',(-1.,-0.));
#1193 = ( GEOMETRIC_REPRESENTATION_CONTEXT(2) 
PARAMETRIC_REPRESENTATION_CONTEXT() REPRESENTATION_CONTEXT('2D SPACE',''
  ) );
#1194 = ORIENTED_EDGE('',*,*,#1195,.F.);
#1195 = EDGE_CURVE('',#1196,#1167,#1198,.T.);
#1196 = VERTEX_POINT('',#1197);
#1197 = CARTESIAN_POINT('',(9.6,-11.5,12.));
#1198 = SURFACE_CURVE('',#1199,(#1203,#1210),.PCURVE_S1.);
#1199 = LINE('',#1200,#1201);
#1200 = CARTESIAN_POINT('',(9.6,-11.5,12.));
#1201 = VECTOR('',#1202,1.);
#1202 = DIRECTION('',(0.,1.,0.));
#1203 = PCURVE('',#69,#1204);
#1204 = DEFINITIONAL_REPRESENTATION('',(#1205),#1209);
#1205 = LINE('',#1206,#1207);
#1206 = CARTESIAN_POINT('',(-16.7,0.));
#1207 = VECTOR('',#1208,1.);
#1208 = DIRECTION('',(0.,-1.));
#1209 = ( GEOMETRIC_REPRESENTATION_CONTEXT(2) 
PARAMETRIC_REPRESENTATION_CONTEXT() REPRESENTATION_CONTEXT('2D SPACE',''
  ) );
#1210 = PCURVE('',#1211,#1216);
#1211 = PLANE('',#1212);
#1212 = AXIS2_PLACEMENT_3D('',#1213,#1214,#1215);
#1213 = CARTESIAN_POINT('',(8.887254201751,-11.5,25.6));
#1214 = DIRECTION('',(0.998629534755,0.,5.233595624292E-02));
#1215 = DIRECTION('',(0.,1.,0.));
#1216 = DEFINITIONAL_REPRESENTATION('',(#1217),#1221);
#1217 = LINE('',#1218,#1219);
#1218 = CARTESIAN_POINT('',(0.,-13.61866390557));
#1219 = VECTOR('',#1220,1.);
#1220 = DIRECTION('',(1.,0.));
#1221 = ( GEOMETRIC_REPRESENTATION_CONTEXT(2) 
PARAMETRIC_REPRESENTATION_CONTEXT() REPRESENTATION_CONTEXT('2D SPACE',''
  ) );
#1222 = ORIENTED_EDGE('',*,*,#1223,.F.);
#1223 = EDGE_CURVE('',#1082,#1196,#1224,.T.);
#1224 = SURFACE_CURVE('',#1225,(#1230,#1237),.PCURVE_S1.);
#1225 = CIRCLE('',#1226,2.5);
#1226 = AXIS2_PLACEMENT_3D('',#1227,#1228,#1229);
#1227 = CARTESIAN_POINT('',(7.1,-11.5,12.));
#1228 = DIRECTION('',(-0.,0.,1.));
#1229 = DIRECTION('',(0.,-1.,0.));
#1230 = PCURVE('',#69,#1231);
#1231 = DEFINITIONAL_REPRESENTATION('',(#1232),#1236);
#1232 = CIRCLE('',#1233,2.5);
#1233 = AXIS2_PLACEMENT_2D('',#1234,#1235);
#1234 = CARTESIAN_POINT('',(-14.2,0.));
#1235 = DIRECTION('',(0.,1.));
#1236 = ( GEOMETRIC_REPRESENTATION_CONTEXT(2) 
PARAMETRIC_REPRESENTATION_CONTEXT() REPRESENTATION_CONTEXT('2D SPACE',''
  ) );
#1237 = PCURVE('',#1238,#1243);
#1238 = CONICAL_SURFACE('',#1239,2.5,5.235987755983E-02);
#1239 = AXIS2_PLACEMENT_3D('',#1240,#1241,#1242);
#1240 = CARTESIAN_POINT('',(7.1,-11.5,12.));
#1241 = DIRECTION('',(-0.,-0.,-1.));
#1242 = DIRECTION('',(0.,-1.,0.));
#1243 = DEFINITIONAL_REPRESENTATION('',(#1244),#1248);
#1244 = LINE('',#1245,#1246);
#1245 = CARTESIAN_POINT('',(6.28318530718,0.));
#1246 = VECTOR('',#1247,1.);
#1247 = DIRECTION('',(-1.,-0.));
#1248 = ( GEOMETRIC_REPRESENTATION_CONTEXT(2) 
PARAMETRIC_REPRESENTATION_CONTEXT() REPRESENTATION_CONTEXT('2D SPACE',''
  ) );
#1249 = ADVANCED_FACE('',(#1250),#95,.T.);
#1250 = FACE_BOUND('',#1251,.T.);
#1251 = EDGE_LOOP('',(#1252,#1253,#1254,#1274));
#1252 = ORIENTED_EDGE('',*,*,#81,.F.);
#1253 = ORIENTED_EDGE('',*,*,#974,.T.);
#1254 = ORIENTED_EDGE('',*,*,#1255,.T.);
#1255 = EDGE_CURVE('',#975,#1256,#1258,.T.);
#1256 = VERTEX_POINT('',#1257);
#1257 = CARTESIAN_POINT('',(9.509318523047,-11.5,19.454646663107));
#1258 = SURFACE_CURVE('',#1259,(#1262,#1268),.PCURVE_S1.);
#1259 = B_SPLINE_CURVE_WITH_KNOTS('',1,(#1260,#1261),.UNSPECIFIED.,.F.,
  .F.,(2,2),(0.,1.),.PIECEWISE_BEZIER_KNOTS.);
#1260 = CARTESIAN_POINT('',(9.9,-11.5,12.));
#1261 = CARTESIAN_POINT('',(9.187254201751,-11.5,25.6));
#1262 = PCURVE('',#95,#1263);
#1263 = DEFINITIONAL_REPRESENTATION('',(#1264),#1267);
#1264 = B_SPLINE_CURVE_WITH_KNOTS('',1,(#1265,#1266),.UNSPECIFIED.,.F.,
  .F.,(2,2),(0.,1.),.PIECEWISE_BEZIER_KNOTS.);
#1265 = CARTESIAN_POINT('',(4.712388980385,0.));
#1266 = CARTESIAN_POINT('',(4.712388980385,-13.6));
#1267 = ( GEOMETRIC_REPRESENTATION_CONTEXT(2) 
PARAMETRIC_REPRESENTATION_CONTEXT() REPRESENTATION_CONTEXT('2D SPACE',''
  ) );
#1268 = PCURVE('',#1014,#1269);
#1269 = DEFINITIONAL_REPRESENTATION('',(#1270),#1273);
#1270 = B_SPLINE_CURVE_WITH_KNOTS('',1,(#1271,#1272),.UNSPECIFIED.,.F.,
  .F.,(2,2),(0.,1.),.PIECEWISE_BEZIER_KNOTS.);
#1271 = CARTESIAN_POINT('',(0.,-13.61866390557));
#1272 = CARTESIAN_POINT('',(0.,0.));
#1273 = ( GEOMETRIC_REPRESENTATION_CONTEXT(2) 
PARAMETRIC_REPRESENTATION_CONTEXT() REPRESENTATION_CONTEXT('2D SPACE',''
  ) );
#1274 = ORIENTED_EDGE('',*,*,#1275,.T.);
#1275 = EDGE_CURVE('',#1256,#82,#1276,.T.);
#1276 = SURFACE_CURVE('',#1277,(#1296,#1329),.PCURVE_S1.);
#1277 = B_SPLINE_CURVE_WITH_KNOTS('',9,(#1278,#1279,#1280,#1281,#1282,
    #1283,#1284,#1285,#1286,#1287,#1288,#1289,#1290,#1291,#1292,#1293,
    #1294,#1295),.UNSPECIFIED.,.F.,.F.,(10,8,10),(88.925122479332,
    90.503950224088,92.43026088662),.UNSPECIFIED.);
#1278 = CARTESIAN_POINT('',(9.509318523047,-11.5,19.454646663107));
#1279 = CARTESIAN_POINT('',(9.50984934911,-11.68296290389,
    19.444517898439));
#1280 = CARTESIAN_POINT('',(9.494718927828,-11.87455175142,
    19.434902398477));
#1281 = CARTESIAN_POINT('',(9.461433507349,-12.05876426745,
    19.425790645915));
#1282 = CARTESIAN_POINT('',(9.414062060247,-12.24212091559,
    19.417522179501));
#1283 = CARTESIAN_POINT('',(9.348546582171,-12.42180790377,
    19.409807159278));
#1284 = CARTESIAN_POINT('',(9.268325649246,-12.59444363823,
    19.403141066204));
#1285 = CARTESIAN_POINT('',(9.17253547623,-12.7599284142,19.397296703522
    ));
#1286 = CARTESIAN_POINT('',(9.062623327178,-12.91594236792,
    19.392474162305));
#1287 = CARTESIAN_POINT('',(8.789423932807,-13.23852738601,
    19.384043022856));
#1288 = CARTESIAN_POINT('',(8.619738790861,-13.39981847877,
    19.380943043517));
#1289 = CARTESIAN_POINT('',(8.432528500096,-13.54252119303,
    19.379456713069));
#1290 = CARTESIAN_POINT('',(8.230177767159,-13.66428849772,
    19.37962758987));
#1291 = CARTESIAN_POINT('',(8.015738039776,-13.76322459887,
    19.381463668902));
#1292 = CARTESIAN_POINT('',(7.792254301548,-13.83799738302,
    19.384932338995));
#1293 = CARTESIAN_POINT('',(7.562812214079,-13.88781587853,
    19.389962413242));
#1294 = CARTESIAN_POINT('',(7.331057797572,-13.91236833059,
    19.396452868401));
#1295 = CARTESIAN_POINT('',(7.1,-13.91195842024,19.404274423827));
#1296 = PCURVE('',#95,#1297);
#1297 = DEFINITIONAL_REPRESENTATION('',(#1298),#1328);
#1298 = B_SPLINE_CURVE_WITH_KNOTS('',10,(#1299,#1300,#1301,#1302,#1303,
    #1304,#1305,#1306,#1307,#1308,#1309,#1310,#1311,#1312,#1313,#1314,
    #1315,#1316,#1317,#1318,#1319,#1320,#1321,#1322,#1323,#1324,#1325,
    #1326,#1327),.UNSPECIFIED.,.F.,.F.,(11,9,9,11),(88.925122479332,
    89.801407081154,90.677691682976,92.43026088662),.UNSPECIFIED.);
#1299 = CARTESIAN_POINT('',(4.712388980385,-7.454646663107));
#1300 = CARTESIAN_POINT('',(4.750322379904,-7.449587141897));
#1301 = CARTESIAN_POINT('',(4.78912869435,-7.444653976762));
#1302 = CARTESIAN_POINT('',(4.828089630793,-7.439846624552));
#1303 = CARTESIAN_POINT('',(4.867030376954,-7.435182792692));
#1304 = CARTESIAN_POINT('',(4.905954261639,-7.430676091962));
#1305 = CARTESIAN_POINT('',(4.944894804673,-7.426335634862));
#1306 = CARTESIAN_POINT('',(4.983875842417,-7.422170850288));
#1307 = CARTESIAN_POINT('',(5.022908601386,-7.418192847066));
#1308 = CARTESIAN_POINT('',(5.06199277862,-7.414411722214));
#1309 = CARTESIAN_POINT('',(5.140260969105,-7.407262821202));
#1310 = CARTESIAN_POINT('',(5.179445448811,-7.403894737522));
#1311 = CARTESIAN_POINT('',(5.218673150077,-7.400745227387));
#1312 = CARTESIAN_POINT('',(5.257960758303,-7.397812250992));
#1313 = CARTESIAN_POINT('',(5.297245238748,-7.395132578419));
#1314 = CARTESIAN_POINT('',(5.336640358896,-7.39265773047));
#1315 = CARTESIAN_POINT('',(5.376000978855,-7.390464288852));
#1316 = CARTESIAN_POINT('',(5.415428341304,-7.388503804127));
#1317 = CARTESIAN_POINT('',(5.454870347252,-7.38680616336));
#1318 = CARTESIAN_POINT('',(5.573263800871,-7.382494768781));
#1319 = CARTESIAN_POINT('',(5.652277598537,-7.380665364313));
#1320 = CARTESIAN_POINT('',(5.731342917536,-7.379912666556));
#1321 = CARTESIAN_POINT('',(5.810422405029,-7.380253473631));
#1322 = CARTESIAN_POINT('',(5.889465310919,-7.38168943268));
#1323 = CARTESIAN_POINT('',(5.968442142735,-7.38420617229));
#1324 = CARTESIAN_POINT('',(6.047343608095,-7.387773470744));
#1325 = CARTESIAN_POINT('',(6.126136824984,-7.392346890004));
#1326 = CARTESIAN_POINT('',(6.204744479152,-7.397869934828));
#1327 = CARTESIAN_POINT('',(6.28318530718,-7.404274423827));
#1328 = ( GEOMETRIC_REPRESENTATION_CONTEXT(2) 
PARAMETRIC_REPRESENTATION_CONTEXT() REPRESENTATION_CONTEXT('2D SPACE',''
  ) );
#1329 = PCURVE('',#531,#1330);
#1330 = DEFINITIONAL_REPRESENTATION('',(#1331),#1335);
#1331 = LINE('',#1332,#1333);
#1332 = CARTESIAN_POINT('',(0.,0.));
#1333 = VECTOR('',#1334,1.);
#1334 = DIRECTION('',(0.,1.));
#1335 = ( GEOMETRIC_REPRESENTATION_CONTEXT(2) 
PARAMETRIC_REPRESENTATION_CONTEXT() REPRESENTATION_CONTEXT('2D SPACE',''
  ) );
#1336 = ADVANCED_FACE('',(#1337),#276,.T.);
#1337 = FACE_BOUND('',#1338,.T.);
#1338 = EDGE_LOOP('',(#1339,#1359,#1360,#1361));
#1339 = ORIENTED_EDGE('',*,*,#1340,.F.);
#1340 = EDGE_CURVE('',#1027,#1341,#1343,.T.);
#1341 = VERTEX_POINT('',#1342);
#1342 = CARTESIAN_POINT('',(-9.49558337547,9.,19.716728891278));
#1343 = SURFACE_CURVE('',#1344,(#1347,#1353),.PCURVE_S1.);
#1344 = B_SPLINE_CURVE_WITH_KNOTS('',1,(#1345,#1346),.UNSPECIFIED.,.F.,
  .F.,(2,2),(0.,1.),.PIECEWISE_BEZIER_KNOTS.);
#1345 = CARTESIAN_POINT('',(-9.9,9.,12.));
#1346 = CARTESIAN_POINT('',(-9.18725420175,9.,25.6));
#1347 = PCURVE('',#276,#1348);
#1348 = DEFINITIONAL_REPRESENTATION('',(#1349),#1352);
#1349 = B_SPLINE_CURVE_WITH_KNOTS('',1,(#1350,#1351),.UNSPECIFIED.,.F.,
  .F.,(2,2),(0.,1.),.PIECEWISE_BEZIER_KNOTS.);
#1350 = CARTESIAN_POINT('',(0.,-13.61866390557));
#1351 = CARTESIAN_POINT('',(0.,0.));
#1352 = ( GEOMETRIC_REPRESENTATION_CONTEXT(2) 
PARAMETRIC_REPRESENTATION_CONTEXT() REPRESENTATION_CONTEXT('2D SPACE',''
  ) );
#1353 = PCURVE('',#1043,#1354);
#1354 = DEFINITIONAL_REPRESENTATION('',(#1355),#1358);
#1355 = B_SPLINE_CURVE_WITH_KNOTS('',1,(#1356,#1357),.UNSPECIFIED.,.F.,
  .F.,(2,2),(0.,1.),.PIECEWISE_BEZIER_KNOTS.);
#1356 = CARTESIAN_POINT('',(3.14159265359,0.));
#1357 = CARTESIAN_POINT('',(3.14159265359,-13.6));
#1358 = ( GEOMETRIC_REPRESENTATION_CONTEXT(2) 
PARAMETRIC_REPRESENTATION_CONTEXT() REPRESENTATION_CONTEXT('2D SPACE',''
  ) );
#1359 = ORIENTED_EDGE('',*,*,#1055,.T.);
#1360 = ORIENTED_EDGE('',*,*,#260,.T.);
#1361 = ORIENTED_EDGE('',*,*,#1362,.T.);
#1362 = EDGE_CURVE('',#263,#1341,#1363,.T.);
#1363 = SURFACE_CURVE('',#1364,(#1399,#1437),.PCURVE_S1.);
#1364 = B_SPLINE_CURVE_WITH_KNOTS('',9,(#1365,#1366,#1367,#1368,#1369,
    #1370,#1371,#1372,#1373,#1374,#1375,#1376,#1377,#1378,#1379,#1380,
    #1381,#1382,#1383,#1384,#1385,#1386,#1387,#1388,#1389,#1390,#1391,
    #1392,#1393,#1394,#1395,#1396,#1397,#1398),.UNSPECIFIED.,.F.,.F.,(10
    ,8,8,8,10),(17.773052037612,17.897613096617,28.180849681757,
    38.464086266898,38.56636306572),.UNSPECIFIED.);
#1365 = CARTESIAN_POINT('',(-9.50931798598,-11.5,19.454656910921));
#1366 = CARTESIAN_POINT('',(-9.5092315689,-11.48562143125,
    19.456305846957));
#1367 = CARTESIAN_POINT('',(-9.50914522939,-11.47130218456,
    19.457953302937));
#1368 = CARTESIAN_POINT('',(-9.50905905212,-11.45704869532,
    19.459597663238));
#1369 = CARTESIAN_POINT('',(-9.50897312645,-11.44286918194,
    19.46123722265));
#1370 = CARTESIAN_POINT('',(-9.50888754645,-11.42877364591,
    19.462870186374));
#1371 = CARTESIAN_POINT('',(-9.50880241087,-11.41477387173,
    19.464494670025));
#1372 = CARTESIAN_POINT('',(-9.50871782316,-11.40088342696,
    19.466108699628));
#1373 = CARTESIAN_POINT('',(-9.50863389148,-11.38711766219,
    19.467710211622));
#1374 = CARTESIAN_POINT('',(-9.50168515595,-10.24875766679,
    19.600299983951));
#1375 = CARTESIAN_POINT('',(-9.49560136081,-9.126450021992,
    19.716385710705));
#1376 = CARTESIAN_POINT('',(-9.49027247385,-8.001953138095,
    19.818066931025));
#1377 = CARTESIAN_POINT('',(-9.48571348888,-6.87728517033,
    19.905057546553));
#1378 = CARTESIAN_POINT('',(-9.48191231846,-5.751361936657,
    19.97758819882));
#1379 = CARTESIAN_POINT('',(-9.47887607333,-4.624882075597,
    20.035523207086));
#1380 = CARTESIAN_POINT('',(-9.47660157885,-3.497682728344,
    20.078923147245));
#1381 = CARTESIAN_POINT('',(-9.47509063481,-2.370075073084,
    20.107753676915));
#1382 = CARTESIAN_POINT('',(-9.47359561037,-0.114411197392,
    20.136280442632));
#1383 = CARTESIAN_POINT('',(-9.47361156982,1.013641304619,
    20.135975918151));
#1384 = CARTESIAN_POINT('',(-9.4743912509,2.141703075504,20.121098717009
    ));
#1385 = CARTESIAN_POINT('',(-9.47593463315,3.269533538639,
    20.091649229281));
#1386 = CARTESIAN_POINT('',(-9.47824166819,4.396924718798,
    20.047628378306));
#1387 = CARTESIAN_POINT('',(-9.48131152944,5.523631031517,
    19.989051936167));
#1388 = CARTESIAN_POINT('',(-9.48514433066,6.649539921694,
    19.915917732299));
#1389 = CARTESIAN_POINT('',(-9.48973884338,7.774420326007,19.82824920697
    ));
#1390 = CARTESIAN_POINT('',(-9.49515132275,8.909865719923,
    19.724972948392));
#1391 = CARTESIAN_POINT('',(-9.49520480438,8.921070985523,
    19.723952457984));
#1392 = CARTESIAN_POINT('',(-9.49525845562,8.932297690517,
    19.722928731471));
#1393 = CARTESIAN_POINT('',(-9.49531226664,8.943543903697,
    19.721901955943));
#1394 = CARTESIAN_POINT('',(-9.49536622766,8.95480769385,19.720872318491
    ));
#1395 = CARTESIAN_POINT('',(-9.49542032885,8.966087129767,
    19.719840006208));
#1396 = CARTESIAN_POINT('',(-9.49547456042,8.977380280238,
    19.718805206183));
#1397 = CARTESIAN_POINT('',(-9.49552891256,8.988685214052,19.71776810551
    ));
#1398 = CARTESIAN_POINT('',(-9.49558337547,9.,19.716728891278));
#1399 = PCURVE('',#276,#1400);
#1400 = DEFINITIONAL_REPRESENTATION('',(#1401),#1436);
#1401 = B_SPLINE_CURVE_WITH_KNOTS('',9,(#1402,#1403,#1404,#1405,#1406,
    #1407,#1408,#1409,#1410,#1411,#1412,#1413,#1414,#1415,#1416,#1417,
    #1418,#1419,#1420,#1421,#1422,#1423,#1424,#1425,#1426,#1427,#1428,
    #1429,#1430,#1431,#1432,#1433,#1434,#1435),.UNSPECIFIED.,.F.,.F.,(10
    ,8,8,8,10),(17.773052037612,17.897613096617,28.180849681757,
    38.464086266898,38.56636306572),.UNSPECIFIED.);
#1402 = CARTESIAN_POINT('',(20.5,-6.153776626073));
#1403 = CARTESIAN_POINT('',(20.485621431255,-6.152125427126));
#1404 = CARTESIAN_POINT('',(20.471302184566,-6.150475710266));
#1405 = CARTESIAN_POINT('',(20.457048695322,-6.148829093334));
#1406 = CARTESIAN_POINT('',(20.442869181948,-6.147187283879));
#1407 = CARTESIAN_POINT('',(20.428773645917,-6.145552079164));
#1408 = CARTESIAN_POINT('',(20.414773871737,-6.14392536616));
#1409 = CARTESIAN_POINT('',(20.400883426964,-6.142309121549));
#1410 = CARTESIAN_POINT('',(20.38711766219,-6.140705411727));
#1411 = CARTESIAN_POINT('',(19.248757666794,-6.007933680354));
#1412 = CARTESIAN_POINT('',(18.126450021992,-5.891688643818));
#1413 = CARTESIAN_POINT('',(17.001953138095,-5.789867881682));
#1414 = CARTESIAN_POINT('',(15.87728517033,-5.702757884931));
#1415 = CARTESIAN_POINT('',(14.751361936657,-5.630127695514));
#1416 = CARTESIAN_POINT('',(13.624882075597,-5.572113180371));
#1417 = CARTESIAN_POINT('',(12.497682728344,-5.528653680478));
#1418 = CARTESIAN_POINT('',(11.370075073084,-5.499783585346));
#1419 = CARTESIAN_POINT('',(9.114411197392,-5.471217671036));
#1420 = CARTESIAN_POINT('',(7.986358695381,-5.47152261343));
#1421 = CARTESIAN_POINT('',(6.858296924496,-5.48642023124));
#1422 = CARTESIAN_POINT('',(5.730466461361,-5.515910133854));
#1423 = CARTESIAN_POINT('',(4.603075281202,-5.559991396668));
#1424 = CARTESIAN_POINT('',(3.476368968483,-5.618648225953));
#1425 = CARTESIAN_POINT('',(2.350460078306,-5.691882795253));
#1426 = CARTESIAN_POINT('',(1.225579673993,-5.779671632131));
#1427 = CARTESIAN_POINT('',(9.0134280077E-02,-5.88308962147));
#1428 = CARTESIAN_POINT('',(7.8929014477E-02,-5.884111512343));
#1429 = CARTESIAN_POINT('',(6.7702309483E-02,-5.885136643764));
#1430 = CARTESIAN_POINT('',(5.6456096303E-02,-5.886164828383));
#1431 = CARTESIAN_POINT('',(4.519230615E-02,-5.887195878854));
#1432 = CARTESIAN_POINT('',(3.3912870233E-02,-5.888229607826));
#1433 = CARTESIAN_POINT('',(2.2619719762E-02,-5.889265827955));
#1434 = CARTESIAN_POINT('',(1.1314785948E-02,-5.890304351889));
#1435 = CARTESIAN_POINT('',(0.,-5.891344992282));
#1436 = ( GEOMETRIC_REPRESENTATION_CONTEXT(2) 
PARAMETRIC_REPRESENTATION_CONTEXT() REPRESENTATION_CONTEXT('2D SPACE',''
  ) );
#1437 = PCURVE('',#1438,#1541);
#1438 = ( BOUNDED_SURFACE() B_SPLINE_SURFACE(2,9,(
    (#1439,#1440,#1441,#1442,#1443,#1444,#1445,#1446,#1447,#1448,#1449
      ,#1450,#1451,#1452,#1453,#1454,#1455,#1456,#1457,#1458,#1459,#1460
      ,#1461,#1462,#1463,#1464,#1465,#1466,#1467,#1468,#1469,#1470,#1471
      ,#1472)
    ,(#1473,#1474,#1475,#1476,#1477,#1478,#1479,#1480,#1481,#1482,#1483
      ,#1484,#1485,#1486,#1487,#1488,#1489,#1490,#1491,#1492,#1493,#1494
      ,#1495,#1496,#1497,#1498,#1499,#1500,#1501,#1502,#1503,#1504,#1505
      ,#1506)
    ,(#1507,#1508,#1509,#1510,#1511,#1512,#1513,#1514,#1515,#1516,#1517
      ,#1518,#1519,#1520,#1521,#1522,#1523,#1524,#1525,#1526,#1527,#1528
      ,#1529,#1530,#1531,#1532,#1533,#1534,#1535,#1536,#1537,#1538,#1539
,#1540
    )),.UNSPECIFIED.,.F.,.F.,.F.) B_SPLINE_SURFACE_WITH_KNOTS((3,3),(10,
    8,8,8,10),(0.,20.793311028108),(17.773052037612,17.897613096617,
    28.180849681757,38.464086266898,38.56636306572),.UNSPECIFIED.) 
GEOMETRIC_REPRESENTATION_ITEM() RATIONAL_B_SPLINE_SURFACE((
    (1.,1.,1.,1.,1.,1.,1.,1.,1.,1.,1.,1.,1.,1.,1.,1.,1.,1.,1.,1.,1.,1.
      ,1.,1.,1.,1.,1.,1.,1.,1.,1.,1.,1.,1.)
    ,(0.75326648227,0.753254905004,0.753245321225,0.753237508512
      ,0.753231271976,0.75322644426,0.75322288554,0.753220483526
      ,0.753219153461,0.753192804787,0.753204367977,0.753202118149
      ,0.753203761799,0.753202291775,0.753202578836,0.753202260918
      ,0.753202210067,0.753202139176,0.753202144965,0.753202176054
      ,0.75320216588,0.753202249757,0.75320215419,0.753202284962
      ,0.753201587426,0.753203189528,0.753203244936,0.753203344492
      ,0.753203492711,0.753203694112,0.753203953207,0.753204274516
      ,0.753204662553,0.753205121835)
    ,(1.,1.,1.,1.,1.,1.,1.,1.,1.,1.,1.,1.,1.,1.,1.,1.,1.,1.,1.,1.,1.,1.
,1.,1.,1.,1.,1.,1.,1.,1.,1.,1.,1.,1.
  ))) REPRESENTATION_ITEM('') SURFACE() );
#1439 = CARTESIAN_POINT('',(-9.50931798598,-11.5,19.454656910921));
#1440 = CARTESIAN_POINT('',(-9.5092315689,-11.48562143125,
    19.456305846957));
#1441 = CARTESIAN_POINT('',(-9.50914522939,-11.47130218456,
    19.457953302937));
#1442 = CARTESIAN_POINT('',(-9.50905905212,-11.45704869532,
    19.459597663238));
#1443 = CARTESIAN_POINT('',(-9.50897312645,-11.44286918194,
    19.46123722265));
#1444 = CARTESIAN_POINT('',(-9.50888754645,-11.42877364591,
    19.462870186374));
#1445 = CARTESIAN_POINT('',(-9.50880241087,-11.41477387173,
    19.464494670025));
#1446 = CARTESIAN_POINT('',(-9.50871782316,-11.40088342696,
    19.466108699628));
#1447 = CARTESIAN_POINT('',(-9.50863389148,-11.38711766219,
    19.467710211622));
#1448 = CARTESIAN_POINT('',(-9.50168515595,-10.24875766679,
    19.600299983951));
#1449 = CARTESIAN_POINT('',(-9.49560136081,-9.126450021992,
    19.716385710705));
#1450 = CARTESIAN_POINT('',(-9.49027247385,-8.001953138095,
    19.818066931025));
#1451 = CARTESIAN_POINT('',(-9.48571348888,-6.87728517033,
    19.905057546553));
#1452 = CARTESIAN_POINT('',(-9.48191231846,-5.751361936657,
    19.97758819882));
#1453 = CARTESIAN_POINT('',(-9.47887607333,-4.624882075597,
    20.035523207086));
#1454 = CARTESIAN_POINT('',(-9.47660157885,-3.497682728344,
    20.078923147245));
#1455 = CARTESIAN_POINT('',(-9.47509063481,-2.370075073084,
    20.107753676915));
#1456 = CARTESIAN_POINT('',(-9.47359561037,-0.114411197392,
    20.136280442632));
#1457 = CARTESIAN_POINT('',(-9.47361156982,1.013641304619,
    20.135975918151));
#1458 = CARTESIAN_POINT('',(-9.4743912509,2.141703075504,20.121098717009
    ));
#1459 = CARTESIAN_POINT('',(-9.47593463315,3.269533538639,
    20.091649229281));
#1460 = CARTESIAN_POINT('',(-9.47824166819,4.396924718798,
    20.047628378306));
#1461 = CARTESIAN_POINT('',(-9.48131152944,5.523631031517,
    19.989051936167));
#1462 = CARTESIAN_POINT('',(-9.48514433066,6.649539921694,
    19.915917732299));
#1463 = CARTESIAN_POINT('',(-9.48973884338,7.774420326007,19.82824920697
    ));
#1464 = CARTESIAN_POINT('',(-9.49515132275,8.909865719923,
    19.724972948392));
#1465 = CARTESIAN_POINT('',(-9.49520480438,8.921070985523,
    19.723952457984));
#1466 = CARTESIAN_POINT('',(-9.49525845562,8.932297690517,
    19.722928731471));
#1467 = CARTESIAN_POINT('',(-9.49531226664,8.943543903697,
    19.721901955943));
#1468 = CARTESIAN_POINT('',(-9.49536622766,8.95480769385,19.720872318491
    ));
#1469 = CARTESIAN_POINT('',(-9.49542032885,8.966087129767,
    19.719840006208));
#1470 = CARTESIAN_POINT('',(-9.49547456042,8.977380280238,
    19.718805206183));
#1471 = CARTESIAN_POINT('',(-9.49552891256,8.988685214052,19.71776810551
    ));
#1472 = CARTESIAN_POINT('',(-9.49558337547,9.,19.716728891278));
#1473 = CARTESIAN_POINT('',(-9.45026975412,-11.62444932838,
    20.581364294117));
#1474 = CARTESIAN_POINT('',(-9.45018475796,-11.61068475099,
    20.582986117408));
#1475 = CARTESIAN_POINT('',(-9.45009992772,-11.59692778209,
    20.584604774992));
#1476 = CARTESIAN_POINT('',(-9.45001525321,-11.58317688336,
    20.586220460788));
#1477 = CARTESIAN_POINT('',(-9.44993072511,-11.56943063302,
    20.587833352975));
#1478 = CARTESIAN_POINT('',(-9.44984633493,-11.55568772839,
    20.589443613686));
#1479 = CARTESIAN_POINT('',(-9.44976207501,-11.54194698842,
    20.591051388704));
#1480 = CARTESIAN_POINT('',(-9.44967793859,-11.52820735628,
    20.592656807154));
#1481 = CARTESIAN_POINT('',(-9.4495939198,-11.51446790182,
    20.594259981211));
#1482 = CARTESIAN_POINT('',(-9.44258283343,-10.3663651834,20.72803947848
    ));
#1483 = CARTESIAN_POINT('',(-9.43643858945,-9.232627570517,
    20.845278637826));
#1484 = CARTESIAN_POINT('',(-9.43104798414,-8.095545457213,
    20.948137514467));
#1485 = CARTESIAN_POINT('',(-9.42643578997,-6.95791599227,
    21.036143421859));
#1486 = CARTESIAN_POINT('',(-9.42258886889,-5.81876962639,
    21.109547048969));
#1487 = CARTESIAN_POINT('',(-9.41951665067,-4.679056977822,
    21.168168464576));
#1488 = CARTESIAN_POINT('',(-9.41721508181,-3.538613969768,21.2120850147
    ));
#1489 = CARTESIAN_POINT('',(-9.4156862624,-2.397793025926,
    21.241256626851));
#1490 = CARTESIAN_POINT('',(-9.41417355703,-0.115756136663,
    21.270120764805));
#1491 = CARTESIAN_POINT('',(-9.41418972178,1.025454995386,
    21.269812322857));
#1492 = CARTESIAN_POINT('',(-9.41497858476,2.1666453015,21.254759920629)
  );
#1493 = CARTESIAN_POINT('',(-9.41654002339,3.307584332192,
    21.224965896578));
#1494 = CARTESIAN_POINT('',(-9.41887404277,4.448065071311,
    21.180430153863));
#1495 = CARTESIAN_POINT('',(-9.42197966304,5.587803573369,
    21.121171389032));
#1496 = CARTESIAN_POINT('',(-9.42585682018,6.7266248766,21.047190823564)
  );
#1497 = CARTESIAN_POINT('',(-9.4305030752,7.864150853625,20.958534996563
    ));
#1498 = CARTESIAN_POINT('',(-9.43597381039,9.01188582213,20.854147150518
    ));
#1499 = CARTESIAN_POINT('',(-9.43602776182,9.023188466145,
    20.853117695876));
#1500 = CARTESIAN_POINT('',(-9.43608178908,9.034490899152,20.85208679434
    ));
#1501 = CARTESIAN_POINT('',(-9.43613589239,9.045793165087,
    20.851054441694));
#1502 = CARTESIAN_POINT('',(-9.43619007197,9.057095307618,20.85002063375
    ));
#1503 = CARTESIAN_POINT('',(-9.43624432804,9.068397370137,
    20.848985366344));
#1504 = CARTESIAN_POINT('',(-9.43629866081,9.079699395772,
    20.847948635338));
#1505 = CARTESIAN_POINT('',(-9.4363530705,9.091001427372,20.846910436618
    ));
#1506 = CARTESIAN_POINT('',(-9.43640755732,9.102303507521,
    20.845870766099));
#1507 = CARTESIAN_POINT('',(-8.320258248301,-11.5840264074,
    20.680781800276));
#1508 = CARTESIAN_POINT('',(-8.319893837187,-11.57547962895,
    20.681809573225));
#1509 = CARTESIAN_POINT('',(-8.319580972305,-11.5665953733,
    20.682871522861));
#1510 = CARTESIAN_POINT('',(-8.319313375258,-11.55731584186,
    20.683974869818));
#1511 = CARTESIAN_POINT('',(-8.319085432603,-11.54757221963,
    20.685127980521));
#1512 = CARTESIAN_POINT('',(-8.318892195855,-11.53728467515,
    20.686340367182));
#1513 = CARTESIAN_POINT('',(-8.318729381485,-11.52636236052,
    20.687622687803));
#1514 = CARTESIAN_POINT('',(-8.318593370924,-11.51470341141,
    20.688986746175));
#1515 = CARTESIAN_POINT('',(-8.318481210556,-11.50219494705,
    20.690445491879));
#1516 = CARTESIAN_POINT('',(-8.310911153673,-10.37570608292,
    20.821421565698));
#1517 = CARTESIAN_POINT('',(-8.305110781154,-9.250322235324,
    20.937896228682));
#1518 = CARTESIAN_POINT('',(-8.299667170378,-8.114857540078,
    21.040805734724));
#1519 = CARTESIAN_POINT('',(-8.295074696415,-6.97558394606,
    21.129084333783));
#1520 = CARTESIAN_POINT('',(-8.291181330975,-5.833550683555,
    21.202767517673));
#1521 = CARTESIAN_POINT('',(-8.288101177748,-4.690658325956,
    21.261607236186));
#1522 = CARTESIAN_POINT('',(-8.285784473435,-3.547141897382,
    21.305676765542));
#1523 = CARTESIAN_POINT('',(-8.284249070189,-2.403450800432,
    21.334943157923));
#1524 = CARTESIAN_POINT('',(-8.282729629788,-0.116083584967,
    21.363899167977));
#1525 = CARTESIAN_POINT('',(-8.282746105364,1.027588096017,
    21.363587799231));
#1526 = CARTESIAN_POINT('',(-8.283537995868,2.171032841357,
    21.348492761521));
#1527 = CARTESIAN_POINT('',(-8.285103053209,3.314118300853,
    21.318626782626));
#1528 = CARTESIAN_POINT('',(-8.287444467672,4.456636044472,
    21.273988811596));
#1529 = CARTESIAN_POINT('',(-8.290554465175,5.598103856153,
    21.214603944685));
#1530 = CARTESIAN_POINT('',(-8.294440482823,6.737851196403,
    21.140515180767));
#1531 = CARTESIAN_POINT('',(-8.299066577785,7.874619144271,
    21.051888838726));
#1532 = CARTESIAN_POINT('',(-8.304556938306,9.018340219093,
    20.947948254426));
#1533 = CARTESIAN_POINT('',(-8.304611380122,9.029441495798,
    20.946937870607));
#1534 = CARTESIAN_POINT('',(-8.304666379014,9.040394242264,
    20.945939509106));
#1535 = CARTESIAN_POINT('',(-8.304722119449,9.051212045656,
    20.944951966554));
#1536 = CARTESIAN_POINT('',(-8.304778785897,9.061908493141,
    20.943974039581));
#1537 = CARTESIAN_POINT('',(-8.304836562826,9.072497171883,
    20.943004524818));
#1538 = CARTESIAN_POINT('',(-8.304895634704,9.08299166905,
    20.942042218895));
#1539 = CARTESIAN_POINT('',(-8.304956186001,9.093405571806,
    20.941085918442));
#1540 = CARTESIAN_POINT('',(-8.305018401184,9.103752467318,
    20.940134420091));
#1541 = DEFINITIONAL_REPRESENTATION('',(#1542),#1546);
#1542 = LINE('',#1543,#1544);
#1543 = CARTESIAN_POINT('',(0.,0.));
#1544 = VECTOR('',#1545,1.);
#1545 = DIRECTION('',(0.,1.));
#1546 = ( GEOMETRIC_REPRESENTATION_CONTEXT(2) 
PARAMETRIC_REPRESENTATION_CONTEXT() REPRESENTATION_CONTEXT('2D SPACE',''
  ) );
#1547 = ADVANCED_FACE('',(#1548),#400,.T.);
#1548 = FACE_BOUND('',#1549,.T.);
#1549 = EDGE_LOOP('',(#1550,#1551,#1722,#1741));
#1550 = ORIENTED_EDGE('',*,*,#950,.T.);
#1551 = ORIENTED_EDGE('',*,*,#1552,.T.);
#1552 = EDGE_CURVE('',#593,#1553,#1555,.T.);
#1553 = VERTEX_POINT('',#1554);
#1554 = CARTESIAN_POINT('',(-8.320258248301,-11.5840264074,
    20.680781800276));
#1555 = SURFACE_CURVE('',#1556,(#1592,#1599),.PCURVE_S1.);
#1556 = ( BOUNDED_CURVE() B_SPLINE_CURVE(12,(#1557,#1558,#1559,#1560,
    #1561,#1562,#1563,#1564,#1565,#1566,#1567,#1568,#1569,#1570,#1571,
    #1572,#1573,#1574,#1575,#1576,#1577,#1578,#1579,#1580,#1581,#1582,
    #1583,#1584,#1585,#1586,#1587,#1588,#1589,#1590,#1591),
.UNSPECIFIED.,.F.,.F.) B_SPLINE_CURVE_WITH_KNOTS((13,11,11,13),(
    14.26825769689,15.499750609799,16.197803226571,17.773052037612),
.UNSPECIFIED.) CURVE() GEOMETRIC_REPRESENTATION_ITEM() 
RATIONAL_B_SPLINE_CURVE((1.,1.,1.,1.000000000001,0.999999999998,
    1.000000000003,0.999999999997,1.000000000003,0.999999999998,
    1.000000000001,0.999999999999,1.,1.,1.000000000001,0.999999999999,
    1.000000000003,0.999999999996,1.000000000004,0.999999999997,
    1.000000000002,0.999999999999,1.,1.,1.,1.,0.999999999999,
    1.000000000001,0.999999999998,1.000000000002,0.999999999998,
1.000000000001,0.999999999999,1.,1.,1.)) REPRESENTATION_ITEM('') );
#1557 = CARTESIAN_POINT('',(-7.156424501886,-12.7797618677,
    20.624761400336));
#1558 = CARTESIAN_POINT('',(-7.219019170871,-12.78135588533,
    20.620041558414));
#1559 = CARTESIAN_POINT('',(-7.250892344417,-12.78022004043,
    20.617846035065));
#1560 = CARTESIAN_POINT('',(-7.325643414376,-12.77913680303,
    20.612573587453));
#1561 = CARTESIAN_POINT('',(-7.376175947638,-12.76672743227,
    20.610350921831));
#1562 = CARTESIAN_POINT('',(-7.419486010374,-12.76369146979,
    20.60757787078));
#1563 = CARTESIAN_POINT('',(-7.493930045756,-12.74475349772,
    20.604397823683));
#1564 = CARTESIAN_POINT('',(-7.528646075896,-12.73327852157,
    20.603231626962));
#1565 = CARTESIAN_POINT('',(-7.593172571694,-12.71253173995,
    20.600987721839));
#1566 = CARTESIAN_POINT('',(-7.639818511467,-12.69192562502,
    20.600026130641));
#1567 = CARTESIAN_POINT('',(-7.691579695968,-12.6675874146,
    20.599131124448));
#1568 = CARTESIAN_POINT('',(-7.740380368599,-12.64082124681,
    20.598736162406));
#1569 = CARTESIAN_POINT('',(-7.814631978642,-12.59485950843,
    20.59875018894));
#1570 = CARTESIAN_POINT('',(-7.840982409603,-12.57741572058,
    20.598888226578));
#1571 = CARTESIAN_POINT('',(-7.866793913532,-12.55917230283,
    20.599159262638));
#1572 = CARTESIAN_POINT('',(-7.892039696271,-12.54014734997,
    20.599563113333));
#1573 = CARTESIAN_POINT('',(-7.916693486723,-12.52036049391,
    20.600099375911));
#1574 = CARTESIAN_POINT('',(-7.940729536855,-12.49983290364,
    20.600767428668));
#1575 = CARTESIAN_POINT('',(-7.964122621695,-12.47858728525,
    20.601566430932));
#1576 = CARTESIAN_POINT('',(-7.986848039334,-12.45664788196,
    20.602495323081));
#1577 = CARTESIAN_POINT('',(-8.008881610927,-12.43404047407,
    20.603552826526));
#1578 = CARTESIAN_POINT('',(-8.030199680687,-12.41079237898,
    20.604737443723));
#1579 = CARTESIAN_POINT('',(-8.050779115894,-12.38693245121,
    20.606047458168));
#1580 = CARTESIAN_POINT('',(-8.115319697507,-12.30733587445,
    20.610715764649));
#1581 = CARTESIAN_POINT('',(-8.156143118404,-12.24943605355,
    20.614555401069));
#1582 = CARTESIAN_POINT('',(-8.193045955406,-12.18764811548,
    20.619136506852));
#1583 = CARTESIAN_POINT('',(-8.225000474329,-12.12679757401,
    20.623964609381));
#1584 = CARTESIAN_POINT('',(-8.253774492953,-12.06016229756,
    20.629703827753));
#1585 = CARTESIAN_POINT('',(-8.277260357379,-11.99205459617,
    20.635998183244));
#1586 = CARTESIAN_POINT('',(-8.295000676804,-11.92748040275,20.642293569
    ));
#1587 = CARTESIAN_POINT('',(-8.309912686081,-11.85999994021,
    20.649137126499));
#1588 = CARTESIAN_POINT('',(-8.320904311245,-11.7848009108,
    20.657166499375));
#1589 = CARTESIAN_POINT('',(-8.322735134306,-11.71649109239,
    20.665045332653));
#1590 = CARTESIAN_POINT('',(-8.323714614473,-11.66509088311,
    20.67103358044));
#1591 = CARTESIAN_POINT('',(-8.320258248301,-11.5840264074,
    20.680781800276));
#1592 = PCURVE('',#400,#1593);
#1593 = DEFINITIONAL_REPRESENTATION('',(#1594),#1598);
#1594 = LINE('',#1595,#1596);
#1595 = CARTESIAN_POINT('',(3.504794340722,0.));
#1596 = VECTOR('',#1597,1.);
#1597 = DIRECTION('',(0.,1.));
#1598 = ( GEOMETRIC_REPRESENTATION_CONTEXT(2) 
PARAMETRIC_REPRESENTATION_CONTEXT() REPRESENTATION_CONTEXT('2D SPACE',''
  ) );
#1599 = PCURVE('',#632,#1600);
#1600 = DEFINITIONAL_REPRESENTATION('',(#1601),#1721);
#1601 = B_SPLINE_CURVE_WITH_KNOTS('',10,(#1602,#1603,#1604,#1605,#1606,
    #1607,#1608,#1609,#1610,#1611,#1612,#1613,#1614,#1615,#1616,#1617,
    #1618,#1619,#1620,#1621,#1622,#1623,#1624,#1625,#1626,#1627,#1628,
    #1629,#1630,#1631,#1632,#1633,#1634,#1635,#1636,#1637,#1638,#1639,
    #1640,#1641,#1642,#1643,#1644,#1645,#1646,#1647,#1648,#1649,#1650,
    #1651,#1652,#1653,#1654,#1655,#1656,#1657,#1658,#1659,#1660,#1661,
    #1662,#1663,#1664,#1665,#1666,#1667,#1668,#1669,#1670,#1671,#1672,
    #1673,#1674,#1675,#1676,#1677,#1678,#1679,#1680,#1681,#1682,#1683,
    #1684,#1685,#1686,#1687,#1688,#1689,#1690,#1691,#1692,#1693,#1694,
    #1695,#1696,#1697,#1698,#1699,#1700,#1701,#1702,#1703,#1704,#1705,
    #1706,#1707,#1708,#1709,#1710,#1711,#1712,#1713,#1714,#1715,#1716,
    #1717,#1718,#1719,#1720),.UNSPECIFIED.,.F.,.F.,(11,9,9,9,9,9,9,9,9,9
    ,9,9,9,11),(14.26825769689,14.70635698948,15.14445628207,
    15.363505928365,15.473030751513,15.527793163087,15.58255557466,
    16.020654867251,16.130179690398,16.184942101972,16.239704513546,
    16.458754159841,16.896853452431,17.773052037612),.UNSPECIFIED.);
#1602 = CARTESIAN_POINT('',(4.201915082656,1.424239620107));
#1603 = CARTESIAN_POINT('',(4.200346011697,1.424102058098));
#1604 = CARTESIAN_POINT('',(4.199102974313,1.423996625244));
#1605 = CARTESIAN_POINT('',(4.197829275553,1.423891661516));
#1606 = CARTESIAN_POINT('',(4.196471651238,1.423785871544));
#1607 = CARTESIAN_POINT('',(4.19505868995,1.423681932696));
#1608 = CARTESIAN_POINT('',(4.193614539106,1.423581498653));
#1609 = CARTESIAN_POINT('',(4.192149271587,1.423485390276));
#1610 = CARTESIAN_POINT('',(4.190669146158,1.423393860467));
#1611 = CARTESIAN_POINT('',(4.189175422772,1.423307035959));
#1612 = CARTESIAN_POINT('',(4.186163359335,1.423142916302));
#1613 = CARTESIAN_POINT('',(4.184644986865,1.423065622119));
#1614 = CARTESIAN_POINT('',(4.183115378879,1.422993155096));
#1615 = CARTESIAN_POINT('',(4.18157457041,1.422925531368));
#1616 = CARTESIAN_POINT('',(4.180024167785,1.422862855587));
#1617 = CARTESIAN_POINT('',(4.178465762472,1.422805214257));
#1618 = CARTESIAN_POINT('',(4.176899688798,1.422752606253));
#1619 = CARTESIAN_POINT('',(4.175325834981,1.422705006236));
#1620 = CARTESIAN_POINT('',(4.173745354236,1.422662474514));
#1621 = CARTESIAN_POINT('',(4.17136621379,1.422606330015));
#1622 = CARTESIAN_POINT('',(4.170571770485,1.422588891185));
#1623 = CARTESIAN_POINT('',(4.169776053941,1.42257273289));
#1624 = CARTESIAN_POINT('',(4.168979225973,1.422557861235));
#1625 = CARTESIAN_POINT('',(4.168181437189,1.422544280994));
#1626 = CARTESIAN_POINT('',(4.167382799281,1.422531994078));
#1627 = CARTESIAN_POINT('',(4.166583379119,1.422520999333));
#1628 = CARTESIAN_POINT('',(4.165783214968,1.42251129372));
#1629 = CARTESIAN_POINT('',(4.164982354506,1.422502874824));
#1630 = CARTESIAN_POINT('',(4.163780195112,1.422492179695));
#1631 = CARTESIAN_POINT('',(4.16337933525,1.422488937114));
#1632 = CARTESIAN_POINT('',(4.162978340568,1.422486016677));
#1633 = CARTESIAN_POINT('',(4.162577231491,1.422483418959));
#1634 = CARTESIAN_POINT('',(4.162176038094,1.422481145095));
#1635 = CARTESIAN_POINT('',(4.161774794503,1.42247919642));
#1636 = CARTESIAN_POINT('',(4.161373533377,1.422477574153));
#1637 = CARTESIAN_POINT('',(4.160972280313,1.422476279031));
#1638 = CARTESIAN_POINT('',(4.160571048314,1.422475310986));
#1639 = CARTESIAN_POINT('',(4.159969224158,1.422474347696));
#1640 = CARTESIAN_POINT('',(4.159768631137,1.422474108708));
#1641 = CARTESIAN_POINT('',(4.159567959803,1.422473946289));
#1642 = CARTESIAN_POINT('',(4.159367488108,1.422473876434));
#1643 = CARTESIAN_POINT('',(4.159166762198,1.422473872797));
#1644 = CARTESIAN_POINT('',(4.15896601167,1.42247394839));
#1645 = CARTESIAN_POINT('',(4.158765495552,1.422474118096));
#1646 = CARTESIAN_POINT('',(4.158564801366,1.422474358205));
#1647 = CARTESIAN_POINT('',(4.158364185565,1.422474683266));
#1648 = CARTESIAN_POINT('',(4.157962951561,1.422475494065));
#1649 = CARTESIAN_POINT('',(4.157762344447,1.422475980442));
#1650 = CARTESIAN_POINT('',(4.15756174873,1.422476547791));
#1651 = CARTESIAN_POINT('',(4.157361165912,1.422477196105));
#1652 = CARTESIAN_POINT('',(4.15716059751,1.422477925382));
#1653 = CARTESIAN_POINT('',(4.156960045019,1.422478735613));
#1654 = CARTESIAN_POINT('',(4.156759509957,1.422479626796));
#1655 = CARTESIAN_POINT('',(4.156558993825,1.422480598923));
#1656 = CARTESIAN_POINT('',(4.156358498133,1.42248165199));
#1657 = CARTESIAN_POINT('',(4.154554234417,1.422491858007));
#1658 = CARTESIAN_POINT('',(4.152951856771,1.42250610949));
#1659 = CARTESIAN_POINT('',(4.151351661233,1.422525535554));
#1660 = CARTESIAN_POINT('',(4.149754430973,1.422550126739));
#1661 = CARTESIAN_POINT('',(4.148160962596,1.422579869027));
#1662 = CARTESIAN_POINT('',(4.146572066069,1.42261474382));
#1663 = CARTESIAN_POINT('',(4.144988564805,1.422654727961));
#1664 = CARTESIAN_POINT('',(4.143411295585,1.42269979372));
#1665 = CARTESIAN_POINT('',(4.141841108615,1.422749908802));
#1666 = CARTESIAN_POINT('',(4.139888307214,1.422818818226));
#1667 = CARTESIAN_POINT('',(4.13949824354,1.422832913469));
#1668 = CARTESIAN_POINT('',(4.139108690264,1.422847321427));
#1669 = CARTESIAN_POINT('',(4.138719661166,1.422862041454));
#1670 = CARTESIAN_POINT('',(4.138331170044,1.422877072914));
#1671 = CARTESIAN_POINT('',(4.137943230674,1.422892415156));
#1672 = CARTESIAN_POINT('',(4.137555856856,1.422908067545));
#1673 = CARTESIAN_POINT('',(4.137169062368,1.422924029431));
#1674 = CARTESIAN_POINT('',(4.136782861004,1.422940300176));
#1675 = CARTESIAN_POINT('',(4.13620446932,1.422965168614));
#1676 = CARTESIAN_POINT('',(4.136011823839,1.422973535133));
#1677 = CARTESIAN_POINT('',(4.135819331852,1.422981978598));
#1678 = CARTESIAN_POINT('',(4.135626995115,1.422990498919));
#1679 = CARTESIAN_POINT('',(4.135434815369,1.422999096002));
#1680 = CARTESIAN_POINT('',(4.135242794375,1.423007769759));
#1681 = CARTESIAN_POINT('',(4.135050933873,1.423016520094));
#1682 = CARTESIAN_POINT('',(4.13485923562,1.423025346918));
#1683 = CARTESIAN_POINT('',(4.134667701362,1.423034250138));
#1684 = CARTESIAN_POINT('',(4.134284964342,1.423052209188));
#1685 = CARTESIAN_POINT('',(4.134093755827,1.423061265936));
#1686 = CARTESIAN_POINT('',(4.133902719549,1.423070398175));
#1687 = CARTESIAN_POINT('',(4.133711864941,1.423079604512));
#1688 = CARTESIAN_POINT('',(4.133521196546,1.423088884317));
#1689 = CARTESIAN_POINT('',(4.133330713571,1.423098237827));
#1690 = CARTESIAN_POINT('',(4.1331404112,1.423107665972));
#1691 = CARTESIAN_POINT('',(4.132950283509,1.423117169889));
#1692 = CARTESIAN_POINT('',(4.132760328136,1.423126750144));
#1693 = CARTESIAN_POINT('',(4.131811450406,1.423175027697));
#1694 = CARTESIAN_POINT('',(4.131055176536,1.423214861845));
#1695 = CARTESIAN_POINT('',(4.130301746774,1.42325591647));
#1696 = CARTESIAN_POINT('',(4.129551278638,1.423298183385));
#1697 = CARTESIAN_POINT('',(4.128803930352,1.42334164679));
#1698 = CARTESIAN_POINT('',(4.128059858192,1.423386289715));
#1699 = CARTESIAN_POINT('',(4.127319192059,1.423432097908));
#1700 = CARTESIAN_POINT('',(4.12658202942,1.423479061214));
#1701 = CARTESIAN_POINT('',(4.125848447494,1.423527172418));
#1702 = CARTESIAN_POINT('',(4.123658706339,1.423674925844));
#1703 = CARTESIAN_POINT('',(4.122213531718,1.423777990629));
#1704 = CARTESIAN_POINT('',(4.120783657083,1.423885558319));
#1705 = CARTESIAN_POINT('',(4.119369457804,1.423997613375));
#1706 = CARTESIAN_POINT('',(4.117971510278,1.424114119046));
#1707 = CARTESIAN_POINT('',(4.116590695144,1.424234995734));
#1708 = CARTESIAN_POINT('',(4.115228069594,1.424360129045));
#1709 = CARTESIAN_POINT('',(4.113884647637,1.424489393601));
#1710 = CARTESIAN_POINT('',(4.11256122701,1.424622678646));
#1711 = CARTESIAN_POINT('',(4.108652750725,1.425034347317));
#1712 = CARTESIAN_POINT('',(4.106129485941,1.42532454292));
#1713 = CARTESIAN_POINT('',(4.103693684083,1.425629770572));
#1714 = CARTESIAN_POINT('',(4.101347090372,1.425949714803));
#1715 = CARTESIAN_POINT('',(4.099092304549,1.426284075409));
#1716 = CARTESIAN_POINT('',(4.096942747528,1.426631569408));
#1717 = CARTESIAN_POINT('',(4.094959500447,1.426983872227));
#1718 = CARTESIAN_POINT('',(4.093230554675,1.427323986256));
#1719 = CARTESIAN_POINT('',(4.091599428947,1.427658975512));
#1720 = CARTESIAN_POINT('',(4.089517631678,1.428115187825));
#1721 = ( GEOMETRIC_REPRESENTATION_CONTEXT(2) 
PARAMETRIC_REPRESENTATION_CONTEXT() REPRESENTATION_CONTEXT('2D SPACE',''
  ) );
#1722 = ORIENTED_EDGE('',*,*,#1723,.F.);
#1723 = EDGE_CURVE('',#263,#1553,#1724,.T.);
#1724 = SURFACE_CURVE('',#1725,(#1729,#1735),.PCURVE_S1.);
#1725 = ( BOUNDED_CURVE() B_SPLINE_CURVE(2,(#1726,#1727,#1728),
.UNSPECIFIED.,.F.,.F.) B_SPLINE_CURVE_WITH_KNOTS((3,3),(0.,
3.504794340722),.PIECEWISE_BEZIER_KNOTS.) CURVE() 
GEOMETRIC_REPRESENTATION_ITEM() RATIONAL_B_SPLINE_CURVE((1.,
0.75326648227,1.)) REPRESENTATION_ITEM('') );
#1726 = CARTESIAN_POINT('',(-9.50931798598,-11.5,19.454656910921));
#1727 = CARTESIAN_POINT('',(-9.45026975412,-11.62444932838,
    20.581364294117));
#1728 = CARTESIAN_POINT('',(-8.320258248301,-11.5840264074,
    20.680781800276));
#1729 = PCURVE('',#400,#1730);
#1730 = DEFINITIONAL_REPRESENTATION('',(#1731),#1734);
#1731 = B_SPLINE_CURVE_WITH_KNOTS('',1,(#1732,#1733),.UNSPECIFIED.,.F.,
  .F.,(2,2),(0.,3.504794340722),.PIECEWISE_BEZIER_KNOTS.);
#1732 = CARTESIAN_POINT('',(0.,17.773052037612));
#1733 = CARTESIAN_POINT('',(3.504794340722,17.773052037612));
#1734 = ( GEOMETRIC_REPRESENTATION_CONTEXT(2) 
PARAMETRIC_REPRESENTATION_CONTEXT() REPRESENTATION_CONTEXT('2D SPACE',''
  ) );
#1735 = PCURVE('',#1438,#1736);
#1736 = DEFINITIONAL_REPRESENTATION('',(#1737),#1740);
#1737 = B_SPLINE_CURVE_WITH_KNOTS('',1,(#1738,#1739),.UNSPECIFIED.,.F.,
  .F.,(2,2),(0.,3.504794340722),.PIECEWISE_BEZIER_KNOTS.);
#1738 = CARTESIAN_POINT('',(0.,17.773052037612));
#1739 = CARTESIAN_POINT('',(20.793311028108,17.773052037612));
#1740 = ( GEOMETRIC_REPRESENTATION_CONTEXT(2) 
PARAMETRIC_REPRESENTATION_CONTEXT() REPRESENTATION_CONTEXT('2D SPACE',''
  ) );
#1741 = ORIENTED_EDGE('',*,*,#310,.F.);
#1742 = ADVANCED_FACE('',(#1743),#531,.T.);
#1743 = FACE_BOUND('',#1744,.T.);
#1744 = EDGE_LOOP('',(#1745,#1827,#1918,#1919));
#1745 = ORIENTED_EDGE('',*,*,#1746,.T.);
#1746 = EDGE_CURVE('',#1256,#1747,#1749,.T.);
#1747 = VERTEX_POINT('',#1748);
#1748 = CARTESIAN_POINT('',(8.320196827458,-11.58538736226,
    20.680628142748));
#1749 = SURFACE_CURVE('',#1750,(#1754,#1760),.PCURVE_S1.);
#1750 = ( BOUNDED_CURVE() B_SPLINE_CURVE(2,(#1751,#1752,#1753),
.UNSPECIFIED.,.F.,.F.) B_SPLINE_CURVE_WITH_KNOTS((3,3),(0.,
11.666549008074),.PIECEWISE_BEZIER_KNOTS.) CURVE() 
GEOMETRIC_REPRESENTATION_ITEM() RATIONAL_B_SPLINE_CURVE((1.,
0.753263904168,1.)) REPRESENTATION_ITEM('') );
#1751 = CARTESIAN_POINT('',(9.509318523047,-11.5,19.454646663107));
#1752 = CARTESIAN_POINT('',(9.450270832862,-11.62462494815,
    20.581343710623));
#1753 = CARTESIAN_POINT('',(8.320196827458,-11.58538736226,
    20.680628142748));
#1754 = PCURVE('',#531,#1755);
#1755 = DEFINITIONAL_REPRESENTATION('',(#1756),#1759);
#1756 = B_SPLINE_CURVE_WITH_KNOTS('',1,(#1757,#1758),.UNSPECIFIED.,.F.,
  .F.,(2,2),(0.,11.666549008074),.PIECEWISE_BEZIER_KNOTS.);
#1757 = CARTESIAN_POINT('',(0.,88.925122479332));
#1758 = CARTESIAN_POINT('',(3.505138407288,88.925122479332));
#1759 = ( GEOMETRIC_REPRESENTATION_CONTEXT(2) 
PARAMETRIC_REPRESENTATION_CONTEXT() REPRESENTATION_CONTEXT('2D SPACE',''
  ) );
#1760 = PCURVE('',#1761,#1822);
#1761 = ( BOUNDED_SURFACE() B_SPLINE_SURFACE(2,10,(
    (#1762,#1763,#1764,#1765,#1766,#1767,#1768,#1769,#1770,#1771,#1772
      ,#1773,#1774,#1775,#1776,#1777,#1778,#1779,#1780,#1781)
    ,(#1782,#1783,#1784,#1785,#1786,#1787,#1788,#1789,#1790,#1791,#1792
      ,#1793,#1794,#1795,#1796,#1797,#1798,#1799,#1800,#1801)
    ,(#1802,#1803,#1804,#1805,#1806,#1807,#1808,#1809,#1810,#1811,#1812
      ,#1813,#1814,#1815,#1816,#1817,#1818,#1819,#1820,#1821
)),.UNSPECIFIED.,.F.,.F.,.F.) B_SPLINE_SURFACE_WITH_KNOTS((3,3),(11,9,11
    ),(0.,11.666549008074),(77.258573471257,88.800450166289,
88.925122479332),.UNSPECIFIED.) GEOMETRIC_REPRESENTATION_ITEM() 
RATIONAL_B_SPLINE_SURFACE((
    (1.,1.,1.,0.999999999999,1.000000000001,0.999999999999
      ,1.000000000001,1.,1.,1.,1.,1.,1.,1.,1.,1.,1.,1.,1.,1.)
    ,(0.753202154138,0.753202154138,0.753202897355,0.753197866192
      ,0.753214749877,0.753177802716,0.753236932597,0.753162062783
      ,0.75324188112,0.753172958494,0.753219257739,0.753220459276
      ,0.753222411757,0.753225174062,0.753228819771,0.753233437177
      ,0.753239129269,0.753246013746,0.75325422301,0.753263904168)
    ,(1.,1.,1.,0.999999999999,1.000000000001,0.999999999999
      ,1.000000000001,1.,1.,1.,1.,1.,1.,1.,1.,1.,1.,1.,1.,1.
))) REPRESENTATION_ITEM('') SURFACE() );
#1762 = CARTESIAN_POINT('',(9.473931468071,0.,20.129871896076));
#1763 = CARTESIAN_POINT('',(9.473931468498,-1.139487231685,
    20.129871887936));
#1764 = CARTESIAN_POINT('',(9.474701487172,-2.279041675705,
    20.115179056358));
#1765 = CARTESIAN_POINT('',(9.476238683047,-3.417946357085,
    20.085847611751));
#1766 = CARTESIAN_POINT('',(9.478554667521,-4.55804477055,
    20.041655995434));
#1767 = CARTESIAN_POINT('',(9.481618132508,-5.693470768644,
    19.983201601281));
#1768 = CARTESIAN_POINT('',(9.485484881432,-6.834846193826,
    19.909419636518));
#1769 = CARTESIAN_POINT('',(9.490077253615,-7.965684242296,
    19.821791955181));
#1770 = CARTESIAN_POINT('',(9.495465978359,-9.104052962658,
    19.718968961766));
#1771 = CARTESIAN_POINT('',(9.501603881432,-10.23477997008,
    19.601850794251));
#1772 = CARTESIAN_POINT('',(9.508625966134,-11.38582385836,
    19.467861436231));
#1773 = CARTESIAN_POINT('',(9.508701547653,-11.39822198201,
    19.466419254923));
#1774 = CARTESIAN_POINT('',(9.508777608458,-11.41070878829,
    19.464967928312));
#1775 = CARTESIAN_POINT('',(9.508854087813,-11.42327600198,
    19.463508615276));
#1776 = CARTESIAN_POINT('',(9.50893092634,-11.43591610635,
    19.462042448852));
#1777 = CARTESIAN_POINT('',(9.509008066012,-11.44862234321,
    19.46057053623));
#1778 = CARTESIAN_POINT('',(9.509085450158,-11.4613887129,19.45909395876
    ));
#1779 = CARTESIAN_POINT('',(9.509163023462,-11.47420997426,
    19.457613771948));
#1780 = CARTESIAN_POINT('',(9.509240731961,-11.48708164466,
    19.456131005457));
#1781 = CARTESIAN_POINT('',(9.509318523047,-11.5,19.454646663107));
#1782 = CARTESIAN_POINT('',(9.414513384165,4.036998291213E-09,
    21.263636476811));
#1783 = CARTESIAN_POINT('',(9.414513384163,-1.152673365325,
    21.263636476858));
#1784 = CARTESIAN_POINT('',(9.415292537555,-2.305429328707,
    21.248769344464));
#1785 = CARTESIAN_POINT('',(9.416846017467,-3.457424414112,
    21.219127181946));
#1786 = CARTESIAN_POINT('',(9.419193760727,-4.61099191848,
    21.174329571863));
#1787 = CARTESIAN_POINT('',(9.422282100061,-5.759041173718,
    21.115400546931));
#1788 = CARTESIAN_POINT('',(9.426210005382,-6.914470736279,
    21.040451648561));
#1789 = CARTESIAN_POINT('',(9.430837235461,-8.058264181491,
    20.952158838965));
#1790 = CARTESIAN_POINT('',(9.436314004014,-9.211276320222,
    20.847655869587));
#1791 = CARTESIAN_POINT('',(9.442512308552,-10.35482713266,
    20.729385173478));
#1792 = CARTESIAN_POINT('',(9.449585843187,-11.5131452228,
    20.594414092242));
#1793 = CARTESIAN_POINT('',(9.449661524782,-11.52552312309,
    20.592970001385));
#1794 = CARTESIAN_POINT('',(9.44973730482,-11.53790188172,
    20.591524032107));
#1795 = CARTESIAN_POINT('',(9.44981318612,-11.55028193553,
    20.590076130666));
#1796 = CARTESIAN_POINT('',(9.449889172097,-11.56266381012,
    20.588626231854));
#1797 = CARTESIAN_POINT('',(9.449965266762,-11.57504811859,
    20.587174259142));
#1798 = CARTESIAN_POINT('',(9.450041474712,-11.58743556035,
    20.585720124826));
#1799 = CARTESIAN_POINT('',(9.450117801122,-11.59982691988,
    20.584263730168));
#1800 = CARTESIAN_POINT('',(9.450194251736,-11.6122230655,
    20.582804965551));
#1801 = CARTESIAN_POINT('',(9.450270832862,-11.62462494815,
    20.581343710623));
#1802 = CARTESIAN_POINT('',(8.283070921322,0.,21.357394604463));
#1803 = CARTESIAN_POINT('',(8.283070921262,-1.154448574543,
    21.357394605612));
#1804 = CARTESIAN_POINT('',(8.283870346101,-2.308970573019,
    21.342503588595));
#1805 = CARTESIAN_POINT('',(8.285296750616,-3.462797499911,
    21.312822609408));
#1806 = CARTESIAN_POINT('',(8.28808423583,-4.617967970828,
    21.267932334302));
#1807 = CARTESIAN_POINT('',(8.290218043632,-5.768125735967,
    21.208966761359));
#1808 = CARTESIAN_POINT('',(8.295697825011,-6.925823837518,
    21.133809702772));
#1809 = CARTESIAN_POINT('',(8.298367964503,-8.075713730821,
    21.045314125878));
#1810 = CARTESIAN_POINT('',(8.306018309238,-9.236775109555,20.9397260739
    ));
#1811 = CARTESIAN_POINT('',(8.310413570289,-10.38194507413,
    20.820742605139));
#1812 = CARTESIAN_POINT('',(8.318475323636,-11.50077942285,
    20.690609756658));
#1813 = CARTESIAN_POINT('',(8.318576586027,-11.51207233706,
    20.689293002908));
#1814 = CARTESIAN_POINT('',(8.318694540159,-11.52276673442,
    20.688042770976));
#1815 = CARTESIAN_POINT('',(8.318831130239,-11.53292299587,
    20.686852139608));
#1816 = CARTESIAN_POINT('',(8.31898866497,-11.54259710805,
    20.685714630164));
#1817 = CARTESIAN_POINT('',(8.319169817545,-11.5518406633,
    20.684624206624));
#1818 = CARTESIAN_POINT('',(8.319377625653,-11.56070085971,
    20.683575275588));
#1819 = CARTESIAN_POINT('',(8.319615491475,-11.56922050105,
    20.68256268627));
#1820 = CARTESIAN_POINT('',(8.319887181687,-11.57743799683,
    20.681581730506));
#1821 = CARTESIAN_POINT('',(8.320196827458,-11.58538736226,
    20.680628142748));
#1822 = DEFINITIONAL_REPRESENTATION('',(#1823),#1826);
#1823 = B_SPLINE_CURVE_WITH_KNOTS('',1,(#1824,#1825),.UNSPECIFIED.,.F.,
  .F.,(2,2),(0.,11.666549008074),.PIECEWISE_BEZIER_KNOTS.);
#1824 = CARTESIAN_POINT('',(0.,88.925122479332));
#1825 = CARTESIAN_POINT('',(11.666549008074,88.925122479332));
#1826 = ( GEOMETRIC_REPRESENTATION_CONTEXT(2) 
PARAMETRIC_REPRESENTATION_CONTEXT() REPRESENTATION_CONTEXT('2D SPACE',''
  ) );
#1827 = ORIENTED_EDGE('',*,*,#1828,.T.);
#1828 = EDGE_CURVE('',#1747,#517,#1829,.T.);
#1829 = SURFACE_CURVE('',#1830,(#1849,#1856),.PCURVE_S1.);
#1830 = B_SPLINE_CURVE_WITH_KNOTS('',9,(#1831,#1832,#1833,#1834,#1835,
    #1836,#1837,#1838,#1839,#1840,#1841,#1842,#1843,#1844,#1845,#1846,
    #1847,#1848),.UNSPECIFIED.,.F.,.F.,(10,8,10),(88.925122479332,
    90.503950224088,92.43026088662),.UNSPECIFIED.);
#1831 = CARTESIAN_POINT('',(8.320196827458,-11.58538736226,
    20.680628142748));
#1832 = CARTESIAN_POINT('',(8.324553825604,-11.69724217766,
    20.667210294052));
#1833 = CARTESIAN_POINT('',(8.320270356648,-11.75467022369,
    20.660727281268));
#1834 = CARTESIAN_POINT('',(8.316345394271,-11.85988014963,
    20.648701937921));
#1835 = CARTESIAN_POINT('',(8.289264462201,-11.95299952319,
    20.639698623643));
#1836 = CARTESIAN_POINT('',(8.265604559263,-12.03758474608,
    20.631507475449));
#1837 = CARTESIAN_POINT('',(8.226522661237,-12.12897440469,
    20.623594831022));
#1838 = CARTESIAN_POINT('',(8.182107727873,-12.21109757539,
    20.617176316077));
#1839 = CARTESIAN_POINT('',(8.129225052733,-12.29045021313,
    20.611690620145));
#1840 = CARTESIAN_POINT('',(7.99625907789,-12.4538424025,20.602142520412
    ));
#1841 = CARTESIAN_POINT('',(7.912732508101,-12.53545208332,
    20.598614202007));
#1842 = CARTESIAN_POINT('',(7.819048318725,-12.60752908889,
    20.596941665166));
#1843 = CARTESIAN_POINT('',(7.718635681122,-12.66810727869,
    20.597108234801));
#1844 = CARTESIAN_POINT('',(7.610903641157,-12.71677068693,
    20.59920473265));
#1845 = CARTESIAN_POINT('',(7.497896399021,-12.75272976098,
    20.603175653109));
#1846 = CARTESIAN_POINT('',(7.383748640858,-12.77490985844,
    20.608847996576));
#1847 = CARTESIAN_POINT('',(7.267688249204,-12.7839549992,
    20.616200435673));
#1848 = CARTESIAN_POINT('',(7.153090418573,-12.77984782557,
    20.624990738315));
#1849 = PCURVE('',#531,#1850);
#1850 = DEFINITIONAL_REPRESENTATION('',(#1851),#1855);
#1851 = LINE('',#1852,#1853);
#1852 = CARTESIAN_POINT('',(3.505138407288,0.));
#1853 = VECTOR('',#1854,1.);
#1854 = DIRECTION('',(0.,1.));
#1855 = ( GEOMETRIC_REPRESENTATION_CONTEXT(2) 
PARAMETRIC_REPRESENTATION_CONTEXT() REPRESENTATION_CONTEXT('2D SPACE',''
  ) );
#1856 = PCURVE('',#632,#1857);
#1857 = DEFINITIONAL_REPRESENTATION('',(#1858),#1917);
#1858 = B_SPLINE_CURVE_WITH_KNOTS('',9,(#1859,#1860,#1861,#1862,#1863,
    #1864,#1865,#1866,#1867,#1868,#1869,#1870,#1871,#1872,#1873,#1874,
    #1875,#1876,#1877,#1878,#1879,#1880,#1881,#1882,#1883,#1884,#1885,
    #1886,#1887,#1888,#1889,#1890,#1891,#1892,#1893,#1894,#1895,#1896,
    #1897,#1898,#1899,#1900,#1901,#1902,#1903,#1904,#1905,#1906,#1907,
    #1908,#1909,#1910,#1911,#1912,#1913,#1914,#1915,#1916),
  .UNSPECIFIED.,.F.,.F.,(10,8,8,8,8,8,8,10),(88.925122479332,
    89.363264780243,89.801407081154,90.239549382065,90.45862053252,
    90.568156107748,90.677691682976,92.43026088662),.UNSPECIFIED.);
#1859 = CARTESIAN_POINT('',(5.33520116918,1.428104414628));
#1860 = CARTESIAN_POINT('',(5.334000566763,1.427843356143));
#1861 = CARTESIAN_POINT('',(5.332938328491,1.427620260213));
#1862 = CARTESIAN_POINT('',(5.331934093609,1.427416211583));
#1863 = CARTESIAN_POINT('',(5.33093759521,1.427221199928));
#1864 = CARTESIAN_POINT('',(5.329919882008,1.427030379339));
#1865 = CARTESIAN_POINT('',(5.328866163116,1.426841713726));
#1866 = CARTESIAN_POINT('',(5.327770292704,1.426654628574));
#1867 = CARTESIAN_POINT('',(5.326630911654,1.426469289546));
#1868 = CARTESIAN_POINT('',(5.324267614529,1.426102967212));
#1869 = CARTESIAN_POINT('',(5.323043704895,1.425921986087));
#1870 = CARTESIAN_POINT('',(5.321778727139,1.42574362641));
#1871 = CARTESIAN_POINT('',(5.320476420118,1.425568606702));
#1872 = CARTESIAN_POINT('',(5.319140652015,1.425397539048));
#1873 = CARTESIAN_POINT('',(5.317774427466,1.425230826209));
#1874 = CARTESIAN_POINT('',(5.316379818022,1.425068717677));
#1875 = CARTESIAN_POINT('',(5.314958315659,1.424911402979));
#1876 = CARTESIAN_POINT('',(5.312063902282,1.424606638003));
#1877 = CARTESIAN_POINT('',(5.310590998669,1.42445919084));
#1878 = CARTESIAN_POINT('',(5.309093559959,1.424316813148));
#1879 = CARTESIAN_POINT('',(5.307572468455,1.424179618451));
#1880 = CARTESIAN_POINT('',(5.306028665765,1.424047725992));
#1881 = CARTESIAN_POINT('',(5.304463309684,1.42392126996));
#1882 = CARTESIAN_POINT('',(5.302877749042,1.42380039158));
#1883 = CARTESIAN_POINT('',(5.301273316632,1.423685214083));
#1884 = CARTESIAN_POINT('',(5.298839751849,1.423521093783));
#1885 = CARTESIAN_POINT('',(5.298024071814,1.423467827946));
#1886 = CARTESIAN_POINT('',(5.297204047298,1.423416014336));
#1887 = CARTESIAN_POINT('',(5.296379778303,1.423365659442));
#1888 = CARTESIAN_POINT('',(5.295551342606,1.423316767506));
#1889 = CARTESIAN_POINT('',(5.29471882087,1.423269343098));
#1890 = CARTESIAN_POINT('',(5.293882321701,1.423223393677));
#1891 = CARTESIAN_POINT('',(5.293042006754,1.423178932165));
#1892 = CARTESIAN_POINT('',(5.291776170332,1.423114503184));
#1893 = CARTESIAN_POINT('',(5.291353340805,1.423093406714));
#1894 = CARTESIAN_POINT('',(5.29092963436,1.423072679138));
#1895 = CARTESIAN_POINT('',(5.290505048419,1.423052349345));
#1896 = CARTESIAN_POINT('',(5.290080085107,1.423032433801));
#1897 = CARTESIAN_POINT('',(5.289653778514,1.423012831679));
#1898 = CARTESIAN_POINT('',(5.289227035864,1.422993662473));
#1899 = CARTESIAN_POINT('',(5.288799393801,1.422974857937));
#1900 = CARTESIAN_POINT('',(5.287942628558,1.422938025263));
#1901 = CARTESIAN_POINT('',(5.287513485383,1.42291999398));
#1902 = CARTESIAN_POINT('',(5.287083596455,1.422902348923));
#1903 = CARTESIAN_POINT('',(5.286652977372,1.4228850912));
#1904 = CARTESIAN_POINT('',(5.286221644562,1.422868221862));
#1905 = CARTESIAN_POINT('',(5.285789615236,1.422851741892));
#1906 = CARTESIAN_POINT('',(5.28535690744,1.422835652221));
#1907 = CARTESIAN_POINT('',(5.284923540012,1.422819953709));
#1908 = CARTESIAN_POINT('',(5.277545414112,1.4225597424));
#1909 = CARTESIAN_POINT('',(5.270437445173,1.422415184711));
#1910 = CARTESIAN_POINT('',(5.263244003319,1.422374331822));
#1911 = CARTESIAN_POINT('',(5.256074676103,1.422437572597));
#1912 = CARTESIAN_POINT('',(5.248935495527,1.422606972757));
#1913 = CARTESIAN_POINT('',(5.241934255807,1.422878938284));
#1914 = CARTESIAN_POINT('',(5.235220836928,1.423246681969));
#1915 = CARTESIAN_POINT('',(5.228748907019,1.423709209034));
#1916 = CARTESIAN_POINT('',(5.222661381015,1.424255278536));
#1917 = ( GEOMETRIC_REPRESENTATION_CONTEXT(2) 
PARAMETRIC_REPRESENTATION_CONTEXT() REPRESENTATION_CONTEXT('2D SPACE',''
  ) );
#1918 = ORIENTED_EDGE('',*,*,#516,.F.);
#1919 = ORIENTED_EDGE('',*,*,#1275,.F.);
#1920 = ADVANCED_FACE('',(#1921),#632,.T.);
#1921 = FACE_BOUND('',#1922,.T.);
#1922 = EDGE_LOOP('',(#1923,#1949,#1950,#2113,#2471,#2682,#2683,#2684,
    #2685));
#1923 = ORIENTED_EDGE('',*,*,#1924,.T.);
#1924 = EDGE_CURVE('',#1925,#1927,#1929,.T.);
#1925 = VERTEX_POINT('',#1926);
#1926 = CARTESIAN_POINT('',(8.283070921322,0.,21.357394604463));
#1927 = VERTEX_POINT('',#1928);
#1928 = CARTESIAN_POINT('',(0.,0.,21.7));
#1929 = SEAM_CURVE('',#1930,(#1935,#1942),.PCURVE_S1.);
#1930 = CIRCLE('',#1931,100.3);
#1931 = AXIS2_PLACEMENT_3D('',#1932,#1933,#1934);
#1932 = CARTESIAN_POINT('',(0.,0.,-78.6));
#1933 = DIRECTION('',(-2.449293598295E-16,-1.,0.));
#1934 = DIRECTION('',(1.,-2.449293598295E-16,0.));
#1935 = PCURVE('',#632,#1936);
#1936 = DEFINITIONAL_REPRESENTATION('',(#1937),#1941);
#1937 = LINE('',#1938,#1939);
#1938 = CARTESIAN_POINT('',(6.28318530718,-4.138911435803E-13));
#1939 = VECTOR('',#1940,1.);
#1940 = DIRECTION('',(0.,1.));
#1941 = ( GEOMETRIC_REPRESENTATION_CONTEXT(2) 
PARAMETRIC_REPRESENTATION_CONTEXT() REPRESENTATION_CONTEXT('2D SPACE',''
  ) );
#1942 = PCURVE('',#632,#1943);
#1943 = DEFINITIONAL_REPRESENTATION('',(#1944),#1948);
#1944 = LINE('',#1945,#1946);
#1945 = CARTESIAN_POINT('',(4.138911435803E-13,-4.138911435803E-13));
#1946 = VECTOR('',#1947,1.);
#1947 = DIRECTION('',(0.,1.));
#1948 = ( GEOMETRIC_REPRESENTATION_CONTEXT(2) 
PARAMETRIC_REPRESENTATION_CONTEXT() REPRESENTATION_CONTEXT('2D SPACE',''
  ) );
#1949 = ORIENTED_EDGE('',*,*,#1924,.F.);
#1950 = ORIENTED_EDGE('',*,*,#1951,.F.);
#1951 = EDGE_CURVE('',#1952,#1925,#1954,.T.);
#1952 = VERTEX_POINT('',#1953);
#1953 = CARTESIAN_POINT('',(8.305637862073,9.070988856788,
    20.943073796544));
#1954 = SURFACE_CURVE('',#1955,(#1976,#2045),.PCURVE_S1.);
#1955 = B_SPLINE_CURVE_WITH_KNOTS('',10,(#1956,#1957,#1958,#1959,#1960,
    #1961,#1962,#1963,#1964,#1965,#1966,#1967,#1968,#1969,#1970,#1971,
    #1972,#1973,#1974,#1975),.UNSPECIFIED.,.F.,.F.,(11,9,11),(
    68.135802882968,68.233728642463,77.258573471257),.UNSPECIFIED.);
#1956 = CARTESIAN_POINT('',(8.305637862073,9.070988856788,
    20.943073796544));
#1957 = CARTESIAN_POINT('',(8.305568579053,9.06182677037,20.9439144841)
  );
#1958 = CARTESIAN_POINT('',(8.305500040541,9.052657671734,
    20.944754803843));
#1959 = CARTESIAN_POINT('',(8.305432232469,9.043481468036,20.94559476282
    ));
#1960 = CARTESIAN_POINT('',(8.305365140766,9.034298066434,
    20.946434368075));
#1961 = CARTESIAN_POINT('',(8.305298751364,9.02510737408,20.947273626655
    ));
#1962 = CARTESIAN_POINT('',(8.305233050195,9.015909298135,
    20.948112545606));
#1963 = CARTESIAN_POINT('',(8.30516802319,9.006703745751,20.948951131974
    ));
#1964 = CARTESIAN_POINT('',(8.305103656279,8.997490624087,
    20.949789392805));
#1965 = CARTESIAN_POINT('',(8.305039935394,8.988269840298,
    20.950627335146));
#1966 = CARTESIAN_POINT('',(8.299162566439,8.128538525548,
    21.028661087829));
#1967 = CARTESIAN_POINT('',(8.298049351616,7.232132052624,
    21.101471358291));
#1968 = CARTESIAN_POINT('',(8.291493662315,6.317991813938,
    21.166683984093));
#1969 = CARTESIAN_POINT('',(8.291597137921,5.418320259535,21.2204875599)
  );
#1970 = CARTESIAN_POINT('',(8.286881234239,4.510068158514,
    21.266785554799));
#1971 = CARTESIAN_POINT('',(8.286423795102,3.611597519513,
    21.302619833285));
#1972 = CARTESIAN_POINT('',(8.284334256458,2.707501462235,
    21.330171107186));
#1973 = CARTESIAN_POINT('',(8.283576534048,1.80544996417,21.348285358135
    ));
#1974 = CARTESIAN_POINT('',(8.283070921369,0.902688666721,
    21.357394603565));
#1975 = CARTESIAN_POINT('',(8.283070921322,0.,21.357394604463));
#1976 = PCURVE('',#632,#1977);
#1977 = DEFINITIONAL_REPRESENTATION('',(#1978),#2044);
#1978 = B_SPLINE_CURVE_WITH_KNOTS('',10,(#1979,#1980,#1981,#1982,#1983,
    #1984,#1985,#1986,#1987,#1988,#1989,#1990,#1991,#1992,#1993,#1994,
    #1995,#1996,#1997,#1998,#1999,#2000,#2001,#2002,#2003,#2004,#2005,
    #2006,#2007,#2008,#2009,#2010,#2011,#2012,#2013,#2014,#2015,#2016,
    #2017,#2018,#2019,#2020,#2021,#2022,#2023,#2024,#2025,#2026,#2027,
    #2028,#2029,#2030,#2031,#2032,#2033,#2034,#2035,#2036,#2037,#2038,
    #2039,#2040,#2041,#2042,#2043),.UNSPECIFIED.,.F.,.F.,(11,9,9,9,9,9,9
    ,11),(68.135802882968,68.27834617341,68.420889463852,68.705976044736
    ,69.276149206504,70.41649553004,72.697188177113,77.258573471257),
  .UNSPECIFIED.);
#1979 = CARTESIAN_POINT('',(0.829414569363,1.447864368102));
#1980 = CARTESIAN_POINT('',(0.828688341437,1.447963865822));
#1981 = CARTESIAN_POINT('',(0.827959896057,1.448063390151));
#1982 = CARTESIAN_POINT('',(0.827229217877,1.448162942257));
#1983 = CARTESIAN_POINT('',(0.826496558663,1.448262489965));
#1984 = CARTESIAN_POINT('',(0.825760322,1.448362230847));
#1985 = CARTESIAN_POINT('',(0.825024959959,1.448461611498));
#1986 = CARTESIAN_POINT('',(0.824282707974,1.448561594433));
#1987 = CARTESIAN_POINT('',(0.823541761413,1.44866116248));
#1988 = CARTESIAN_POINT('',(0.822797637305,1.448760870652));
#1989 = CARTESIAN_POINT('',(0.821305649154,1.448960241342));
#1990 = CARTESIAN_POINT('',(0.82055761912,1.449059924482));
#1991 = CARTESIAN_POINT('',(0.8198075546,1.449159604358));
#1992 = CARTESIAN_POINT('',(0.81905545707,1.449259279907));
#1993 = CARTESIAN_POINT('',(0.818301328004,1.44935895007));
#1994 = CARTESIAN_POINT('',(0.817545168875,1.449458613783));
#1995 = CARTESIAN_POINT('',(0.816786981158,1.44955826999));
#1996 = CARTESIAN_POINT('',(0.816026766327,1.449657917626));
#1997 = CARTESIAN_POINT('',(0.815264525855,1.449757555632));
#1998 = CARTESIAN_POINT('',(0.812971731944,1.450056437576));
#1999 = CARTESIAN_POINT('',(0.811435108059,1.45025564944));
#2000 = CARTESIAN_POINT('',(0.809890398925,1.450454809767));
#2001 = CARTESIAN_POINT('',(0.808337613902,1.45065390978));
#2002 = CARTESIAN_POINT('',(0.806776762354,1.450852940711));
#2003 = CARTESIAN_POINT('',(0.805207853638,1.451051893779));
#2004 = CARTESIAN_POINT('',(0.803630897121,1.451250760216));
#2005 = CARTESIAN_POINT('',(0.80204590216,1.451449531245));
#2006 = CARTESIAN_POINT('',(0.800452878119,1.451648198093));
#2007 = CARTESIAN_POINT('',(0.795649746834,1.452243859775));
#2008 = CARTESIAN_POINT('',(0.792415570754,1.452640516143));
#2009 = CARTESIAN_POINT('',(0.789149366137,1.453036649849));
#2010 = CARTESIAN_POINT('',(0.785851184787,1.453432190642));
#2011 = CARTESIAN_POINT('',(0.782521070299,1.45382706926));
#2012 = CARTESIAN_POINT('',(0.779159058051,1.454221217424));
#2013 = CARTESIAN_POINT('',(0.775765175213,1.45461456785));
#2014 = CARTESIAN_POINT('',(0.772339440738,1.455007054239));
#2015 = CARTESIAN_POINT('',(0.768881865368,1.455398611282));
#2016 = CARTESIAN_POINT('',(0.758413624159,1.456570301408));
#2017 = CARTESIAN_POINT('',(0.751307442928,1.457347456539));
#2018 = CARTESIAN_POINT('',(0.744073937667,1.458120127995));
#2019 = CARTESIAN_POINT('',(0.736713009029,1.458887830268));
#2020 = CARTESIAN_POINT('',(0.729224441456,1.459650103394));
#2021 = CARTESIAN_POINT('',(0.721607916052,1.460406511957));
#2022 = CARTESIAN_POINT('',(0.713863023438,1.461156644077));
#2023 = CARTESIAN_POINT('',(0.705989276629,1.461900110418));
#2024 = CARTESIAN_POINT('',(0.697986123893,1.462636543178));
#2025 = CARTESIAN_POINT('',(0.673586637072,1.464823698917));
#2026 = CARTESIAN_POINT('',(0.656800234957,1.466252256289));
#2027 = CARTESIAN_POINT('',(0.639489072577,1.467648518057));
#2028 = CARTESIAN_POINT('',(0.62164755535,1.469009975918));
#2029 = CARTESIAN_POINT('',(0.603269835298,1.470334313692));
#2030 = CARTESIAN_POINT('',(0.58435046954,1.471619358616));
#2031 = CARTESIAN_POINT('',(0.564885078775,1.47286303263));
#2032 = CARTESIAN_POINT('',(0.544871005779,1.474063303659));
#2033 = CARTESIAN_POINT('',(0.524307973889,1.475218136904));
#2034 = CARTESIAN_POINT('',(0.460980288701,1.478540064573));
#2035 = CARTESIAN_POINT('',(0.416577116705,1.480564670266));
#2036 = CARTESIAN_POINT('',(0.370012420378,1.482382981106));
#2037 = CARTESIAN_POINT('',(0.321356909339,1.483978887425));
#2038 = CARTESIAN_POINT('',(0.27075885401,1.485336377889));
#2039 = CARTESIAN_POINT('',(0.218449132092,1.48644049833));
#2040 = CARTESIAN_POINT('',(0.164770876728,1.487277809348));
#2041 = CARTESIAN_POINT('',(0.110164543415,1.487838421987));
#2042 = CARTESIAN_POINT('',(5.50812413042E-02,1.488119208607));
#2043 = CARTESIAN_POINT('',(1.195866428105E-08,1.488119208662));
#2044 = ( GEOMETRIC_REPRESENTATION_CONTEXT(2) 
PARAMETRIC_REPRESENTATION_CONTEXT() REPRESENTATION_CONTEXT('2D SPACE',''
  ) );
#2045 = PCURVE('',#2046,#2107);
#2046 = ( BOUNDED_SURFACE() B_SPLINE_SURFACE(2,10,(
    (#2047,#2048,#2049,#2050,#2051,#2052,#2053,#2054,#2055,#2056,#2057
      ,#2058,#2059,#2060,#2061,#2062,#2063,#2064,#2065,#2066)
    ,(#2067,#2068,#2069,#2070,#2071,#2072,#2073,#2074,#2075,#2076,#2077
      ,#2078,#2079,#2080,#2081,#2082,#2083,#2084,#2085,#2086)
    ,(#2087,#2088,#2089,#2090,#2091,#2092,#2093,#2094,#2095,#2096,#2097
      ,#2098,#2099,#2100,#2101,#2102,#2103,#2104,#2105,#2106
)),.UNSPECIFIED.,.F.,.F.,.F.) B_SPLINE_SURFACE_WITH_KNOTS((3,3),(11,9,11
    ),(0.,9.12277058829),(68.135802882968,68.233728642463,
77.258573471257),.UNSPECIFIED.) GEOMETRIC_REPRESENTATION_ITEM() 
RATIONAL_B_SPLINE_SURFACE((
    (1.,1.,1.,1.,1.,1.,1.,1.,1.,1.,1.,1.,1.,1.,1.,1.,1.,1.,1.,1.)
    ,(0.753233919363,0.7532329784,0.753232064556,0.753231177314
      ,0.753230316163,0.753229480587,0.753228670075,0.75322788411
      ,0.753227122181,0.753226383772,0.753159736949,0.753260907046
      ,0.753142673695,0.753253739447,0.753166061726,0.753220812003
      ,0.753195805153,0.753203254249,0.753202154138,0.753202154138)
    ,(1.,1.,1.,1.,1.,1.,1.,1.,1.,1.,1.,1.,1.,1.,1.,1.,1.,1.,1.,1.
))) REPRESENTATION_ITEM('') SURFACE() );
#2047 = CARTESIAN_POINT('',(9.495577392917,9.,19.716843045362));
#2048 = CARTESIAN_POINT('',(9.495530664413,8.990268478168,
    19.717734678329));
#2049 = CARTESIAN_POINT('',(9.495483994626,8.98053851164,19.718625190922
    ));
#2050 = CARTESIAN_POINT('',(9.495437383655,8.970810105864,
    19.719514581229));
#2051 = CARTESIAN_POINT('',(9.4953908316,8.961083266287,19.720402847343)
  );
#2052 = CARTESIAN_POINT('',(9.495344338562,8.951357998358,
    19.721289987354));
#2053 = CARTESIAN_POINT('',(9.495297904641,8.941634307522,
    19.722175999353));
#2054 = CARTESIAN_POINT('',(9.495251529936,8.93191219923,19.723060881432
    ));
#2055 = CARTESIAN_POINT('',(9.495205214548,8.922191678928,
    19.723944631681));
#2056 = CARTESIAN_POINT('',(9.495158958577,8.912472752064,
    19.724827248191));
#2057 = CARTESIAN_POINT('',(9.490855293653,8.00720579941,19.806946066868
    ));
#2058 = CARTESIAN_POINT('',(9.487094514822,7.122222994253,
    19.878706001791));
#2059 = CARTESIAN_POINT('',(9.483806255073,6.229578750162,
    19.941449735536));
#2060 = CARTESIAN_POINT('',(9.480995138519,5.346502451926,
    19.995089034735));
#2061 = CARTESIAN_POINT('',(9.478631552231,4.451839285755,
    20.040188947774));
#2062 = CARTESIAN_POINT('',(9.476758087598,3.564650821388,
    20.075936782521));
#2063 = CARTESIAN_POINT('',(9.475342031461,2.672461213793,
    20.102956743229));
#2064 = CARTESIAN_POINT('',(9.474402269337,1.782039911157,20.12088847277
    ));
#2065 = CARTESIAN_POINT('',(9.473931467738,0.89098863985,20.12987190244)
  );
#2066 = CARTESIAN_POINT('',(9.473931468071,0.,20.129871896076));
#2067 = CARTESIAN_POINT('',(9.436387258931,9.098079482466,20.84625808251
    ));
#2068 = CARTESIAN_POINT('',(9.436340256359,9.088325515753,
    20.847154945013));
#2069 = CARTESIAN_POINT('',(9.4362933125,9.078572004622,20.8480506872));
#2070 = CARTESIAN_POINT('',(9.43624642731,9.068818942015,20.84894530993)
  );
#2071 = CARTESIAN_POINT('',(9.436199600742,9.05906632084,20.849838814069
    ));
#2072 = CARTESIAN_POINT('',(9.436152832752,9.04931413399,20.850731200481
    ));
#2073 = CARTESIAN_POINT('',(9.436106123293,9.039562374319,
    20.851622470037));
#2074 = CARTESIAN_POINT('',(9.436059472322,9.029811034664,
    20.852512623608));
#2075 = CARTESIAN_POINT('',(9.43601287979,9.020060107829,20.853401662068
    ));
#2076 = CARTESIAN_POINT('',(9.435966345653,9.010309586595,
    20.854289586294));
#2077 = CARTESIAN_POINT('',(9.431636278936,8.101907944302,
    20.936912181199));
#2078 = CARTESIAN_POINT('',(9.427849311955,7.206942291892,
    21.009171815778));
#2079 = CARTESIAN_POINT('',(9.424489685883,6.302179873815,21.07327730011
    ));
#2080 = CARTESIAN_POINT('',(9.421671630474,5.408994404268,
    21.127049000518));
#2081 = CARTESIAN_POINT('',(9.41925862825,4.502980655429,21.173091825835
    ));
#2082 = CARTESIAN_POINT('',(9.417377583637,3.606132578869,
    21.208984295177));
#2083 = CARTESIAN_POINT('',(9.415938592969,2.703302893115,
    21.236441872813));
#2084 = CARTESIAN_POINT('',(9.414989927786,1.802680345642,
    21.254543482847));
#2085 = CARTESIAN_POINT('',(9.414513384167,0.901300422648,
    21.263636476774));
#2086 = CARTESIAN_POINT('',(9.414513384165,4.036998291213E-09,
    21.263636476811));
#2087 = CARTESIAN_POINT('',(8.305637862073,9.070988856788,
    20.943073796544));
#2088 = CARTESIAN_POINT('',(8.305568579053,9.06182677037,20.9439144841)
  );
#2089 = CARTESIAN_POINT('',(8.305500040541,9.052657671734,
    20.944754803843));
#2090 = CARTESIAN_POINT('',(8.305432232469,9.043481468036,20.94559476282
    ));
#2091 = CARTESIAN_POINT('',(8.305365140766,9.034298066434,
    20.946434368075));
#2092 = CARTESIAN_POINT('',(8.305298751364,9.02510737408,20.947273626655
    ));
#2093 = CARTESIAN_POINT('',(8.305233050195,9.015909298135,
    20.948112545606));
#2094 = CARTESIAN_POINT('',(8.30516802319,9.006703745751,20.948951131974
    ));
#2095 = CARTESIAN_POINT('',(8.305103656279,8.997490624087,
    20.949789392805));
#2096 = CARTESIAN_POINT('',(8.305039935394,8.988269840298,
    20.950627335146));
#2097 = CARTESIAN_POINT('',(8.299162566439,8.128538525548,
    21.028661087829));
#2098 = CARTESIAN_POINT('',(8.298049351616,7.232132052624,
    21.101471358291));
#2099 = CARTESIAN_POINT('',(8.291493662315,6.317991813938,
    21.166683984093));
#2100 = CARTESIAN_POINT('',(8.291597137921,5.418320259535,21.2204875599)
  );
#2101 = CARTESIAN_POINT('',(8.286881234239,4.510068158514,
    21.266785554799));
#2102 = CARTESIAN_POINT('',(8.286423795102,3.611597519513,
    21.302619833285));
#2103 = CARTESIAN_POINT('',(8.284334256458,2.707501462235,
    21.330171107186));
#2104 = CARTESIAN_POINT('',(8.283576534048,1.80544996417,21.348285358135
    ));
#2105 = CARTESIAN_POINT('',(8.283070921369,0.902688666721,
    21.357394603565));
#2106 = CARTESIAN_POINT('',(8.283070921322,0.,21.357394604463));
#2107 = DEFINITIONAL_REPRESENTATION('',(#2108),#2112);
#2108 = LINE('',#2109,#2110);
#2109 = CARTESIAN_POINT('',(9.12277058829,0.));
#2110 = VECTOR('',#2111,1.);
#2111 = DIRECTION('',(0.,1.));
#2112 = ( GEOMETRIC_REPRESENTATION_CONTEXT(2) 
PARAMETRIC_REPRESENTATION_CONTEXT() REPRESENTATION_CONTEXT('2D SPACE',''
  ) );
#2113 = ORIENTED_EDGE('',*,*,#2114,.F.);
#2114 = EDGE_CURVE('',#2115,#1952,#2117,.T.);
#2115 = VERTEX_POINT('',#2116);
#2116 = CARTESIAN_POINT('',(-8.305018401184,9.103752467318,
    20.940134420091));
#2117 = SURFACE_CURVE('',#2118,(#2181,#2277),.PCURVE_S1.);
#2118 = ( BOUNDED_CURVE() B_SPLINE_CURVE(13,(#2119,#2120,#2121,#2122,
    #2123,#2124,#2125,#2126,#2127,#2128,#2129,#2130,#2131,#2132,#2133,
    #2134,#2135,#2136,#2137,#2138,#2139,#2140,#2141,#2142,#2143,#2144,
    #2145,#2146,#2147,#2148,#2149,#2150,#2151,#2152,#2153,#2154,#2155,
    #2156,#2157,#2158,#2159,#2160,#2161,#2162,#2163,#2164,#2165,#2166,
    #2167,#2168,#2169,#2170,#2171,#2172,#2173,#2174,#2175,#2176,#2177,
#2178,#2179,#2180),.UNSPECIFIED.,.F.,.F.) B_SPLINE_CURVE_WITH_KNOTS((14,
    12,12,12,12,14),(38.56636306572,39.363015268433,42.305562254421,
46.044761443121,53.33433679582,68.135802882968),.UNSPECIFIED.) CURVE() 
GEOMETRIC_REPRESENTATION_ITEM() RATIONAL_B_SPLINE_CURVE((1.,1.,
    1.000000000001,0.999999999998,1.000000000003,0.999999999996,
    1.000000000005,0.999999999996,1.000000000003,0.999999999999,1.,1.,1.
    ,1.,0.999999999998,1.000000000005,0.999999999989,1.000000000016,
    0.99999999998,1.000000000019,0.999999999985,1.000000000009,
    0.999999999996,1.000000000001,1.,1.,1.,0.999999999999,1.000000000002
    ,0.999999999998,1.000000000002,0.999999999998,1.000000000001,
    0.999999999999,1.,1.,1.,1.,1.000000000001,0.999999999999,
    1.000000000003,0.999999999997,1.000000000004,0.999999999997,
    1.000000000002,0.999999999999,1.,1.,1.,1.,0.999999999999,
    1.000000000002,0.999999999995,1.000000000007,0.999999999991,
    1.000000000008,0.999999999994,1.000000000004,0.999999999998,
1.000000000001,1.,1.)) REPRESENTATION_ITEM('') );
#2119 = CARTESIAN_POINT('',(-8.305018401184,9.103752467318,
    20.940134420091));
#2120 = CARTESIAN_POINT('',(-8.305353897055,9.159548183349,
    20.935003457692));
#2121 = CARTESIAN_POINT('',(-8.305307235655,9.213369140044,
    20.930051388584));
#2122 = CARTESIAN_POINT('',(-8.304895608798,9.266487925707,
    20.925162863223));
#2123 = CARTESIAN_POINT('',(-8.304121637641,9.319565782382,
    20.920277888629));
#2124 = CARTESIAN_POINT('',(-8.302980237479,9.372857612713,
    20.91537328583));
#2125 = CARTESIAN_POINT('',(-8.301463912225,9.426379771677,
    20.910447509721));
#2126 = CARTESIAN_POINT('',(-8.299566480813,9.480040643351,
    20.905508831203));
#2127 = CARTESIAN_POINT('',(-8.297285232165,9.533734002431,
    20.900566881826));
#2128 = CARTESIAN_POINT('',(-8.294621512991,9.587395160933,
    20.895627560638));
#2129 = CARTESIAN_POINT('',(-8.291579743807,9.641019899516,
    20.890691303564));
#2130 = CARTESIAN_POINT('',(-8.288164867414,9.694646184043,
    20.885754715022));
#2131 = CARTESIAN_POINT('',(-8.284378226533,9.748298666815,20.880815562)
  );
#2132 = CARTESIAN_POINT('',(-8.264822858961,9.999865163156,
    20.857655113311));
#2133 = CARTESIAN_POINT('',(-8.24430050311,10.197513747238,
    20.839454975893));
#2134 = CARTESIAN_POINT('',(-8.218649450061,10.394695494855,
    20.821294199581));
#2135 = CARTESIAN_POINT('',(-8.187878876529,10.591264721769,
    20.803186227478));
#2136 = CARTESIAN_POINT('',(-8.152002490817,10.787076289971,
    20.785144464372));
#2137 = CARTESIAN_POINT('',(-8.111038533352,10.9819856074,
    20.767182276774));
#2138 = CARTESIAN_POINT('',(-8.065009775825,11.175848628304,
    20.749312992873));
#2139 = CARTESIAN_POINT('',(-8.013943522337,11.368521852865,
    20.731549902581));
#2140 = CARTESIAN_POINT('',(-7.95787160812,11.559862327514,
    20.713906257496));
#2141 = CARTESIAN_POINT('',(-7.896830400736,11.749727644721,
    20.696395270928));
#2142 = CARTESIAN_POINT('',(-7.830860799135,11.937975943099,
    20.679030117882));
#2143 = CARTESIAN_POINT('',(-7.760008234269,12.124465907375,
    20.66182393507));
#2144 = CARTESIAN_POINT('',(-7.588146326823,12.543622945582,
    20.623143965735));
#2145 = CARTESIAN_POINT('',(-7.48416393873,12.775131344248,
    20.601775123852));
#2146 = CARTESIAN_POINT('',(-7.372477422985,13.003294556047,
    20.580710053086));
#2147 = CARTESIAN_POINT('',(-7.253199597033,13.227830521517,
    20.559975034684));
#2148 = CARTESIAN_POINT('',(-7.126454177262,13.448462530049,
    20.539595873299));
#2149 = CARTESIAN_POINT('',(-6.992375779007,13.664919219903,
    20.51959789701));
#2150 = CARTESIAN_POINT('',(-6.851109916544,13.876934578208,
    20.500005957284));
#2151 = CARTESIAN_POINT('',(-6.702813003109,14.084247940941,
    20.48084442903));
#2152 = CARTESIAN_POINT('',(-6.547652350859,14.286603992962,
    20.462137210538));
#2153 = CARTESIAN_POINT('',(-6.385806170927,14.483752767979,
    20.443907723536));
#2154 = CARTESIAN_POINT('',(-6.217463573363,14.675449648573,
    20.426178913145));
#2155 = CARTESIAN_POINT('',(-6.042824567183,14.861455366184,
    20.408973247907));
#2156 = CARTESIAN_POINT('',(-5.509777318427,15.392603513615,
    20.359832991065));
#2157 = CARTESIAN_POINT('',(-5.134317223314,15.721181143172,
    20.329422368309));
#2158 = CARTESIAN_POINT('',(-4.737262041563,16.025556510032,
    20.301241674997));
#2159 = CARTESIAN_POINT('',(-4.320328308359,16.304131281665,
    20.2754412995));
#2160 = CARTESIAN_POINT('',(-3.885379892432,16.555440873609,
    20.252159264343));
#2161 = CARTESIAN_POINT('',(-3.434404063413,16.778171362194,
    20.23151956419));
#2162 = CARTESIAN_POINT('',(-2.969490562073,16.97117360965,
    20.21363077246));
#2163 = CARTESIAN_POINT('',(-2.492813672846,17.13347460078,
    20.198584916676));
#2164 = CARTESIAN_POINT('',(-2.006617299322,17.264285992279,
    20.186456622425));
#2165 = CARTESIAN_POINT('',(-1.513203042024,17.363009873521,
    20.177302526066));
#2166 = CARTESIAN_POINT('',(-1.014921279066,17.42924173989,
    20.171160956046));
#2167 = CARTESIAN_POINT('',(-0.514165249249,17.462770677829,
    20.168051882945));
#2168 = CARTESIAN_POINT('',(1.003499251802,17.465213514466,
    20.167825369074));
#2169 = CARTESIAN_POINT('',(2.020694646481,17.332209480557,
    20.180166428118));
#2170 = CARTESIAN_POINT('',(3.017603362108,17.061938615068,
    20.205162479541));
#2171 = CARTESIAN_POINT('',(3.976797498997,16.67145368942,20.24164428388
    ));
#2172 = CARTESIAN_POINT('',(4.870935989019,16.11984419046,
    20.291990314464));
#2173 = CARTESIAN_POINT('',(5.692277020137,15.540470128009,
    20.347207503834));
#2174 = CARTESIAN_POINT('',(6.439518344987,14.704582121552,
    20.422227719048));
#2175 = CARTESIAN_POINT('',(7.019110276897,13.982785197379,
    20.491731234492));
#2176 = CARTESIAN_POINT('',(7.579841038509,13.010463659933,
    20.579016666654));
#2177 = CARTESIAN_POINT('',(7.924937422215,12.075177503978,
    20.667202346337));
#2178 = CARTESIAN_POINT('',(8.182900649974,11.105992775263,
    20.755442468599));
#2179 = CARTESIAN_POINT('',(8.313693338684,10.136256700045,
    20.845327783324));
#2180 = CARTESIAN_POINT('',(8.305637862073,9.070988856788,
    20.943073796544));
#2181 = PCURVE('',#632,#2182);
#2182 = DEFINITIONAL_REPRESENTATION('',(#2183),#2276);
#2183 = B_SPLINE_CURVE_WITH_KNOTS('',11,(#2184,#2185,#2186,#2187,#2188,
    #2189,#2190,#2191,#2192,#2193,#2194,#2195,#2196,#2197,#2198,#2199,
    #2200,#2201,#2202,#2203,#2204,#2205,#2206,#2207,#2208,#2209,#2210,
    #2211,#2212,#2213,#2214,#2215,#2216,#2217,#2218,#2219,#2220,#2221,
    #2222,#2223,#2224,#2225,#2226,#2227,#2228,#2229,#2230,#2231,#2232,
    #2233,#2234,#2235,#2236,#2237,#2238,#2239,#2240,#2241,#2242,#2243,
    #2244,#2245,#2246,#2247,#2248,#2249,#2250,#2251,#2252,#2253,#2254,
    #2255,#2256,#2257,#2258,#2259,#2260,#2261,#2262,#2263,#2264,#2265,
    #2266,#2267,#2268,#2269,#2270,#2271,#2272,#2273,#2274,#2275),
  .UNSPECIFIED.,.F.,.F.,(12,10,10,10,10,10,10,10,10,12),(38.56636306572,
    39.028385562865,39.259396811437,39.490408060009,40.414453054298,
    42.262543042876,45.958723020032,53.351082974344,60.743442928656,
    68.135802882968),.UNSPECIFIED.);
#2184 = CARTESIAN_POINT('',(2.310345514802,1.447625606505));
#2185 = CARTESIAN_POINT('',(2.308267756677,1.44734021955));
#2186 = CARTESIAN_POINT('',(2.306240944804,1.447062468619));
#2187 = CARTESIAN_POINT('',(2.304241314517,1.446789146989));
#2188 = CARTESIAN_POINT('',(2.30225336256,1.446518167996));
#2189 = CARTESIAN_POINT('',(2.30026778104,1.4462482838));
#2190 = CARTESIAN_POINT('',(2.298279681431,1.445978843747));
#2191 = CARTESIAN_POINT('',(2.296287108719,1.445709592401));
#2192 = CARTESIAN_POINT('',(2.294289845583,1.445440507156));
#2193 = CARTESIAN_POINT('',(2.292288506704,1.445171675519));
#2194 = CARTESIAN_POINT('',(2.29028392314,1.444903211991));
#2195 = CARTESIAN_POINT('',(2.287273263627,1.444501215901));
#2196 = CARTESIAN_POINT('',(2.286269085483,1.444367334649));
#2197 = CARTESIAN_POINT('',(2.285264371886,1.444233582824));
#2198 = CARTESIAN_POINT('',(2.284259197033,1.444099970325));
#2199 = CARTESIAN_POINT('',(2.283253619814,1.443966504967));
#2200 = CARTESIAN_POINT('',(2.282247683786,1.443833192488));
#2201 = CARTESIAN_POINT('',(2.281241417206,1.443700036536));
#2202 = CARTESIAN_POINT('',(2.280234832993,1.443567038686));
#2203 = CARTESIAN_POINT('',(2.279227928767,1.443434198422));
#2204 = CARTESIAN_POINT('',(2.278220686816,1.443301513153));
#2205 = CARTESIAN_POINT('',(2.276205461421,1.443036443248));
#2206 = CARTESIAN_POINT('',(2.275197563511,1.442904070611));
#2207 = CARTESIAN_POINT('',(2.274189127096,1.442771824929));
#2208 = CARTESIAN_POINT('',(2.273180451017,1.442639748006));
#2209 = CARTESIAN_POINT('',(2.272171745582,1.442507869292));
#2210 = CARTESIAN_POINT('',(2.271162958909,1.442376181619));
#2211 = CARTESIAN_POINT('',(2.270153890509,1.442244657073));
#2212 = CARTESIAN_POINT('',(2.269144412361,1.442113277872));
#2213 = CARTESIAN_POINT('',(2.268134617694,1.441982057155));
#2214 = CARTESIAN_POINT('',(2.267124717736,1.441851024543));
#2215 = CARTESIAN_POINT('',(2.262073662304,1.441196658654));
#2216 = CARTESIAN_POINT('',(2.258028698731,1.440675837061));
#2217 = CARTESIAN_POINT('',(2.253979689508,1.440157703324));
#2218 = CARTESIAN_POINT('',(2.249926705805,1.439642273951));
#2219 = CARTESIAN_POINT('',(2.245869816381,1.439129565232));
#2220 = CARTESIAN_POINT('',(2.241809087592,1.438619593228));
#2221 = CARTESIAN_POINT('',(2.237744583379,1.438112373779));
#2222 = CARTESIAN_POINT('',(2.233676365282,1.437607922496));
#2223 = CARTESIAN_POINT('',(2.229604492426,1.437106254772));
#2224 = CARTESIAN_POINT('',(2.225529021533,1.43660738577));
#2225 = CARTESIAN_POINT('',(2.213291977679,1.435119219757));
#2226 = CARTESIAN_POINT('',(2.205119788618,1.434138365472));
#2227 = CARTESIAN_POINT('',(2.196933877329,1.433168887981));
#2228 = CARTESIAN_POINT('',(2.188734666142,1.432210907102));
#2229 = CARTESIAN_POINT('',(2.180522562138,1.431264542072));
#2230 = CARTESIAN_POINT('',(2.172297957112,1.430329911541));
#2231 = CARTESIAN_POINT('',(2.164061227626,1.429407133582));
#2232 = CARTESIAN_POINT('',(2.155812734949,1.428496325677));
#2233 = CARTESIAN_POINT('',(2.147552825112,1.42759760473));
#2234 = CARTESIAN_POINT('',(2.13928182887,1.426711087059));
#2235 = CARTESIAN_POINT('',(2.114436527416,1.42408849108));
#2236 = CARTESIAN_POINT('',(2.097829772763,1.42238933056));
#2237 = CARTESIAN_POINT('',(2.081181891803,1.420740279635));
#2238 = CARTESIAN_POINT('',(2.064495223711,1.419142236445));
#2239 = CARTESIAN_POINT('',(2.047771832435,1.417596058364));
#2240 = CARTESIAN_POINT('',(2.031013387613,1.416102547357));
#2241 = CARTESIAN_POINT('',(2.014221299297,1.414662466901));
#2242 = CARTESIAN_POINT('',(1.997396959455,1.413276570758));
#2243 = CARTESIAN_POINT('',(1.980541942715,1.41194562367));
#2244 = CARTESIAN_POINT('',(1.963658019286,1.410670394254));
#2245 = CARTESIAN_POINT('',(1.912924459312,1.407014012111));
#2246 = CARTESIAN_POINT('',(1.878992996094,1.404802132816));
#2247 = CARTESIAN_POINT('',(1.844957476935,1.402821026401));
#2248 = CARTESIAN_POINT('',(1.810850317004,1.401077790064));
#2249 = CARTESIAN_POINT('',(1.776649193425,1.399573739136));
#2250 = CARTESIAN_POINT('',(1.742423339141,1.398317436136));
#2251 = CARTESIAN_POINT('',(1.708117501289,1.397307145833));
#2252 = CARTESIAN_POINT('',(1.673801452651,1.39654929677));
#2253 = CARTESIAN_POINT('',(1.639442165614,1.39604298059));
#2254 = CARTESIAN_POINT('',(1.605074127762,1.395790246136));
#2255 = CARTESIAN_POINT('',(1.536336665498,1.395791447397));
#2256 = CARTESIAN_POINT('',(1.501967572031,1.396045325394));
#2257 = CARTESIAN_POINT('',(1.467610329531,1.396552970508));
#2258 = CARTESIAN_POINT('',(1.433275600882,1.397312563746));
#2259 = CARTESIAN_POINT('',(1.398986228196,1.39832310589));
#2260 = CARTESIAN_POINT('',(1.364751855034,1.399582087834));
#2261 = CARTESIAN_POINT('',(1.330571838195,1.401085669384));
#2262 = CARTESIAN_POINT('',(1.29645587472,1.402830365827));
#2263 = CARTESIAN_POINT('',(1.262426213671,1.404812542851));
#2264 = CARTESIAN_POINT('',(1.228492182363,1.407025591528));
#2265 = CARTESIAN_POINT('',(1.160841882012,1.411903398276));
#2266 = CARTESIAN_POINT('',(1.127125610704,1.41456804722));
#2267 = CARTESIAN_POINT('',(1.093529012322,1.417452910109));
#2268 = CARTESIAN_POINT('',(1.060071715718,1.420551498942));
#2269 = CARTESIAN_POINT('',(1.026747680664,1.423858503961));
#2270 = CARTESIAN_POINT('',(0.993659161283,1.427360839035));
#2271 = CARTESIAN_POINT('',(0.960777541839,1.43105170654));
#2272 = CARTESIAN_POINT('',(0.928503320318,1.434890133741));
#2273 = CARTESIAN_POINT('',(0.896127462482,1.438904441442));
#2274 = CARTESIAN_POINT('',(0.86365321567,1.443173461665));
#2275 = CARTESIAN_POINT('',(0.829414569363,1.447864368102));
#2276 = ( GEOMETRIC_REPRESENTATION_CONTEXT(2) 
PARAMETRIC_REPRESENTATION_CONTEXT() REPRESENTATION_CONTEXT('2D SPACE',''
  ) );
#2277 = PCURVE('',#2278,#2465);
#2278 = ( BOUNDED_SURFACE() B_SPLINE_SURFACE(2,13,(
    (#2279,#2280,#2281,#2282,#2283,#2284,#2285,#2286,#2287,#2288,#2289
      ,#2290,#2291,#2292,#2293,#2294,#2295,#2296,#2297,#2298,#2299,#2300
      ,#2301,#2302,#2303,#2304,#2305,#2306,#2307,#2308,#2309,#2310,#2311
      ,#2312,#2313,#2314,#2315,#2316,#2317,#2318,#2319,#2320,#2321,#2322
      ,#2323,#2324,#2325,#2326,#2327,#2328,#2329,#2330,#2331,#2332,#2333
      ,#2334,#2335,#2336,#2337,#2338,#2339,#2340)
    ,(#2341,#2342,#2343,#2344,#2345,#2346,#2347,#2348,#2349,#2350,#2351
      ,#2352,#2353,#2354,#2355,#2356,#2357,#2358,#2359,#2360,#2361,#2362
      ,#2363,#2364,#2365,#2366,#2367,#2368,#2369,#2370,#2371,#2372,#2373
      ,#2374,#2375,#2376,#2377,#2378,#2379,#2380,#2381,#2382,#2383,#2384
      ,#2385,#2386,#2387,#2388,#2389,#2390,#2391,#2392,#2393,#2394,#2395
      ,#2396,#2397,#2398,#2399,#2400,#2401,#2402)
    ,(#2403,#2404,#2405,#2406,#2407,#2408,#2409,#2410,#2411,#2412,#2413
      ,#2414,#2415,#2416,#2417,#2418,#2419,#2420,#2421,#2422,#2423,#2424
      ,#2425,#2426,#2427,#2428,#2429,#2430,#2431,#2432,#2433,#2434,#2435
      ,#2436,#2437,#2438,#2439,#2440,#2441,#2442,#2443,#2444,#2445,#2446
      ,#2447,#2448,#2449,#2450,#2451,#2452,#2453,#2454,#2455,#2456,#2457
      ,#2458,#2459,#2460,#2461,#2462,#2463,#2464
)),.UNSPECIFIED.,.F.,.F.,.F.) B_SPLINE_SURFACE_WITH_KNOTS((3,3),(14,12,
    12,12,12,14),(0.,29.569439817248),(38.56636306572,39.363015268433,
    42.305562254421,46.044761443121,53.33433679582,68.135802882968),
.UNSPECIFIED.) GEOMETRIC_REPRESENTATION_ITEM() RATIONAL_B_SPLINE_SURFACE
((
    (1.,1.,1.000000000001,0.999999999998,1.000000000003,0.999999999996
      ,1.000000000005,0.999999999996,1.000000000003,0.999999999999,1.,1.
      ,1.,1.,0.999999999998,1.000000000005,0.999999999989,1.000000000016
      ,0.99999999998,1.000000000019,0.999999999985,1.000000000009
      ,0.999999999996,1.000000000001,1.,1.,1.,0.999999999999
      ,1.000000000002,0.999999999998,1.000000000002,0.999999999998
      ,1.000000000001,0.999999999999,1.,1.,1.,1.,1.000000000001
      ,0.999999999999,1.000000000003,0.999999999997,1.000000000004
      ,0.999999999997,1.000000000002,0.999999999999,1.,1.,1.,1.
      ,0.999999999999,1.000000000002,0.999999999995,1.000000000007
      ,0.999999999991,1.000000000008,0.999999999994,1.000000000004
      ,0.999999999998,1.000000000001,1.,1.)
    ,(0.753205121835,0.753397995051,0.753592685754,0.753787951088
      ,0.753983157755,0.754178070863,0.754372682428,0.754567079271
      ,0.754761350669,0.754955535338,0.755149608164,0.755343506341
      ,0.755537195145,0.756445781079,0.757158653399,0.757868872684
      ,0.758575926179,0.759279305974,0.759978508811,0.760673036379
      ,0.76136239494,0.762046095725,0.762723654584,0.763394592242
      ,0.764058434146,0.76554866431,0.76637042099,0.767179029513
      ,0.767973560732,0.768753107382,0.76951678415,0.770263727569
      ,0.770993096149,0.771704070242,0.772395852159,0.773067666085
      ,0.77371875813,0.77557587703,0.776721866632,0.77778097818
      ,0.778748263408,0.779619242546,0.780389930959,0.781056862511
      ,0.781617109721,0.782068300685,0.782408632745,0.782636882948
      ,0.782752415257,0.782760807539,0.782299782987,0.78139086336
      ,0.779947347788,0.778316479956,0.775731646862,0.773719333402
      ,0.770105021141,0.76765347699,0.763694024933,0.760562605422
      ,0.756730109739,0.753233919363)
    ,(1.,1.,1.000000000001,0.999999999998,1.000000000003,0.999999999996
      ,1.000000000005,0.999999999996,1.000000000003,0.999999999999,1.,1.
      ,1.,1.,0.999999999998,1.000000000005,0.999999999989,1.000000000016
      ,0.99999999998,1.000000000019,0.999999999985,1.000000000009
      ,0.999999999996,1.000000000001,1.,1.,1.,0.999999999999
      ,1.000000000002,0.999999999998,1.000000000002,0.999999999998
      ,1.000000000001,0.999999999999,1.,1.,1.,1.,1.000000000001
      ,0.999999999999,1.000000000003,0.999999999997,1.000000000004
      ,0.999999999997,1.000000000002,0.999999999999,1.,1.,1.,1.
      ,0.999999999999,1.000000000002,0.999999999995,1.000000000007
      ,0.999999999991,1.000000000008,0.999999999994,1.000000000004
,0.999999999998,1.000000000001,1.,1.
  ))) REPRESENTATION_ITEM('') SURFACE() );
#2279 = CARTESIAN_POINT('',(-9.49558337547,9.,19.716728891278));
#2280 = CARTESIAN_POINT('',(-9.49583784082,9.06108288759,19.711873403288
    ));
#2281 = CARTESIAN_POINT('',(-9.49566676,9.122457407465,19.706998238469)
  );
#2282 = CARTESIAN_POINT('',(-9.49506516297,9.183937089627,
    19.702115628295));
#2283 = CARTESIAN_POINT('',(-9.49403141332,9.245423151385,
    19.697232151287));
#2284 = CARTESIAN_POINT('',(-9.49256579007,9.306875120902,
    19.692350599586));
#2285 = CARTESIAN_POINT('',(-9.49066937726,9.368286791712,
    19.687471511704));
#2286 = CARTESIAN_POINT('',(-9.48834326304,9.429667507864,
    19.682594371452));
#2287 = CARTESIAN_POINT('',(-9.48558804587,9.491028780119,
    19.677718473052));
#2288 = CARTESIAN_POINT('',(-9.48240365074,9.55237623277,19.672843452412
    ));
#2289 = CARTESIAN_POINT('',(-9.47878945236,9.613706881437,
    19.667969484595));
#2290 = CARTESIAN_POINT('',(-9.474744708,9.67501174161,19.663097147458)
  );
#2291 = CARTESIAN_POINT('',(-9.47026929804,9.736283768048,
    19.658226951466));
#2292 = CARTESIAN_POINT('',(-9.44724923104,10.023756854358,
    19.63537635713));
#2293 = CARTESIAN_POINT('',(-9.42327069574,10.249588999556,
    19.617421239274));
#2294 = CARTESIAN_POINT('',(-9.39343595706,10.474861035071,
    19.599506442433));
#2295 = CARTESIAN_POINT('',(-9.35775693958,10.699407093991,
    19.581645188331));
#2296 = CARTESIAN_POINT('',(-9.31625070475,10.923061968122,
    19.563850660099));
#2297 = CARTESIAN_POINT('',(-9.26893945116,11.145661107835,
    19.546136002285));
#2298 = CARTESIAN_POINT('',(-9.21585051408,11.36704062223,
    19.528514320849));
#2299 = CARTESIAN_POINT('',(-9.15701636609,11.587037279015,
    19.51099868316));
#2300 = CARTESIAN_POINT('',(-9.09247461639,11.805488504545,
    19.493602118005));
#2301 = CARTESIAN_POINT('',(-9.02226801142,12.022232383865,
    19.476337615578));
#2302 = CARTESIAN_POINT('',(-8.946444434396,12.237107660621,
    19.459218127491));
#2303 = CARTESIAN_POINT('',(-8.865056905595,12.44995373715,
    19.442256566763));
#2304 = CARTESIAN_POINT('',(-8.667745143426,12.928299942481,
    19.404129192823));
#2305 = CARTESIAN_POINT('',(-8.54843498399,13.192462606277,
    19.383067688374));
#2306 = CARTESIAN_POINT('',(-8.420351131908,13.452773519636,
    19.362307488059));
#2307 = CARTESIAN_POINT('',(-8.283623926296,13.70891355829,
    19.341874324583));
#2308 = CARTESIAN_POINT('',(-8.138396017233,13.960569619842,
    19.321793469801));
#2309 = CARTESIAN_POINT('',(-7.984822366059,14.20743462381,
    19.302089734678));
#2310 = CARTESIAN_POINT('',(-7.823070244911,14.449207511574,
    19.28278746935));
#2311 = CARTESIAN_POINT('',(-7.653319237318,14.685593246429,
    19.263910563044));
#2312 = CARTESIAN_POINT('',(-7.475761237569,14.916302813537,
    19.245482444168));
#2313 = CARTESIAN_POINT('',(-7.290600451272,15.14105321997,
    19.227526080227));
#2314 = CARTESIAN_POINT('',(-7.09805339494,15.359567494673,
    19.210063977888));
#2315 = CARTESIAN_POINT('',(-6.898348896248,15.571574688492,
    19.193118182937));
#2316 = CARTESIAN_POINT('',(-6.288920478656,16.176916227261,
    19.144723045449));
#2317 = CARTESIAN_POINT('',(-5.859826093314,16.551306562246,
    19.11477829732));
#2318 = CARTESIAN_POINT('',(-5.406220675899,16.898043759409,
    19.087033681288));
#2319 = CARTESIAN_POINT('',(-4.9300612976,17.215327687219,19.06163603543
    ));
#2320 = CARTESIAN_POINT('',(-4.433462672124,17.50151273318,
    19.038719855677));
#2321 = CARTESIAN_POINT('',(-3.918675400805,17.755123359288,
    19.018405933708));
#2322 = CARTESIAN_POINT('',(-3.388066154157,17.974867682835,
    19.000800167535));
#2323 = CARTESIAN_POINT('',(-2.844099788903,18.159649081332,
    18.985992544847));
#2324 = CARTESIAN_POINT('',(-2.289323401642,18.308575823196,
    18.974056299039));
#2325 = CARTESIAN_POINT('',(-1.72635231796,18.420968722353,
    18.965047238004));
#2326 = CARTESIAN_POINT('',(-1.157858018034,18.496366818511,
    18.959003245607));
#2327 = CARTESIAN_POINT('',(-0.586557997951,18.534531081699,
    18.955943955917));
#2328 = CARTESIAN_POINT('',(1.144918176093,18.537304169882,
    18.955721651399));
#2329 = CARTESIAN_POINT('',(2.305353204155,18.385786997297,
    18.967858376918));
#2330 = CARTESIAN_POINT('',(3.442578126385,18.0789679971,18.992530371831
    ));
#2331 = CARTESIAN_POINT('',(4.53689243253,17.630707510298,
    19.028126177792));
#2332 = CARTESIAN_POINT('',(5.557942415368,17.014777030505,
    19.07839783353));
#2333 = CARTESIAN_POINT('',(6.501858296118,16.326551298496,
    19.131597603562));
#2334 = CARTESIAN_POINT('',(7.334713482465,15.42199593192,
    19.206895325888));
#2335 = CARTESIAN_POINT('',(8.041499856229,14.543385829431,
    19.273535506879));
#2336 = CARTESIAN_POINT('',(8.630829348483,13.469444242301,
    19.362664923991));
#2337 = CARTESIAN_POINT('',(9.061904968403,12.408874182162,
    19.444622760617));
#2338 = CARTESIAN_POINT('',(9.358910626879,11.282814951526,
    19.535840527469));
#2339 = CARTESIAN_POINT('',(9.500312449605,10.132632250932,
    19.626492781464));
#2340 = CARTESIAN_POINT('',(9.495577392917,9.,19.716843045362));
#2341 = CARTESIAN_POINT('',(-9.43640755732,9.102303507521,
    20.845870766099));
#2342 = CARTESIAN_POINT('',(-9.43604049086,9.163235270828,
    20.840320829948));
#2343 = CARTESIAN_POINT('',(-9.43524405792,9.224165042384,
    20.834770970173));
#2344 = CARTESIAN_POINT('',(-9.43402026309,9.285090222066,
    20.829221284337));
#2345 = CARTESIAN_POINT('',(-9.43237014191,9.346008406316,
    20.823671917554));
#2346 = CARTESIAN_POINT('',(-9.430294098,9.406917102885,20.818123066983)
  );
#2347 = CARTESIAN_POINT('',(-9.42779218004,9.467813574763,
    20.812574978397));
#2348 = CARTESIAN_POINT('',(-9.42486429526,9.528694790903,
    20.807027936846));
#2349 = CARTESIAN_POINT('',(-9.42151036158,9.58955746082,20.801482253513
    ));
#2350 = CARTESIAN_POINT('',(-9.41773039486,9.650398131121,
    20.795938250728));
#2351 = CARTESIAN_POINT('',(-9.41352453559,9.711213320776,
    20.790396247275));
#2352 = CARTESIAN_POINT('',(-9.40889301259,9.771999673531,
    20.784856545928));
#2353 = CARTESIAN_POINT('',(-9.40383604851,9.832754104438,
    20.779319425326));
#2354 = CARTESIAN_POINT('',(-9.37812823216,10.117481710503,
    20.753368022841));
#2355 = CARTESIAN_POINT('',(-9.35211414402,10.341022678698,
    20.73298904261));
#2356 = CARTESIAN_POINT('',(-9.32032072462,10.563933299097,
    20.712663129231));
#2357 = CARTESIAN_POINT('',(-9.28276256442,10.78605081724,
    20.692405158971));
#2358 = CARTESIAN_POINT('',(-9.23945950046,11.00721322696,
    20.672229954455));
#2359 = CARTESIAN_POINT('',(-9.1904365558,11.227259246659,
    20.652152286721));
#2360 = CARTESIAN_POINT('',(-9.13572387995,11.446028294,20.63218687746)
  );
#2361 = CARTESIAN_POINT('',(-9.07535669168,11.663360458527,
    20.612348401393));
#2362 = CARTESIAN_POINT('',(-9.00937522282,11.879096472671,
    20.592651488861));
#2363 = CARTESIAN_POINT('',(-8.93782466454,12.093077681071,
    20.573110728511));
#2364 = CARTESIAN_POINT('',(-8.860755115049,12.305146008116,
    20.553740670202));
#2365 = CARTESIAN_POINT('',(-8.778221529615,12.515143924082,
    20.534555828005));
#2366 = CARTESIAN_POINT('',(-8.578755433675,12.986421812133,
    20.491492546703));
#2367 = CARTESIAN_POINT('',(-8.458528271388,13.246373190056,
    20.46773314781));
#2368 = CARTESIAN_POINT('',(-8.329720586054,13.502450781396,
    20.444321812646));
#2369 = CARTESIAN_POINT('',(-8.192463386042,13.754343545615,
    20.42128727287));
#2370 = CARTESIAN_POINT('',(-8.046900160131,14.001746988027,
    20.398657681791));
#2371 = CARTESIAN_POINT('',(-7.893186760842,14.244362981612,
    20.376460630531));
#2372 = CARTESIAN_POINT('',(-7.731491299454,14.481899586685,
    20.354723164445));
#2373 = CARTESIAN_POINT('',(-7.561994052198,14.714070868819,
    20.333471799654));
#2374 = CARTESIAN_POINT('',(-7.384887378542,14.940596715739,
    20.312732539768));
#2375 = CARTESIAN_POINT('',(-7.200375651143,15.161202653207,
    20.292530892635));
#2376 = CARTESIAN_POINT('',(-7.008675197991,15.37561966079,
    20.272891887191));
#2377 = CARTESIAN_POINT('',(-6.810014256687,15.583583987441,
    20.253840090292));
#2378 = CARTESIAN_POINT('',(-6.205200445258,16.176240537421,
    20.199535983135));
#2379 = CARTESIAN_POINT('',(-5.780218682444,16.542413121973,
    20.165970444908));
#2380 = CARTESIAN_POINT('',(-5.331409947645,16.881479997002,
    20.134877642485));
#2381 = CARTESIAN_POINT('',(-4.860679547994,17.191692041376,
    20.106420842944));
#2382 = CARTESIAN_POINT('',(-4.370091840235,17.471447087852,
    20.080749856153));
#2383 = CARTESIAN_POINT('',(-3.861848237221,17.719308305567,
    20.057999231493));
#2384 = CARTESIAN_POINT('',(-3.338267096553,17.934019781313,
    20.038286726091));
#2385 = CARTESIAN_POINT('',(-2.80176539602,18.114519453865,
    20.02171203007));
#2386 = CARTESIAN_POINT('',(-2.254842087795,18.25994953692,
    20.008355735782));
#2387 = CARTESIAN_POINT('',(-1.700063021078,18.369664549344,
    19.998278539934));
#2388 = CARTESIAN_POINT('',(-1.140047313912,18.443237047936,
    19.991520669367));
#2389 = CARTESIAN_POINT('',(-0.577455055837,18.480461137659,
    19.98810152348));
#2390 = CARTESIAN_POINT('',(1.127123526833,18.483166356559,
    19.987853039563));
#2391 = CARTESIAN_POINT('',(2.270887758424,18.335355103781,
    20.001430288281));
#2392 = CARTESIAN_POINT('',(3.393312630187,18.035139989323,
    20.029003608839));
#2393 = CARTESIAN_POINT('',(4.475138559247,17.597505712847,
    20.069204505533));
#2394 = CARTESIAN_POINT('',(5.485253162905,16.989846278207,
    20.124959656604));
#2395 = CARTESIAN_POINT('',(6.421937187581,16.322535778278,
    20.186231432671));
#2396 = CARTESIAN_POINT('',(7.249300457117,15.420644145026,
    20.268842727606));
#2397 = CARTESIAN_POINT('',(7.951052410036,14.573304482818,
    20.346509822508));
#2398 = CARTESIAN_POINT('',(8.544073621939,13.503781881376,
    20.444311594875));
#2399 = CARTESIAN_POINT('',(8.975534973939,12.465507608611,
    20.539224590991));
#2400 = CARTESIAN_POINT('',(9.277796346491,11.356476418756,
    20.640441513738));
#2401 = CARTESIAN_POINT('',(9.430129595438,10.226643457917,
    20.743464099166));
#2402 = CARTESIAN_POINT('',(9.436387258931,9.098079482466,20.84625808251
    ));
#2403 = CARTESIAN_POINT('',(-8.305018401184,9.103752467318,
    20.940134420091));
#2404 = CARTESIAN_POINT('',(-8.305353897055,9.159548183349,
    20.935003457692));
#2405 = CARTESIAN_POINT('',(-8.305307235655,9.213369140044,
    20.930051388584));
#2406 = CARTESIAN_POINT('',(-8.304895608798,9.266487925707,
    20.925162863223));
#2407 = CARTESIAN_POINT('',(-8.304121637641,9.319565782382,
    20.920277888629));
#2408 = CARTESIAN_POINT('',(-8.302980237479,9.372857612713,
    20.91537328583));
#2409 = CARTESIAN_POINT('',(-8.301463912225,9.426379771677,
    20.910447509721));
#2410 = CARTESIAN_POINT('',(-8.299566480813,9.480040643351,
    20.905508831203));
#2411 = CARTESIAN_POINT('',(-8.297285232165,9.533734002431,
    20.900566881826));
#2412 = CARTESIAN_POINT('',(-8.294621512991,9.587395160933,
    20.895627560638));
#2413 = CARTESIAN_POINT('',(-8.291579743807,9.641019899516,
    20.890691303564));
#2414 = CARTESIAN_POINT('',(-8.288164867414,9.694646184043,
    20.885754715022));
#2415 = CARTESIAN_POINT('',(-8.284378226533,9.748298666815,20.880815562)
  );
#2416 = CARTESIAN_POINT('',(-8.264822858961,9.999865163156,
    20.857655113311));
#2417 = CARTESIAN_POINT('',(-8.24430050311,10.197513747238,
    20.839454975893));
#2418 = CARTESIAN_POINT('',(-8.218649450061,10.394695494855,
    20.821294199581));
#2419 = CARTESIAN_POINT('',(-8.187878876529,10.591264721769,
    20.803186227478));
#2420 = CARTESIAN_POINT('',(-8.152002490817,10.787076289971,
    20.785144464372));
#2421 = CARTESIAN_POINT('',(-8.111038533352,10.9819856074,
    20.767182276774));
#2422 = CARTESIAN_POINT('',(-8.065009775825,11.175848628304,
    20.749312992873));
#2423 = CARTESIAN_POINT('',(-8.013943522337,11.368521852865,
    20.731549902581));
#2424 = CARTESIAN_POINT('',(-7.95787160812,11.559862327514,
    20.713906257496));
#2425 = CARTESIAN_POINT('',(-7.896830400736,11.749727644721,
    20.696395270928));
#2426 = CARTESIAN_POINT('',(-7.830860799135,11.937975943099,
    20.679030117882));
#2427 = CARTESIAN_POINT('',(-7.760008234269,12.124465907375,
    20.66182393507));
#2428 = CARTESIAN_POINT('',(-7.588146326823,12.543622945582,
    20.623143965735));
#2429 = CARTESIAN_POINT('',(-7.48416393873,12.775131344248,
    20.601775123852));
#2430 = CARTESIAN_POINT('',(-7.372477422985,13.003294556047,
    20.580710053086));
#2431 = CARTESIAN_POINT('',(-7.253199597033,13.227830521517,
    20.559975034684));
#2432 = CARTESIAN_POINT('',(-7.126454177262,13.448462530049,
    20.539595873299));
#2433 = CARTESIAN_POINT('',(-6.992375779007,13.664919219903,
    20.51959789701));
#2434 = CARTESIAN_POINT('',(-6.851109916544,13.876934578208,
    20.500005957284));
#2435 = CARTESIAN_POINT('',(-6.702813003109,14.084247940941,
    20.48084442903));
#2436 = CARTESIAN_POINT('',(-6.547652350859,14.286603992962,
    20.462137210538));
#2437 = CARTESIAN_POINT('',(-6.385806170927,14.483752767979,
    20.443907723536));
#2438 = CARTESIAN_POINT('',(-6.217463573363,14.675449648573,
    20.426178913145));
#2439 = CARTESIAN_POINT('',(-6.042824567183,14.861455366184,
    20.408973247907));
#2440 = CARTESIAN_POINT('',(-5.509777318427,15.392603513615,
    20.359832991065));
#2441 = CARTESIAN_POINT('',(-5.134317223314,15.721181143172,
    20.329422368309));
#2442 = CARTESIAN_POINT('',(-4.737262041563,16.025556510032,
    20.301241674997));
#2443 = CARTESIAN_POINT('',(-4.320328308359,16.304131281665,
    20.2754412995));
#2444 = CARTESIAN_POINT('',(-3.885379892432,16.555440873609,
    20.252159264343));
#2445 = CARTESIAN_POINT('',(-3.434404063413,16.778171362194,
    20.23151956419));
#2446 = CARTESIAN_POINT('',(-2.969490562073,16.97117360965,
    20.21363077246));
#2447 = CARTESIAN_POINT('',(-2.492813672846,17.13347460078,
    20.198584916676));
#2448 = CARTESIAN_POINT('',(-2.006617299322,17.264285992279,
    20.186456622425));
#2449 = CARTESIAN_POINT('',(-1.513203042024,17.363009873521,
    20.177302526066));
#2450 = CARTESIAN_POINT('',(-1.014921279066,17.42924173989,
    20.171160956046));
#2451 = CARTESIAN_POINT('',(-0.514165249249,17.462770677829,
    20.168051882945));
#2452 = CARTESIAN_POINT('',(1.003499251802,17.465213514466,
    20.167825369074));
#2453 = CARTESIAN_POINT('',(2.020694646481,17.332209480557,
    20.180166428118));
#2454 = CARTESIAN_POINT('',(3.017603362108,17.061938615068,
    20.205162479541));
#2455 = CARTESIAN_POINT('',(3.976797498997,16.67145368942,20.24164428388
    ));
#2456 = CARTESIAN_POINT('',(4.870935989019,16.11984419046,
    20.291990314464));
#2457 = CARTESIAN_POINT('',(5.692277020137,15.540470128009,
    20.347207503834));
#2458 = CARTESIAN_POINT('',(6.439518344987,14.704582121552,
    20.422227719048));
#2459 = CARTESIAN_POINT('',(7.019110276897,13.982785197379,
    20.491731234492));
#2460 = CARTESIAN_POINT('',(7.579841038509,13.010463659933,
    20.579016666654));
#2461 = CARTESIAN_POINT('',(7.924937422215,12.075177503978,
    20.667202346337));
#2462 = CARTESIAN_POINT('',(8.182900649974,11.105992775263,
    20.755442468599));
#2463 = CARTESIAN_POINT('',(8.313693338684,10.136256700045,
    20.845327783324));
#2464 = CARTESIAN_POINT('',(8.305637862073,9.070988856788,
    20.943073796544));
#2465 = DEFINITIONAL_REPRESENTATION('',(#2466),#2470);
#2466 = LINE('',#2467,#2468);
#2467 = CARTESIAN_POINT('',(29.569439817248,0.));
#2468 = VECTOR('',#2469,1.);
#2469 = DIRECTION('',(0.,1.));
#2470 = ( GEOMETRIC_REPRESENTATION_CONTEXT(2) 
PARAMETRIC_REPRESENTATION_CONTEXT() REPRESENTATION_CONTEXT('2D SPACE',''
  ) );
#2471 = ORIENTED_EDGE('',*,*,#2472,.F.);
#2472 = EDGE_CURVE('',#1553,#2115,#2473,.T.);
#2473 = SURFACE_CURVE('',#2474,(#2509,#2675),.PCURVE_S1.);
#2474 = B_SPLINE_CURVE_WITH_KNOTS('',9,(#2475,#2476,#2477,#2478,#2479,
    #2480,#2481,#2482,#2483,#2484,#2485,#2486,#2487,#2488,#2489,#2490,
    #2491,#2492,#2493,#2494,#2495,#2496,#2497,#2498,#2499,#2500,#2501,
    #2502,#2503,#2504,#2505,#2506,#2507,#2508),.UNSPECIFIED.,.F.,.F.,(10
    ,8,8,8,10),(17.773052037612,17.897613096617,28.180849681757,
    38.464086266898,38.56636306572),.UNSPECIFIED.);
#2475 = CARTESIAN_POINT('',(-8.320258248301,-11.5840264074,
    20.680781800276));
#2476 = CARTESIAN_POINT('',(-8.319893837187,-11.57547962895,
    20.681809573225));
#2477 = CARTESIAN_POINT('',(-8.319580972305,-11.5665953733,
    20.682871522861));
#2478 = CARTESIAN_POINT('',(-8.319313375258,-11.55731584186,
    20.683974869818));
#2479 = CARTESIAN_POINT('',(-8.319085432603,-11.54757221963,
    20.685127980521));
#2480 = CARTESIAN_POINT('',(-8.318892195855,-11.53728467515,
    20.686340367182));
#2481 = CARTESIAN_POINT('',(-8.318729381485,-11.52636236052,
    20.687622687803));
#2482 = CARTESIAN_POINT('',(-8.318593370924,-11.51470341141,
    20.688986746175));
#2483 = CARTESIAN_POINT('',(-8.318481210556,-11.50219494705,
    20.690445491879));
#2484 = CARTESIAN_POINT('',(-8.310911153673,-10.37570608292,
    20.821421565698));
#2485 = CARTESIAN_POINT('',(-8.305110781154,-9.250322235324,
    20.937896228682));
#2486 = CARTESIAN_POINT('',(-8.299667170378,-8.114857540078,
    21.040805734724));
#2487 = CARTESIAN_POINT('',(-8.295074696415,-6.97558394606,
    21.129084333783));
#2488 = CARTESIAN_POINT('',(-8.291181330975,-5.833550683555,
    21.202767517673));
#2489 = CARTESIAN_POINT('',(-8.288101177748,-4.690658325956,
    21.261607236186));
#2490 = CARTESIAN_POINT('',(-8.285784473435,-3.547141897382,
    21.305676765542));
#2491 = CARTESIAN_POINT('',(-8.284249070189,-2.403450800432,
    21.334943157923));
#2492 = CARTESIAN_POINT('',(-8.282729629788,-0.116083584967,
    21.363899167977));
#2493 = CARTESIAN_POINT('',(-8.282746105364,1.027588096017,
    21.363587799231));
#2494 = CARTESIAN_POINT('',(-8.283537995868,2.171032841357,
    21.348492761521));
#2495 = CARTESIAN_POINT('',(-8.285103053209,3.314118300853,
    21.318626782626));
#2496 = CARTESIAN_POINT('',(-8.287444467672,4.456636044472,
    21.273988811596));
#2497 = CARTESIAN_POINT('',(-8.290554465175,5.598103856153,
    21.214603944685));
#2498 = CARTESIAN_POINT('',(-8.294440482823,6.737851196403,
    21.140515180767));
#2499 = CARTESIAN_POINT('',(-8.299066577785,7.874619144271,
    21.051888838726));
#2500 = CARTESIAN_POINT('',(-8.304556938306,9.018340219093,
    20.947948254426));
#2501 = CARTESIAN_POINT('',(-8.304611380122,9.029441495798,
    20.946937870607));
#2502 = CARTESIAN_POINT('',(-8.304666379014,9.040394242264,
    20.945939509106));
#2503 = CARTESIAN_POINT('',(-8.304722119449,9.051212045656,
    20.944951966554));
#2504 = CARTESIAN_POINT('',(-8.304778785897,9.061908493141,
    20.943974039581));
#2505 = CARTESIAN_POINT('',(-8.304836562826,9.072497171883,
    20.943004524818));
#2506 = CARTESIAN_POINT('',(-8.304895634704,9.08299166905,
    20.942042218895));
#2507 = CARTESIAN_POINT('',(-8.304956186001,9.093405571806,
    20.941085918442));
#2508 = CARTESIAN_POINT('',(-8.305018401184,9.103752467318,
    20.940134420091));
#2509 = PCURVE('',#632,#2510);
#2510 = DEFINITIONAL_REPRESENTATION('',(#2511),#2674);
#2511 = B_SPLINE_CURVE_WITH_KNOTS('',9,(#2512,#2513,#2514,#2515,#2516,
    #2517,#2518,#2519,#2520,#2521,#2522,#2523,#2524,#2525,#2526,#2527,
    #2528,#2529,#2530,#2531,#2532,#2533,#2534,#2535,#2536,#2537,#2538,
    #2539,#2540,#2541,#2542,#2543,#2544,#2545,#2546,#2547,#2548,#2549,
    #2550,#2551,#2552,#2553,#2554,#2555,#2556,#2557,#2558,#2559,#2560,
    #2561,#2562,#2563,#2564,#2565,#2566,#2567,#2568,#2569,#2570,#2571,
    #2572,#2573,#2574,#2575,#2576,#2577,#2578,#2579,#2580,#2581,#2582,
    #2583,#2584,#2585,#2586,#2587,#2588,#2589,#2590,#2591,#2592,#2593,
    #2594,#2595,#2596,#2597,#2598,#2599,#2600,#2601,#2602,#2603,#2604,
    #2605,#2606,#2607,#2608,#2609,#2610,#2611,#2612,#2613,#2614,#2615,
    #2616,#2617,#2618,#2619,#2620,#2621,#2622,#2623,#2624,#2625,#2626,
    #2627,#2628,#2629,#2630,#2631,#2632,#2633,#2634,#2635,#2636,#2637,
    #2638,#2639,#2640,#2641,#2642,#2643,#2644,#2645,#2646,#2647,#2648,
    #2649,#2650,#2651,#2652,#2653,#2654,#2655,#2656,#2657,#2658,#2659,
    #2660,#2661,#2662,#2663,#2664,#2665,#2666,#2667,#2668,#2669,#2670,
    #2671,#2672,#2673),.UNSPECIFIED.,.F.,.F.,(10,8,8,8,8,8,8,8,8,8,8,8,8
    ,8,8,8,8,8,8,8,10),(17.773052037612,17.854275908816,17.894887844417,
    17.915193812218,17.935499780019,18.097947522426,18.42284300724,
    19.072633976869,20.372215916126,22.971379794639,28.169707551666,
    33.368035308693,35.967199187207,37.266781126463,37.916572096092,
    38.241467580906,38.403915323313,38.444527258915,38.464833226716,
    38.485139194517,38.56636306572),.UNSPECIFIED.);
#2512 = CARTESIAN_POINT('',(4.089517631678,1.428115187825));
#2513 = CARTESIAN_POINT('',(4.089303205867,1.428162177845));
#2514 = CARTESIAN_POINT('',(4.08908149673,1.4282102048));
#2515 = CARTESIAN_POINT('',(4.088851941107,1.428259409602));
#2516 = CARTESIAN_POINT('',(4.088613880514,1.428309948375));
#2517 = CARTESIAN_POINT('',(4.088366561149,1.428361992466));
#2518 = CARTESIAN_POINT('',(4.088109133893,1.428415728434));
#2519 = CARTESIAN_POINT('',(4.087840654302,1.428471358059));
#2520 = CARTESIAN_POINT('',(4.087560082618,1.428529098333));
#2521 = CARTESIAN_POINT('',(4.087119384332,1.428619223036));
#2522 = CARTESIAN_POINT('',(4.086969178109,1.428649850319));
#2523 = CARTESIAN_POINT('',(4.086815523209,1.428681092344));
#2524 = CARTESIAN_POINT('',(4.086658271786,1.428712979088));
#2525 = CARTESIAN_POINT('',(4.086497270044,1.42874554148));
#2526 = CARTESIAN_POINT('',(4.086332358223,1.428778811399));
#2527 = CARTESIAN_POINT('',(4.08616337061,1.428812821677));
#2528 = CARTESIAN_POINT('',(4.085990135531,1.428847606093));
#2529 = CARTESIAN_POINT('',(4.08572364527,1.428900996027));
#2530 = CARTESIAN_POINT('',(4.085633763185,1.428918984631));
#2531 = CARTESIAN_POINT('',(4.085541064351,1.428937498314));
#2532 = CARTESIAN_POINT('',(4.085455717922,1.428954619122));
#2533 = CARTESIAN_POINT('',(4.085360824717,1.428973533998));
#2534 = CARTESIAN_POINT('',(4.085273712253,1.428990975348));
#2535 = CARTESIAN_POINT('',(4.085182400246,1.429009202337));
#2536 = CARTESIAN_POINT('',(4.085092408362,1.429027174114));
#2537 = CARTESIAN_POINT('',(4.084911962908,1.429063192164));
#2538 = CARTESIAN_POINT('',(4.084821712197,1.429081200185));
#2539 = CARTESIAN_POINT('',(4.084731433492,1.429099207201));
#2540 = CARTESIAN_POINT('',(4.08464112678,1.429117213212));
#2541 = CARTESIAN_POINT('',(4.084550792052,1.429135218216));
#2542 = CARTESIAN_POINT('',(4.084460429296,1.429153222212));
#2543 = CARTESIAN_POINT('',(4.084370038501,1.4291712252));
#2544 = CARTESIAN_POINT('',(4.084279619656,1.429189227178));
#2545 = CARTESIAN_POINT('',(4.083465597503,1.429351235898));
#2546 = CARTESIAN_POINT('',(4.082740226408,1.429495179023));
#2547 = CARTESIAN_POINT('',(4.082013053745,1.429639057081));
#2548 = CARTESIAN_POINT('',(4.081284073801,1.429782869633));
#2549 = CARTESIAN_POINT('',(4.080553280852,1.429926616234));
#2550 = CARTESIAN_POINT('',(4.079820669189,1.430070296446));
#2551 = CARTESIAN_POINT('',(4.079086233087,1.430213909827));
#2552 = CARTESIAN_POINT('',(4.078349966832,1.430357455935));
#2553 = CARTESIAN_POINT('',(4.076135660453,1.430787891119));
#2554 = CARTESIAN_POINT('',(4.074652113474,1.431074577199));
#2555 = CARTESIAN_POINT('',(4.073161176762,1.431360988781));
#2556 = CARTESIAN_POINT('',(4.071662803312,1.431647122079));
#2557 = CARTESIAN_POINT('',(4.070156946117,1.431932973305));
#2558 = CARTESIAN_POINT('',(4.068643558171,1.432218538672));
#2559 = CARTESIAN_POINT('',(4.067122592468,1.432503814392));
#2560 = CARTESIAN_POINT('',(4.065594002001,1.432788796678));
#2561 = CARTESIAN_POINT('',(4.060985215292,1.433642851873));
#2562 = CARTESIAN_POINT('',(4.057882015892,1.434211035132));
#2563 = CARTESIAN_POINT('',(4.054747744511,1.434777997522));
#2564 = CARTESIAN_POINT('',(4.051582004095,1.435343705043));
#2565 = CARTESIAN_POINT('',(4.048384397589,1.435908123697));
#2566 = CARTESIAN_POINT('',(4.045154527943,1.436471219486));
#2567 = CARTESIAN_POINT('',(4.0418919981,1.437032958409));
#2568 = CARTESIAN_POINT('',(4.038596411008,1.43759330647));
#2569 = CARTESIAN_POINT('',(4.028609286823,1.439270076064));
#2570 = CARTESIAN_POINT('',(4.021817330894,1.440382212911));
#2571 = CARTESIAN_POINT('',(4.014888198874,1.441488349467));
#2572 = CARTESIAN_POINT('',(4.007818522508,1.442588185185));
#2573 = CARTESIAN_POINT('',(4.000604868239,1.443681409719));
#2574 = CARTESIAN_POINT('',(3.993243737204,1.444767702915));
#2575 = CARTESIAN_POINT('',(3.985731565238,1.445846734818));
#2576 = CARTESIAN_POINT('',(3.978064722873,1.446918165668));
#2577 = CARTESIAN_POINT('',(3.954589100264,1.450108606374));
#2578 = CARTESIAN_POINT('',(3.938305121847,1.452203764691));
#2579 = CARTESIAN_POINT('',(3.921358577662,1.454264329863));
#2580 = CARTESIAN_POINT('',(3.903719165774,1.456287356424));
#2581 = CARTESIAN_POINT('',(3.885356099712,1.458269735924));
#2582 = CARTESIAN_POINT('',(3.866238923471,1.46020818843));
#2583 = CARTESIAN_POINT('',(3.84633832648,1.462099254011));
#2584 = CARTESIAN_POINT('',(3.825626958599,1.463939284242));
#2585 = CARTESIAN_POINT('',(3.760986818089,1.469294732588));
#2586 = CARTESIAN_POINT('',(3.714552621299,1.472645520916));
#2587 = CARTESIAN_POINT('',(3.664584702028,1.475746087425));
#2588 = CARTESIAN_POINT('',(3.610945187973,1.478562813454));
#2589 = CARTESIAN_POINT('',(3.553597758625,1.481059440388));
#2590 = CARTESIAN_POINT('',(3.492677606526,1.483198046281));
#2591 = CARTESIAN_POINT('',(3.428583096102,1.48494255904));
#2592 = CARTESIAN_POINT('',(3.362016841426,1.486264130592));
#2593 = CARTESIAN_POINT('',(3.225650033929,1.488026256074));
#2594 = CARTESIAN_POINT('',(3.155852807517,1.488466587954));
#2595 = CARTESIAN_POINT('',(3.085298354466,1.488449093167));
#2596 = CARTESIAN_POINT('',(3.015023219594,1.487965941174));
#2597 = CARTESIAN_POINT('',(2.94611953643,1.48702443978));
#2598 = CARTESIAN_POINT('',(2.879539212467,1.485647208231));
#2599 = CARTESIAN_POINT('',(2.815900175507,1.483864920745));
#2600 = CARTESIAN_POINT('',(2.755587155554,1.481712295268));
#2601 = CARTESIAN_POINT('',(2.67036361444,1.477981116108));
#2602 = CARTESIAN_POINT('',(2.642830214038,1.476653669563));
#2603 = CARTESIAN_POINT('',(2.616192849829,1.475246977539));
#2604 = CARTESIAN_POINT('',(2.590460414923,1.473765512456));
#2605 = CARTESIAN_POINT('',(2.565631099577,1.472213692133));
#2606 = CARTESIAN_POINT('',(2.541694384777,1.470595827434));
#2607 = CARTESIAN_POINT('',(2.518633035835,1.468916069916));
#2608 = CARTESIAN_POINT('',(2.496425095973,1.467178359484));
#2609 = CARTESIAN_POINT('',(2.464356271888,1.464490378317));
#2610 = CARTESIAN_POINT('',(2.453873873155,1.463580819039));
#2611 = CARTESIAN_POINT('',(2.443595455175,1.462658157903));
#2612 = CARTESIAN_POINT('',(2.433517671888,1.461722845946));
#2613 = CARTESIAN_POINT('',(2.42363705973,1.460775321545));
#2614 = CARTESIAN_POINT('',(2.413950037616,1.459816010411));
#2615 = CARTESIAN_POINT('',(2.404452906953,1.458845325596));
#2616 = CARTESIAN_POINT('',(2.395141851633,1.457863667491));
#2617 = CARTESIAN_POINT('',(2.38144848124,1.456375301989));
#2618 = CARTESIAN_POINT('',(2.376929577987,1.455876537099));
#2619 = CARTESIAN_POINT('',(2.372455744078,1.455375175125));
#2620 = CARTESIAN_POINT('',(2.368026495312,1.454871262041));
#2621 = CARTESIAN_POINT('',(2.363641347487,1.454364843817));
#2622 = CARTESIAN_POINT('',(2.359299816403,1.453855966427));
#2623 = CARTESIAN_POINT('',(2.355001417857,1.453344675843));
#2624 = CARTESIAN_POINT('',(2.35074566765,1.452831018038));
#2625 = CARTESIAN_POINT('',(2.344425288544,1.452057049457));
#2626 = CARTESIAN_POINT('',(2.342329035519,1.451798479027));
#2627 = CARTESIAN_POINT('',(2.340243263496,1.451539332907));
#2628 = CARTESIAN_POINT('',(2.338167913466,1.451279616308));
#2629 = CARTESIAN_POINT('',(2.336102926417,1.451019334442));
#2630 = CARTESIAN_POINT('',(2.334048243342,1.450758492522));
#2631 = CARTESIAN_POINT('',(2.332003805231,1.450497095759));
#2632 = CARTESIAN_POINT('',(2.329969553075,1.450235149366));
#2633 = CARTESIAN_POINT('',(2.326933365258,1.449841413149));
#2634 = CARTESIAN_POINT('',(2.32592383457,1.449710031589));
#2635 = CARTESIAN_POINT('',(2.324916828751,1.449578514491));
#2636 = CARTESIAN_POINT('',(2.323912340748,1.449446862468));
#2637 = CARTESIAN_POINT('',(2.322910363512,1.449315076138));
#2638 = CARTESIAN_POINT('',(2.32191088999,1.449183156113));
#2639 = CARTESIAN_POINT('',(2.320913913134,1.44905110301));
#2640 = CARTESIAN_POINT('',(2.319919425891,1.448918917443));
#2641 = CARTESIAN_POINT('',(2.318679420042,1.448753520673));
#2642 = CARTESIAN_POINT('',(2.318431574043,1.448720433077));
#2643 = CARTESIAN_POINT('',(2.318183883108,1.448687337251));
#2644 = CARTESIAN_POINT('',(2.31793634713,1.4486542332));
#2645 = CARTESIAN_POINT('',(2.317688966003,1.448621120938));
#2646 = CARTESIAN_POINT('',(2.317441739618,1.448588000471));
#2647 = CARTESIAN_POINT('',(2.31719466787,1.44855487181));
#2648 = CARTESIAN_POINT('',(2.316947750652,1.448521734963));
#2649 = CARTESIAN_POINT('',(2.316577606458,1.448472017431));
#2650 = CARTESIAN_POINT('',(2.316454231758,1.448455438615));
#2651 = CARTESIAN_POINT('',(2.316330932831,1.448438862722));
#2652 = CARTESIAN_POINT('',(2.316207707269,1.448422289431));
#2653 = CARTESIAN_POINT('',(2.316084515865,1.448405713512));
#2654 = CARTESIAN_POINT('',(2.315961317275,1.448389129445));
#2655 = CARTESIAN_POINT('',(2.3158381027,1.448372536061));
#2656 = CARTESIAN_POINT('',(2.31571493055,1.448355941161));
#2657 = CARTESIAN_POINT('',(2.315468991696,1.448322791139));
#2658 = CARTESIAN_POINT('',(2.31534641159,1.448306260935));
#2659 = CARTESIAN_POINT('',(2.315224214787,1.448289774756));
#2660 = CARTESIAN_POINT('',(2.315102395264,1.44827333182));
#2661 = CARTESIAN_POINT('',(2.314980947004,1.448256931346));
#2662 = CARTESIAN_POINT('',(2.314859863984,1.44824057255));
#2663 = CARTESIAN_POINT('',(2.314739140186,1.448224254652));
#2664 = CARTESIAN_POINT('',(2.314618769588,1.44820797687));
#2665 = CARTESIAN_POINT('',(2.314018652504,1.448126784623));
#2666 = CARTESIAN_POINT('',(2.313544113731,1.448062460161));
#2667 = CARTESIAN_POINT('',(2.313074744561,1.447998714987));
#2668 = CARTESIAN_POINT('',(2.3126101597,1.447935499059));
#2669 = CARTESIAN_POINT('',(2.312149973856,1.44787276233));
#2670 = CARTESIAN_POINT('',(2.311693801737,1.447810454755));
#2671 = CARTESIAN_POINT('',(2.31124125805,1.447748526289));
#2672 = CARTESIAN_POINT('',(2.310791957503,1.447686926888));
#2673 = CARTESIAN_POINT('',(2.310345514802,1.447625606505));
#2674 = ( GEOMETRIC_REPRESENTATION_CONTEXT(2) 
PARAMETRIC_REPRESENTATION_CONTEXT() REPRESENTATION_CONTEXT('2D SPACE',''
  ) );
#2675 = PCURVE('',#1438,#2676);
#2676 = DEFINITIONAL_REPRESENTATION('',(#2677),#2681);
#2677 = LINE('',#2678,#2679);
#2678 = CARTESIAN_POINT('',(20.793311028108,0.));
#2679 = VECTOR('',#2680,1.);
#2680 = DIRECTION('',(0.,1.));
#2681 = ( GEOMETRIC_REPRESENTATION_CONTEXT(2) 
PARAMETRIC_REPRESENTATION_CONTEXT() REPRESENTATION_CONTEXT('2D SPACE',''
  ) );
#2682 = ORIENTED_EDGE('',*,*,#1552,.F.);
#2683 = ORIENTED_EDGE('',*,*,#592,.F.);
#2684 = ORIENTED_EDGE('',*,*,#1828,.F.);
#2685 = ORIENTED_EDGE('',*,*,#2686,.F.);
#2686 = EDGE_CURVE('',#1925,#1747,#2687,.T.);
#2687 = SURFACE_CURVE('',#2688,(#2709,#2803),.PCURVE_S1.);
#2688 = ( BOUNDED_CURVE() B_SPLINE_CURVE(10,(#2689,#2690,#2691,#2692,
    #2693,#2694,#2695,#2696,#2697,#2698,#2699,#2700,#2701,#2702,#2703,
    #2704,#2705,#2706,#2707,#2708),.UNSPECIFIED.,.F.,.F.) 
B_SPLINE_CURVE_WITH_KNOTS((11,9,11),(77.258573471257,88.800450166289,
88.925122479332),.UNSPECIFIED.) CURVE() GEOMETRIC_REPRESENTATION_ITEM() 
RATIONAL_B_SPLINE_CURVE((1.,1.,1.,0.999999999999,1.000000000001,
    0.999999999999,1.000000000001,1.,1.,1.,1.,1.,1.,1.,1.,1.,1.,1.,1.,1.
)) REPRESENTATION_ITEM('') );
#2689 = CARTESIAN_POINT('',(8.283070921322,0.,21.357394604463));
#2690 = CARTESIAN_POINT('',(8.283070921262,-1.154448574543,
    21.357394605612));
#2691 = CARTESIAN_POINT('',(8.283870346101,-2.308970573019,
    21.342503588595));
#2692 = CARTESIAN_POINT('',(8.285296750616,-3.462797499911,
    21.312822609408));
#2693 = CARTESIAN_POINT('',(8.28808423583,-4.617967970828,
    21.267932334302));
#2694 = CARTESIAN_POINT('',(8.290218043632,-5.768125735967,
    21.208966761359));
#2695 = CARTESIAN_POINT('',(8.295697825011,-6.925823837518,
    21.133809702772));
#2696 = CARTESIAN_POINT('',(8.298367964503,-8.075713730821,
    21.045314125878));
#2697 = CARTESIAN_POINT('',(8.306018309238,-9.236775109555,20.9397260739
    ));
#2698 = CARTESIAN_POINT('',(8.310413570289,-10.38194507413,
    20.820742605139));
#2699 = CARTESIAN_POINT('',(8.318475323636,-11.50077942285,
    20.690609756658));
#2700 = CARTESIAN_POINT('',(8.318576586027,-11.51207233706,
    20.689293002908));
#2701 = CARTESIAN_POINT('',(8.318694540159,-11.52276673442,
    20.688042770976));
#2702 = CARTESIAN_POINT('',(8.318831130239,-11.53292299587,
    20.686852139608));
#2703 = CARTESIAN_POINT('',(8.31898866497,-11.54259710805,
    20.685714630164));
#2704 = CARTESIAN_POINT('',(8.319169817545,-11.5518406633,
    20.684624206624));
#2705 = CARTESIAN_POINT('',(8.319377625653,-11.56070085971,
    20.683575275588));
#2706 = CARTESIAN_POINT('',(8.319615491475,-11.56922050105,
    20.68256268627));
#2707 = CARTESIAN_POINT('',(8.319887181687,-11.57743799683,
    20.681581730506));
#2708 = CARTESIAN_POINT('',(8.320196827458,-11.58538736226,
    20.680628142748));
#2709 = PCURVE('',#632,#2710);
#2710 = DEFINITIONAL_REPRESENTATION('',(#2711),#2802);
#2711 = B_SPLINE_CURVE_WITH_KNOTS('',9,(#2712,#2713,#2714,#2715,#2716,
    #2717,#2718,#2719,#2720,#2721,#2722,#2723,#2724,#2725,#2726,#2727,
    #2728,#2729,#2730,#2731,#2732,#2733,#2734,#2735,#2736,#2737,#2738,
    #2739,#2740,#2741,#2742,#2743,#2744,#2745,#2746,#2747,#2748,#2749,
    #2750,#2751,#2752,#2753,#2754,#2755,#2756,#2757,#2758,#2759,#2760,
    #2761,#2762,#2763,#2764,#2765,#2766,#2767,#2768,#2769,#2770,#2771,
    #2772,#2773,#2774,#2775,#2776,#2777,#2778,#2779,#2780,#2781,#2782,
    #2783,#2784,#2785,#2786,#2787,#2788,#2789,#2790,#2791,#2792,#2793,
    #2794,#2795,#2796,#2797,#2798,#2799,#2800,#2801),.UNSPECIFIED.,.F.,
  .F.,(10,8,8,8,8,8,8,8,8,8,8,10),(77.258573471257,83.091847975295,
    86.008485227313,87.466803853323,88.195963166327,88.56054282283,
    88.742832651081,88.788405108144,88.799798222409,88.811191336675,
    88.833977565206,88.925122479332),.UNSPECIFIED.);
#2712 = CARTESIAN_POINT('',(6.283185319138,1.488119208662));
#2713 = CARTESIAN_POINT('',(6.204918679791,1.488119208739));
#2714 = CARTESIAN_POINT('',(6.126649208559,1.487545334835));
#2715 = CARTESIAN_POINT('',(6.049790908458,1.4863991796));
#2716 = CARTESIAN_POINT('',(5.975713815791,1.484698004873));
#2717 = CARTESIAN_POINT('',(5.905587106021,1.482485917126));
#2718 = CARTESIAN_POINT('',(5.839901560744,1.479815034295));
#2719 = CARTESIAN_POINT('',(5.778845751617,1.476736586775));
#2720 = CARTESIAN_POINT('',(5.722338572451,1.473299295262));
#2721 = CARTESIAN_POINT('',(5.644102163516,1.467671594287));
#2722 = CARTESIAN_POINT('',(5.619110701728,1.465717067553));
#2723 = CARTESIAN_POINT('',(5.595181406269,1.463689473508));
#2724 = CARTESIAN_POINT('',(5.572281106707,1.461594110372));
#2725 = CARTESIAN_POINT('',(5.550371937167,1.459436015129));
#2726 = CARTESIAN_POINT('',(5.529413988869,1.457220014933));
#2727 = CARTESIAN_POINT('',(5.509367314922,1.454950830255));
#2728 = CARTESIAN_POINT('',(5.490193287547,1.452633229799));
#2729 = CARTESIAN_POINT('',(5.462686317592,1.449091740843));
#2730 = CARTESIAN_POINT('',(5.453726383869,1.447900400937));
#2731 = CARTESIAN_POINT('',(5.444970869713,1.446698834479));
#2732 = CARTESIAN_POINT('',(5.436415339688,1.445487681847));
#2733 = CARTESIAN_POINT('',(5.4280555596,1.444267606765));
#2734 = CARTESIAN_POINT('',(5.419887496526,1.443039296301));
#2735 = CARTESIAN_POINT('',(5.411907318779,1.441803460864));
#2736 = CARTESIAN_POINT('',(5.404111395937,1.440560834211));
#2737 = CARTESIAN_POINT('',(5.392688750274,1.438687843057));
#2738 = CARTESIAN_POINT('',(5.388926416226,1.438062004536));
#2739 = CARTESIAN_POINT('',(5.385208875431,1.437434753617));
#2740 = CARTESIAN_POINT('',(5.381535721398,1.436806187112));
#2741 = CARTESIAN_POINT('',(5.377906562417,1.436176402917));
#2742 = CARTESIAN_POINT('',(5.37432102153,1.4355455));
#2743 = CARTESIAN_POINT('',(5.370778736565,1.434913578412));
#2744 = CARTESIAN_POINT('',(5.367279360106,1.434280739277));
#2745 = CARTESIAN_POINT('',(5.362094159217,1.433330257563));
#2746 = CARTESIAN_POINT('',(5.360376399802,1.433013226354));
#2747 = CARTESIAN_POINT('',(5.35866924184,1.432696003844));
#2748 = CARTESIAN_POINT('',(5.356972645906,1.432378602706));
#2749 = CARTESIAN_POINT('',(5.355286572569,1.432061035611));
#2750 = CARTESIAN_POINT('',(5.353610982405,1.431743315233));
#2751 = CARTESIAN_POINT('',(5.351945835984,1.431425454242));
#2752 = CARTESIAN_POINT('',(5.350291093881,1.431107465311));
#2753 = CARTESIAN_POINT('',(5.347824528059,1.430630309011));
#2754 = CARTESIAN_POINT('',(5.347004931387,1.430471228133));
#2755 = CARTESIAN_POINT('',(5.346187921977,1.430312120014));
#2756 = CARTESIAN_POINT('',(5.345373495157,1.430152986195));
#2757 = CARTESIAN_POINT('',(5.344561646251,1.429993828214));
#2758 = CARTESIAN_POINT('',(5.343752370589,1.42983464761));
#2759 = CARTESIAN_POINT('',(5.342945663496,1.429675445922));
#2760 = CARTESIAN_POINT('',(5.3421415203,1.42951622469));
#2761 = CARTESIAN_POINT('',(5.341139540333,1.429317175642));
#2762 = CARTESIAN_POINT('',(5.340939304287,1.429277364704));
#2763 = CARTESIAN_POINT('',(5.340739228115,1.42923755266));
#2764 = CARTESIAN_POINT('',(5.340539311742,1.429197739535));
#2765 = CARTESIAN_POINT('',(5.340339555099,1.42915792535));
#2766 = CARTESIAN_POINT('',(5.340139958107,1.42911811013));
#2767 = CARTESIAN_POINT('',(5.339940520697,1.429078293898));
#2768 = CARTESIAN_POINT('',(5.339741242793,1.429038476677));
#2769 = CARTESIAN_POINT('',(5.339492344706,1.428988703944));
#2770 = CARTESIAN_POINT('',(5.339442575053,1.428978749337));
#2771 = CARTESIAN_POINT('',(5.339392815363,1.42896879467));
#2772 = CARTESIAN_POINT('',(5.339343065637,1.428958839943));
#2773 = CARTESIAN_POINT('',(5.33929332587,1.428948885157));
#2774 = CARTESIAN_POINT('',(5.339243596065,1.428938930312));
#2775 = CARTESIAN_POINT('',(5.339193876217,1.428928975409));
#2776 = CARTESIAN_POINT('',(5.339144166328,1.428919020447));
#2777 = CARTESIAN_POINT('',(5.339044766462,1.428899110408));
#2778 = CARTESIAN_POINT('',(5.338995169519,1.428889172864));
#2779 = CARTESIAN_POINT('',(5.338945864579,1.42887928839));
#2780 = CARTESIAN_POINT('',(5.338896920101,1.428869469861));
#2781 = CARTESIAN_POINT('',(5.338848324719,1.428859715112));
#2782 = CARTESIAN_POINT('',(5.338800028003,1.428850014618));
#2783 = CARTESIAN_POINT('',(5.338751981198,1.428840359165));
#2784 = CARTESIAN_POINT('',(5.338704177978,1.428830747536));
#2785 = CARTESIAN_POINT('',(5.338561729605,1.428802087473));
#2786 = CARTESIAN_POINT('',(5.338467898293,1.428783186137));
#2787 = CARTESIAN_POINT('',(5.338375179971,1.428764485899));
#2788 = CARTESIAN_POINT('',(5.338283553363,1.428745982483));
#2789 = CARTESIAN_POINT('',(5.338192997186,1.428727671613));
#2790 = CARTESIAN_POINT('',(5.338103490168,1.428709549015));
#2791 = CARTESIAN_POINT('',(5.338015011025,1.428691610412));
#2792 = CARTESIAN_POINT('',(5.337927538481,1.42867385153));
#2793 = CARTESIAN_POINT('',(5.337495102362,1.428585934343));
#2794 = CARTESIAN_POINT('',(5.337164941375,1.428518411135));
#2795 = CARTESIAN_POINT('',(5.336849284595,1.428453436569));
#2796 = CARTESIAN_POINT('',(5.336546952487,1.428390764386));
#2797 = CARTESIAN_POINT('',(5.336256869662,1.42833016396));
#2798 = CARTESIAN_POINT('',(5.335978064906,1.428271420305));
#2799 = CARTESIAN_POINT('',(5.335709671149,1.428214334068));
#2800 = CARTESIAN_POINT('',(5.33545092549,1.428158721535));
#2801 = CARTESIAN_POINT('',(5.33520116918,1.428104414628));
#2802 = ( GEOMETRIC_REPRESENTATION_CONTEXT(2) 
PARAMETRIC_REPRESENTATION_CONTEXT() REPRESENTATION_CONTEXT('2D SPACE',''
  ) );
#2803 = PCURVE('',#1761,#2804);
#2804 = DEFINITIONAL_REPRESENTATION('',(#2805),#2809);
#2805 = LINE('',#2806,#2807);
#2806 = CARTESIAN_POINT('',(11.666549008074,0.));
#2807 = VECTOR('',#2808,1.);
#2808 = DIRECTION('',(0.,1.));
#2809 = ( GEOMETRIC_REPRESENTATION_CONTEXT(2) 
PARAMETRIC_REPRESENTATION_CONTEXT() REPRESENTATION_CONTEXT('2D SPACE',''
  ) );
#2810 = ADVANCED_FACE('',(#2811),#1014,.T.);
#2811 = FACE_BOUND('',#2812,.T.);
#2812 = EDGE_LOOP('',(#2813,#2814,#2815,#2835,#2892));
#2813 = ORIENTED_EDGE('',*,*,#1255,.F.);
#2814 = ORIENTED_EDGE('',*,*,#998,.T.);
#2815 = ORIENTED_EDGE('',*,*,#2816,.T.);
#2816 = EDGE_CURVE('',#999,#2817,#2819,.T.);
#2817 = VERTEX_POINT('',#2818);
#2818 = CARTESIAN_POINT('',(9.495577392917,9.,19.716843045362));
#2819 = SURFACE_CURVE('',#2820,(#2823,#2829),.PCURVE_S1.);
#2820 = B_SPLINE_CURVE_WITH_KNOTS('',1,(#2821,#2822),.UNSPECIFIED.,.F.,
  .F.,(2,2),(0.,1.),.PIECEWISE_BEZIER_KNOTS.);
#2821 = CARTESIAN_POINT('',(9.9,9.,12.));
#2822 = CARTESIAN_POINT('',(9.187254201751,9.,25.6));
#2823 = PCURVE('',#1014,#2824);
#2824 = DEFINITIONAL_REPRESENTATION('',(#2825),#2828);
#2825 = B_SPLINE_CURVE_WITH_KNOTS('',1,(#2826,#2827),.UNSPECIFIED.,.F.,
  .F.,(2,2),(0.,1.),.PIECEWISE_BEZIER_KNOTS.);
#2826 = CARTESIAN_POINT('',(20.5,-13.61866390557));
#2827 = CARTESIAN_POINT('',(20.5,0.));
#2828 = ( GEOMETRIC_REPRESENTATION_CONTEXT(2) 
PARAMETRIC_REPRESENTATION_CONTEXT() REPRESENTATION_CONTEXT('2D SPACE',''
  ) );
#2829 = PCURVE('',#1043,#2830);
#2830 = DEFINITIONAL_REPRESENTATION('',(#2831),#2834);
#2831 = B_SPLINE_CURVE_WITH_KNOTS('',1,(#2832,#2833),.UNSPECIFIED.,.F.,
  .F.,(2,2),(0.,1.),.PIECEWISE_BEZIER_KNOTS.);
#2832 = CARTESIAN_POINT('',(6.28318530718,0.));
#2833 = CARTESIAN_POINT('',(6.28318530718,-13.6));
#2834 = ( GEOMETRIC_REPRESENTATION_CONTEXT(2) 
PARAMETRIC_REPRESENTATION_CONTEXT() REPRESENTATION_CONTEXT('2D SPACE',''
  ) );
#2835 = ORIENTED_EDGE('',*,*,#2836,.T.);
#2836 = EDGE_CURVE('',#2817,#2837,#2839,.T.);
#2837 = VERTEX_POINT('',#2838);
#2838 = CARTESIAN_POINT('',(9.473931468071,0.,20.129871896076));
#2839 = SURFACE_CURVE('',#2840,(#2861,#2885),.PCURVE_S1.);
#2840 = B_SPLINE_CURVE_WITH_KNOTS('',10,(#2841,#2842,#2843,#2844,#2845,
    #2846,#2847,#2848,#2849,#2850,#2851,#2852,#2853,#2854,#2855,#2856,
    #2857,#2858,#2859,#2860),.UNSPECIFIED.,.F.,.F.,(11,9,11),(
    68.135802882968,68.233728642463,77.258573471257),.UNSPECIFIED.);
#2841 = CARTESIAN_POINT('',(9.495577392917,9.,19.716843045362));
#2842 = CARTESIAN_POINT('',(9.495530664413,8.990268478168,
    19.717734678329));
#2843 = CARTESIAN_POINT('',(9.495483994626,8.98053851164,19.718625190922
    ));
#2844 = CARTESIAN_POINT('',(9.495437383655,8.970810105864,
    19.719514581229));
#2845 = CARTESIAN_POINT('',(9.4953908316,8.961083266287,19.720402847343)
  );
#2846 = CARTESIAN_POINT('',(9.495344338562,8.951357998358,
    19.721289987354));
#2847 = CARTESIAN_POINT('',(9.495297904641,8.941634307522,
    19.722175999353));
#2848 = CARTESIAN_POINT('',(9.495251529936,8.93191219923,19.723060881432
    ));
#2849 = CARTESIAN_POINT('',(9.495205214548,8.922191678928,
    19.723944631681));
#2850 = CARTESIAN_POINT('',(9.495158958577,8.912472752064,
    19.724827248191));
#2851 = CARTESIAN_POINT('',(9.490855293653,8.00720579941,19.806946066868
    ));
#2852 = CARTESIAN_POINT('',(9.487094514822,7.122222994253,
    19.878706001791));
#2853 = CARTESIAN_POINT('',(9.483806255073,6.229578750162,
    19.941449735536));
#2854 = CARTESIAN_POINT('',(9.480995138519,5.346502451926,
    19.995089034735));
#2855 = CARTESIAN_POINT('',(9.478631552231,4.451839285755,
    20.040188947774));
#2856 = CARTESIAN_POINT('',(9.476758087598,3.564650821388,
    20.075936782521));
#2857 = CARTESIAN_POINT('',(9.475342031461,2.672461213793,
    20.102956743229));
#2858 = CARTESIAN_POINT('',(9.474402269337,1.782039911157,20.12088847277
    ));
#2859 = CARTESIAN_POINT('',(9.473931467738,0.89098863985,20.12987190244)
  );
#2860 = CARTESIAN_POINT('',(9.473931468071,0.,20.129871896076));
#2861 = PCURVE('',#1014,#2862);
#2862 = DEFINITIONAL_REPRESENTATION('',(#2863),#2884);
#2863 = B_SPLINE_CURVE_WITH_KNOTS('',10,(#2864,#2865,#2866,#2867,#2868,
    #2869,#2870,#2871,#2872,#2873,#2874,#2875,#2876,#2877,#2878,#2879,
    #2880,#2881,#2882,#2883),.UNSPECIFIED.,.F.,.F.,(11,9,11),(
    68.135802882968,68.233728642463,77.258573471257),.UNSPECIFIED.);
#2864 = CARTESIAN_POINT('',(20.5,-5.89123068154));
#2865 = CARTESIAN_POINT('',(20.490268478168,-5.890337824944));
#2866 = CARTESIAN_POINT('',(20.48053851164,-5.88944609026));
#2867 = CARTESIAN_POINT('',(20.470810105864,-5.888555479401));
#2868 = CARTESIAN_POINT('',(20.461083266287,-5.887665994279));
#2869 = CARTESIAN_POINT('',(20.451357998358,-5.886777636805));
#2870 = CARTESIAN_POINT('',(20.441634307522,-5.885890408891));
#2871 = CARTESIAN_POINT('',(20.43191219923,-5.885004312447));
#2872 = CARTESIAN_POINT('',(20.422191678928,-5.884119349387));
#2873 = CARTESIAN_POINT('',(20.412472752064,-5.883235521622));
#2874 = CARTESIAN_POINT('',(19.50720579941,-5.801004007513));
#2875 = CARTESIAN_POINT('',(18.622222994253,-5.72914559313));
#2876 = CARTESIAN_POINT('',(17.729578750162,-5.666315753273));
#2877 = CARTESIAN_POINT('',(16.846502451926,-5.612602842397));
#2878 = CARTESIAN_POINT('',(15.951839285755,-5.567441036673));
#2879 = CARTESIAN_POINT('',(15.064650821388,-5.531644143528));
#2880 = CARTESIAN_POINT('',(14.172461213793,-5.504587102085));
#2881 = CARTESIAN_POINT('',(13.282039911157,-5.486630764007));
#2882 = CARTESIAN_POINT('',(12.39098863985,-5.477635005963));
#2883 = CARTESIAN_POINT('',(11.5,-5.477635012336));
#2884 = ( GEOMETRIC_REPRESENTATION_CONTEXT(2) 
PARAMETRIC_REPRESENTATION_CONTEXT() REPRESENTATION_CONTEXT('2D SPACE',''
  ) );
#2885 = PCURVE('',#2046,#2886);
#2886 = DEFINITIONAL_REPRESENTATION('',(#2887),#2891);
#2887 = LINE('',#2888,#2889);
#2888 = CARTESIAN_POINT('',(0.,0.));
#2889 = VECTOR('',#2890,1.);
#2890 = DIRECTION('',(0.,1.));
#2891 = ( GEOMETRIC_REPRESENTATION_CONTEXT(2) 
PARAMETRIC_REPRESENTATION_CONTEXT() REPRESENTATION_CONTEXT('2D SPACE',''
  ) );
#2892 = ORIENTED_EDGE('',*,*,#2893,.T.);
#2893 = EDGE_CURVE('',#2837,#1256,#2894,.T.);
#2894 = SURFACE_CURVE('',#2895,(#2916,#2940),.PCURVE_S1.);
#2895 = ( BOUNDED_CURVE() B_SPLINE_CURVE(10,(#2896,#2897,#2898,#2899,
    #2900,#2901,#2902,#2903,#2904,#2905,#2906,#2907,#2908,#2909,#2910,
    #2911,#2912,#2913,#2914,#2915),.UNSPECIFIED.,.F.,.F.) 
B_SPLINE_CURVE_WITH_KNOTS((11,9,11),(77.258573471257,88.800450166289,
88.925122479332),.UNSPECIFIED.) CURVE() GEOMETRIC_REPRESENTATION_ITEM() 
RATIONAL_B_SPLINE_CURVE((1.,1.,1.,0.999999999999,1.000000000001,
    0.999999999999,1.000000000001,1.,1.,1.,1.,1.,1.,1.,1.,1.,1.,1.,1.,1.
)) REPRESENTATION_ITEM('') );
#2896 = CARTESIAN_POINT('',(9.473931468071,0.,20.129871896076));
#2897 = CARTESIAN_POINT('',(9.473931468498,-1.139487231685,
    20.129871887936));
#2898 = CARTESIAN_POINT('',(9.474701487172,-2.279041675705,
    20.115179056358));
#2899 = CARTESIAN_POINT('',(9.476238683047,-3.417946357085,
    20.085847611751));
#2900 = CARTESIAN_POINT('',(9.478554667521,-4.55804477055,
    20.041655995434));
#2901 = CARTESIAN_POINT('',(9.481618132508,-5.693470768644,
    19.983201601281));
#2902 = CARTESIAN_POINT('',(9.485484881432,-6.834846193826,
    19.909419636518));
#2903 = CARTESIAN_POINT('',(9.490077253615,-7.965684242296,
    19.821791955181));
#2904 = CARTESIAN_POINT('',(9.495465978359,-9.104052962658,
    19.718968961766));
#2905 = CARTESIAN_POINT('',(9.501603881432,-10.23477997008,
    19.601850794251));
#2906 = CARTESIAN_POINT('',(9.508625966134,-11.38582385836,
    19.467861436231));
#2907 = CARTESIAN_POINT('',(9.508701547653,-11.39822198201,
    19.466419254923));
#2908 = CARTESIAN_POINT('',(9.508777608458,-11.41070878829,
    19.464967928312));
#2909 = CARTESIAN_POINT('',(9.508854087813,-11.42327600198,
    19.463508615276));
#2910 = CARTESIAN_POINT('',(9.50893092634,-11.43591610635,
    19.462042448852));
#2911 = CARTESIAN_POINT('',(9.509008066012,-11.44862234321,
    19.46057053623));
#2912 = CARTESIAN_POINT('',(9.509085450158,-11.4613887129,19.45909395876
    ));
#2913 = CARTESIAN_POINT('',(9.509163023462,-11.47420997426,
    19.457613771948));
#2914 = CARTESIAN_POINT('',(9.509240731961,-11.48708164466,
    19.456131005457));
#2915 = CARTESIAN_POINT('',(9.509318523047,-11.5,19.454646663107));
#2916 = PCURVE('',#1014,#2917);
#2917 = DEFINITIONAL_REPRESENTATION('',(#2918),#2939);
#2918 = ( BOUNDED_CURVE() B_SPLINE_CURVE(10,(#2919,#2920,#2921,#2922,
    #2923,#2924,#2925,#2926,#2927,#2928,#2929,#2930,#2931,#2932,#2933,
    #2934,#2935,#2936,#2937,#2938),.UNSPECIFIED.,.F.,.F.) 
B_SPLINE_CURVE_WITH_KNOTS((11,9,11),(77.258573471257,88.800450166289,
88.925122479332),.UNSPECIFIED.) CURVE() GEOMETRIC_REPRESENTATION_ITEM() 
RATIONAL_B_SPLINE_CURVE((1.,1.,1.,0.999999999999,1.000000000001,
    0.999999999999,1.000000000001,1.,1.,1.,1.,1.,1.,1.,1.,1.,1.,1.,1.,1.
)) REPRESENTATION_ITEM('') );
#2919 = CARTESIAN_POINT('',(11.5,-5.477635012336));
#2920 = CARTESIAN_POINT('',(10.360512768315,-5.477635020487));
#2921 = CARTESIAN_POINT('',(9.220958324295,-5.492348015713));
#2922 = CARTESIAN_POINT('',(8.082053642915,-5.521719713211));
#2923 = CARTESIAN_POINT('',(6.94195522945,-5.565971975716));
#2924 = CARTESIAN_POINT('',(5.806529231356,-5.624506589523));
#2925 = CARTESIAN_POINT('',(4.665153806174,-5.69838980867));
#2926 = CARTESIAN_POINT('',(3.534315757704,-5.786137745504));
#2927 = CARTESIAN_POINT('',(2.395947037342,-5.889101847643));
#2928 = CARTESIAN_POINT('',(1.265220029916,-6.006380741806));
#2929 = CARTESIAN_POINT('',(0.114176141632,-6.140553979586));
#2930 = CARTESIAN_POINT('',(0.101778017988,-6.141998140065));
#2931 = CARTESIAN_POINT('',(8.9291211706E-02,-6.143451458399));
#2932 = CARTESIAN_POINT('',(7.672399802E-02,-6.144912774117));
#2933 = CARTESIAN_POINT('',(6.408389365E-02,-6.146380952629));
#2934 = CARTESIAN_POINT('',(5.1377656783E-02,-6.147854885224));
#2935 = CARTESIAN_POINT('',(3.8611287097E-02,-6.149333489069));
#2936 = CARTESIAN_POINT('',(2.5790025738E-02,-6.15081570721));
#2937 = CARTESIAN_POINT('',(1.2918355337E-02,-6.152300508569));
#2938 = CARTESIAN_POINT('',(0.,-6.153786887951));
#2939 = ( GEOMETRIC_REPRESENTATION_CONTEXT(2) 
PARAMETRIC_REPRESENTATION_CONTEXT() REPRESENTATION_CONTEXT('2D SPACE',''
  ) );
#2940 = PCURVE('',#1761,#2941);
#2941 = DEFINITIONAL_REPRESENTATION('',(#2942),#2946);
#2942 = LINE('',#2943,#2944);
#2943 = CARTESIAN_POINT('',(0.,0.));
#2944 = VECTOR('',#2945,1.);
#2945 = DIRECTION('',(0.,1.));
#2946 = ( GEOMETRIC_REPRESENTATION_CONTEXT(2) 
PARAMETRIC_REPRESENTATION_CONTEXT() REPRESENTATION_CONTEXT('2D SPACE',''
  ) );
#2947 = ADVANCED_FACE('',(#2948),#1043,.T.);
#2948 = FACE_BOUND('',#2949,.T.);
#2949 = EDGE_LOOP('',(#2950,#2951,#2952,#2953));
#2950 = ORIENTED_EDGE('',*,*,#2816,.F.);
#2951 = ORIENTED_EDGE('',*,*,#1026,.T.);
#2952 = ORIENTED_EDGE('',*,*,#1340,.T.);
#2953 = ORIENTED_EDGE('',*,*,#2954,.T.);
#2954 = EDGE_CURVE('',#1341,#2817,#2955,.T.);
#2955 = SURFACE_CURVE('',#2956,(#3019,#3085),.PCURVE_S1.);
#2956 = ( BOUNDED_CURVE() B_SPLINE_CURVE(13,(#2957,#2958,#2959,#2960,
    #2961,#2962,#2963,#2964,#2965,#2966,#2967,#2968,#2969,#2970,#2971,
    #2972,#2973,#2974,#2975,#2976,#2977,#2978,#2979,#2980,#2981,#2982,
    #2983,#2984,#2985,#2986,#2987,#2988,#2989,#2990,#2991,#2992,#2993,
    #2994,#2995,#2996,#2997,#2998,#2999,#3000,#3001,#3002,#3003,#3004,
    #3005,#3006,#3007,#3008,#3009,#3010,#3011,#3012,#3013,#3014,#3015,
#3016,#3017,#3018),.UNSPECIFIED.,.F.,.F.) B_SPLINE_CURVE_WITH_KNOTS((14,
    12,12,12,12,14),(38.56636306572,39.363015268433,42.305562254421,
46.044761443121,53.33433679582,68.135802882968),.UNSPECIFIED.) CURVE() 
GEOMETRIC_REPRESENTATION_ITEM() RATIONAL_B_SPLINE_CURVE((1.,1.,
    1.000000000001,0.999999999998,1.000000000003,0.999999999996,
    1.000000000005,0.999999999996,1.000000000003,0.999999999999,1.,1.,1.
    ,1.,0.999999999998,1.000000000005,0.999999999989,1.000000000016,
    0.99999999998,1.000000000019,0.999999999985,1.000000000009,
    0.999999999996,1.000000000001,1.,1.,1.,0.999999999999,1.000000000002
    ,0.999999999998,1.000000000002,0.999999999998,1.000000000001,
    0.999999999999,1.,1.,1.,1.,1.000000000001,0.999999999999,
    1.000000000003,0.999999999997,1.000000000004,0.999999999997,
    1.000000000002,0.999999999999,1.,1.,1.,1.,0.999999999999,
    1.000000000002,0.999999999995,1.000000000007,0.999999999991,
    1.000000000008,0.999999999994,1.000000000004,0.999999999998,
1.000000000001,1.,1.)) REPRESENTATION_ITEM('') );
#2957 = CARTESIAN_POINT('',(-9.49558337547,9.,19.716728891278));
#2958 = CARTESIAN_POINT('',(-9.49583784082,9.06108288759,19.711873403288
    ));
#2959 = CARTESIAN_POINT('',(-9.49566676,9.122457407465,19.706998238469)
  );
#2960 = CARTESIAN_POINT('',(-9.49506516297,9.183937089627,
    19.702115628295));
#2961 = CARTESIAN_POINT('',(-9.49403141332,9.245423151385,
    19.697232151287));
#2962 = CARTESIAN_POINT('',(-9.49256579007,9.306875120902,
    19.692350599586));
#2963 = CARTESIAN_POINT('',(-9.49066937726,9.368286791712,
    19.687471511704));
#2964 = CARTESIAN_POINT('',(-9.48834326304,9.429667507864,
    19.682594371452));
#2965 = CARTESIAN_POINT('',(-9.48558804587,9.491028780119,
    19.677718473052));
#2966 = CARTESIAN_POINT('',(-9.48240365074,9.55237623277,19.672843452412
    ));
#2967 = CARTESIAN_POINT('',(-9.47878945236,9.613706881437,
    19.667969484595));
#2968 = CARTESIAN_POINT('',(-9.474744708,9.67501174161,19.663097147458)
  );
#2969 = CARTESIAN_POINT('',(-9.47026929804,9.736283768048,
    19.658226951466));
#2970 = CARTESIAN_POINT('',(-9.44724923104,10.023756854358,
    19.63537635713));
#2971 = CARTESIAN_POINT('',(-9.42327069574,10.249588999556,
    19.617421239274));
#2972 = CARTESIAN_POINT('',(-9.39343595706,10.474861035071,
    19.599506442433));
#2973 = CARTESIAN_POINT('',(-9.35775693958,10.699407093991,
    19.581645188331));
#2974 = CARTESIAN_POINT('',(-9.31625070475,10.923061968122,
    19.563850660099));
#2975 = CARTESIAN_POINT('',(-9.26893945116,11.145661107835,
    19.546136002285));
#2976 = CARTESIAN_POINT('',(-9.21585051408,11.36704062223,
    19.528514320849));
#2977 = CARTESIAN_POINT('',(-9.15701636609,11.587037279015,
    19.51099868316));
#2978 = CARTESIAN_POINT('',(-9.09247461639,11.805488504545,
    19.493602118005));
#2979 = CARTESIAN_POINT('',(-9.02226801142,12.022232383865,
    19.476337615578));
#2980 = CARTESIAN_POINT('',(-8.946444434396,12.237107660621,
    19.459218127491));
#2981 = CARTESIAN_POINT('',(-8.865056905595,12.44995373715,
    19.442256566763));
#2982 = CARTESIAN_POINT('',(-8.667745143426,12.928299942481,
    19.404129192823));
#2983 = CARTESIAN_POINT('',(-8.54843498399,13.192462606277,
    19.383067688374));
#2984 = CARTESIAN_POINT('',(-8.420351131908,13.452773519636,
    19.362307488059));
#2985 = CARTESIAN_POINT('',(-8.283623926296,13.70891355829,
    19.341874324583));
#2986 = CARTESIAN_POINT('',(-8.138396017233,13.960569619842,
    19.321793469801));
#2987 = CARTESIAN_POINT('',(-7.984822366059,14.20743462381,
    19.302089734678));
#2988 = CARTESIAN_POINT('',(-7.823070244911,14.449207511574,
    19.28278746935));
#2989 = CARTESIAN_POINT('',(-7.653319237318,14.685593246429,
    19.263910563044));
#2990 = CARTESIAN_POINT('',(-7.475761237569,14.916302813537,
    19.245482444168));
#2991 = CARTESIAN_POINT('',(-7.290600451272,15.14105321997,
    19.227526080227));
#2992 = CARTESIAN_POINT('',(-7.09805339494,15.359567494673,
    19.210063977888));
#2993 = CARTESIAN_POINT('',(-6.898348896248,15.571574688492,
    19.193118182937));
#2994 = CARTESIAN_POINT('',(-6.288920478656,16.176916227261,
    19.144723045449));
#2995 = CARTESIAN_POINT('',(-5.859826093314,16.551306562246,
    19.11477829732));
#2996 = CARTESIAN_POINT('',(-5.406220675899,16.898043759409,
    19.087033681288));
#2997 = CARTESIAN_POINT('',(-4.9300612976,17.215327687219,19.06163603543
    ));
#2998 = CARTESIAN_POINT('',(-4.433462672124,17.50151273318,
    19.038719855677));
#2999 = CARTESIAN_POINT('',(-3.918675400805,17.755123359288,
    19.018405933708));
#3000 = CARTESIAN_POINT('',(-3.388066154157,17.974867682835,
    19.000800167535));
#3001 = CARTESIAN_POINT('',(-2.844099788903,18.159649081332,
    18.985992544847));
#3002 = CARTESIAN_POINT('',(-2.289323401642,18.308575823196,
    18.974056299039));
#3003 = CARTESIAN_POINT('',(-1.72635231796,18.420968722353,
    18.965047238004));
#3004 = CARTESIAN_POINT('',(-1.157858018034,18.496366818511,
    18.959003245607));
#3005 = CARTESIAN_POINT('',(-0.586557997951,18.534531081699,
    18.955943955917));
#3006 = CARTESIAN_POINT('',(1.144918176093,18.537304169882,
    18.955721651399));
#3007 = CARTESIAN_POINT('',(2.305353204155,18.385786997297,
    18.967858376918));
#3008 = CARTESIAN_POINT('',(3.442578126385,18.0789679971,18.992530371831
    ));
#3009 = CARTESIAN_POINT('',(4.53689243253,17.630707510298,
    19.028126177792));
#3010 = CARTESIAN_POINT('',(5.557942415368,17.014777030505,
    19.07839783353));
#3011 = CARTESIAN_POINT('',(6.501858296118,16.326551298496,
    19.131597603562));
#3012 = CARTESIAN_POINT('',(7.334713482465,15.42199593192,
    19.206895325888));
#3013 = CARTESIAN_POINT('',(8.041499856229,14.543385829431,
    19.273535506879));
#3014 = CARTESIAN_POINT('',(8.630829348483,13.469444242301,
    19.362664923991));
#3015 = CARTESIAN_POINT('',(9.061904968403,12.408874182162,
    19.444622760617));
#3016 = CARTESIAN_POINT('',(9.358910626879,11.282814951526,
    19.535840527469));
#3017 = CARTESIAN_POINT('',(9.500312449605,10.132632250932,
    19.626492781464));
#3018 = CARTESIAN_POINT('',(9.495577392917,9.,19.716843045362));
#3019 = PCURVE('',#1043,#3020);
#3020 = DEFINITIONAL_REPRESENTATION('',(#3021),#3084);
#3021 = B_SPLINE_CURVE_WITH_KNOTS('',11,(#3022,#3023,#3024,#3025,#3026,
    #3027,#3028,#3029,#3030,#3031,#3032,#3033,#3034,#3035,#3036,#3037,
    #3038,#3039,#3040,#3041,#3042,#3043,#3044,#3045,#3046,#3047,#3048,
    #3049,#3050,#3051,#3052,#3053,#3054,#3055,#3056,#3057,#3058,#3059,
    #3060,#3061,#3062,#3063,#3064,#3065,#3066,#3067,#3068,#3069,#3070,
    #3071,#3072,#3073,#3074,#3075,#3076,#3077,#3078,#3079,#3080,#3081,
    #3082,#3083),.UNSPECIFIED.,.F.,.F.,(12,10,10,10,10,10,12),(
    38.56636306572,40.414453054298,42.262543042876,45.958723020032,
    53.351082974344,60.743442928656,68.135802882968),.UNSPECIFIED.);
#3022 = CARTESIAN_POINT('',(3.14159265359,-7.716728891278));
#3023 = CARTESIAN_POINT('',(3.15922876884,-7.703417056933));
#3024 = CARTESIAN_POINT('',(3.177097685208,-7.689954689069));
#3025 = CARTESIAN_POINT('',(3.194776035872,-7.676606313457));
#3026 = CARTESIAN_POINT('',(3.212416335449,-7.663303037782));
#3027 = CARTESIAN_POINT('',(3.230334704455,-7.649819591604));
#3028 = CARTESIAN_POINT('',(3.247875199391,-7.6366045093));
#3029 = CARTESIAN_POINT('',(3.265750720561,-7.623195726843));
#3030 = CARTESIAN_POINT('',(3.283428281064,-7.609942224284));
#3031 = CARTESIAN_POINT('',(3.301192219484,-7.596669241436));
#3032 = CARTESIAN_POINT('',(3.318937484181,-7.583448290415));
#3033 = CARTESIAN_POINT('',(3.354439658215,-7.557091363097));
#3034 = CARTESIAN_POINT('',(3.372193893918,-7.543957122148));
#3035 = CARTESIAN_POINT('',(3.389951289481,-7.530872684883));
#3036 = CARTESIAN_POINT('',(3.407711856077,-7.517843632267));
#3037 = CARTESIAN_POINT('',(3.425475604878,-7.504875545283));
#3038 = CARTESIAN_POINT('',(3.443242547057,-7.491974004886));
#3039 = CARTESIAN_POINT('',(3.461012693787,-7.479144592065));
#3040 = CARTESIAN_POINT('',(3.478786056241,-7.466392887774));
#3041 = CARTESIAN_POINT('',(3.496562645591,-7.453724472998));
#3042 = CARTESIAN_POINT('',(3.51434247301,-7.441144928701));
#3043 = CARTESIAN_POINT('',(3.567691702995,-7.403689650165));
#3044 = CARTESIAN_POINT('',(3.603271187601,-7.379095917347));
#3045 = CARTESIAN_POINT('',(3.638864149405,-7.354922944571));
#3046 = CARTESIAN_POINT('',(3.674471075607,-7.331213838366));
#3047 = CARTESIAN_POINT('',(3.710092660971,-7.308010576672));
#3048 = CARTESIAN_POINT('',(3.745729674051,-7.285354081131));
#3049 = CARTESIAN_POINT('',(3.781382823479,-7.263284289022));
#3050 = CARTESIAN_POINT('',(3.817052624198,-7.241840225608));
#3051 = CARTESIAN_POINT('',(3.852739263735,-7.221060076101));
#3052 = CARTESIAN_POINT('',(3.88844246845,-7.200981257918));
#3053 = CARTESIAN_POINT('',(3.995599172482,-7.14295896242));
#3054 = CARTESIAN_POINT('',(4.067100976242,-7.107227114499));
#3055 = CARTESIAN_POINT('',(4.138664247327,-7.074731390982));
#3056 = CARTESIAN_POINT('',(4.210282199333,-7.045734434673));
#3057 = CARTESIAN_POINT('',(4.281947054831,-7.020470178995));
#3058 = CARTESIAN_POINT('',(4.353652010139,-6.999139701743));
#3059 = CARTESIAN_POINT('',(4.425391903541,-6.981907841389));
#3060 = CARTESIAN_POINT('',(4.497162586574,-6.968900577702));
#3061 = CARTESIAN_POINT('',(4.568958998781,-6.960203174843));
#3062 = CARTESIAN_POINT('',(4.640771945573,-6.955859088531));
#3063 = CARTESIAN_POINT('',(4.784395213368,-6.955880183737));
#3064 = CARTESIAN_POINT('',(4.856205105092,-6.960245461291));
#3065 = CARTESIAN_POINT('',(4.928003006288,-6.968964722162));
#3066 = CARTESIAN_POINT('',(4.99977435331,-6.981993388676));
#3067 = CARTESIAN_POINT('',(5.071509806149,-6.999244834399));
#3068 = CARTESIAN_POINT('',(5.143206506952,-7.020592502353));
#3069 = CARTESIAN_POINT('',(5.214864452892,-7.045872245252));
#3070 = CARTESIAN_POINT('',(5.286481377742,-7.074884775408));
#3071 = CARTESIAN_POINT('',(5.358049536984,-7.107398110196));
#3072 = CARTESIAN_POINT('',(5.429557790817,-7.143149900621));
#3073 = CARTESIAN_POINT('',(5.572446968819,-7.220549157827));
#3074 = CARTESIAN_POINT('',(5.643829185898,-7.262199772156));
#3075 = CARTESIAN_POINT('',(5.715134177417,-7.306498241049));
#3076 = CARTESIAN_POINT('',(5.786401679195,-7.35319827325));
#3077 = CARTESIAN_POINT('',(5.857548194421,-7.401837611769));
#3078 = CARTESIAN_POINT('',(5.928715606732,-7.452282068988));
#3079 = CARTESIAN_POINT('',(5.999772068582,-7.503983660369));
#3080 = CARTESIAN_POINT('',(6.070637321045,-7.556494826445));
#3081 = CARTESIAN_POINT('',(6.141767928092,-7.610076591016));
#3082 = CARTESIAN_POINT('',(6.212781428755,-7.663514656416));
#3083 = CARTESIAN_POINT('',(6.28318530718,-7.716843045362));
#3084 = ( GEOMETRIC_REPRESENTATION_CONTEXT(2) 
PARAMETRIC_REPRESENTATION_CONTEXT() REPRESENTATION_CONTEXT('2D SPACE',''
  ) );
#3085 = PCURVE('',#2278,#3086);
#3086 = DEFINITIONAL_REPRESENTATION('',(#3087),#3091);
#3087 = LINE('',#3088,#3089);
#3088 = CARTESIAN_POINT('',(0.,0.));
#3089 = VECTOR('',#3090,1.);
#3090 = DIRECTION('',(0.,1.));
#3091 = ( GEOMETRIC_REPRESENTATION_CONTEXT(2) 
PARAMETRIC_REPRESENTATION_CONTEXT() REPRESENTATION_CONTEXT('2D SPACE',''
  ) );
#3092 = ADVANCED_FACE('',(#3093),#1097,.F.);
#3093 = FACE_BOUND('',#3094,.F.);
#3094 = EDGE_LOOP('',(#3095,#3115,#3116,#3136));
#3095 = ORIENTED_EDGE('',*,*,#3096,.F.);
#3096 = EDGE_CURVE('',#1080,#3097,#3099,.T.);
#3097 = VERTEX_POINT('',#3098);
#3098 = CARTESIAN_POINT('',(-7.1,-13.61278685084,19.388467026293));
#3099 = SURFACE_CURVE('',#3100,(#3103,#3109),.PCURVE_S1.);
#3100 = B_SPLINE_CURVE_WITH_KNOTS('',1,(#3101,#3102),.UNSPECIFIED.,.F.,
  .F.,(2,2),(0.,1.),.PIECEWISE_BEZIER_KNOTS.);
#3101 = CARTESIAN_POINT('',(-7.1,-14.,12.));
#3102 = CARTESIAN_POINT('',(-7.1,-13.28725420175,25.6));
#3103 = PCURVE('',#1097,#3104);
#3104 = DEFINITIONAL_REPRESENTATION('',(#3105),#3108);
#3105 = B_SPLINE_CURVE_WITH_KNOTS('',1,(#3106,#3107),.UNSPECIFIED.,.F.,
  .F.,(2,2),(0.,1.),.PIECEWISE_BEZIER_KNOTS.);
#3106 = CARTESIAN_POINT('',(0.,-13.61866390557));
#3107 = CARTESIAN_POINT('',(0.,0.));
#3108 = ( GEOMETRIC_REPRESENTATION_CONTEXT(2) 
PARAMETRIC_REPRESENTATION_CONTEXT() REPRESENTATION_CONTEXT('2D SPACE',''
  ) );
#3109 = PCURVE('',#1126,#3110);
#3110 = DEFINITIONAL_REPRESENTATION('',(#3111),#3114);
#3111 = B_SPLINE_CURVE_WITH_KNOTS('',1,(#3112,#3113),.UNSPECIFIED.,.F.,
  .F.,(2,2),(0.,1.),.PIECEWISE_BEZIER_KNOTS.);
#3112 = CARTESIAN_POINT('',(4.712388980385,0.));
#3113 = CARTESIAN_POINT('',(4.712388980385,-13.6));
#3114 = ( GEOMETRIC_REPRESENTATION_CONTEXT(2) 
PARAMETRIC_REPRESENTATION_CONTEXT() REPRESENTATION_CONTEXT('2D SPACE',''
  ) );
#3115 = ORIENTED_EDGE('',*,*,#1079,.T.);
#3116 = ORIENTED_EDGE('',*,*,#3117,.T.);
#3117 = EDGE_CURVE('',#1082,#3118,#3120,.T.);
#3118 = VERTEX_POINT('',#3119);
#3119 = CARTESIAN_POINT('',(7.1,-13.61278658032,19.388472188224));
#3120 = SURFACE_CURVE('',#3121,(#3124,#3130),.PCURVE_S1.);
#3121 = B_SPLINE_CURVE_WITH_KNOTS('',1,(#3122,#3123),.UNSPECIFIED.,.F.,
  .F.,(2,2),(0.,1.),.PIECEWISE_BEZIER_KNOTS.);
#3122 = CARTESIAN_POINT('',(7.1,-14.,12.));
#3123 = CARTESIAN_POINT('',(7.1,-13.28725420175,25.6));
#3124 = PCURVE('',#1097,#3125);
#3125 = DEFINITIONAL_REPRESENTATION('',(#3126),#3129);
#3126 = B_SPLINE_CURVE_WITH_KNOTS('',1,(#3127,#3128),.UNSPECIFIED.,.F.,
  .F.,(2,2),(0.,1.),.PIECEWISE_BEZIER_KNOTS.);
#3127 = CARTESIAN_POINT('',(14.2,-13.61866390557));
#3128 = CARTESIAN_POINT('',(14.2,0.));
#3129 = ( GEOMETRIC_REPRESENTATION_CONTEXT(2) 
PARAMETRIC_REPRESENTATION_CONTEXT() REPRESENTATION_CONTEXT('2D SPACE',''
  ) );
#3130 = PCURVE('',#1238,#3131);
#3131 = DEFINITIONAL_REPRESENTATION('',(#3132),#3135);
#3132 = B_SPLINE_CURVE_WITH_KNOTS('',1,(#3133,#3134),.UNSPECIFIED.,.F.,
  .F.,(2,2),(0.,1.),.PIECEWISE_BEZIER_KNOTS.);
#3133 = CARTESIAN_POINT('',(6.28318530718,0.));
#3134 = CARTESIAN_POINT('',(6.28318530718,-13.6));
#3135 = ( GEOMETRIC_REPRESENTATION_CONTEXT(2) 
PARAMETRIC_REPRESENTATION_CONTEXT() REPRESENTATION_CONTEXT('2D SPACE',''
  ) );
#3136 = ORIENTED_EDGE('',*,*,#3137,.T.);
#3137 = EDGE_CURVE('',#3118,#3097,#3138,.T.);
#3138 = SURFACE_CURVE('',#3139,(#3167,#3198),.PCURVE_S1.);
#3139 = B_SPLINE_CURVE_WITH_KNOTS('',9,(#3140,#3141,#3142,#3143,#3144,
    #3145,#3146,#3147,#3148,#3149,#3150,#3151,#3152,#3153,#3154,#3155,
    #3156,#3157,#3158,#3159,#3160,#3161,#3162,#3163,#3164,#3165,#3166),
  .UNSPECIFIED.,.F.,.F.,(10,9,8,10),(-5.631716348308E-02,0.,
    14.197381006121,14.25385694443),.UNSPECIFIED.);
#3140 = CARTESIAN_POINT('',(7.1,-13.61278658032,19.388472188224));
#3141 = CARTESIAN_POINT('',(7.093322893085,-13.61276186182,
    19.388943845313));
#3142 = CARTESIAN_POINT('',(7.086647245951,-13.6127370731,19.38941684223
    ));
#3143 = CARTESIAN_POINT('',(7.079972868796,-13.61271221346,
    19.389891192355));
#3144 = CARTESIAN_POINT('',(7.073299571815,-13.6126872822,19.39036690907
    ));
#3145 = CARTESIAN_POINT('',(7.066627165211,-13.61266227863,
    19.390844005755));
#3146 = CARTESIAN_POINT('',(7.059955459173,-13.61263720203,
    19.391322495793));
#3147 = CARTESIAN_POINT('',(7.053284263908,-13.6126120517,
    19.391802392563));
#3148 = CARTESIAN_POINT('',(7.046613389605,-13.61258682695,
    19.392283709447));
#3149 = CARTESIAN_POINT('',(7.039942646468,-13.61256152708,
    19.392766459827));
#3150 = CARTESIAN_POINT('',(5.478240917333,-13.60663851996,
    19.505784168204));
#3151 = CARTESIAN_POINT('',(3.914539828367,-13.60219354844,
    19.590599277469));
#3152 = CARTESIAN_POINT('',(2.349045324312,-13.59922984998,
    19.647150012751));
#3153 = CARTESIAN_POINT('',(0.783770123331,-13.59774519875,
    19.675478845921));
#3154 = CARTESIAN_POINT('',(-0.784085718496,-13.5977485515,
    19.675414871593));
#3155 = CARTESIAN_POINT('',(-2.348177008498,-13.59922826594,
    19.647180238135));
#3156 = CARTESIAN_POINT('',(-3.914520172233,-13.6021940271,
    19.590590143998));
#3157 = CARTESIAN_POINT('',(-5.476840541977,-13.60663315662,
    19.50588650695));
#3158 = CARTESIAN_POINT('',(-7.048087650351,-13.61259167262,
    19.392191248532));
#3159 = CARTESIAN_POINT('',(-7.054394392724,-13.6126155561,
    19.391735524587));
#3160 = CARTESIAN_POINT('',(-7.060770860222,-13.61263966734,
    19.391275454789));
#3161 = CARTESIAN_POINT('',(-7.067206745049,-13.61266396213,
    19.390811882566));
#3162 = CARTESIAN_POINT('',(-7.073692930035,-13.61268839925,
    19.39034559451));
#3163 = CARTESIAN_POINT('',(-7.080221488634,-13.61271294046,
    19.389877320368));
#3164 = CARTESIAN_POINT('',(-7.086785684921,-13.61273755049,
    19.389407733047));
#3165 = CARTESIAN_POINT('',(-7.093379973601,-13.61276219705,
    19.388937448613));
#3166 = CARTESIAN_POINT('',(-7.1,-13.61278685084,19.388467026293));
#3167 = PCURVE('',#1097,#3168);
#3168 = DEFINITIONAL_REPRESENTATION('',(#3169),#3197);
#3169 = B_SPLINE_CURVE_WITH_KNOTS('',9,(#3170,#3171,#3172,#3173,#3174,
    #3175,#3176,#3177,#3178,#3179,#3180,#3181,#3182,#3183,#3184,#3185,
    #3186,#3187,#3188,#3189,#3190,#3191,#3192,#3193,#3194,#3195,#3196),
  .UNSPECIFIED.,.F.,.F.,(10,9,8,10),(-5.631716348308E-02,0.,
    14.197381006121,14.25385694443),.UNSPECIFIED.);
#3170 = CARTESIAN_POINT('',(14.2,-6.220052177109));
#3171 = CARTESIAN_POINT('',(14.193322893085,-6.219579872744));
#3172 = CARTESIAN_POINT('',(14.186647245951,-6.219106226711));
#3173 = CARTESIAN_POINT('',(14.179972868796,-6.218631225614));
#3174 = CARTESIAN_POINT('',(14.173299571815,-6.218154856051));
#3175 = CARTESIAN_POINT('',(14.166627165211,-6.217677104624));
#3176 = CARTESIAN_POINT('',(14.159955459173,-6.217197957932));
#3177 = CARTESIAN_POINT('',(14.153284263908,-6.216717402578));
#3178 = CARTESIAN_POINT('',(14.146613389605,-6.216235425161));
#3179 = CARTESIAN_POINT('',(14.139942646468,-6.21575201228));
#3180 = CARTESIAN_POINT('',(12.578240917333,-6.102579204503));
#3181 = CARTESIAN_POINT('',(11.014539828367,-6.017647699562));
#3182 = CARTESIAN_POINT('',(9.449045324312,-5.961019357105));
#3183 = CARTESIAN_POINT('',(7.883770123331,-5.932651646974));
#3184 = CARTESIAN_POINT('',(6.315914281504,-5.932715709097));
#3185 = CARTESIAN_POINT('',(4.751822991502,-5.960989090242));
#3186 = CARTESIAN_POINT('',(3.185479827767,-6.017656845568));
#3187 = CARTESIAN_POINT('',(1.623159458023,-6.102476725313));
#3188 = CARTESIAN_POINT('',(5.1912349649E-02,-6.216328012964));
#3189 = CARTESIAN_POINT('',(4.5605607276E-02,-6.21678436232));
#3190 = CARTESIAN_POINT('',(3.9229139778E-02,-6.217245063493));
#3191 = CARTESIAN_POINT('',(3.2793254951E-02,-6.217709271897));
#3192 = CARTESIAN_POINT('',(2.6307069965E-02,-6.218176199862));
#3193 = CARTESIAN_POINT('',(1.9778511366E-02,-6.218645116638));
#3194 = CARTESIAN_POINT('',(1.3214315079E-02,-6.219115348395));
#3195 = CARTESIAN_POINT('',(6.620026399E-03,-6.219586278222));
#3196 = CARTESIAN_POINT('',(0.,-6.220057346124));
#3197 = ( GEOMETRIC_REPRESENTATION_CONTEXT(2) 
PARAMETRIC_REPRESENTATION_CONTEXT() REPRESENTATION_CONTEXT('2D SPACE',''
  ) );
#3198 = PCURVE('',#3199,#3281);
#3199 = ( BOUNDED_SURFACE() B_SPLINE_SURFACE(2,9,(
    (#3200,#3201,#3202,#3203,#3204,#3205,#3206,#3207,#3208,#3209,#3210
      ,#3211,#3212,#3213,#3214,#3215,#3216,#3217,#3218,#3219,#3220,#3221
      ,#3222,#3223,#3224,#3225,#3226)
    ,(#3227,#3228,#3229,#3230,#3231,#3232,#3233,#3234,#3235,#3236,#3237
      ,#3238,#3239,#3240,#3241,#3242,#3243,#3244,#3245,#3246,#3247,#3248
      ,#3249,#3250,#3251,#3252,#3253)
    ,(#3254,#3255,#3256,#3257,#3258,#3259,#3260,#3261,#3262,#3263,#3264
      ,#3265,#3266,#3267,#3268,#3269,#3270,#3271,#3272,#3273,#3274,#3275
      ,#3276,#3277,#3278,#3279,#3280
)),.UNSPECIFIED.,.F.,.F.,.F.) B_SPLINE_SURFACE_WITH_KNOTS((3,3),(10,9,8,
    10),(0.,14.310174107913),(-5.631716348308E-02,0.,14.197381006121,
14.25385694443),.UNSPECIFIED.) GEOMETRIC_REPRESENTATION_ITEM() 
RATIONAL_B_SPLINE_SURFACE((
    (1.,1.,1.,1.,1.,1.,1.,1.,1.,1.,1.,1.,1.,1.,1.,1.,1.,1.,1.,1.,1.,1.
      ,1.,1.,1.,1.,1.)
    ,(0.767816397889,0.767811375812,0.767806982136,0.767803216678
      ,0.767800079254,0.767797569682,0.767795687777,0.767794433358
      ,0.76779380624,0.76779380624,0.76779380624,0.767793059953
      ,0.767797580059,0.767784275357,0.767809252852,0.767775967827
      ,0.767809360088,0.767784204274,0.767798404302,0.767798807739
      ,0.767799585966,0.767800775126,0.767802419883,0.767804573423
      ,0.767807297455,0.767810662214,0.767814746454)
    ,(1.,1.,1.,1.,1.,1.,1.,1.,1.,1.,1.,1.,1.,1.,1.,1.,1.,1.,1.,1.,1.,1.
,1.,1.,1.,1.,1.))) REPRESENTATION_ITEM('') SURFACE() );
#3200 = CARTESIAN_POINT('',(7.1,-13.61278658032,19.388472188224));
#3201 = CARTESIAN_POINT('',(7.093322893085,-13.61276186182,
    19.388943845313));
#3202 = CARTESIAN_POINT('',(7.086647245951,-13.6127370731,19.38941684223
    ));
#3203 = CARTESIAN_POINT('',(7.079972868796,-13.61271221346,
    19.389891192355));
#3204 = CARTESIAN_POINT('',(7.073299571815,-13.6126872822,19.39036690907
    ));
#3205 = CARTESIAN_POINT('',(7.066627165211,-13.61266227863,
    19.390844005755));
#3206 = CARTESIAN_POINT('',(7.059955459173,-13.61263720203,
    19.391322495793));
#3207 = CARTESIAN_POINT('',(7.053284263908,-13.6126120517,
    19.391802392563));
#3208 = CARTESIAN_POINT('',(7.046613389605,-13.61258682695,
    19.392283709447));
#3209 = CARTESIAN_POINT('',(7.039942646468,-13.61256152708,
    19.392766459827));
#3210 = CARTESIAN_POINT('',(5.478240917333,-13.60663851996,
    19.505784168204));
#3211 = CARTESIAN_POINT('',(3.914539828367,-13.60219354844,
    19.590599277469));
#3212 = CARTESIAN_POINT('',(2.349045324312,-13.59922984998,
    19.647150012751));
#3213 = CARTESIAN_POINT('',(0.783770123331,-13.59774519875,
    19.675478845921));
#3214 = CARTESIAN_POINT('',(-0.784085718496,-13.5977485515,
    19.675414871593));
#3215 = CARTESIAN_POINT('',(-2.348177008498,-13.59922826594,
    19.647180238135));
#3216 = CARTESIAN_POINT('',(-3.914520172233,-13.6021940271,
    19.590590143998));
#3217 = CARTESIAN_POINT('',(-5.476840541977,-13.60663315662,
    19.50588650695));
#3218 = CARTESIAN_POINT('',(-7.048087650351,-13.61259167262,
    19.392191248532));
#3219 = CARTESIAN_POINT('',(-7.054394392724,-13.6126155561,
    19.391735524587));
#3220 = CARTESIAN_POINT('',(-7.060770860222,-13.61263966734,
    19.391275454789));
#3221 = CARTESIAN_POINT('',(-7.067206745049,-13.61266396213,
    19.390811882566));
#3222 = CARTESIAN_POINT('',(-7.073692930035,-13.61268839925,
    19.39034559451));
#3223 = CARTESIAN_POINT('',(-7.080221488634,-13.61271294046,
    19.389877320368));
#3224 = CARTESIAN_POINT('',(-7.086785684921,-13.61273755049,
    19.389407733047));
#3225 = CARTESIAN_POINT('',(-7.093379973601,-13.61276219705,
    19.388937448613));
#3226 = CARTESIAN_POINT('',(-7.1,-13.61278685084,19.388467026293));
#3227 = CARTESIAN_POINT('',(7.156489312136,-13.56921737963,
    20.219822061972));
#3228 = CARTESIAN_POINT('',(7.150237796473,-13.56919347503,
    20.220278188742));
#3229 = CARTESIAN_POINT('',(7.143987528756,-13.56916959955,
    20.220733760038));
#3230 = CARTESIAN_POINT('',(7.137738337286,-13.56914575252,
    20.221188788499));
#3231 = CARTESIAN_POINT('',(7.131490050354,-13.56912193328,
    20.221643286769));
#3232 = CARTESIAN_POINT('',(7.125242496231,-13.56909814116,
    20.222097267493));
#3233 = CARTESIAN_POINT('',(7.118995503182,-13.5690743755,
    20.222550743322));
#3234 = CARTESIAN_POINT('',(7.112748899458,-13.56905063563,
    20.223003726907));
#3235 = CARTESIAN_POINT('',(7.106502513302,-13.5690269209,
    20.223456230906));
#3236 = CARTESIAN_POINT('',(7.100256172947,-13.56900323064,
    20.223908267975));
#3237 = CARTESIAN_POINT('',(5.525174826488,-13.56302947916,
    20.33789423659));
#3238 = CARTESIAN_POINT('',(3.9480916483,-13.55854627714,20.423438827195
    ));
#3239 = CARTESIAN_POINT('',(2.369105003502,-13.55555810011,
    20.480456641493));
#3240 = CARTESIAN_POINT('',(0.790626678713,-13.5540580355,
    20.509079579397));
#3241 = CARTESIAN_POINT('',(-0.790991485502,-13.55406643589,
    20.508919290366));
#3242 = CARTESIAN_POINT('',(-2.36829385738,-13.55555166059,
    20.480579514783));
#3243 = CARTESIAN_POINT('',(-3.948849274131,-13.55854999626,
    20.423367862092));
#3244 = CARTESIAN_POINT('',(-5.524816054323,-13.56302811405,
    20.337920284459));
#3245 = CARTESIAN_POINT('',(-7.106514796855,-13.56902697289,
    20.22345523895));
#3246 = CARTESIAN_POINT('',(-7.112781270843,-13.56905076368,
    20.223001283586));
#3247 = CARTESIAN_POINT('',(-7.119047551235,-13.5690745779,
    20.222546881195));
#3248 = CARTESIAN_POINT('',(-7.125313798707,-13.5690984162,
    20.222092019359));
#3249 = CARTESIAN_POINT('',(-7.131580187509,-13.56912227929,
    20.221636684407));
#3250 = CARTESIAN_POINT('',(-7.137846905118,-13.56914616796,
    20.221180861447));
#3251 = CARTESIAN_POINT('',(-7.144114151886,-13.56917008305,
    20.220724534385));
#3252 = CARTESIAN_POINT('',(-7.150382140691,-13.56919402546,
    20.220267685953));
#3253 = CARTESIAN_POINT('',(-7.156651096586,-13.56921799616,
    20.219810297739));
#3254 = CARTESIAN_POINT('',(7.144425070438,-12.74184581392,
    20.327258911116));
#3255 = CARTESIAN_POINT('',(7.14071322469,-12.74174867342,
    20.327539488516));
#3256 = CARTESIAN_POINT('',(7.137002653595,-12.74166191922,
    20.327818478548));
#3257 = CARTESIAN_POINT('',(7.133293224199,-12.74158555119,
    20.32809589096));
#3258 = CARTESIAN_POINT('',(7.129584803555,-12.74151956925,
    20.328371735503));
#3259 = CARTESIAN_POINT('',(7.125877258705,-12.74146397327,
    20.328646021925));
#3260 = CARTESIAN_POINT('',(7.122170456704,-12.74141876314,
    20.328918759976));
#3261 = CARTESIAN_POINT('',(7.118464264593,-12.74138393876,
    20.329189959406));
#3262 = CARTESIAN_POINT('',(7.114758549427,-12.74135950001,
    20.329459629963));
#3263 = CARTESIAN_POINT('',(7.111053178251,-12.74134544679,
    20.329727781398));
#3264 = CARTESIAN_POINT('',(5.533576684174,-12.73536261132,
    20.443887082789));
#3265 = CARTESIAN_POINT('',(3.954080642873,-12.73086039173,
    20.529562910378));
#3266 = CARTESIAN_POINT('',(2.372773206502,-12.72794159408,20.5866606336
    ));
#3267 = CARTESIAN_POINT('',(0.791685972032,-12.72622150609,
    20.615346966853));
#3268 = CARTESIAN_POINT('',(-0.792002797088,-12.72663915072,
    20.615148287715));
#3269 = CARTESIAN_POINT('',(-2.372921235674,-12.72757714473,
    20.586881304038));
#3270 = CARTESIAN_POINT('',(-3.958499780894,-12.73113356829,
    20.529440820615));
#3271 = CARTESIAN_POINT('',(-5.538947973022,-12.73523309371,
    20.443353716005));
#3272 = CARTESIAN_POINT('',(-7.10696727354,-12.74140598003,
    20.330013790684));
#3273 = CARTESIAN_POINT('',(-7.112744481166,-12.74143455144,
    20.329595020125));
#3274 = CARTESIAN_POINT('',(-7.11814853854,-12.74146792551,
    20.329202069991));
#3275 = CARTESIAN_POINT('',(-7.123235567994,-12.74150690854,
    20.32883087957));
#3276 = CARTESIAN_POINT('',(-7.1280554423,-12.74155242391,
    20.328477806392));
#3277 = CARTESIAN_POINT('',(-7.132651784679,-12.74160551215,
    20.32813962623));
#3278 = CARTESIAN_POINT('',(-7.137061968793,-12.74166733088,
    20.327813533098));
#3279 = CARTESIAN_POINT('',(-7.141317118749,-12.74173915485,
    20.327497139253));
#3280 = CARTESIAN_POINT('',(-7.145442109099,-12.7418223759,
    20.327188475193));
#3281 = DEFINITIONAL_REPRESENTATION('',(#3282),#3286);
#3282 = LINE('',#3283,#3284);
#3283 = CARTESIAN_POINT('',(0.,0.));
#3284 = VECTOR('',#3285,1.);
#3285 = DIRECTION('',(0.,1.));
#3286 = ( GEOMETRIC_REPRESENTATION_CONTEXT(2) 
PARAMETRIC_REPRESENTATION_CONTEXT() REPRESENTATION_CONTEXT('2D SPACE',''
  ) );
#3287 = ADVANCED_FACE('',(#3288),#1238,.F.);
#3288 = FACE_BOUND('',#3289,.F.);
#3289 = EDGE_LOOP('',(#3290,#3291,#3292,#3312));
#3290 = ORIENTED_EDGE('',*,*,#3117,.F.);
#3291 = ORIENTED_EDGE('',*,*,#1223,.T.);
#3292 = ORIENTED_EDGE('',*,*,#3293,.T.);
#3293 = EDGE_CURVE('',#1196,#3294,#3296,.T.);
#3294 = VERTEX_POINT('',#3295);
#3295 = CARTESIAN_POINT('',(9.21014802201,-11.5,19.438818880008));
#3296 = SURFACE_CURVE('',#3297,(#3300,#3306),.PCURVE_S1.);
#3297 = B_SPLINE_CURVE_WITH_KNOTS('',1,(#3298,#3299),.UNSPECIFIED.,.F.,
  .F.,(2,2),(0.,1.),.PIECEWISE_BEZIER_KNOTS.);
#3298 = CARTESIAN_POINT('',(9.6,-11.5,12.));
#3299 = CARTESIAN_POINT('',(8.887254201751,-11.5,25.6));
#3300 = PCURVE('',#1238,#3301);
#3301 = DEFINITIONAL_REPRESENTATION('',(#3302),#3305);
#3302 = B_SPLINE_CURVE_WITH_KNOTS('',1,(#3303,#3304),.UNSPECIFIED.,.F.,
  .F.,(2,2),(0.,1.),.PIECEWISE_BEZIER_KNOTS.);
#3303 = CARTESIAN_POINT('',(4.712388980385,0.));
#3304 = CARTESIAN_POINT('',(4.712388980385,-13.6));
#3305 = ( GEOMETRIC_REPRESENTATION_CONTEXT(2) 
PARAMETRIC_REPRESENTATION_CONTEXT() REPRESENTATION_CONTEXT('2D SPACE',''
  ) );
#3306 = PCURVE('',#1211,#3307);
#3307 = DEFINITIONAL_REPRESENTATION('',(#3308),#3311);
#3308 = B_SPLINE_CURVE_WITH_KNOTS('',1,(#3309,#3310),.UNSPECIFIED.,.F.,
  .F.,(2,2),(0.,1.),.PIECEWISE_BEZIER_KNOTS.);
#3309 = CARTESIAN_POINT('',(0.,-13.61866390557));
#3310 = CARTESIAN_POINT('',(0.,0.));
#3311 = ( GEOMETRIC_REPRESENTATION_CONTEXT(2) 
PARAMETRIC_REPRESENTATION_CONTEXT() REPRESENTATION_CONTEXT('2D SPACE',''
  ) );
#3312 = ORIENTED_EDGE('',*,*,#3313,.T.);
#3313 = EDGE_CURVE('',#3294,#3118,#3314,.T.);
#3314 = SURFACE_CURVE('',#3315,(#3334,#3361),.PCURVE_S1.);
#3315 = B_SPLINE_CURVE_WITH_KNOTS('',9,(#3316,#3317,#3318,#3319,#3320,
    #3321,#3322,#3323,#3324,#3325,#3326,#3327,#3328,#3329,#3330,#3331,
    #3332,#3333),.UNSPECIFIED.,.F.,.F.,(10,8,10),(87.544783585047,
    88.944714241568,90.644601735916),.UNSPECIFIED.);
#3316 = CARTESIAN_POINT('',(9.21014802201,-11.5,19.438818880008));
#3317 = CARTESIAN_POINT('',(9.21067919536,-11.66080178434,
    19.428683488714));
#3318 = CARTESIAN_POINT('',(9.19739769627,-11.82907420299,
    19.418991429824));
#3319 = CARTESIAN_POINT('',(9.168140542124,-11.99105339135,
    19.40985918454));
#3320 = CARTESIAN_POINT('',(9.126352619423,-12.15222730741,
    19.401607476928));
#3321 = CARTESIAN_POINT('',(9.068689254425,-12.30996774901,
    19.393859515349));
#3322 = CARTESIAN_POINT('',(8.998012226596,-12.4616024375,19.38721743318
    ));
#3323 = CARTESIAN_POINT('',(8.913664855526,-12.60681564962,
    19.381377932168));
#3324 = CARTESIAN_POINT('',(8.816902242811,-12.74366631918,
    19.376574096688));
#3325 = CARTESIAN_POINT('',(8.577075181953,-13.0257208243,
    19.368214290572));
#3326 = CARTESIAN_POINT('',(8.428565179422,-13.16639300657,
    19.365155721817));
#3327 = CARTESIAN_POINT('',(8.264764261204,-13.2908301843,
    19.363700201792));
#3328 = CARTESIAN_POINT('',(8.08787067034,-13.39698922385,
    19.363890636073));
#3329 = CARTESIAN_POINT('',(7.900391915252,-13.48323446971,
    19.365732934317));
#3330 = CARTESIAN_POINT('',(7.705029158271,-13.54840641707,
    19.369195370423));
#3331 = CARTESIAN_POINT('',(7.504601753655,-13.59181054131,
    19.374210166939));
#3332 = CARTESIAN_POINT('',(7.301980728506,-13.61319508218,
    19.380677508382));
#3333 = CARTESIAN_POINT('',(7.1,-13.61278658032,19.388472188224));
#3334 = PCURVE('',#1238,#3335);
#3335 = DEFINITIONAL_REPRESENTATION('',(#3336),#3360);
#3336 = B_SPLINE_CURVE_WITH_KNOTS('',8,(#3337,#3338,#3339,#3340,#3341,
    #3342,#3343,#3344,#3345,#3346,#3347,#3348,#3349,#3350,#3351,#3352,
    #3353,#3354,#3355,#3356,#3357,#3358,#3359),.UNSPECIFIED.,.F.,.F.,(9,
    7,7,9),(87.544783585047,88.319738122765,89.094692660482,
    90.644601735916),.UNSPECIFIED.);
#3337 = CARTESIAN_POINT('',(4.712388980385,-7.438818880008));
#3338 = CARTESIAN_POINT('',(4.759845967895,-7.432506941721));
#3339 = CARTESIAN_POINT('',(4.808678244236,-7.426368868836));
#3340 = CARTESIAN_POINT('',(4.857405272323,-7.420439255435));
#3341 = CARTESIAN_POINT('',(4.90606681285,-7.414768413967));
#3342 = CARTESIAN_POINT('',(4.954792163433,-7.409373238698));
#3343 = CARTESIAN_POINT('',(5.003564997197,-7.40426266425));
#3344 = CARTESIAN_POINT('',(5.052426513539,-7.399467583281));
#3345 = CARTESIAN_POINT('',(5.150292713897,-7.39054259157));
#3346 = CARTESIAN_POINT('',(5.199299829463,-7.386413055146));
#3347 = CARTESIAN_POINT('',(5.248376751952,-7.382637391205));
#3348 = CARTESIAN_POINT('',(5.297506995898,-7.379235042143));
#3349 = CARTESIAN_POINT('',(5.346712250577,-7.376206879206));
#3350 = CARTESIAN_POINT('',(5.395948965761,-7.373592306129));
#3351 = CARTESIAN_POINT('',(5.445232697542,-7.371381092345));
#3352 = CARTESIAN_POINT('',(5.593176907698,-7.366008381438));
#3353 = CARTESIAN_POINT('',(5.691936213281,-7.364102365753));
#3354 = CARTESIAN_POINT('',(5.79076176946,-7.363938942023));
#3355 = CARTESIAN_POINT('',(5.889550701092,-7.365541023555));
#3356 = CARTESIAN_POINT('',(5.988239642737,-7.368884716005));
#3357 = CARTESIAN_POINT('',(6.086785687188,-7.373900229767));
#3358 = CARTESIAN_POINT('',(6.185125085799,-7.380476849885));
#3359 = CARTESIAN_POINT('',(6.28318530718,-7.388472188224));
#3360 = ( GEOMETRIC_REPRESENTATION_CONTEXT(2) 
PARAMETRIC_REPRESENTATION_CONTEXT() REPRESENTATION_CONTEXT('2D SPACE',''
  ) );
#3361 = PCURVE('',#3362,#3417);
#3362 = ( BOUNDED_SURFACE() B_SPLINE_SURFACE(2,9,(
    (#3363,#3364,#3365,#3366,#3367,#3368,#3369,#3370,#3371,#3372,#3373
      ,#3374,#3375,#3376,#3377,#3378,#3379,#3380)
    ,(#3381,#3382,#3383,#3384,#3385,#3386,#3387,#3388,#3389,#3390,#3391
      ,#3392,#3393,#3394,#3395,#3396,#3397,#3398)
    ,(#3399,#3400,#3401,#3402,#3403,#3404,#3405,#3406,#3407,#3408,#3409
      ,#3410,#3411,#3412,#3413,#3414,#3415,#3416
)),.UNSPECIFIED.,.F.,.F.,.F.) B_SPLINE_SURFACE_WITH_KNOTS((3,3),(10,8,10
    ),(0.,3.099818150869),(87.544783585047,88.944714241568,
90.644601735916),.UNSPECIFIED.) GEOMETRIC_REPRESENTATION_ITEM() 
RATIONAL_B_SPLINE_SURFACE((
    (1.,1.,1.,1.,1.,1.,1.,1.,1.,1.,1.,1.,1.,1.,1.,1.,1.,1.)
    ,(0.753253605955,0.756138233159,0.759115556946,0.761640724558
      ,0.764121726839,0.766250268197,0.768197166659,0.769835185413
      ,0.771199295799,0.77356262327,0.77442348655,0.774832176741
      ,0.77477831858,0.774260779597,0.773287269308,0.771872834267
      ,0.77003913588,0.767816397889)
    ,(1.,1.,1.,1.,1.,1.,1.,1.,1.,1.,1.,1.,1.,1.,1.,1.,1.,1.
))) REPRESENTATION_ITEM('') SURFACE() );
#3363 = CARTESIAN_POINT('',(9.21014802201,-11.5,19.438818880008));
#3364 = CARTESIAN_POINT('',(9.21067919536,-11.66080178434,
    19.428683488714));
#3365 = CARTESIAN_POINT('',(9.19739769627,-11.82907420299,
    19.418991429824));
#3366 = CARTESIAN_POINT('',(9.168140542124,-11.99105339135,
    19.40985918454));
#3367 = CARTESIAN_POINT('',(9.126352619423,-12.15222730741,
    19.401607476928));
#3368 = CARTESIAN_POINT('',(9.068689254425,-12.30996774901,
    19.393859515349));
#3369 = CARTESIAN_POINT('',(8.998012226596,-12.4616024375,19.38721743318
    ));
#3370 = CARTESIAN_POINT('',(8.913664855526,-12.60681564962,
    19.381377932168));
#3371 = CARTESIAN_POINT('',(8.816902242811,-12.74366631918,
    19.376574096688));
#3372 = CARTESIAN_POINT('',(8.577075181953,-13.0257208243,
    19.368214290572));
#3373 = CARTESIAN_POINT('',(8.428565179422,-13.16639300657,
    19.365155721817));
#3374 = CARTESIAN_POINT('',(8.264764261204,-13.2908301843,
    19.363700201792));
#3375 = CARTESIAN_POINT('',(8.08787067034,-13.39698922385,
    19.363890636073));
#3376 = CARTESIAN_POINT('',(7.900391915252,-13.48323446971,
    19.365732934317));
#3377 = CARTESIAN_POINT('',(7.705029158271,-13.54840641707,
    19.369195370423));
#3378 = CARTESIAN_POINT('',(7.504601753655,-13.59181054131,
    19.374210166939));
#3379 = CARTESIAN_POINT('',(7.301980728506,-13.61319508218,
    19.380677508382));
#3380 = CARTESIAN_POINT('',(7.1,-13.61278658032,19.388472188224));
#3381 = CARTESIAN_POINT('',(9.164729389229,-11.59657544662,
    20.30545802028));
#3382 = CARTESIAN_POINT('',(9.158315920257,-11.75044231737,
    20.287943569943));
#3383 = CARTESIAN_POINT('',(9.138600201057,-11.90406434744,
    20.271415575758));
#3384 = CARTESIAN_POINT('',(9.10624688538,-12.05553338941,
    20.256049599617));
#3385 = CARTESIAN_POINT('',(9.060845335385,-12.20591092118,
    20.241748217966));
#3386 = CARTESIAN_POINT('',(9.002704103592,-12.35065591013,
    20.229026557211));
#3387 = CARTESIAN_POINT('',(8.932458026854,-12.49118398817,
    20.217667535494));
#3388 = CARTESIAN_POINT('',(8.850488027847,-12.62467477151,
    20.207978106374));
#3389 = CARTESIAN_POINT('',(8.757641973741,-12.75063658672,
    20.19995299094));
#3390 = CARTESIAN_POINT('',(8.530282045962,-13.00974526092,
    20.186070026288));
#3391 = CARTESIAN_POINT('',(8.390878546151,-13.1391332713,
    20.181004409611));
#3392 = CARTESIAN_POINT('',(8.237974955074,-13.25413726077,
    20.178595153591));
#3393 = CARTESIAN_POINT('',(8.073520000562,-13.35298247893,
    20.178909421093));
#3394 = CARTESIAN_POINT('',(7.899634382585,-13.43425794288,
    20.181959155221));
#3395 = CARTESIAN_POINT('',(7.718554203038,-13.49696687153,
    20.187699242379));
#3396 = CARTESIAN_POINT('',(7.532685615873,-13.54048176129,
    20.196028854536));
#3397 = CARTESIAN_POINT('',(7.344561232403,-13.56451519128,
    20.206798097122));
#3398 = CARTESIAN_POINT('',(7.156489312136,-13.56921737963,
    20.219822061972));
#3399 = CARTESIAN_POINT('',(8.295246479488,-11.57036634446,
    20.38138970786));
#3400 = CARTESIAN_POINT('',(8.298321206625,-11.67986638515,
    20.368332089568));
#3401 = CARTESIAN_POINT('',(8.292556970707,-11.74097715571,
    20.361536042142));
#3402 = CARTESIAN_POINT('',(8.28631858913,-11.84184961608,
    20.350178211637));
#3403 = CARTESIAN_POINT('',(8.25979758125,-11.93364455123,
    20.341288655158));
#3404 = CARTESIAN_POINT('',(8.234297682107,-12.01666209858,
    20.333413728219));
#3405 = CARTESIAN_POINT('',(8.195555428019,-12.10553466113,
    20.325769161622));
#3406 = CARTESIAN_POINT('',(8.150935906461,-12.18579510001,
    20.319582920118));
#3407 = CARTESIAN_POINT('',(8.098403066106,-12.26311682415,
    20.314308902614));
#3408 = CARTESIAN_POINT('',(7.967147878382,-12.42188700853,
    20.305177136467));
#3409 = CARTESIAN_POINT('',(7.885193032692,-12.50101790971,
    20.301825045438));
#3410 = CARTESIAN_POINT('',(7.793978293953,-12.57086126477,
    20.300235539951));
#3411 = CARTESIAN_POINT('',(7.695348143392,-12.62999480662,
    20.300442291688));
#3412 = CARTESIAN_POINT('',(7.590742411746,-12.67744577104,
    20.302455158863));
#3413 = CARTESIAN_POINT('',(7.481415246258,-12.71264197298,
    20.306250117658));
#3414 = CARTESIAN_POINT('',(7.369181173396,-12.73517764609,
    20.311742939123));
#3415 = CARTESIAN_POINT('',(7.256464096862,-12.74477792045,
    20.318789911897));
#3416 = CARTESIAN_POINT('',(7.144425070438,-12.74184581392,
    20.327258911116));
#3417 = DEFINITIONAL_REPRESENTATION('',(#3418),#3422);
#3418 = LINE('',#3419,#3420);
#3419 = CARTESIAN_POINT('',(0.,0.));
#3420 = VECTOR('',#3421,1.);
#3421 = DIRECTION('',(0.,1.));
#3422 = ( GEOMETRIC_REPRESENTATION_CONTEXT(2) 
PARAMETRIC_REPRESENTATION_CONTEXT() REPRESENTATION_CONTEXT('2D SPACE',''
  ) );
#3423 = ADVANCED_FACE('',(#3424),#1211,.F.);
#3424 = FACE_BOUND('',#3425,.F.);
#3425 = EDGE_LOOP('',(#3426,#3427,#3428,#3448,#3566));
#3426 = ORIENTED_EDGE('',*,*,#3293,.F.);
#3427 = ORIENTED_EDGE('',*,*,#1195,.T.);
#3428 = ORIENTED_EDGE('',*,*,#3429,.T.);
#3429 = EDGE_CURVE('',#1167,#3430,#3432,.T.);
#3430 = VERTEX_POINT('',#3431);
#3431 = CARTESIAN_POINT('',(9.196403862373,9.,19.701073068696));
#3432 = SURFACE_CURVE('',#3433,(#3436,#3442),.PCURVE_S1.);
#3433 = B_SPLINE_CURVE_WITH_KNOTS('',1,(#3434,#3435),.UNSPECIFIED.,.F.,
  .F.,(2,2),(0.,1.),.PIECEWISE_BEZIER_KNOTS.);
#3434 = CARTESIAN_POINT('',(9.6,9.,12.));
#3435 = CARTESIAN_POINT('',(8.887254201751,9.,25.6));
#3436 = PCURVE('',#1211,#3437);
#3437 = DEFINITIONAL_REPRESENTATION('',(#3438),#3441);
#3438 = B_SPLINE_CURVE_WITH_KNOTS('',1,(#3439,#3440),.UNSPECIFIED.,.F.,
  .F.,(2,2),(0.,1.),.PIECEWISE_BEZIER_KNOTS.);
#3439 = CARTESIAN_POINT('',(20.5,-13.61866390557));
#3440 = CARTESIAN_POINT('',(20.5,0.));
#3441 = ( GEOMETRIC_REPRESENTATION_CONTEXT(2) 
PARAMETRIC_REPRESENTATION_CONTEXT() REPRESENTATION_CONTEXT('2D SPACE',''
  ) );
#3442 = PCURVE('',#1183,#3443);
#3443 = DEFINITIONAL_REPRESENTATION('',(#3444),#3447);
#3444 = B_SPLINE_CURVE_WITH_KNOTS('',1,(#3445,#3446),.UNSPECIFIED.,.F.,
  .F.,(2,2),(0.,1.),.PIECEWISE_BEZIER_KNOTS.);
#3445 = CARTESIAN_POINT('',(6.28318530718,0.));
#3446 = CARTESIAN_POINT('',(6.28318530718,-13.6));
#3447 = ( GEOMETRIC_REPRESENTATION_CONTEXT(2) 
PARAMETRIC_REPRESENTATION_CONTEXT() REPRESENTATION_CONTEXT('2D SPACE',''
  ) );
#3448 = ORIENTED_EDGE('',*,*,#3449,.T.);
#3449 = EDGE_CURVE('',#3430,#3450,#3452,.T.);
#3450 = VERTEX_POINT('',#3451);
#3451 = CARTESIAN_POINT('',(9.174756107246,0.,20.114136843266));
#3452 = SURFACE_CURVE('',#3453,(#3474,#3498),.PCURVE_S1.);
#3453 = ( BOUNDED_CURVE() B_SPLINE_CURVE(10,(#3454,#3455,#3456,#3457,
    #3458,#3459,#3460,#3461,#3462,#3463,#3464,#3465,#3466,#3467,#3468,
    #3469,#3470,#3471,#3472,#3473),.UNSPECIFIED.,.F.,.F.) 
B_SPLINE_CURVE_WITH_KNOTS((11,9,11),(66.807211823091,66.882819478001,
75.906981436365),.UNSPECIFIED.) CURVE() GEOMETRIC_REPRESENTATION_ITEM() 
RATIONAL_B_SPLINE_CURVE((1.,1.,1.,1.,1.,1.,1.,1.,1.,1.,1.,1.,1.,
    0.999999999999,1.000000000001,0.999999999999,1.,1.,1.,1.)) 
REPRESENTATION_ITEM('') );
#3454 = CARTESIAN_POINT('',(9.196403862373,9.,19.701073068696));
#3455 = CARTESIAN_POINT('',(9.196367731327,8.992483837251,
    19.701762490123));
#3456 = CARTESIAN_POINT('',(9.196331635539,8.984968491738,
    19.702451238785));
#3457 = CARTESIAN_POINT('',(9.196295575044,8.977453965058,
    19.703139314023));
#3458 = CARTESIAN_POINT('',(9.196259549876,8.969940258809,19.70382671518
    ));
#3459 = CARTESIAN_POINT('',(9.196223560069,8.96242737459,19.704513441598
    ));
#3460 = CARTESIAN_POINT('',(9.196187605659,8.954915313995,
    19.705199492618));
#3461 = CARTESIAN_POINT('',(9.196151686679,8.947404078627,
    19.705884867583));
#3462 = CARTESIAN_POINT('',(9.196115803164,8.939893670079,
    19.706569565835));
#3463 = CARTESIAN_POINT('',(9.196079955149,8.932384089952,
    19.707253586716));
#3464 = CARTESIAN_POINT('',(9.191769739075,8.028667446864,
    19.789497408769));
#3465 = CARTESIAN_POINT('',(9.187993144656,7.141445954801,
    19.861559123094));
#3466 = CARTESIAN_POINT('',(9.184679984398,6.246066835849,19.92477798686
    ));
#3467 = CARTESIAN_POINT('',(9.181859796521,5.360646698219,
    19.978590377218));
#3468 = CARTESIAN_POINT('',(9.179478906076,4.463484286891,
    20.024020473232));
#3469 = CARTESIAN_POINT('',(9.177598657563,3.574042081951,
    20.059897752118));
#3470 = CARTESIAN_POINT('',(9.176173733899,2.679474418621,
    20.087086915333));
#3471 = CARTESIAN_POINT('',(9.175229449251,1.786724465569,
    20.105104939769));
#3472 = CARTESIAN_POINT('',(9.174756106986,0.89333010598,20.11413684822)
  );
#3473 = CARTESIAN_POINT('',(9.174756107246,0.,20.114136843266));
#3474 = PCURVE('',#1211,#3475);
#3475 = DEFINITIONAL_REPRESENTATION('',(#3476),#3497);
#3476 = ( BOUNDED_CURVE() B_SPLINE_CURVE(10,(#3477,#3478,#3479,#3480,
    #3481,#3482,#3483,#3484,#3485,#3486,#3487,#3488,#3489,#3490,#3491,
    #3492,#3493,#3494,#3495,#3496),.UNSPECIFIED.,.F.,.F.) 
B_SPLINE_CURVE_WITH_KNOTS((11,9,11),(66.807211823091,66.882819478001,
75.906981436365),.UNSPECIFIED.) CURVE() GEOMETRIC_REPRESENTATION_ITEM() 
RATIONAL_B_SPLINE_CURVE((1.,1.,1.,1.,1.,1.,1.,1.,1.,1.,1.,1.,1.,
    0.999999999999,1.000000000001,0.999999999999,1.,1.,1.,1.)) 
REPRESENTATION_ITEM('') );
#3477 = CARTESIAN_POINT('',(20.5,-5.90702230007));
#3478 = CARTESIAN_POINT('',(20.492483837251,-5.906331932518));
#3479 = CARTESIAN_POINT('',(20.484968491738,-5.905642238655));
#3480 = CARTESIAN_POINT('',(20.477453965058,-5.90495321914));
#3481 = CARTESIAN_POINT('',(20.469940258809,-5.90426487463));
#3482 = CARTESIAN_POINT('',(20.46242737459,-5.903577205786));
#3483 = CARTESIAN_POINT('',(20.454915313995,-5.902890213267));
#3484 = CARTESIAN_POINT('',(20.447404078627,-5.90220389773));
#3485 = CARTESIAN_POINT('',(20.439893670079,-5.901518259835));
#3486 = CARTESIAN_POINT('',(20.432384089952,-5.900833300241));
#3487 = CARTESIAN_POINT('',(19.528667446864,-5.818476611208));
#3488 = CARTESIAN_POINT('',(18.641445954801,-5.746316003278));
#3489 = CARTESIAN_POINT('',(17.746066835849,-5.683010381357));
#3490 = CARTESIAN_POINT('',(16.860646698219,-5.62912414178));
#3491 = CARTESIAN_POINT('',(15.963484286891,-5.583631699956));
#3492 = CARTESIAN_POINT('',(15.074042081951,-5.54770518503));
#3493 = CARTESIAN_POINT('',(14.179474418621,-5.520478708876));
#3494 = CARTESIAN_POINT('',(13.286724465569,-5.502435957476));
#3495 = CARTESIAN_POINT('',(12.39333010598,-5.493391654121));
#3496 = CARTESIAN_POINT('',(11.5,-5.493391659082));
#3497 = ( GEOMETRIC_REPRESENTATION_CONTEXT(2) 
PARAMETRIC_REPRESENTATION_CONTEXT() REPRESENTATION_CONTEXT('2D SPACE',''
  ) );
#3498 = PCURVE('',#3499,#3560);
#3499 = ( BOUNDED_SURFACE() B_SPLINE_SURFACE(2,10,(
    (#3500,#3501,#3502,#3503,#3504,#3505,#3506,#3507,#3508,#3509,#3510
      ,#3511,#3512,#3513,#3514,#3515,#3516,#3517,#3518,#3519)
    ,(#3520,#3521,#3522,#3523,#3524,#3525,#3526,#3527,#3528,#3529,#3530
      ,#3531,#3532,#3533,#3534,#3535,#3536,#3537,#3538,#3539)
    ,(#3540,#3541,#3542,#3543,#3544,#3545,#3546,#3547,#3548,#3549,#3550
      ,#3551,#3552,#3553,#3554,#3555,#3556,#3557,#3558,#3559
)),.UNSPECIFIED.,.F.,.F.,.F.) B_SPLINE_SURFACE_WITH_KNOTS((3,3),(11,9,11
    ),(0.,9.099769613274),(66.807211823091,66.882819478001,
75.906981436365),.UNSPECIFIED.) GEOMETRIC_REPRESENTATION_ITEM() 
RATIONAL_B_SPLINE_SURFACE((
    (1.,1.,1.,1.,1.,1.,1.,1.,1.,1.,1.,1.,1.,0.999999999999
      ,1.000000000001,0.999999999999,1.,1.,1.,1.)
    ,(0.753233451505,0.753232757949,0.753232080636,0.753231419315
      ,0.753230773736,0.753230143645,0.753229528793,0.753228928927
      ,0.753228343797,0.753227773151,0.753160805927,0.753262720941
      ,0.753143599505,0.753255521342,0.753167151382,0.753222342255
      ,0.753197131262,0.753204641819,0.75320353256,0.75320353256)
    ,(1.,1.,1.,1.,1.,1.,1.,1.,1.,1.,1.,1.,1.,0.999999999999
,1.000000000001,0.999999999999,1.,1.,1.,1.
))) REPRESENTATION_ITEM('') SURFACE() );
#3500 = CARTESIAN_POINT('',(9.196403862373,9.,19.701073068696));
#3501 = CARTESIAN_POINT('',(9.196367731327,8.992483837251,
    19.701762490123));
#3502 = CARTESIAN_POINT('',(9.196331635539,8.984968491738,
    19.702451238785));
#3503 = CARTESIAN_POINT('',(9.196295575044,8.977453965058,
    19.703139314023));
#3504 = CARTESIAN_POINT('',(9.196259549876,8.969940258809,19.70382671518
    ));
#3505 = CARTESIAN_POINT('',(9.196223560069,8.96242737459,19.704513441598
    ));
#3506 = CARTESIAN_POINT('',(9.196187605659,8.954915313995,
    19.705199492618));
#3507 = CARTESIAN_POINT('',(9.196151686679,8.947404078627,
    19.705884867583));
#3508 = CARTESIAN_POINT('',(9.196115803164,8.939893670079,
    19.706569565835));
#3509 = CARTESIAN_POINT('',(9.196079955149,8.932384089952,
    19.707253586716));
#3510 = CARTESIAN_POINT('',(9.191769739075,8.028667446864,
    19.789497408769));
#3511 = CARTESIAN_POINT('',(9.187993144656,7.141445954801,
    19.861559123094));
#3512 = CARTESIAN_POINT('',(9.184679984398,6.246066835849,19.92477798686
    ));
#3513 = CARTESIAN_POINT('',(9.181859796521,5.360646698219,
    19.978590377218));
#3514 = CARTESIAN_POINT('',(9.179478906076,4.463484286891,
    20.024020473232));
#3515 = CARTESIAN_POINT('',(9.177598657563,3.574042081951,
    20.059897752118));
#3516 = CARTESIAN_POINT('',(9.176173733899,2.679474418621,
    20.087086915333));
#3517 = CARTESIAN_POINT('',(9.175229449251,1.786724465569,
    20.105104939769));
#3518 = CARTESIAN_POINT('',(9.174756106986,0.89333010598,20.11413684822)
  );
#3519 = CARTESIAN_POINT('',(9.174756107246,0.,20.114136843266));
#3520 = CARTESIAN_POINT('',(9.150873763087,9.075630355536,20.56983911658
    ));
#3521 = CARTESIAN_POINT('',(9.150837467181,9.068099417471,
    20.570531683724));
#3522 = CARTESIAN_POINT('',(9.150801206362,9.060568753266,
    20.571223581361));
#3523 = CARTESIAN_POINT('',(9.15076498061,9.053038359625,20.57191480989)
  );
#3524 = CARTESIAN_POINT('',(9.150728789904,9.045508233244,
    20.572605369713));
#3525 = CARTESIAN_POINT('',(9.150692634221,9.037978370804,20.57329526123
    ));
#3526 = CARTESIAN_POINT('',(9.150656513542,9.030448768982,
    20.573984484844));
#3527 = CARTESIAN_POINT('',(9.150620427845,9.02291942444,20.574673040959
    ));
#3528 = CARTESIAN_POINT('',(9.150584377109,9.015390333833,
    20.575360929979));
#3529 = CARTESIAN_POINT('',(9.150548361313,9.007861493804,20.57604815231
    ));
#3530 = CARTESIAN_POINT('',(9.146217496006,8.101676782218,
    20.658685985205));
#3531 = CARTESIAN_POINT('',(9.142421034646,7.206831937133,20.73112678334
    ));
#3532 = CARTESIAN_POINT('',(9.139051995399,6.30195630348,20.795411881734
    ));
#3533 = CARTESIAN_POINT('',(9.136227429613,5.408958972488,
    20.849307807554));
#3534 = CARTESIAN_POINT('',(9.133807367794,4.502828375167,
    20.895485337953));
#3535 = CARTESIAN_POINT('',(9.131921940921,3.60609327641,20.931461425801
    ));
#3536 = CARTESIAN_POINT('',(9.130478943306,2.703238874485,
    20.958995460545));
#3537 = CARTESIAN_POINT('',(9.129527880964,1.802647594858,
    20.977142811095));
#3538 = CARTESIAN_POINT('',(9.129050082176,0.901283063,20.986259755083)
  );
#3539 = CARTESIAN_POINT('',(9.129050082174,2.413997890471E-09,
    20.986259755105));
#3540 = CARTESIAN_POINT('',(8.281046266612,9.055416058921,
    20.644262870607));
#3541 = CARTESIAN_POINT('',(8.280997151555,9.04823430305,20.644922258964
    ));
#3542 = CARTESIAN_POINT('',(8.280948392059,9.041049060821,
    20.645581353494));
#3543 = CARTESIAN_POINT('',(8.280899982725,9.033860294976,
    20.646240157051));
#3544 = CARTESIAN_POINT('',(8.280851918156,9.026667968255,
    20.646898672491));
#3545 = CARTESIAN_POINT('',(8.280804192952,9.019472043405,
    20.647556902668));
#3546 = CARTESIAN_POINT('',(8.280756801716,9.01227248316,20.648214850439
    ));
#3547 = CARTESIAN_POINT('',(8.280709739048,9.005069250269,
    20.648872518658));
#3548 = CARTESIAN_POINT('',(8.280662999551,8.997862307469,
    20.649529910182));
#3549 = CARTESIAN_POINT('',(8.280616577825,8.990651617504,
    20.650187027864));
#3550 = CARTESIAN_POINT('',(8.275067080378,8.122352568913,
    20.729241901584));
#3551 = CARTESIAN_POINT('',(8.273378857754,7.226327250532,
    20.802120783698));
#3552 = CARTESIAN_POINT('',(8.26749089218,6.314294154399,20.867255331313
    ));
#3553 = CARTESIAN_POINT('',(8.266968843824,5.416054401395,
    20.921194956963));
#3554 = CARTESIAN_POINT('',(8.262734290977,4.50838555011,20.967552887447
    ));
#3555 = CARTESIAN_POINT('',(8.261970465981,3.610254441456,
    21.003495955452));
#3556 = CARTESIAN_POINT('',(8.260015031983,2.706497555612,
    21.031096519913));
#3557 = CARTESIAN_POINT('',(8.259214393931,1.804779837817,
    21.049255506685));
#3558 = CARTESIAN_POINT('',(8.258713709623,0.902353778535,
    21.058384733675));
#3559 = CARTESIAN_POINT('',(8.258713709587,0.,21.058384734367));
#3560 = DEFINITIONAL_REPRESENTATION('',(#3561),#3565);
#3561 = LINE('',#3562,#3563);
#3562 = CARTESIAN_POINT('',(0.,0.));
#3563 = VECTOR('',#3564,1.);
#3564 = DIRECTION('',(0.,1.));
#3565 = ( GEOMETRIC_REPRESENTATION_CONTEXT(2) 
PARAMETRIC_REPRESENTATION_CONTEXT() REPRESENTATION_CONTEXT('2D SPACE',''
  ) );
#3566 = ORIENTED_EDGE('',*,*,#3567,.T.);
#3567 = EDGE_CURVE('',#3450,#3294,#3568,.T.);
#3568 = SURFACE_CURVE('',#3569,(#3590,#3614),.PCURVE_S1.);
#3569 = ( BOUNDED_CURVE() B_SPLINE_CURVE(10,(#3570,#3571,#3572,#3573,
    #3574,#3575,#3576,#3577,#3578,#3579,#3580,#3581,#3582,#3583,#3584,
    #3585,#3586,#3587,#3588,#3589),.UNSPECIFIED.,.F.,.F.) 
B_SPLINE_CURVE_WITH_KNOTS((11,9,11),(75.906981436365,87.448038433403,
87.544783585047),.UNSPECIFIED.) CURVE() GEOMETRIC_REPRESENTATION_ITEM() 
RATIONAL_B_SPLINE_CURVE((1.,1.,1.,1.,1.,1.,1.,1.,1.,1.,1.,1.,
    0.999999999999,1.000000000001,0.999999999999,1.000000000001,
0.999999999999,1.,1.,1.)) REPRESENTATION_ITEM('') );
#3570 = CARTESIAN_POINT('',(9.174756107246,0.,20.114136843266));
#3571 = CARTESIAN_POINT('',(9.174756107578,-1.142486684246,
    20.114136836931));
#3572 = CARTESIAN_POINT('',(9.175530228217,-2.285041536743,
    20.099365735202));
#3573 = CARTESIAN_POINT('',(9.177075243288,-3.426938748489,
    20.069885091454));
#3574 = CARTESIAN_POINT('',(9.179404390489,-4.570050295896,
    20.025442315332));
#3575 = CARTESIAN_POINT('',(9.182481935125,-5.708429152614,
    19.966719265477));
#3576 = CARTESIAN_POINT('',(9.186372348159,-6.852876075379,
    19.892485762603));
#3577 = CARTESIAN_POINT('',(9.190985169651,-7.986757008983,
    19.804467885204));
#3578 = CARTESIAN_POINT('',(9.196407963127,-9.128377394973,
    19.700994821661));
#3579 = CARTESIAN_POINT('',(9.20257588051,-10.2620200952,19.583303946997
    ));
#3580 = CARTESIAN_POINT('',(9.209610803672,-11.41184085466,
    19.449069616547));
#3581 = CARTESIAN_POINT('',(9.209669608837,-11.42145769706,
    19.447947547159));
#3582 = CARTESIAN_POINT('',(9.209728706706,-11.43112815787,
    19.446819892642));
#3583 = CARTESIAN_POINT('',(9.209788066413,-11.44084784808,
    19.445687241954));
#3584 = CARTESIAN_POINT('',(9.209847657309,-11.45061274358,
    19.444550179929));
#3585 = CARTESIAN_POINT('',(9.209907448959,-11.46041918518,
    19.443409287271));
#3586 = CARTESIAN_POINT('',(9.209967411147,-11.47026387857,
    19.442265140563));
#3587 = CARTESIAN_POINT('',(9.210027513872,-11.48014389435,
    19.441118312253));
#3588 = CARTESIAN_POINT('',(9.210087727349,-11.49005666802,
    19.439969370669));
#3589 = CARTESIAN_POINT('',(9.21014802201,-11.5,19.438818880008));
#3590 = PCURVE('',#1211,#3591);
#3591 = DEFINITIONAL_REPRESENTATION('',(#3592),#3613);
#3592 = ( BOUNDED_CURVE() B_SPLINE_CURVE(10,(#3593,#3594,#3595,#3596,
    #3597,#3598,#3599,#3600,#3601,#3602,#3603,#3604,#3605,#3606,#3607,
    #3608,#3609,#3610,#3611,#3612),.UNSPECIFIED.,.F.,.F.) 
B_SPLINE_CURVE_WITH_KNOTS((11,9,11),(75.906981436365,87.448038433403,
87.544783585047),.UNSPECIFIED.) CURVE() GEOMETRIC_REPRESENTATION_ITEM() 
RATIONAL_B_SPLINE_CURVE((1.,1.,1.,1.,1.,1.,1.,1.,1.,1.,1.,1.,
    0.999999999999,1.000000000001,0.999999999999,1.000000000001,
0.999999999999,1.,1.,1.)) REPRESENTATION_ITEM('') );
#3593 = CARTESIAN_POINT('',(11.5,-5.493391659082));
#3594 = CARTESIAN_POINT('',(10.357513315754,-5.493391665426));
#3595 = CARTESIAN_POINT('',(9.214958463257,-5.508183038217));
#3596 = CARTESIAN_POINT('',(8.073061251511,-5.537704139609));
#3597 = CARTESIAN_POINT('',(6.929949704104,-5.582207906597));
#3598 = CARTESIAN_POINT('',(5.791570847386,-5.641011544794));
#3599 = CARTESIAN_POINT('',(4.647123924621,-5.715346921719));
#3600 = CARTESIAN_POINT('',(3.513242991017,-5.8034855901));
#3601 = CARTESIAN_POINT('',(2.371622605027,-5.907100654487));
#3602 = CARTESIAN_POINT('',(1.237979904798,-6.024953041752));
#3603 = CARTESIAN_POINT('',(8.8159145337E-02,-6.159371588148));
#3604 = CARTESIAN_POINT('',(7.8542302934E-02,-6.160495197404));
#3605 = CARTESIAN_POINT('',(6.8871842126E-02,-6.161624399453));
#3606 = CARTESIAN_POINT('',(5.9152151917E-02,-6.162758604529));
#3607 = CARTESIAN_POINT('',(4.9387256414E-02,-6.163897226997));
#3608 = CARTESIAN_POINT('',(3.9580814817E-02,-6.165039685354));
#3609 = CARTESIAN_POINT('',(2.973612143E-02,-6.166185402228));
#3610 = CARTESIAN_POINT('',(1.9856105649E-02,-6.167333804383));
#3611 = CARTESIAN_POINT('',(9.943331974E-03,-6.168484322712));
#3612 = CARTESIAN_POINT('',(0.,-6.169636392244));
#3613 = ( GEOMETRIC_REPRESENTATION_CONTEXT(2) 
PARAMETRIC_REPRESENTATION_CONTEXT() REPRESENTATION_CONTEXT('2D SPACE',''
  ) );
#3614 = PCURVE('',#3615,#3676);
#3615 = ( BOUNDED_SURFACE() B_SPLINE_SURFACE(2,10,(
    (#3616,#3617,#3618,#3619,#3620,#3621,#3622,#3623,#3624,#3625,#3626
      ,#3627,#3628,#3629,#3630,#3631,#3632,#3633,#3634,#3635)
    ,(#3636,#3637,#3638,#3639,#3640,#3641,#3642,#3643,#3644,#3645,#3646
      ,#3647,#3648,#3649,#3650,#3651,#3652,#3653,#3654,#3655)
    ,(#3656,#3657,#3658,#3659,#3660,#3661,#3662,#3663,#3664,#3665,#3666
      ,#3667,#3668,#3669,#3670,#3671,#3672,#3673,#3674,#3675
)),.UNSPECIFIED.,.F.,.F.,.F.) B_SPLINE_SURFACE_WITH_KNOTS((3,3),(11,9,11
    ),(0.,11.637802148682),(75.906981436365,87.448038433403,
87.544783585047),.UNSPECIFIED.) GEOMETRIC_REPRESENTATION_ITEM() 
RATIONAL_B_SPLINE_SURFACE((
    (1.,1.,1.,1.,1.,1.,1.,1.,1.,1.,1.,1.,0.999999999999,1.000000000001
      ,0.999999999999,1.000000000001,0.999999999999,1.,1.,1.)
    ,(0.75320353256,0.75320353256,0.753204273251,0.753199259558
      ,0.753216082902,0.753179273015,0.753238171238,0.753163617011
      ,0.753243060865,0.753174538707,0.753220363789,0.753221300459
      ,0.75322281187,0.75322492906,0.753227695078,0.753231165007
      ,0.753235405933,0.753240496975,0.753246529265,0.753253605955)
    ,(1.,1.,1.,1.,1.,1.,1.,1.,1.,1.,1.,1.,0.999999999999,1.000000000001
      ,0.999999999999,1.000000000001,0.999999999999,1.,1.,1.
))) REPRESENTATION_ITEM('') SURFACE() );
#3616 = CARTESIAN_POINT('',(9.174756107246,0.,20.114136843266));
#3617 = CARTESIAN_POINT('',(9.174756107578,-1.142486684246,
    20.114136836931));
#3618 = CARTESIAN_POINT('',(9.175530228217,-2.285041536743,
    20.099365735202));
#3619 = CARTESIAN_POINT('',(9.177075243288,-3.426938748489,
    20.069885091454));
#3620 = CARTESIAN_POINT('',(9.179404390489,-4.570050295896,
    20.025442315332));
#3621 = CARTESIAN_POINT('',(9.182481935125,-5.708429152614,
    19.966719265477));
#3622 = CARTESIAN_POINT('',(9.186372348159,-6.852876075379,
    19.892485762603));
#3623 = CARTESIAN_POINT('',(9.190985169651,-7.986757008983,
    19.804467885204));
#3624 = CARTESIAN_POINT('',(9.196407963127,-9.128377394973,
    19.700994821661));
#3625 = CARTESIAN_POINT('',(9.20257588051,-10.2620200952,19.583303946997
    ));
#3626 = CARTESIAN_POINT('',(9.209610803672,-11.41184085466,
    19.449069616547));
#3627 = CARTESIAN_POINT('',(9.209669608837,-11.42145769706,
    19.447947547159));
#3628 = CARTESIAN_POINT('',(9.209728706706,-11.43112815787,
    19.446819892642));
#3629 = CARTESIAN_POINT('',(9.209788066413,-11.44084784808,
    19.445687241954));
#3630 = CARTESIAN_POINT('',(9.209847657309,-11.45061274358,
    19.444550179929));
#3631 = CARTESIAN_POINT('',(9.209907448959,-11.46041918518,
    19.443409287271));
#3632 = CARTESIAN_POINT('',(9.209967411147,-11.47026387857,
    19.442265140563));
#3633 = CARTESIAN_POINT('',(9.210027513872,-11.48014389435,
    19.441118312253));
#3634 = CARTESIAN_POINT('',(9.210087727349,-11.49005666802,
    19.439969370669));
#3635 = CARTESIAN_POINT('',(9.21014802201,-11.5,19.438818880008));
#3636 = CARTESIAN_POINT('',(9.129050082174,2.413997890471E-09,
    20.986259755105));
#3637 = CARTESIAN_POINT('',(9.129050082173,-1.152656523552,
    20.986259755133));
#3638 = CARTESIAN_POINT('',(9.129831282204,-2.305396526113,
    20.971353570552));
#3639 = CARTESIAN_POINT('',(9.131388787445,-3.45736816477,20.94163460017
    ));
#3640 = CARTESIAN_POINT('',(9.133742815333,-4.610933684509,
    20.896717072265));
#3641 = CARTESIAN_POINT('',(9.136838951973,-5.758919846196,
    20.837639265829));
#3642 = CARTESIAN_POINT('',(9.140777545462,-6.914380482962,
    20.76248642511));
#3643 = CARTESIAN_POINT('',(9.145416427666,-8.05807171166,
    20.673971279711));
#3644 = CARTESIAN_POINT('',(9.150907853365,-9.211106132434,
    20.569188635323));
#3645 = CARTESIAN_POINT('',(9.15712221159,-10.35457919432,
    20.450611616615));
#3646 = CARTESIAN_POINT('',(9.164197218766,-11.51007417802,
    20.315612437622));
#3647 = CARTESIAN_POINT('',(9.164256088719,-11.51967970952,
    20.314489132003));
#3648 = CARTESIAN_POINT('',(9.164315018893,-11.52928592266,
    20.313364677299));
#3649 = CARTESIAN_POINT('',(9.164374010907,-11.53889307304,
    20.312239042616));
#3650 = CARTESIAN_POINT('',(9.164433066678,-11.54850146046,
    20.311112191376));
#3651 = CARTESIAN_POINT('',(9.164492188416,-11.55811142824,
    20.309984081409));
#3652 = CARTESIAN_POINT('',(9.164551378619,-11.56772336234,
    20.308854665046));
#3653 = CARTESIAN_POINT('',(9.16461064007,-11.57733769067,
    20.307723889206));
#3654 = CARTESIAN_POINT('',(9.164669975828,-11.58695488229,
    20.306591695491));
#3655 = CARTESIAN_POINT('',(9.164729389229,-11.59657544662,
    20.30545802028));
#3656 = CARTESIAN_POINT('',(8.258713709587,0.,21.058384734367));
#3657 = CARTESIAN_POINT('',(8.258713709541,-1.154025700438,
    21.058384735252));
#3658 = CARTESIAN_POINT('',(8.259510689918,-2.308124435623,
    21.043460412866));
#3659 = CARTESIAN_POINT('',(8.260969216346,-3.461530027856,
    21.013709248256));
#3660 = CARTESIAN_POINT('',(8.263665705062,-4.616267425319,
    20.968727005369));
#3661 = CARTESIAN_POINT('',(8.266018373642,-5.766005390151,
    20.909606858972));
#3662 = CARTESIAN_POINT('',(8.271165670662,-6.923048057025,
    20.834313053748));
#3663 = CARTESIAN_POINT('',(8.274280133742,-8.071632952986,
    20.74561929361));
#3664 = CARTESIAN_POINT('',(8.281464237323,-9.230784068725,
    20.640009969769));
#3665 = CARTESIAN_POINT('',(8.286275645291,-10.37558433384,
    20.520868046188));
#3666 = CARTESIAN_POINT('',(8.294116336117,-11.5005506016,
    20.389620964597));
#3667 = CARTESIAN_POINT('',(8.294190852166,-11.50950049083,
    20.388574800038));
#3668 = CARTESIAN_POINT('',(8.294275315055,-11.51808330275,
    20.387569557644));
#3669 = CARTESIAN_POINT('',(8.294370574012,-11.52633178689,
    20.386601478499));
#3670 = CARTESIAN_POINT('',(8.294477716978,-11.5342765544,
    20.385667016189));
#3671 = CARTESIAN_POINT('',(8.294598070601,-11.54194607801,
    20.384762836802));
#3672 = CARTESIAN_POINT('',(8.294733200241,-11.54936669209,
    20.383885818931));
#3673 = CARTESIAN_POINT('',(8.294884909965,-11.55656259255,
    20.383033053668));
#3674 = CARTESIAN_POINT('',(8.295055242552,-11.56355583696,
    20.382201844612));
#3675 = CARTESIAN_POINT('',(8.295246479488,-11.57036634446,
    20.38138970786));
#3676 = DEFINITIONAL_REPRESENTATION('',(#3677),#3681);
#3677 = LINE('',#3678,#3679);
#3678 = CARTESIAN_POINT('',(0.,0.));
#3679 = VECTOR('',#3680,1.);
#3680 = DIRECTION('',(0.,1.));
#3681 = ( GEOMETRIC_REPRESENTATION_CONTEXT(2) 
PARAMETRIC_REPRESENTATION_CONTEXT() REPRESENTATION_CONTEXT('2D SPACE',''
  ) );
#3682 = ADVANCED_FACE('',(#3683),#1183,.F.);
#3683 = FACE_BOUND('',#3684,.F.);
#3684 = EDGE_LOOP('',(#3685,#3686,#3687,#3707));
#3685 = ORIENTED_EDGE('',*,*,#3429,.F.);
#3686 = ORIENTED_EDGE('',*,*,#1166,.T.);
#3687 = ORIENTED_EDGE('',*,*,#3688,.T.);
#3688 = EDGE_CURVE('',#1139,#3689,#3691,.T.);
#3689 = VERTEX_POINT('',#3690);
#3690 = CARTESIAN_POINT('',(-9.19640829403,9.,19.7009885076));
#3691 = SURFACE_CURVE('',#3692,(#3695,#3701),.PCURVE_S1.);
#3692 = B_SPLINE_CURVE_WITH_KNOTS('',1,(#3693,#3694),.UNSPECIFIED.,.F.,
  .F.,(2,2),(0.,1.),.PIECEWISE_BEZIER_KNOTS.);
#3693 = CARTESIAN_POINT('',(-9.6,9.,12.));
#3694 = CARTESIAN_POINT('',(-8.887254201751,9.,25.6));
#3695 = PCURVE('',#1183,#3696);
#3696 = DEFINITIONAL_REPRESENTATION('',(#3697),#3700);
#3697 = B_SPLINE_CURVE_WITH_KNOTS('',1,(#3698,#3699),.UNSPECIFIED.,.F.,
  .F.,(2,2),(0.,1.),.PIECEWISE_BEZIER_KNOTS.);
#3698 = CARTESIAN_POINT('',(3.14159265359,0.));
#3699 = CARTESIAN_POINT('',(3.14159265359,-13.6));
#3700 = ( GEOMETRIC_REPRESENTATION_CONTEXT(2) 
PARAMETRIC_REPRESENTATION_CONTEXT() REPRESENTATION_CONTEXT('2D SPACE',''
  ) );
#3701 = PCURVE('',#1154,#3702);
#3702 = DEFINITIONAL_REPRESENTATION('',(#3703),#3706);
#3703 = B_SPLINE_CURVE_WITH_KNOTS('',1,(#3704,#3705),.UNSPECIFIED.,.F.,
  .F.,(2,2),(0.,1.),.PIECEWISE_BEZIER_KNOTS.);
#3704 = CARTESIAN_POINT('',(0.,-13.61866390557));
#3705 = CARTESIAN_POINT('',(0.,0.));
#3706 = ( GEOMETRIC_REPRESENTATION_CONTEXT(2) 
PARAMETRIC_REPRESENTATION_CONTEXT() REPRESENTATION_CONTEXT('2D SPACE',''
  ) );
#3707 = ORIENTED_EDGE('',*,*,#3708,.T.);
#3708 = EDGE_CURVE('',#3689,#3430,#3709,.T.);
#3709 = SURFACE_CURVE('',#3710,(#3773,#3839),.PCURVE_S1.);
#3710 = ( BOUNDED_CURVE() B_SPLINE_CURVE(13,(#3711,#3712,#3713,#3714,
    #3715,#3716,#3717,#3718,#3719,#3720,#3721,#3722,#3723,#3724,#3725,
    #3726,#3727,#3728,#3729,#3730,#3731,#3732,#3733,#3734,#3735,#3736,
    #3737,#3738,#3739,#3740,#3741,#3742,#3743,#3744,#3745,#3746,#3747,
    #3748,#3749,#3750,#3751,#3752,#3753,#3754,#3755,#3756,#3757,#3758,
    #3759,#3760,#3761,#3762,#3763,#3764,#3765,#3766,#3767,#3768,#3769,
#3770,#3771,#3772),.UNSPECIFIED.,.F.,.F.) B_SPLINE_CURVE_WITH_KNOTS((14,
    12,12,12,12,14),(38.094269454092,38.886958663179,41.730255978571,
    45.366242503049,52.434920197994,66.807211823091),.UNSPECIFIED.) 
CURVE() GEOMETRIC_REPRESENTATION_ITEM() RATIONAL_B_SPLINE_CURVE((1.,1.,
    1.000000000001,0.999999999998,1.000000000003,0.999999999996,
    1.000000000005,0.999999999996,1.000000000003,0.999999999999,
    1.000000000001,1.,1.,1.,1.000000000001,0.999999999997,1.000000000006
    ,0.999999999991,1.000000000011,0.99999999999,1.000000000008,
    0.999999999995,1.000000000002,0.999999999999,1.,1.,1.,1.,1.,1.,1.,
    1.000000000001,0.999999999999,1.000000000001,1.,1.,1.,1.,1.,1.,
    1.000000000001,0.999999999999,1.000000000001,0.999999999999,1.,1.,1.
    ,1.,1.,1.,1.,1.,1.,1.000000000001,0.999999999998,1.000000000003,
    0.999999999998,1.000000000002,0.999999999999,1.,1.,1.)) 
REPRESENTATION_ITEM('') );
#3711 = CARTESIAN_POINT('',(-9.19640829403,9.,19.7009885076));
#3712 = CARTESIAN_POINT('',(-9.19666929345,9.060680179745,
    19.696008342035));
#3713 = CARTESIAN_POINT('',(-9.19649674025,9.121640524452,
    19.691008219341));
#3714 = CARTESIAN_POINT('',(-9.19588564598,9.182705522359,
    19.686000201457));
#3715 = CARTESIAN_POINT('',(-9.19483429724,9.2437811162,19.680990902102)
  );
#3716 = CARTESIAN_POINT('',(-9.19334288139,9.304827571543,
    19.675983257251));
#3717 = CARTESIAN_POINT('',(-9.19141240912,9.36583725342,19.670977983151
    ));
#3718 = CARTESIAN_POINT('',(-9.18904393293,9.42681731237,19.665974721846
    ));
#3719 = CARTESIAN_POINT('',(-9.1862380628,9.487777278196,19.66097287424)
  );
#3720 = CARTESIAN_POINT('',(-9.18299477759,9.548721563609,
    19.655972120668));
#3721 = CARTESIAN_POINT('',(-9.17931353358,9.609646875408,
    19.650972629012));
#3722 = CARTESIAN_POINT('',(-9.17519366902,9.670544535348,
    19.645974950318));
#3723 = CARTESIAN_POINT('',(-9.17063510543,9.731407709034,
    19.640979601954));
#3724 = CARTESIAN_POINT('',(-9.14772005065,10.010455630073,
    19.618075998369));
#3725 = CARTESIAN_POINT('',(-9.12416816669,10.228266640235,19.6001945205
    ));
#3726 = CARTESIAN_POINT('',(-9.09499148542,10.445517479586,
    19.582354986993));
#3727 = CARTESIAN_POINT('',(-9.06020265524,10.662049735147,
    19.564570437245));
#3728 = CARTESIAN_POINT('',(-9.01981918078,10.877705675743,
    19.546853867731));
#3729 = CARTESIAN_POINT('',(-8.973863423084,11.092328252047,
    19.529218232008));
#3730 = CARTESIAN_POINT('',(-8.922362599381,11.30576109654,
    19.511676440709));
#3731 = CARTESIAN_POINT('',(-8.865348783354,11.517848523528,
    19.494241361557));
#3732 = CARTESIAN_POINT('',(-8.802858904844,11.728435529158,
    19.476925819341));
#3733 = CARTESIAN_POINT('',(-8.734934750137,11.937367791373,
    19.459742595944));
#3734 = CARTESIAN_POINT('',(-8.661622961727,12.14449166997,
    19.442704430321));
#3735 = CARTESIAN_POINT('',(-8.582975038481,12.349654206548,
    19.42582401851));
#3736 = CARTESIAN_POINT('',(-8.39172124085,12.812360503894,
    19.387745389165));
#3737 = CARTESIAN_POINT('',(-8.27575988797,13.068569431393,
    19.366654748819));
#3738 = CARTESIAN_POINT('',(-8.151279842796,13.321014453556,
    19.345868324292));
#3739 = CARTESIAN_POINT('',(-8.018409539013,13.56938605323,
    19.32541187717));
#3740 = CARTESIAN_POINT('',(-7.877289277915,13.813380649597,
    19.305310698931));
#3741 = CARTESIAN_POINT('',(-7.728071228765,14.052700598165,
    19.285589610936));
#3742 = CARTESIAN_POINT('',(-7.570919428212,14.287054190777,
    19.26627296444));
#3743 = CARTESIAN_POINT('',(-7.406009781077,14.516155655605,
    19.247384640577));
#3744 = CARTESIAN_POINT('',(-7.233530059467,14.739725157149,
    19.22894805038));
#3745 = CARTESIAN_POINT('',(-7.053679903609,14.957488796248,
    19.210986134759));
#3746 = CARTESIAN_POINT('',(-6.866670821199,15.169178610061,
    19.193521364522));
#3747 = CARTESIAN_POINT('',(-6.672726187818,15.374532572088,
    19.176575740356));
#3748 = CARTESIAN_POINT('',(-6.082009828632,15.959705446092,
    19.12827813158));
#3749 = CARTESIAN_POINT('',(-5.666613578161,16.321222730092,
    19.098427164232));
#3750 = CARTESIAN_POINT('',(-5.227610128777,16.655988834791,
    19.070773891953));
#3751 = CARTESIAN_POINT('',(-4.766890284111,16.962278265425,
    19.045463543107));
#3752 = CARTESIAN_POINT('',(-4.286495089653,17.238514259107,
    19.022629076544));
#3753 = CARTESIAN_POINT('',(-3.788594848059,17.483283516395,
    19.002389854151));
#3754 = CARTESIAN_POINT('',(-3.275470077365,17.69534904675,
    18.984850482735));
#3755 = CARTESIAN_POINT('',(-2.749494413236,17.873661128528,
    18.970099825173));
#3756 = CARTESIAN_POINT('',(-2.213119453715,18.017366382616,
    18.958210180907));
#3757 = CARTESIAN_POINT('',(-1.668861548231,18.125814960756,
    18.949236635693));
#3758 = CARTESIAN_POINT('',(-1.119290529173,18.198565847524,
    18.943216580697));
#3759 = CARTESIAN_POINT('',(-0.567020387392,18.235390276824,
    18.94016940086));
#3760 = CARTESIAN_POINT('',(1.108292090136,18.238068580355,
    18.93994776752));
#3761 = CARTESIAN_POINT('',(2.231593149983,18.09148613543,
    18.952070137656));
#3762 = CARTESIAN_POINT('',(3.332413400646,17.794536035137,
    18.976703468698));
#3763 = CARTESIAN_POINT('',(4.392092216551,17.361270625639,
    19.012287204582));
#3764 = CARTESIAN_POINT('',(5.380123188797,16.763960934422,
    19.062420134148));
#3765 = CARTESIAN_POINT('',(6.295267880962,16.100720323423,
    19.11572863359));
#3766 = CARTESIAN_POINT('',(7.101127871391,15.220643000072,
    19.190740702577));
#3767 = CARTESIAN_POINT('',(7.786317966305,14.375354704453,
    19.257631942073));
#3768 = CARTESIAN_POINT('',(8.358037592324,13.330817385586,
    19.346438016367));
#3769 = CARTESIAN_POINT('',(8.77556257943,12.305451438055,
    19.428740092867));
#3770 = CARTESIAN_POINT('',(9.063601936232,11.214102682567,
    19.519733904892));
#3771 = CARTESIAN_POINT('',(9.20114736787,10.099935427256,
    19.610561591943));
#3772 = CARTESIAN_POINT('',(9.196403862373,9.,19.701073068696));
#3773 = PCURVE('',#1183,#3774);
#3774 = DEFINITIONAL_REPRESENTATION('',(#3775),#3838);
#3775 = B_SPLINE_CURVE_WITH_KNOTS('',11,(#3776,#3777,#3778,#3779,#3780,
    #3781,#3782,#3783,#3784,#3785,#3786,#3787,#3788,#3789,#3790,#3791,
    #3792,#3793,#3794,#3795,#3796,#3797,#3798,#3799,#3800,#3801,#3802,
    #3803,#3804,#3805,#3806,#3807,#3808,#3809,#3810,#3811,#3812,#3813,
    #3814,#3815,#3816,#3817,#3818,#3819,#3820,#3821,#3822,#3823,#3824,
    #3825,#3826,#3827,#3828,#3829,#3830,#3831,#3832,#3833,#3834,#3835,
    #3836,#3837),.UNSPECIFIED.,.F.,.F.,(12,10,10,10,10,10,12),(
    38.094269454092,39.888828352154,41.683387250217,45.272505046342,
    52.450740638591,59.628976230841,66.807211823091),.UNSPECIFIED.);
#3776 = CARTESIAN_POINT('',(3.14159265359,-7.7009885076));
#3777 = CARTESIAN_POINT('',(3.159246284878,-7.687664059834));
#3778 = CARTESIAN_POINT('',(3.17711890524,-7.674194842278));
#3779 = CARTESIAN_POINT('',(3.194834306167,-7.660818065628));
#3780 = CARTESIAN_POINT('',(3.212490246704,-7.647505372045));
#3781 = CARTESIAN_POINT('',(3.230414198417,-7.634013755584));
#3782 = CARTESIAN_POINT('',(3.247989736907,-7.62077298799));
#3783 = CARTESIAN_POINT('',(3.2658676416,-7.607362237337));
#3784 = CARTESIAN_POINT('',(3.283567904574,-7.594090585181));
#3785 = CARTESIAN_POINT('',(3.301344645739,-7.580807925367));
#3786 = CARTESIAN_POINT('',(3.3191044898,-7.567575725775));
#3787 = CARTESIAN_POINT('',(3.354633785561,-7.541198176959));
#3788 = CARTESIAN_POINT('',(3.372400883383,-7.528054279499));
#3789 = CARTESIAN_POINT('',(3.390170452323,-7.51496083325));
#3790 = CARTESIAN_POINT('',(3.407942513572,-7.50192341245));
#3791 = CARTESIAN_POINT('',(3.425717088296,-7.488947591385));
#3792 = CARTESIAN_POINT('',(3.443494197694,-7.476038944271));
#3793 = CARTESIAN_POINT('',(3.461273862931,-7.463203045403));
#3794 = CARTESIAN_POINT('',(3.4790561052,-7.450445469006));
#3795 = CARTESIAN_POINT('',(3.496840945676,-7.437771789353));
#3796 = CARTESIAN_POINT('',(3.514628405543,-7.425187580693));
#3797 = CARTESIAN_POINT('',(3.567998706859,-7.387720090462));
#3798 = CARTESIAN_POINT('',(3.603589790082,-7.363120586564));
#3799 = CARTESIAN_POINT('',(3.639191993142,-7.338944090105));
#3800 = CARTESIAN_POINT('',(3.674805891074,-7.315233579582));
#3801 = CARTESIAN_POINT('',(3.710432264611,-7.292030897259));
#3802 = CARTESIAN_POINT('',(3.746071968291,-7.269376818971));
#3803 = CARTESIAN_POINT('',(3.78172579866,-7.247311123869));
#3804 = CARTESIAN_POINT('',(3.817394362334,-7.225872664265));
#3805 = CARTESIAN_POINT('',(3.853077944214,-7.205099435361));
#3806 = CARTESIAN_POINT('',(3.888776375576,-7.185028645073));
#3807 = CARTESIAN_POINT('',(3.995913955564,-7.127033061259));
#3808 = CARTESIAN_POINT('',(4.067396575634,-7.091322692234));
#3809 = CARTESIAN_POINT('',(4.138935058214,-7.058850515083));
#3810 = CARTESIAN_POINT('',(4.210523329632,-7.029877622259));
#3811 = CARTESIAN_POINT('',(4.282154273046,-7.004636485564));
#3812 = CARTESIAN_POINT('',(4.35382174049,-6.983326849745));
#3813 = CARTESIAN_POINT('',(4.425521250563,-6.966112394937));
#3814 = CARTESIAN_POINT('',(4.497249371928,-6.953118167272));
#3815 = CARTESIAN_POINT('',(4.569001792444,-6.944428778395));
#3816 = CARTESIAN_POINT('',(4.640770074095,-6.940087373227));
#3817 = CARTESIAN_POINT('',(4.784304113083,-6.940103359689));
#3818 = CARTESIAN_POINT('',(4.856069346559,-6.944460717658));
#3819 = CARTESIAN_POINT('',(4.927823577732,-6.953166980672));
#3820 = CARTESIAN_POINT('',(4.99955267229,-6.966177732247));
#3821 = CARTESIAN_POINT('',(5.071247800818,-6.983406882489));
#3822 = CARTESIAN_POINT('',(5.142906875992,-7.004728885269));
#3823 = CARTESIAN_POINT('',(5.21453079871,-7.029980933389));
#3824 = CARTESIAN_POINT('',(5.286118107623,-7.058965177735));
#3825 = CARTESIAN_POINT('',(5.357661626748,-7.091451014287));
#3826 = CARTESIAN_POINT('',(5.429150705653,-7.127177484938));
#3827 = CARTESIAN_POINT('',(5.572014588025,-7.204534187821));
#3828 = CARTESIAN_POINT('',(5.643390750933,-7.24616741874));
#3829 = CARTESIAN_POINT('',(5.714696131779,-7.29045473186));
#3830 = CARTESIAN_POINT('',(5.785974856725,-7.337148641389));
#3831 = CARTESIAN_POINT('',(5.85713549854,-7.385793892386));
#3832 = CARTESIAN_POINT('',(5.928330898764,-7.436247811458));
#3833 = CARTESIAN_POINT('',(5.999414436356,-7.487969221328));
#3834 = CARTESIAN_POINT('',(6.070298738525,-7.540507981557));
#3835 = CARTESIAN_POINT('',(6.141487888725,-7.594108125596));
#3836 = CARTESIAN_POINT('',(6.212587451622,-7.647647887347));
#3837 = CARTESIAN_POINT('',(6.28318530718,-7.701073068696));
#3838 = ( GEOMETRIC_REPRESENTATION_CONTEXT(2) 
PARAMETRIC_REPRESENTATION_CONTEXT() REPRESENTATION_CONTEXT('2D SPACE',''
  ) );
#3839 = PCURVE('',#3840,#4027);
#3840 = ( BOUNDED_SURFACE() B_SPLINE_SURFACE(2,13,(
    (#3841,#3842,#3843,#3844,#3845,#3846,#3847,#3848,#3849,#3850,#3851
      ,#3852,#3853,#3854,#3855,#3856,#3857,#3858,#3859,#3860,#3861,#3862
      ,#3863,#3864,#3865,#3866,#3867,#3868,#3869,#3870,#3871,#3872,#3873
      ,#3874,#3875,#3876,#3877,#3878,#3879,#3880,#3881,#3882,#3883,#3884
      ,#3885,#3886,#3887,#3888,#3889,#3890,#3891,#3892,#3893,#3894,#3895
      ,#3896,#3897,#3898,#3899,#3900,#3901,#3902)
    ,(#3903,#3904,#3905,#3906,#3907,#3908,#3909,#3910,#3911,#3912,#3913
      ,#3914,#3915,#3916,#3917,#3918,#3919,#3920,#3921,#3922,#3923,#3924
      ,#3925,#3926,#3927,#3928,#3929,#3930,#3931,#3932,#3933,#3934,#3935
      ,#3936,#3937,#3938,#3939,#3940,#3941,#3942,#3943,#3944,#3945,#3946
      ,#3947,#3948,#3949,#3950,#3951,#3952,#3953,#3954,#3955,#3956,#3957
      ,#3958,#3959,#3960,#3961,#3962,#3963,#3964)
    ,(#3965,#3966,#3967,#3968,#3969,#3970,#3971,#3972,#3973,#3974,#3975
      ,#3976,#3977,#3978,#3979,#3980,#3981,#3982,#3983,#3984,#3985,#3986
      ,#3987,#3988,#3989,#3990,#3991,#3992,#3993,#3994,#3995,#3996,#3997
      ,#3998,#3999,#4000,#4001,#4002,#4003,#4004,#4005,#4006,#4007,#4008
      ,#4009,#4010,#4011,#4012,#4013,#4014,#4015,#4016,#4017,#4018,#4019
      ,#4020,#4021,#4022,#4023,#4024,#4025,#4026
)),.UNSPECIFIED.,.F.,.F.,.F.) B_SPLINE_SURFACE_WITH_KNOTS((3,3),(14,12,
    12,12,12,14),(0.,28.712942368999),(38.094269454092,38.886958663179,
    41.730255978571,45.366242503049,52.434920197994,66.807211823091),
.UNSPECIFIED.) GEOMETRIC_REPRESENTATION_ITEM() RATIONAL_B_SPLINE_SURFACE
((
    (1.,1.,1.000000000001,0.999999999998,1.000000000003,0.999999999996
      ,1.000000000005,0.999999999996,1.000000000003,0.999999999999
      ,1.000000000001,1.,1.,1.,1.000000000001,0.999999999997
      ,1.000000000006,0.999999999991,1.000000000011,0.99999999999
      ,1.000000000008,0.999999999995,1.000000000002,0.999999999999,1.,1.
      ,1.,1.,1.,1.,1.,1.000000000001,0.999999999999,1.000000000001,1.,1.
      ,1.,1.,1.,1.,1.000000000001,0.999999999999,1.000000000001
      ,0.999999999999,1.,1.,1.,1.,1.,1.,1.,1.,1.,1.000000000001
      ,0.999999999998,1.000000000003,0.999999999998,1.000000000002
      ,0.999999999999,1.,1.,1.)
    ,(0.753205719752,0.753403415741,0.753603054365,0.753803295271
      ,0.754003469374,0.754203340666,0.754402913849,0.754602287373
      ,0.754801552449,0.755000737385,0.755199797879,0.755398652744
      ,0.755597265435,0.756507791413,0.757217615428,0.757924733161
      ,0.758628639462,0.759328834004,0.760024821395,0.760716111015
      ,0.761402217217,0.762082659121,0.762756960787,0.763424651095
      ,0.764085263814,0.765573483221,0.766396319413,0.767205894299
      ,0.768001278261,0.768781563898,0.769545866049,0.77029332176
      ,0.771023090322,0.771734353235,0.772426314237,0.773098199285
      ,0.773749256564,0.775602559712,0.776744932789,0.777800548533
      ,0.778764515262,0.779632406011,0.780400284555,0.781064728107
      ,0.781622846888,0.78207230032,0.782411310112,0.782638669984
      ,0.782753752242,0.782762120349,0.782301600715,0.781394176691
      ,0.779950624436,0.778326070271,0.775734697943,0.773737370968
      ,0.770106778469,0.767678392398,0.763691438054,0.760582463277
      ,0.756739101163,0.753233451505)
    ,(1.,1.,1.000000000001,0.999999999998,1.000000000003,0.999999999996
      ,1.000000000005,0.999999999996,1.000000000003,0.999999999999
      ,1.000000000001,1.,1.,1.,1.000000000001,0.999999999997
      ,1.000000000006,0.999999999991,1.000000000011,0.99999999999
      ,1.000000000008,0.999999999995,1.000000000002,0.999999999999,1.,1.
      ,1.,1.,1.,1.,1.,1.000000000001,0.999999999999,1.000000000001,1.,1.
      ,1.,1.,1.,1.,1.000000000001,0.999999999999,1.000000000001
      ,0.999999999999,1.,1.,1.,1.,1.,1.,1.,1.,1.,1.000000000001
      ,0.999999999998,1.000000000003,0.999999999998,1.000000000002
,0.999999999999,1.,1.,1.))) REPRESENTATION_ITEM('') SURFACE() );
#3841 = CARTESIAN_POINT('',(-9.19640829403,9.,19.7009885076));
#3842 = CARTESIAN_POINT('',(-9.19666929345,9.060680179745,
    19.696008342035));
#3843 = CARTESIAN_POINT('',(-9.19649674025,9.121640524452,
    19.691008219341));
#3844 = CARTESIAN_POINT('',(-9.19588564598,9.182705522359,
    19.686000201457));
#3845 = CARTESIAN_POINT('',(-9.19483429724,9.2437811162,19.680990902102)
  );
#3846 = CARTESIAN_POINT('',(-9.19334288139,9.304827571543,
    19.675983257251));
#3847 = CARTESIAN_POINT('',(-9.19141240912,9.36583725342,19.670977983151
    ));
#3848 = CARTESIAN_POINT('',(-9.18904393293,9.42681731237,19.665974721846
    ));
#3849 = CARTESIAN_POINT('',(-9.1862380628,9.487777278196,19.66097287424)
  );
#3850 = CARTESIAN_POINT('',(-9.18299477759,9.548721563609,
    19.655972120668));
#3851 = CARTESIAN_POINT('',(-9.17931353358,9.609646875408,
    19.650972629012));
#3852 = CARTESIAN_POINT('',(-9.17519366902,9.670544535348,
    19.645974950318));
#3853 = CARTESIAN_POINT('',(-9.17063510543,9.731407709034,
    19.640979601954));
#3854 = CARTESIAN_POINT('',(-9.14772005065,10.010455630073,
    19.618075998369));
#3855 = CARTESIAN_POINT('',(-9.12416816669,10.228266640235,19.6001945205
    ));
#3856 = CARTESIAN_POINT('',(-9.09499148542,10.445517479586,
    19.582354986993));
#3857 = CARTESIAN_POINT('',(-9.06020265524,10.662049735147,
    19.564570437245));
#3858 = CARTESIAN_POINT('',(-9.01981918078,10.877705675743,
    19.546853867731));
#3859 = CARTESIAN_POINT('',(-8.973863423084,11.092328252047,
    19.529218232008));
#3860 = CARTESIAN_POINT('',(-8.922362599381,11.30576109654,
    19.511676440709));
#3861 = CARTESIAN_POINT('',(-8.865348783354,11.517848523528,
    19.494241361557));
#3862 = CARTESIAN_POINT('',(-8.802858904844,11.728435529158,
    19.476925819341));
#3863 = CARTESIAN_POINT('',(-8.734934750137,11.937367791373,
    19.459742595944));
#3864 = CARTESIAN_POINT('',(-8.661622961727,12.14449166997,
    19.442704430321));
#3865 = CARTESIAN_POINT('',(-8.582975038481,12.349654206548,
    19.42582401851));
#3866 = CARTESIAN_POINT('',(-8.39172124085,12.812360503894,
    19.387745389165));
#3867 = CARTESIAN_POINT('',(-8.27575988797,13.068569431393,
    19.366654748819));
#3868 = CARTESIAN_POINT('',(-8.151279842796,13.321014453556,
    19.345868324292));
#3869 = CARTESIAN_POINT('',(-8.018409539013,13.56938605323,
    19.32541187717));
#3870 = CARTESIAN_POINT('',(-7.877289277915,13.813380649597,
    19.305310698931));
#3871 = CARTESIAN_POINT('',(-7.728071228765,14.052700598165,
    19.285589610936));
#3872 = CARTESIAN_POINT('',(-7.570919428212,14.287054190777,
    19.26627296444));
#3873 = CARTESIAN_POINT('',(-7.406009781077,14.516155655605,
    19.247384640577));
#3874 = CARTESIAN_POINT('',(-7.233530059467,14.739725157149,
    19.22894805038));
#3875 = CARTESIAN_POINT('',(-7.053679903609,14.957488796248,
    19.210986134759));
#3876 = CARTESIAN_POINT('',(-6.866670821199,15.169178610061,
    19.193521364522));
#3877 = CARTESIAN_POINT('',(-6.672726187818,15.374532572088,
    19.176575740356));
#3878 = CARTESIAN_POINT('',(-6.082009828632,15.959705446092,
    19.12827813158));
#3879 = CARTESIAN_POINT('',(-5.666613578161,16.321222730092,
    19.098427164232));
#3880 = CARTESIAN_POINT('',(-5.227610128777,16.655988834791,
    19.070773891953));
#3881 = CARTESIAN_POINT('',(-4.766890284111,16.962278265425,
    19.045463543107));
#3882 = CARTESIAN_POINT('',(-4.286495089653,17.238514259107,
    19.022629076544));
#3883 = CARTESIAN_POINT('',(-3.788594848059,17.483283516395,
    19.002389854151));
#3884 = CARTESIAN_POINT('',(-3.275470077365,17.69534904675,
    18.984850482735));
#3885 = CARTESIAN_POINT('',(-2.749494413236,17.873661128528,
    18.970099825173));
#3886 = CARTESIAN_POINT('',(-2.213119453715,18.017366382616,
    18.958210180907));
#3887 = CARTESIAN_POINT('',(-1.668861548231,18.125814960756,
    18.949236635693));
#3888 = CARTESIAN_POINT('',(-1.119290529173,18.198565847524,
    18.943216580697));
#3889 = CARTESIAN_POINT('',(-0.567020387392,18.235390276824,
    18.94016940086));
#3890 = CARTESIAN_POINT('',(1.108292090136,18.238068580355,
    18.93994776752));
#3891 = CARTESIAN_POINT('',(2.231593149983,18.09148613543,
    18.952070137656));
#3892 = CARTESIAN_POINT('',(3.332413400646,17.794536035137,
    18.976703468698));
#3893 = CARTESIAN_POINT('',(4.392092216551,17.361270625639,
    19.012287204582));
#3894 = CARTESIAN_POINT('',(5.380123188797,16.763960934422,
    19.062420134148));
#3895 = CARTESIAN_POINT('',(6.295267880962,16.100720323423,
    19.11572863359));
#3896 = CARTESIAN_POINT('',(7.101127871391,15.220643000072,
    19.190740702577));
#3897 = CARTESIAN_POINT('',(7.786317966305,14.375354704453,
    19.257631942073));
#3898 = CARTESIAN_POINT('',(8.358037592324,13.330817385586,
    19.346438016367));
#3899 = CARTESIAN_POINT('',(8.77556257943,12.305451438055,
    19.428740092867));
#3900 = CARTESIAN_POINT('',(9.063601936232,11.214102682567,
    19.519733904892));
#3901 = CARTESIAN_POINT('',(9.20114736787,10.099935427256,
    19.610561591943));
#3902 = CARTESIAN_POINT('',(9.196403862373,9.,19.701073068696));
#3903 = CARTESIAN_POINT('',(-9.15088953487,9.078909431921,
    20.569538172891));
#3904 = CARTESIAN_POINT('',(-9.15065904537,9.139541807864,20.56400392105
    ));
#3905 = CARTESIAN_POINT('',(-9.14999094057,9.200173644573,
    20.558469561458));
#3906 = CARTESIAN_POINT('',(-9.1488867181,9.260801596564,20.552935294432
    ));
#3907 = CARTESIAN_POINT('',(-9.14734715595,9.321422922297,
    20.547401313416));
#3908 = CARTESIAN_POINT('',(-9.14537256505,9.38203501594,20.541867832177
    ));
#3909 = CARTESIAN_POINT('',(-9.14296299648,9.44263511557,20.536335098628
    ));
#3910 = CARTESIAN_POINT('',(-9.14011840258,9.503220160449,
    20.530803397777));
#3911 = CARTESIAN_POINT('',(-9.13683874992,9.563786773405,
    20.525273045963));
#3912 = CARTESIAN_POINT('',(-9.13312408537,9.624331339929,
    20.519744378999));
#3913 = CARTESIAN_POINT('',(-9.12897455453,9.68485016077,20.514217736296
    ));
#3914 = CARTESIAN_POINT('',(-9.12439037514,9.745339649861,
    20.508693443575));
#3915 = CARTESIAN_POINT('',(-9.11937176645,9.805796553767,
    20.503171796299));
#3916 = CARTESIAN_POINT('',(-9.09438326855,10.082683626268,
    20.477881664535));
#3917 = CARTESIAN_POINT('',(-9.06927387322,10.298699600196,
    20.458147130885));
#3918 = CARTESIAN_POINT('',(-9.0385995593,10.514109239091,
    20.438463798085));
#3919 = CARTESIAN_POINT('',(-9.0023743062,10.728756423153,
    20.418845966147));
#3920 = CARTESIAN_POINT('',(-8.960617106647,10.942485740386,
    20.399307884177));
#3921 = CARTESIAN_POINT('',(-8.913351909013,11.155142463858,
    20.379863752373));
#3922 = CARTESIAN_POINT('',(-8.860607561173,11.366572527213,
    20.360527724162));
#3923 = CARTESIAN_POINT('',(-8.802417755936,11.576622498365,
    20.341313908544));
#3924 = CARTESIAN_POINT('',(-8.738820978094,11.785139551754,
    20.322236372516));
#3925 = CARTESIAN_POINT('',(-8.669860453352,11.991971438728,
    20.303309143735));
#3926 = CARTESIAN_POINT('',(-8.595584098912,12.196966456663,
    20.284546213236));
#3927 = CARTESIAN_POINT('',(-8.516044476135,12.399973416361,
    20.265961538365));
#3928 = CARTESIAN_POINT('',(-8.323137229989,12.857210957676,
    20.224094590669));
#3929 = CARTESIAN_POINT('',(-8.206489124392,13.110122503828,
    20.200930770762));
#3930 = CARTESIAN_POINT('',(-8.08146983306,13.359265376433,
    20.178106331823));
#3931 = CARTESIAN_POINT('',(-7.94820712114,13.604335287439,
    20.155649436111));
#3932 = CARTESIAN_POINT('',(-7.8068409894,13.845034358602,
    20.133587678066));
#3933 = CARTESIAN_POINT('',(-7.657523560799,14.081070946575,
    20.111948100228));
#3934 = CARTESIAN_POINT('',(-7.500418977625,14.312159465952,
    20.090757209361));
#3935 = CARTESIAN_POINT('',(-7.335703310785,14.538020210697,
    20.070040992731));
#3936 = CARTESIAN_POINT('',(-7.1635644798,14.758379174485,
    20.049824934518));
#3937 = CARTESIAN_POINT('',(-6.984202185282,14.972967870279,
    20.030134032299));
#3938 = CARTESIAN_POINT('',(-6.797827852688,15.181523149663,
    20.010992813576));
#3939 = CARTESIAN_POINT('',(-6.604664588404,15.383787022191,
    19.992425352324));
#3940 = CARTESIAN_POINT('',(-6.017606639483,15.959093115867,
    19.939603372772));
#3941 = CARTESIAN_POINT('',(-5.605486692252,16.314212697114,
    19.906984729413));
#3942 = CARTESIAN_POINT('',(-5.170257333264,16.643046680381,
    19.87676906234));
#3943 = CARTESIAN_POINT('',(-4.713766175127,16.943898318523,
    19.84911503079));
#3944 = CARTESIAN_POINT('',(-4.238015162317,17.215213371875,
    19.824168216085));
#3945 = CARTESIAN_POINT('',(-3.745139229395,17.455597947981,
    19.80205937017));
#3946 = CARTESIAN_POINT('',(-3.237386787629,17.663833625961,
    19.782902927641));
#3947 = CARTESIAN_POINT('',(-2.717101945907,17.838890013453,
    19.766795767268));
#3948 = CARTESIAN_POINT('',(-2.186708363416,17.979934866911,
    19.753816210527));
#3949 = CARTESIAN_POINT('',(-1.648694625274,18.086341888382,
    19.744023246435));
#3950 = CARTESIAN_POINT('',(-1.105601027928,18.157696290707,
    19.737455973859));
#3951 = CARTESIAN_POINT('',(-0.560007658792,18.193798202063,
    19.734133254582));
#3952 = CARTESIAN_POINT('',(1.094562334537,18.196424224018,
    19.733891561775));
#3953 = CARTESIAN_POINT('',(2.205267504329,18.052689709159,
    19.74712078516));
#3954 = CARTESIAN_POINT('',(3.295149261378,17.760651937968,
    19.773997066096));
#3955 = CARTESIAN_POINT('',(4.345650702109,17.335442838858,
    19.813134026677));
#3956 = CARTESIAN_POINT('',(5.325839762624,16.743523333558,
    19.867557049693));
#3957 = CARTESIAN_POINT('',(6.235490779355,16.096813575668,
    19.927051992551));
#3958 = CARTESIAN_POINT('',(7.037323112961,15.216668011124,
    20.00784366312));
#3959 = CARTESIAN_POINT('',(7.718205386518,14.396949503239,
    20.083122442572));
#3960 = CARTESIAN_POINT('',(8.292496622267,13.353888533708,
    20.178711376316));
#3961 = CARTESIAN_POINT('',(8.709693002695,12.347182889944,
    20.270919164062));
#3962 = CARTESIAN_POINT('',(9.001381161204,11.268940365294,
    20.369537859011));
#3963 = CARTESIAN_POINT('',(9.147112067068,10.171517198051,
    20.469812673986));
#3964 = CARTESIAN_POINT('',(9.150873763087,9.075630355536,20.56983911658
    ));
#3965 = CARTESIAN_POINT('',(-8.280584949397,9.081310109001,
    20.641935287458));
#3966 = CARTESIAN_POINT('',(-8.280899722076,9.138440787349,
    20.636681178827));
#3967 = CARTESIAN_POINT('',(-8.280808509258,9.193636807834,
    20.631602594387));
#3968 = CARTESIAN_POINT('',(-8.280330687467,9.248112104283,
    20.626589394194));
#3969 = CARTESIAN_POINT('',(-8.279470693977,9.302504808384,
    20.621583591178));
#3970 = CARTESIAN_POINT('',(-8.278224790439,9.357068889954,
    20.616562024922));
#3971 = CARTESIAN_POINT('',(-8.276586314434,9.411831172836,
    20.611522160315));
#3972 = CARTESIAN_POINT('',(-8.27454941843,9.466713725549,
    20.606471011021));
#3973 = CARTESIAN_POINT('',(-8.27211129687,9.521621628005,20.60141718783
    ));
#3974 = CARTESIAN_POINT('',(-8.269272900558,9.576496112616,
    20.596366071825));
#3975 = CARTESIAN_POINT('',(-8.26603813913,9.631333081614,
    20.591318112423));
#3976 = CARTESIAN_POINT('',(-8.262411571006,9.686166998898,
    20.586270250247));
#3977 = CARTESIAN_POINT('',(-8.258394581186,9.741020157726,
    20.581220464854));
#3978 = CARTESIAN_POINT('',(-8.238145550916,9.992369303964,
    20.558079471376));
#3979 = CARTESIAN_POINT('',(-8.217235820942,10.188575750979,
    20.540011707138));
#3980 = CARTESIAN_POINT('',(-8.19125702835,10.384293014454,
    20.521985400441));
#3981 = CARTESIAN_POINT('',(-8.16021974212,10.579378041881,
    20.504013753791));
#3982 = CARTESIAN_POINT('',(-8.124138928517,10.773688378172,
    20.486109926332));
#3983 = CARTESIAN_POINT('',(-8.083033951402,10.967082165736,
    20.468287033878));
#3984 = CARTESIAN_POINT('',(-8.036928571719,11.159418144391,
    20.450558148866));
#3985 = CARTESIAN_POINT('',(-7.985850948193,11.35055565144,
    20.432936300418));
#3986 = CARTESIAN_POINT('',(-7.929833636536,11.540354621625,
    20.415434474272));
#3987 = CARTESIAN_POINT('',(-7.868913590208,11.72867558714,
    20.398065612843));
#3988 = CARTESIAN_POINT('',(-7.803132159804,11.915379677643,
    20.38084261518));
#3989 = CARTESIAN_POINT('',(-7.732535093464,12.100328620233,
    20.363778336992));
#3990 = CARTESIAN_POINT('',(-7.560799484299,12.517475483044,
    20.32528327779));
#3991 = CARTESIAN_POINT('',(-7.456631627545,12.748479225626,
    20.303960678576));
#3992 = CARTESIAN_POINT('',(-7.344773084804,12.976109821769,
    20.282944437825));
#3993 = CARTESIAN_POINT('',(-7.225338743358,13.200086539381,
    20.262260717521));
#3994 = CARTESIAN_POINT('',(-7.098454259069,13.420134059749,
    20.24193519679));
#3995 = CARTESIAN_POINT('',(-6.96425605691,13.635982477502,
    20.221993071923));
#3996 = CARTESIAN_POINT('',(-6.822891330144,13.847367300664,
    20.202459056338));
#3997 = CARTESIAN_POINT('',(-6.674518041388,14.054029450589,
    20.183357380628));
#3998 = CARTESIAN_POINT('',(-6.519304921455,14.255715262024,
    20.164711792512));
#3999 = CARTESIAN_POINT('',(-6.357431470411,14.452176483061,
    20.146545556875));
#4000 = CARTESIAN_POINT('',(-6.18908795677,14.643170275167,
    20.128881455741));
#4001 = CARTESIAN_POINT('',(-6.014475417999,14.828459213167,
    20.111741788292));
#4002 = CARTESIAN_POINT('',(-5.482567756041,15.356487492651,
    20.062889307473));
#4003 = CARTESIAN_POINT('',(-5.10842932172,15.682751628204,
    20.032692296902));
#4004 = CARTESIAN_POINT('',(-4.712928447114,15.984919189867,
    20.004715571678));
#4005 = CARTESIAN_POINT('',(-4.297770908296,16.261420162844,
    19.97910688422));
#4006 = CARTESIAN_POINT('',(-3.864804745788,16.510817293111,
    19.956001708991));
#4007 = CARTESIAN_POINT('',(-3.415997607159,16.731821851284,
    19.935521687754));
#4008 = CARTESIAN_POINT('',(-2.953416853673,16.923306886682,
    19.917773317945));
#4009 = CARTESIAN_POINT('',(-2.479212431548,17.084317971792,
    19.902846884146));
#4010 = CARTESIAN_POINT('',(-1.995602507079,17.214081436885,
    19.890815632673));
#4011 = CARTESIAN_POINT('',(-1.504861866469,17.312010095046,
    19.881735189262));
#4012 = CARTESIAN_POINT('',(-1.009313079558,17.377706457385,
    19.875643219867));
#4013 = CARTESIAN_POINT('',(-0.511320428103,17.410963438603,
    19.872559334564));
#4014 = CARTESIAN_POINT('',(0.999333831231,17.413387340746,
    19.872334571755));
#4015 = CARTESIAN_POINT('',(2.012273606479,17.281095753307,
    19.884608093799));
#4016 = CARTESIAN_POINT('',(3.005013362824,17.012315434096,
    19.90947950347));
#4017 = CARTESIAN_POINT('',(3.960529386217,16.623782255546,
    19.945724081889));
#4018 = CARTESIAN_POINT('',(4.851060447684,16.075683565697,
    19.995902897083));
#4019 = CARTESIAN_POINT('',(5.671312084171,15.497294205079,
    20.050713249034));
#4020 = CARTESIAN_POINT('',(6.412260058281,14.668826958458,
    20.125526957134));
#4021 = CARTESIAN_POINT('',(6.998183912512,13.946084721519,
    20.194556408423));
#4022 = CARTESIAN_POINT('',(7.549659693904,12.978652328726,
    20.281907287585));
#4023 = CARTESIAN_POINT('',(7.899827481081,12.050215452343,
    20.369090780248));
#4024 = CARTESIAN_POINT('',(8.158490166538,11.080107999261,
    20.457632694634));
#4025 = CARTESIAN_POINT('',(8.288228037643,10.105556875079,
    20.547844857997));
#4026 = CARTESIAN_POINT('',(8.281046266612,9.055416058921,
    20.644262870607));
#4027 = DEFINITIONAL_REPRESENTATION('',(#4028),#4032);
#4028 = LINE('',#4029,#4030);
#4029 = CARTESIAN_POINT('',(0.,0.));
#4030 = VECTOR('',#4031,1.);
#4031 = DIRECTION('',(0.,1.));
#4032 = ( GEOMETRIC_REPRESENTATION_CONTEXT(2) 
PARAMETRIC_REPRESENTATION_CONTEXT() REPRESENTATION_CONTEXT('2D SPACE',''
  ) );
#4033 = ADVANCED_FACE('',(#4034),#1154,.F.);
#4034 = FACE_BOUND('',#4035,.F.);
#4035 = EDGE_LOOP('',(#4036,#4037,#4038,#4058));
#4036 = ORIENTED_EDGE('',*,*,#3688,.F.);
#4037 = ORIENTED_EDGE('',*,*,#1138,.T.);
#4038 = ORIENTED_EDGE('',*,*,#4039,.T.);
#4039 = EDGE_CURVE('',#1110,#4040,#4042,.T.);
#4040 = VERTEX_POINT('',#4041);
#4041 = CARTESIAN_POINT('',(-9.21014770746,-11.5,19.438824881953));
#4042 = SURFACE_CURVE('',#4043,(#4046,#4052),.PCURVE_S1.);
#4043 = B_SPLINE_CURVE_WITH_KNOTS('',1,(#4044,#4045),.UNSPECIFIED.,.F.,
  .F.,(2,2),(0.,1.),.PIECEWISE_BEZIER_KNOTS.);
#4044 = CARTESIAN_POINT('',(-9.6,-11.5,12.));
#4045 = CARTESIAN_POINT('',(-8.887254201751,-11.5,25.6));
#4046 = PCURVE('',#1154,#4047);
#4047 = DEFINITIONAL_REPRESENTATION('',(#4048),#4051);
#4048 = B_SPLINE_CURVE_WITH_KNOTS('',1,(#4049,#4050),.UNSPECIFIED.,.F.,
  .F.,(2,2),(0.,1.),.PIECEWISE_BEZIER_KNOTS.);
#4049 = CARTESIAN_POINT('',(20.5,-13.61866390557));
#4050 = CARTESIAN_POINT('',(20.5,0.));
#4051 = ( GEOMETRIC_REPRESENTATION_CONTEXT(2) 
PARAMETRIC_REPRESENTATION_CONTEXT() REPRESENTATION_CONTEXT('2D SPACE',''
  ) );
#4052 = PCURVE('',#1126,#4053);
#4053 = DEFINITIONAL_REPRESENTATION('',(#4054),#4057);
#4054 = B_SPLINE_CURVE_WITH_KNOTS('',1,(#4055,#4056),.UNSPECIFIED.,.F.,
  .F.,(2,2),(0.,1.),.PIECEWISE_BEZIER_KNOTS.);
#4055 = CARTESIAN_POINT('',(6.28318530718,0.));
#4056 = CARTESIAN_POINT('',(6.28318530718,-13.6));
#4057 = ( GEOMETRIC_REPRESENTATION_CONTEXT(2) 
PARAMETRIC_REPRESENTATION_CONTEXT() REPRESENTATION_CONTEXT('2D SPACE',''
  ) );
#4058 = ORIENTED_EDGE('',*,*,#4059,.T.);
#4059 = EDGE_CURVE('',#4040,#3689,#4060,.T.);
#4060 = SURFACE_CURVE('',#4061,(#4096,#4134),.PCURVE_S1.);
#4061 = B_SPLINE_CURVE_WITH_KNOTS('',9,(#4062,#4063,#4064,#4065,#4066,
    #4067,#4068,#4069,#4070,#4071,#4072,#4073,#4074,#4075,#4076,#4077,
    #4078,#4079,#4080,#4081,#4082,#4083,#4084,#4085,#4086,#4087,#4088,
    #4089,#4090,#4091,#4092,#4093,#4094,#4095),.UNSPECIFIED.,.F.,.F.,(10
    ,8,8,8,10),(17.353629013744,17.450315368518,27.732798486852,
    38.015281605185,38.094269454092),.UNSPECIFIED.);
#4062 = CARTESIAN_POINT('',(-9.21014770746,-11.5,19.438824881953));
#4063 = CARTESIAN_POINT('',(-9.21008070323,-11.4889339911,
    19.440103398766));
#4064 = CARTESIAN_POINT('',(-9.21001378847,-11.47790732582,
    19.441380208534));
#4065 = CARTESIAN_POINT('',(-9.20994701171,-11.46692385091,
    19.442654384935));
#4066 = CARTESIAN_POINT('',(-9.20988042282,-11.45598826856,
    19.443924976627));
#4067 = CARTESIAN_POINT('',(-9.20981407297,-11.44510613635,
    19.445191007238));
#4068 = CARTESIAN_POINT('',(-9.20974801463,-11.43428386726,
    19.446451475374));
#4069 = CARTESIAN_POINT('',(-9.20968230161,-11.4235287297,
    19.447705354615));
#4070 = CARTESIAN_POINT('',(-9.20961698899,-11.41284884744,
    19.448951593516));
#4071 = CARTESIAN_POINT('',(-9.20265479478,-10.27541819346,
    19.581798172881));
#4072 = CARTESIAN_POINT('',(-9.19654133975,-9.150557899184,
    19.698449844035));
#4073 = CARTESIAN_POINT('',(-9.19118443098,-8.023239908835,
    19.800665752551));
#4074 = CARTESIAN_POINT('',(-9.18660125432,-6.895632432705,
    19.888117972799));
#4075 = CARTESIAN_POINT('',(-9.18277964727,-5.766714308361,
    19.961038579327));
#4076 = CARTESIAN_POINT('',(-9.17972716896,-4.637225666081,
    20.019283335123));
#4077 = CARTESIAN_POINT('',(-9.17744049839,-3.507016185556,
    20.062915608924));
#4078 = CARTESIAN_POINT('',(-9.17592148314,-2.376403085456,
    20.091900146517));
#4079 = CARTESIAN_POINT('',(-9.1744184611,-0.114740325825,
    20.120579515528));
#4080 = CARTESIAN_POINT('',(-9.17443449593,1.016305583073,
    20.120273552654));
#4081 = CARTESIAN_POINT('',(-9.17521831003,2.147353148786,
    20.105317488656));
#4082 = CARTESIAN_POINT('',(-9.17676985973,3.278163597893,
    20.075712156859));
#4083 = CARTESIAN_POINT('',(-9.17908910365,4.408527216157,
    20.031458346598));
#4084 = CARTESIAN_POINT('',(-9.18217518245,5.538189280277,
    19.972572455116));
#4085 = CARTESIAN_POINT('',(-9.18602814702,6.66701817011,19.899053511539
    ));
#4086 = CARTESIAN_POINT('',(-9.1906464819,7.794749665392,19.810930432408
    ));
#4087 = CARTESIAN_POINT('',(-9.19607416389,8.930399088001,
    19.707364090499));
#4088 = CARTESIAN_POINT('',(-9.19611563609,8.939067740472,19.70657275376
    ));
#4089 = CARTESIAN_POINT('',(-9.19615720013,8.947746948429,
    19.705779664648));
#4090 = CARTESIAN_POINT('',(-9.19619885209,8.956435928635,
    19.704984897762));
#4091 = CARTESIAN_POINT('',(-9.19624058808,8.965133897849,
    19.704188527697));
#4092 = CARTESIAN_POINT('',(-9.19628240418,8.973840072832,
    19.703390629052));
#4093 = CARTESIAN_POINT('',(-9.19632429647,8.982553670345,
    19.702591276423));
#4094 = CARTESIAN_POINT('',(-9.19636626106,8.991273907147,
    19.701790544406));
#4095 = CARTESIAN_POINT('',(-9.19640829403,9.,19.7009885076));
#4096 = PCURVE('',#1154,#4097);
#4097 = DEFINITIONAL_REPRESENTATION('',(#4098),#4133);
#4098 = B_SPLINE_CURVE_WITH_KNOTS('',9,(#4099,#4100,#4101,#4102,#4103,
    #4104,#4105,#4106,#4107,#4108,#4109,#4110,#4111,#4112,#4113,#4114,
    #4115,#4116,#4117,#4118,#4119,#4120,#4121,#4122,#4123,#4124,#4125,
    #4126,#4127,#4128,#4129,#4130,#4131,#4132),.UNSPECIFIED.,.F.,.F.,(10
    ,8,8,8,10),(17.353629013744,17.450315368518,27.732798486852,
    38.015281605185,38.094269454092),.UNSPECIFIED.);
#4099 = CARTESIAN_POINT('',(20.5,-6.169630382063));
#4100 = CARTESIAN_POINT('',(20.488933991109,-6.168350110682));
#4101 = CARTESIAN_POINT('',(20.47790732582,-6.16707154869));
#4102 = CARTESIAN_POINT('',(20.466923850912,-6.165795623677));
#4103 = CARTESIAN_POINT('',(20.45598826856,-6.164523288294));
#4104 = CARTESIAN_POINT('',(20.445106136352,-6.163255520251));
#4105 = CARTESIAN_POINT('',(20.434283867269,-6.161993322316));
#4106 = CARTESIAN_POINT('',(20.423528729704,-6.16073772232));
#4107 = CARTESIAN_POINT('',(20.412848847446,-6.159489773147));
#4108 = CARTESIAN_POINT('',(19.275418193469,-6.026460882311));
#4109 = CARTESIAN_POINT('',(18.150557899184,-5.909649124703));
#4110 = CARTESIAN_POINT('',(17.023239908835,-5.807292940594));
#4111 = CARTESIAN_POINT('',(15.895632432705,-5.719720705641));
#4112 = CARTESIAN_POINT('',(14.766714308361,-5.646700026811));
#4113 = CARTESIAN_POINT('',(13.637225666081,-5.588375339057));
#4114 = CARTESIAN_POINT('',(12.507016185556,-5.54468318668));
#4115 = CARTESIAN_POINT('',(11.376403085456,-5.515658872273));
#4116 = CARTESIAN_POINT('',(9.114740325825,-5.486940145245));
#4117 = CARTESIAN_POINT('',(7.983694416927,-5.487246528005));
#4118 = CARTESIAN_POINT('',(6.852646851214,-5.502223116898));
#4119 = CARTESIAN_POINT('',(5.721836402107,-5.531869077454));
#4120 = CARTESIAN_POINT('',(4.591472783843,-5.576183619254));
#4121 = CARTESIAN_POINT('',(3.461810719723,-5.635150322554));
#4122 = CARTESIAN_POINT('',(2.33298182989,-5.708770159559));
#4123 = CARTESIAN_POINT('',(1.205250334608,-5.797014174045));
#4124 = CARTESIAN_POINT('',(6.9600911999E-02,-5.900722644809));
#4125 = CARTESIAN_POINT('',(6.0932259528E-02,-5.901515067535));
#4126 = CARTESIAN_POINT('',(5.2253051571E-02,-5.90230924504));
#4127 = CARTESIAN_POINT('',(4.3564071365E-02,-5.903105102621));
#4128 = CARTESIAN_POINT('',(3.4866102151E-02,-5.903902565581));
#4129 = CARTESIAN_POINT('',(2.6159927168E-02,-5.904701559219));
#4130 = CARTESIAN_POINT('',(1.7446329655E-02,-5.905502008836));
#4131 = CARTESIAN_POINT('',(8.726092853003E-03,-5.906303839735));
#4132 = CARTESIAN_POINT('',(0.,-5.907106977213));
#4133 = ( GEOMETRIC_REPRESENTATION_CONTEXT(2) 
PARAMETRIC_REPRESENTATION_CONTEXT() REPRESENTATION_CONTEXT('2D SPACE',''
  ) );
#4134 = PCURVE('',#4135,#4238);
#4135 = ( BOUNDED_SURFACE() B_SPLINE_SURFACE(2,9,(
    (#4136,#4137,#4138,#4139,#4140,#4141,#4142,#4143,#4144,#4145,#4146
      ,#4147,#4148,#4149,#4150,#4151,#4152,#4153,#4154,#4155,#4156,#4157
      ,#4158,#4159,#4160,#4161,#4162,#4163,#4164,#4165,#4166,#4167,#4168
      ,#4169)
    ,(#4170,#4171,#4172,#4173,#4174,#4175,#4176,#4177,#4178,#4179,#4180
      ,#4181,#4182,#4183,#4184,#4185,#4186,#4187,#4188,#4189,#4190,#4191
      ,#4192,#4193,#4194,#4195,#4196,#4197,#4198,#4199,#4200,#4201,#4202
      ,#4203)
    ,(#4204,#4205,#4206,#4207,#4208,#4209,#4210,#4211,#4212,#4213,#4214
      ,#4215,#4216,#4217,#4218,#4219,#4220,#4221,#4222,#4223,#4224,#4225
      ,#4226,#4227,#4228,#4229,#4230,#4231,#4232,#4233,#4234,#4235,#4236
,#4237
    )),.UNSPECIFIED.,.F.,.F.,.F.) B_SPLINE_SURFACE_WITH_KNOTS((3,3),(10,
    8,8,8,10),(0.,20.740640440348),(17.353629013744,17.450315368518,
    27.732798486852,38.015281605185,38.094269454092),.UNSPECIFIED.) 
GEOMETRIC_REPRESENTATION_ITEM() RATIONAL_B_SPLINE_SURFACE((
    (1.,1.,1.,1.,1.,1.,1.,1.,1.,1.,1.,1.,1.,1.,1.,1.,1.,1.,1.,1.,1.,1.
      ,1.,1.,1.,1.,1.,1.,1.,1.,1.,1.,1.,1.)
    ,(0.753255568907,0.753247080718,0.753240018539,0.75323422288
      ,0.753229557531,0.753225909556,0.753223189295,0.753221330366
      ,0.75322028966,0.753194277521,0.753205726899,0.753203491878
      ,0.753205128196,0.753203666211,0.753203954115,0.753203638144
      ,0.753203588013,0.753203517781,0.753203523463,0.753203554121
      ,0.753203543999,0.753203626617,0.753203532373,0.753203661155
      ,0.75320297607,0.753204545754,0.753204583198,0.753204648037
      ,0.753204742189,0.753204867571,0.753205026101,0.753205219696
      ,0.753205450274,0.753205719752)
    ,(1.,1.,1.,1.,1.,1.,1.,1.,1.,1.,1.,1.,1.,1.,1.,1.,1.,1.,1.,1.,1.,1.
,1.,1.,1.,1.,1.,1.,1.,1.,1.,1.,1.,1.
  ))) REPRESENTATION_ITEM('') SURFACE() );
#4136 = CARTESIAN_POINT('',(-9.21014770746,-11.5,19.438824881953));
#4137 = CARTESIAN_POINT('',(-9.21008070323,-11.4889339911,
    19.440103398766));
#4138 = CARTESIAN_POINT('',(-9.21001378847,-11.47790732582,
    19.441380208534));
#4139 = CARTESIAN_POINT('',(-9.20994701171,-11.46692385091,
    19.442654384935));
#4140 = CARTESIAN_POINT('',(-9.20988042282,-11.45598826856,
    19.443924976627));
#4141 = CARTESIAN_POINT('',(-9.20981407297,-11.44510613635,
    19.445191007238));
#4142 = CARTESIAN_POINT('',(-9.20974801463,-11.43428386726,
    19.446451475374));
#4143 = CARTESIAN_POINT('',(-9.20968230161,-11.4235287297,
    19.447705354615));
#4144 = CARTESIAN_POINT('',(-9.20961698899,-11.41284884744,
    19.448951593516));
#4145 = CARTESIAN_POINT('',(-9.20265479478,-10.27541819346,
    19.581798172881));
#4146 = CARTESIAN_POINT('',(-9.19654133975,-9.150557899184,
    19.698449844035));
#4147 = CARTESIAN_POINT('',(-9.19118443098,-8.023239908835,
    19.800665752551));
#4148 = CARTESIAN_POINT('',(-9.18660125432,-6.895632432705,
    19.888117972799));
#4149 = CARTESIAN_POINT('',(-9.18277964727,-5.766714308361,
    19.961038579327));
#4150 = CARTESIAN_POINT('',(-9.17972716896,-4.637225666081,
    20.019283335123));
#4151 = CARTESIAN_POINT('',(-9.17744049839,-3.507016185556,
    20.062915608924));
#4152 = CARTESIAN_POINT('',(-9.17592148314,-2.376403085456,
    20.091900146517));
#4153 = CARTESIAN_POINT('',(-9.1744184611,-0.114740325825,
    20.120579515528));
#4154 = CARTESIAN_POINT('',(-9.17443449593,1.016305583073,
    20.120273552654));
#4155 = CARTESIAN_POINT('',(-9.17521831003,2.147353148786,
    20.105317488656));
#4156 = CARTESIAN_POINT('',(-9.17676985973,3.278163597893,
    20.075712156859));
#4157 = CARTESIAN_POINT('',(-9.17908910365,4.408527216157,
    20.031458346598));
#4158 = CARTESIAN_POINT('',(-9.18217518245,5.538189280277,
    19.972572455116));
#4159 = CARTESIAN_POINT('',(-9.18602814702,6.66701817011,19.899053511539
    ));
#4160 = CARTESIAN_POINT('',(-9.1906464819,7.794749665392,19.810930432408
    ));
#4161 = CARTESIAN_POINT('',(-9.19607416389,8.930399088001,
    19.707364090499));
#4162 = CARTESIAN_POINT('',(-9.19611563609,8.939067740472,19.70657275376
    ));
#4163 = CARTESIAN_POINT('',(-9.19615720013,8.947746948429,
    19.705779664648));
#4164 = CARTESIAN_POINT('',(-9.19619885209,8.956435928635,
    19.704984897762));
#4165 = CARTESIAN_POINT('',(-9.19624058808,8.965133897849,
    19.704188527697));
#4166 = CARTESIAN_POINT('',(-9.19628240418,8.973840072832,
    19.703390629052));
#4167 = CARTESIAN_POINT('',(-9.19632429647,8.982553670345,
    19.702591276423));
#4168 = CARTESIAN_POINT('',(-9.19636626106,8.991273907147,
    19.701790544406));
#4169 = CARTESIAN_POINT('',(-9.19640829403,9.,19.7009885076));
#4170 = CARTESIAN_POINT('',(-9.16472869371,-11.59646241193,
    20.30547129144));
#4171 = CARTESIAN_POINT('',(-9.16466273411,-11.58578187045,
    20.306729875609));
#4172 = CARTESIAN_POINT('',(-9.16459687289,-11.57510575472,
    20.307986582524));
#4173 = CARTESIAN_POINT('',(-9.16453110455,-11.5644332203,
    20.309241517234));
#4174 = CARTESIAN_POINT('',(-9.16446542398,-11.5537634784,
    20.310494777263));
#4175 = CARTESIAN_POINT('',(-9.16439982646,-11.54309579755,
    20.311746452421));
#4176 = CARTESIAN_POINT('',(-9.16433430771,-11.53242950529,
    20.312996624598));
#4177 = CARTESIAN_POINT('',(-9.16426886387,-11.52176398979,
    20.314245367573));
#4178 = CARTESIAN_POINT('',(-9.16420349149,-11.51109870154,
    20.315492746816));
#4179 = CARTESIAN_POINT('',(-9.15719295367,-10.36612532066,
    20.449261777209));
#4180 = CARTESIAN_POINT('',(-9.15103275423,-9.232450634682,
    20.566805384746));
#4181 = CARTESIAN_POINT('',(-9.14562801228,-8.095405722021,
    20.669934004656));
#4182 = CARTESIAN_POINT('',(-9.14100376998,-6.957810769314,
    20.758169804054));
#4183 = CARTESIAN_POINT('',(-9.13714675662,-5.818690258289,
    20.831766003231));
#4184 = CARTESIAN_POINT('',(-9.13406649598,-4.679001599009,
    20.890540877537));
#4185 = CARTESIAN_POINT('',(-9.13175888998,-3.538579239191,
    20.934572622993));
#4186 = CARTESIAN_POINT('',(-9.13022605787,-2.397777542014,
    20.963820801938));
#4187 = CARTESIAN_POINT('',(-9.12870936756,-0.115777806986,
    20.992760977105));
#4188 = CARTESIAN_POINT('',(-9.12872556061,1.025415391423,
    20.992451995378));
#4189 = CARTESIAN_POINT('',(-9.12951647298,2.166587429457,
    20.977360488324));
#4190 = CARTESIAN_POINT('',(-9.13108198128,3.30750687571,20.94748881052)
  );
#4191 = CARTESIAN_POINT('',(-9.1334220896,4.447965534546,20.902836883745
    ));
#4192 = CARTESIAN_POINT('',(-9.13653581296,5.587678157179,
    20.843423502654));
#4193 = CARTESIAN_POINT('',(-9.14042308186,6.726468313842,
    20.769249993492));
#4194 = CARTESIAN_POINT('',(-9.14508144403,7.863956954688,
    20.680363148075));
#4195 = CARTESIAN_POINT('',(-9.15055413821,9.009076294619,
    20.575937922424));
#4196 = CARTESIAN_POINT('',(-9.15059590308,9.017805662738,
    20.575141001253));
#4197 = CARTESIAN_POINT('',(-9.1506377134,9.026534930201,20.574343212777
    ));
#4198 = CARTESIAN_POINT('',(-9.15067956927,9.03526411517,20.573544555276
    ));
#4199 = CARTESIAN_POINT('',(-9.15072147077,9.04399323571,20.572745027043
    ));
#4200 = CARTESIAN_POINT('',(-9.15076341799,9.05272230981,20.571944626376
    ));
#4201 = CARTESIAN_POINT('',(-9.15080541102,9.061451355356,
    20.571143351583));
#4202 = CARTESIAN_POINT('',(-9.15084744995,9.070180390155,
    20.570341200979));
#4203 = CARTESIAN_POINT('',(-9.15088953487,9.078909431921,
    20.569538172891));
#4204 = CARTESIAN_POINT('',(-8.295282585853,-11.56947428294,
    20.38149095481));
#4205 = CARTESIAN_POINT('',(-8.29505809476,-11.56210075969,
    20.382371624557));
#4206 = CARTESIAN_POINT('',(-8.294862229996,-11.55449299142,
    20.383276632851));
#4207 = CARTESIAN_POINT('',(-8.294691444722,-11.54661659263,
    20.384210252543));
#4208 = CARTESIAN_POINT('',(-8.29454264678,-11.53843181515,
    20.385177308074));
#4209 = CARTESIAN_POINT('',(-8.294413198697,-11.5298935481,
    20.386183175473));
#4210 = CARTESIAN_POINT('',(-8.29430091768,-11.52095131786,
    20.387233782358));
#4211 = CARTESIAN_POINT('',(-8.294204075618,-11.51154928816,
    20.388335607933));
#4212 = CARTESIAN_POINT('',(-8.294121399086,-11.50162625997,
    20.389495682992));
#4213 = CARTESIAN_POINT('',(-8.286678929948,-10.37332663336,
    20.521095387884));
#4214 = CARTESIAN_POINT('',(-8.280785118386,-9.246094510001,
    20.638048759511));
#4215 = CARTESIAN_POINT('',(-8.275339414761,-8.110317669176,
    20.741214334877));
#4216 = CARTESIAN_POINT('',(-8.2707303985,-6.971446112538,
    20.829662598741));
#4217 = CARTESIAN_POINT('',(-8.266837448245,-5.830103018168,
    20.90347436989));
#4218 = CARTESIAN_POINT('',(-8.263751021985,-4.687956352478,
    20.962418722218));
#4219 = CARTESIAN_POINT('',(-8.261431701106,-3.545162366826,
    21.006568757358));
#4220 = CARTESIAN_POINT('',(-8.259893769652,-2.402145205871,
    21.035890332676));
#4221 = CARTESIAN_POINT('',(-8.258371862143,-0.116032288294,
    21.064901644238));
#4222 = CARTESIAN_POINT('',(-8.258388294237,1.02705915749,
    21.064590412091));
#4223 = CARTESIAN_POINT('',(-8.259181545255,2.169969831041,
    21.049465947074));
#4224 = CARTESIAN_POINT('',(-8.260749852321,3.312544526888,
    21.019538629761));
#4225 = CARTESIAN_POINT('',(-8.263095665849,4.454573540274,
    20.974807740672));
#4226 = CARTESIAN_POINT('',(-8.266212784599,5.595620474403,
    20.915296824387));
#4227 = CARTESIAN_POINT('',(-8.270106886692,6.735125083618,
    20.841039735975));
#4228 = CARTESIAN_POINT('',(-8.274749760745,7.87203353675,
    20.752175333391));
#4229 = CARTESIAN_POINT('',(-8.280237442834,9.014071425701,
    20.648094493792));
#4230 = CARTESIAN_POINT('',(-8.280279478306,9.022697420656,
    20.64730745027));
#4231 = CARTESIAN_POINT('',(-8.280321781797,9.031249006454,
    20.646526298309));
#4232 = CARTESIAN_POINT('',(-8.280364419706,9.039731793447,
    20.645750541091));
#4233 = CARTESIAN_POINT('',(-8.280407458429,9.048151392005,
    20.644979681796));
#4234 = CARTESIAN_POINT('',(-8.280450964362,9.056513412476,
    20.644213223605));
#4235 = CARTESIAN_POINT('',(-8.280495003904,9.064823465228,
    20.643450669697));
#4236 = CARTESIAN_POINT('',(-8.280539643449,9.073087160616,
    20.642691523255));
#4237 = CARTESIAN_POINT('',(-8.280584949397,9.081310109001,
    20.641935287458));
#4238 = DEFINITIONAL_REPRESENTATION('',(#4239),#4243);
#4239 = LINE('',#4240,#4241);
#4240 = CARTESIAN_POINT('',(0.,0.));
#4241 = VECTOR('',#4242,1.);
#4242 = DIRECTION('',(0.,1.));
#4243 = ( GEOMETRIC_REPRESENTATION_CONTEXT(2) 
PARAMETRIC_REPRESENTATION_CONTEXT() REPRESENTATION_CONTEXT('2D SPACE',''
  ) );
#4244 = ADVANCED_FACE('',(#4245),#1126,.F.);
#4245 = FACE_BOUND('',#4246,.F.);
#4246 = EDGE_LOOP('',(#4247,#4248,#4249,#4250));
#4247 = ORIENTED_EDGE('',*,*,#4039,.F.);
#4248 = ORIENTED_EDGE('',*,*,#1109,.T.);
#4249 = ORIENTED_EDGE('',*,*,#3096,.T.);
#4250 = ORIENTED_EDGE('',*,*,#4251,.T.);
#4251 = EDGE_CURVE('',#3097,#4040,#4252,.T.);
#4252 = SURFACE_CURVE('',#4253,(#4292,#4348),.PCURVE_S1.);
#4253 = ( BOUNDED_CURVE() B_SPLINE_CURVE(13,(#4254,#4255,#4256,#4257,
    #4258,#4259,#4260,#4261,#4262,#4263,#4264,#4265,#4266,#4267,#4268,
    #4269,#4270,#4271,#4272,#4273,#4274,#4275,#4276,#4277,#4278,#4279,
    #4280,#4281,#4282,#4283,#4284,#4285,#4286,#4287,#4288,#4289,#4290,
#4291),.UNSPECIFIED.,.F.,.F.) B_SPLINE_CURVE_WITH_KNOTS((14,12,12,14),(
    14.25385694443,15.343474686067,15.956883936288,17.353629013744),
.UNSPECIFIED.) CURVE() GEOMETRIC_REPRESENTATION_ITEM() 
RATIONAL_B_SPLINE_CURVE((1.,1.,1.,0.999999999999,1.000000000003,
    0.999999999995,1.000000000006,0.999999999994,1.000000000004,
    0.999999999997,1.000000000001,0.999999999999,1.,1.,1.000000000001,
    0.999999999998,1.000000000003,0.999999999995,1.000000000006,
    0.999999999994,1.000000000005,0.999999999997,1.000000000001,1.,1.,1.
    ,1.,1.000000000001,0.999999999999,1.,1.000000000001,0.999999999998,
    1.000000000002,0.999999999998,1.000000000001,1.,1.,1.)) 
REPRESENTATION_ITEM('') );
#4254 = CARTESIAN_POINT('',(-7.1,-13.61278685084,19.388467026293));
#4255 = CARTESIAN_POINT('',(-7.188617024167,-13.61296761355,
    19.385017868319));
#4256 = CARTESIAN_POINT('',(-7.281551721613,-13.60911625133,
    19.381781869168));
#4257 = CARTESIAN_POINT('',(-7.367681317847,-13.60051320113,
    19.378868594997));
#4258 = CARTESIAN_POINT('',(-7.458071336034,-13.58934863569,
    19.376190829798));
#4259 = CARTESIAN_POINT('',(-7.550197518459,-13.57129746056,
    19.373740606918));
#4260 = CARTESIAN_POINT('',(-7.631124991739,-13.55261559282,
    19.371735704602));
#4261 = CARTESIAN_POINT('',(-7.726324580914,-13.52643283944,
    19.369793589985));
#4262 = CARTESIAN_POINT('',(-7.805861396195,-13.49882849576,
    19.368369925507));
#4263 = CARTESIAN_POINT('',(-7.893843848248,-13.46572067981,
    19.367093531119));
#4264 = CARTESIAN_POINT('',(-7.97533680269,-13.42941565397,
    19.366200013406));
#4265 = CARTESIAN_POINT('',(-8.056702483164,-13.38909807242,
    19.365585600471));
#4266 = CARTESIAN_POINT('',(-8.135672589192,-13.34514049555,
    19.365285458436));
#4267 = CARTESIAN_POINT('',(-8.255711611995,-13.27085204769,
    19.36529653434));
#4268 = CARTESIAN_POINT('',(-8.298248473674,-13.24296297957,
    19.365398125464));
#4269 = CARTESIAN_POINT('',(-8.340051193597,-13.21396416878,
    19.365597300404));
#4270 = CARTESIAN_POINT('',(-8.381086351754,-13.1838781506,
    19.365893936973));
#4271 = CARTESIAN_POINT('',(-8.421321540841,-13.15272844988,
    19.366287808681));
#4272 = CARTESIAN_POINT('',(-8.460725366254,-13.12053958105,
    19.366778584765));
#4273 = CARTESIAN_POINT('',(-8.4992674461,-13.08733704806,
    19.367365830148));
#4274 = CARTESIAN_POINT('',(-8.53691841118,-13.05314734447,
    19.368049005493));
#4275 = CARTESIAN_POINT('',(-8.573649905013,-13.01799795338,
    19.368827467141));
#4276 = CARTESIAN_POINT('',(-8.609434583808,-12.98191734747,
    19.369700467169));
#4277 = CARTESIAN_POINT('',(-8.644246116489,-12.94493498895,
    19.370667153346));
#4278 = CARTESIAN_POINT('',(-8.678059184677,-12.90708132963,
    19.371726569159));
#4279 = CARTESIAN_POINT('',(-8.78551364425,-12.78028189816,
    19.375498696462));
#4280 = CARTESIAN_POINT('',(-8.854876782184,-12.68780529656,
    19.378597081455));
#4281 = CARTESIAN_POINT('',(-8.918641815612,-12.59142402841,
    19.382148131099));
#4282 = CARTESIAN_POINT('',(-8.97658579207,-12.49128022639,
    19.386165837797));
#4283 = CARTESIAN_POINT('',(-9.02841655299,-12.38811051774,
    19.390600709419));
#4284 = CARTESIAN_POINT('',(-9.07402029708,-12.28224948926,
    19.395437245329));
#4285 = CARTESIAN_POINT('',(-9.1132910043,-12.17382557563,
    19.400678909946));
#4286 = CARTESIAN_POINT('',(-9.14599425809,-12.06342956724,
    19.40629265799));
#4287 = CARTESIAN_POINT('',(-9.1719858663,-11.95198729027,
    19.412223053763));
#4288 = CARTESIAN_POINT('',(-9.19145033184,-11.83979245216,
    19.418458446332));
#4289 = CARTESIAN_POINT('',(-9.204516167,-11.72614775471,19.425019142587
    ));
#4290 = CARTESIAN_POINT('',(-9.21051478154,-11.61131673659,
    19.431820691213));
#4291 = CARTESIAN_POINT('',(-9.21014770746,-11.5,19.438824881953));
#4292 = PCURVE('',#1126,#4293);
#4293 = DEFINITIONAL_REPRESENTATION('',(#4294),#4347);
#4294 = B_SPLINE_CURVE_WITH_KNOTS('',11,(#4295,#4296,#4297,#4298,#4299,
    #4300,#4301,#4302,#4303,#4304,#4305,#4306,#4307,#4308,#4309,#4310,
    #4311,#4312,#4313,#4314,#4315,#4316,#4317,#4318,#4319,#4320,#4321,
    #4322,#4323,#4324,#4325,#4326,#4327,#4328,#4329,#4330,#4331,#4332,
    #4333,#4334,#4335,#4336,#4337,#4338,#4339,#4340,#4341,#4342,#4343,
    #4344,#4345,#4346),.UNSPECIFIED.,.F.,.F.,(12,10,10,10,10,12),(
    14.25385694443,15.028799961759,15.416271470423,15.803742979087,
    16.578685996415,17.353629013744),.UNSPECIFIED.);
#4295 = CARTESIAN_POINT('',(4.712388980385,-7.388467026293));
#4296 = CARTESIAN_POINT('',(4.747642927378,-7.385567951924));
#4297 = CARTESIAN_POINT('',(4.784360993857,-7.382821643171));
#4298 = CARTESIAN_POINT('',(4.819282020505,-7.38029781795));
#4299 = CARTESIAN_POINT('',(4.855212827953,-7.377948757677));
#4300 = CARTESIAN_POINT('',(4.891293336449,-7.375787897896));
#4301 = CARTESIAN_POINT('',(4.926715581949,-7.373852602647));
#4302 = CARTESIAN_POINT('',(4.962776949371,-7.372102750715));
#4303 = CARTESIAN_POINT('',(4.998541699069,-7.37057354387));
#4304 = CARTESIAN_POINT('',(5.034427746158,-7.369253724441));
#4305 = CARTESIAN_POINT('',(5.070302491038,-7.368150196464));
#4306 = CARTESIAN_POINT('',(5.124136816834,-7.366820771252));
#4307 = CARTESIAN_POINT('',(5.142084111406,-7.366431978967));
#4308 = CARTESIAN_POINT('',(5.160037674252,-7.366097651073));
#4309 = CARTESIAN_POINT('',(5.177976320284,-7.365818656738));
#4310 = CARTESIAN_POINT('',(5.195962724905,-7.365593103712));
#4311 = CARTESIAN_POINT('',(5.213855559283,-7.365425831074));
#4312 = CARTESIAN_POINT('',(5.231880048915,-7.365309227045));
#4313 = CARTESIAN_POINT('',(5.249791739908,-7.365251818018));
#4314 = CARTESIAN_POINT('',(5.267762141804,-7.365247589294));
#4315 = CARTESIAN_POINT('',(5.28571562833,-7.365299196555));
#4316 = CARTESIAN_POINT('',(5.321625379697,-7.365512598002));
#4317 = CARTESIAN_POINT('',(5.339579503336,-7.365674469861));
#4318 = CARTESIAN_POINT('',(5.357532471505,-7.36589144981));
#4319 = CARTESIAN_POINT('',(5.375483897187,-7.36616343921));
#4320 = CARTESIAN_POINT('',(5.393433409787,-7.366490303723));
#4321 = CARTESIAN_POINT('',(5.41138065511,-7.366871873472));
#4322 = CARTESIAN_POINT('',(5.429325295389,-7.367307942843));
#4323 = CARTESIAN_POINT('',(5.447267009257,-7.367798270685));
#4324 = CARTESIAN_POINT('',(5.46520549177,-7.368342580145));
#4325 = CARTESIAN_POINT('',(5.483140454392,-7.368940558778));
#4326 = CARTESIAN_POINT('',(5.536933966218,-7.370894457911));
#4327 = CARTESIAN_POINT('',(5.572781791051,-7.372410654489));
#4328 = CARTESIAN_POINT('',(5.608605674708,-7.374134952453));
#4329 = CARTESIAN_POINT('',(5.644428348179,-7.37607374959));
#4330 = CARTESIAN_POINT('',(5.680198781846,-7.378205110851));
#4331 = CARTESIAN_POINT('',(5.715955423845,-7.380539486018));
#4332 = CARTESIAN_POINT('',(5.751696710817,-7.383073578049));
#4333 = CARTESIAN_POINT('',(5.787378337201,-7.385786885548));
#4334 = CARTESIAN_POINT('',(5.823043443831,-7.388687905489));
#4335 = CARTESIAN_POINT('',(5.858668213104,-7.391763457408));
#4336 = CARTESIAN_POINT('',(5.929843152165,-7.398254402345));
#4337 = CARTESIAN_POINT('',(5.965393518886,-7.40166900351));
#4338 = CARTESIAN_POINT('',(6.000899087127,-7.405248083107));
#4339 = CARTESIAN_POINT('',(6.036362462957,-7.408982166452));
#4340 = CARTESIAN_POINT('',(6.071777054312,-7.412862787957));
#4341 = CARTESIAN_POINT('',(6.107142951355,-7.416883857983));
#4342 = CARTESIAN_POINT('',(6.142488010084,-7.421040203823));
#4343 = CARTESIAN_POINT('',(6.177863962244,-7.425324926554));
#4344 = CARTESIAN_POINT('',(6.213287374592,-7.429727214373));
#4345 = CARTESIAN_POINT('',(6.24859528053,-7.434232254142));
#4346 = CARTESIAN_POINT('',(6.28318530718,-7.438824881953));
#4347 = ( GEOMETRIC_REPRESENTATION_CONTEXT(2) 
PARAMETRIC_REPRESENTATION_CONTEXT() REPRESENTATION_CONTEXT('2D SPACE',''
  ) );
#4348 = PCURVE('',#4349,#4464);
#4349 = ( BOUNDED_SURFACE() B_SPLINE_SURFACE(2,13,(
    (#4350,#4351,#4352,#4353,#4354,#4355,#4356,#4357,#4358,#4359,#4360
      ,#4361,#4362,#4363,#4364,#4365,#4366,#4367,#4368,#4369,#4370,#4371
      ,#4372,#4373,#4374,#4375,#4376,#4377,#4378,#4379,#4380,#4381,#4382
      ,#4383,#4384,#4385,#4386,#4387)
    ,(#4388,#4389,#4390,#4391,#4392,#4393,#4394,#4395,#4396,#4397,#4398
      ,#4399,#4400,#4401,#4402,#4403,#4404,#4405,#4406,#4407,#4408,#4409
      ,#4410,#4411,#4412,#4413,#4414,#4415,#4416,#4417,#4418,#4419,#4420
      ,#4421,#4422,#4423,#4424,#4425)
    ,(#4426,#4427,#4428,#4429,#4430,#4431,#4432,#4433,#4434,#4435,#4436
      ,#4437,#4438,#4439,#4440,#4441,#4442,#4443,#4444,#4445,#4446,#4447
      ,#4448,#4449,#4450,#4451,#4452,#4453,#4454,#4455,#4456,#4457,#4458
      ,#4459,#4460,#4461,#4462,#4463
)),.UNSPECIFIED.,.F.,.F.,.F.) B_SPLINE_SURFACE_WITH_KNOTS((3,3),(14,12,
    12,14),(0.,3.099772069313),(14.25385694443,15.343474686067,
    15.956883936288,17.353629013744),.UNSPECIFIED.) 
GEOMETRIC_REPRESENTATION_ITEM() RATIONAL_B_SPLINE_SURFACE((
    (1.,1.,1.,0.999999999999,1.000000000003,0.999999999995
      ,1.000000000006,0.999999999994,1.000000000004,0.999999999997
      ,1.000000000001,0.999999999999,1.,1.,1.000000000001,0.999999999998
      ,1.000000000003,0.999999999995,1.000000000006,0.999999999994
      ,1.000000000005,0.999999999997,1.000000000001,1.,1.,1.,1.
      ,1.000000000001,0.999999999999,1.,1.000000000001,0.999999999998
      ,1.000000000002,0.999999999998,1.000000000001,1.,1.,1.)
    ,(0.767814746454,0.768780572379,0.769762060825,0.770507454734
      ,0.771331541723,0.772006824583,0.772542230534,0.773145242031
      ,0.773497721159,0.773886062716,0.774126276405,0.774302118293
      ,0.774386268064,0.774383149714,0.774354547032,0.774298469053
      ,0.774214943517,0.774104021687,0.773965778389,0.773800311957
      ,0.773607744299,0.773388220828,0.773141910522,0.772869005882
      ,0.772569722956,0.771503309796,0.770626902724,0.769617296917
      ,0.768478783102,0.767215603701,0.765832197163,0.764331455459
      ,0.762718642878,0.761006732425,0.759207144662,0.757302241455
      ,0.755256448045,0.753255568907)
    ,(1.,1.,1.,0.999999999999,1.000000000003,0.999999999995
      ,1.000000000006,0.999999999994,1.000000000004,0.999999999997
      ,1.000000000001,0.999999999999,1.,1.,1.000000000001,0.999999999998
      ,1.000000000003,0.999999999995,1.000000000006,0.999999999994
      ,1.000000000005,0.999999999997,1.000000000001,1.,1.,1.,1.
      ,1.000000000001,0.999999999999,1.,1.000000000001,0.999999999998
      ,1.000000000002,0.999999999998,1.000000000001,1.,1.,1.
))) REPRESENTATION_ITEM('') SURFACE() );
#4350 = CARTESIAN_POINT('',(-7.1,-13.61278685084,19.388467026293));
#4351 = CARTESIAN_POINT('',(-7.188617024167,-13.61296761355,
    19.385017868319));
#4352 = CARTESIAN_POINT('',(-7.281551721613,-13.60911625133,
    19.381781869168));
#4353 = CARTESIAN_POINT('',(-7.367681317847,-13.60051320113,
    19.378868594997));
#4354 = CARTESIAN_POINT('',(-7.458071336034,-13.58934863569,
    19.376190829798));
#4355 = CARTESIAN_POINT('',(-7.550197518459,-13.57129746056,
    19.373740606918));
#4356 = CARTESIAN_POINT('',(-7.631124991739,-13.55261559282,
    19.371735704602));
#4357 = CARTESIAN_POINT('',(-7.726324580914,-13.52643283944,
    19.369793589985));
#4358 = CARTESIAN_POINT('',(-7.805861396195,-13.49882849576,
    19.368369925507));
#4359 = CARTESIAN_POINT('',(-7.893843848248,-13.46572067981,
    19.367093531119));
#4360 = CARTESIAN_POINT('',(-7.97533680269,-13.42941565397,
    19.366200013406));
#4361 = CARTESIAN_POINT('',(-8.056702483164,-13.38909807242,
    19.365585600471));
#4362 = CARTESIAN_POINT('',(-8.135672589192,-13.34514049555,
    19.365285458436));
#4363 = CARTESIAN_POINT('',(-8.255711611995,-13.27085204769,
    19.36529653434));
#4364 = CARTESIAN_POINT('',(-8.298248473674,-13.24296297957,
    19.365398125464));
#4365 = CARTESIAN_POINT('',(-8.340051193597,-13.21396416878,
    19.365597300404));
#4366 = CARTESIAN_POINT('',(-8.381086351754,-13.1838781506,
    19.365893936973));
#4367 = CARTESIAN_POINT('',(-8.421321540841,-13.15272844988,
    19.366287808681));
#4368 = CARTESIAN_POINT('',(-8.460725366254,-13.12053958105,
    19.366778584765));
#4369 = CARTESIAN_POINT('',(-8.4992674461,-13.08733704806,
    19.367365830148));
#4370 = CARTESIAN_POINT('',(-8.53691841118,-13.05314734447,
    19.368049005493));
#4371 = CARTESIAN_POINT('',(-8.573649905013,-13.01799795338,
    19.368827467141));
#4372 = CARTESIAN_POINT('',(-8.609434583808,-12.98191734747,
    19.369700467169));
#4373 = CARTESIAN_POINT('',(-8.644246116489,-12.94493498895,
    19.370667153346));
#4374 = CARTESIAN_POINT('',(-8.678059184677,-12.90708132963,
    19.371726569159));
#4375 = CARTESIAN_POINT('',(-8.78551364425,-12.78028189816,
    19.375498696462));
#4376 = CARTESIAN_POINT('',(-8.854876782184,-12.68780529656,
    19.378597081455));
#4377 = CARTESIAN_POINT('',(-8.918641815612,-12.59142402841,
    19.382148131099));
#4378 = CARTESIAN_POINT('',(-8.97658579207,-12.49128022639,
    19.386165837797));
#4379 = CARTESIAN_POINT('',(-9.02841655299,-12.38811051774,
    19.390600709419));
#4380 = CARTESIAN_POINT('',(-9.07402029708,-12.28224948926,
    19.395437245329));
#4381 = CARTESIAN_POINT('',(-9.1132910043,-12.17382557563,
    19.400678909946));
#4382 = CARTESIAN_POINT('',(-9.14599425809,-12.06342956724,
    19.40629265799));
#4383 = CARTESIAN_POINT('',(-9.1719858663,-11.95198729027,
    19.412223053763));
#4384 = CARTESIAN_POINT('',(-9.19145033184,-11.83979245216,
    19.418458446332));
#4385 = CARTESIAN_POINT('',(-9.204516167,-11.72614775471,19.425019142587
    ));
#4386 = CARTESIAN_POINT('',(-9.21051478154,-11.61131673659,
    19.431820691213));
#4387 = CARTESIAN_POINT('',(-9.21014770746,-11.5,19.438824881953));
#4388 = CARTESIAN_POINT('',(-7.156651096586,-13.56921799616,
    20.219810297739));
#4389 = CARTESIAN_POINT('',(-7.240247710832,-13.56714837567,
    20.214018749787));
#4390 = CARTESIAN_POINT('',(-7.323792323869,-13.56128500016,
    20.208674598601));
#4391 = CARTESIAN_POINT('',(-7.407153665995,-13.5519516488,
    20.203748494787));
#4392 = CARTESIAN_POINT('',(-7.490309879498,-13.53873267462,
    20.199291600143));
#4393 = CARTESIAN_POINT('',(-7.572355982243,-13.52193985938,
    20.195333166477));
#4394 = CARTESIAN_POINT('',(-7.654578726623,-13.50160029987,
    20.191774765152));
#4395 = CARTESIAN_POINT('',(-7.73476553913,-13.47744487618,
    20.18881190684));
#4396 = CARTESIAN_POINT('',(-7.81480729975,-13.4499773521,
    20.186244366326));
#4397 = CARTESIAN_POINT('',(-7.892904458424,-13.41885124026,
    20.184246597181));
#4398 = CARTESIAN_POINT('',(-7.969846883697,-13.38439467457,
    20.182720778585));
#4399 = CARTESIAN_POINT('',(-8.04503579387,-13.34657166687,
    20.181715471832));
#4400 = CARTESIAN_POINT('',(-8.118441562972,-13.30551108773,
    20.181217398666));
#4401 = CARTESIAN_POINT('',(-8.23009245681,-13.23642208483,
    20.181235723065));
#4402 = CARTESIAN_POINT('',(-8.26969243496,-13.21053592307,
    20.181403808423));
#4403 = CARTESIAN_POINT('',(-8.308647892112,-13.18366662544,
    20.181733381472));
#4404 = CARTESIAN_POINT('',(-8.346930547803,-13.15583290264,
    20.182224295068));
#4405 = CARTESIAN_POINT('',(-8.384512950758,-13.12705422959,
    20.182876252142));
#4406 = CARTESIAN_POINT('',(-8.421368464274,-13.09735085765,
    20.183688805329));
#4407 = CARTESIAN_POINT('',(-8.45747125233,-13.06674382751,
    20.184661356446));
#4408 = CARTESIAN_POINT('',(-8.492796266569,-13.03525498314,
    20.185793155825));
#4409 = CARTESIAN_POINT('',(-8.52731923402,-13.00290698622,
    20.187083301482));
#4410 = CARTESIAN_POINT('',(-8.561016645725,-12.96972333165,
    20.188530738145));
#4411 = CARTESIAN_POINT('',(-8.593865746144,-12.93572836358,
    20.190134256128));
#4412 = CARTESIAN_POINT('',(-8.625844523475,-12.90094729233,
    20.191892490054));
#4413 = CARTESIAN_POINT('',(-8.727815666964,-12.78436660152,
    20.198162291707));
#4414 = CARTESIAN_POINT('',(-8.794100802984,-12.69934231129,
    20.203318359376));
#4415 = CARTESIAN_POINT('',(-8.855520119499,-12.61058032085,
    20.209262570082));
#4416 = CARTESIAN_POINT('',(-8.911847318308,-12.51856253773,
    20.215954469628));
#4417 = CARTESIAN_POINT('',(-8.962884166401,-12.42342124597,
    20.223393176192));
#4418 = CARTESIAN_POINT('',(-9.00844803663,-12.32553158712,
    20.231547835094));
#4419 = CARTESIAN_POINT('',(-9.04838138501,-12.22541113661,
    20.240368868708));
#4420 = CARTESIAN_POINT('',(-9.08255869217,-12.12337618896,
    20.249828339933));
#4421 = CARTESIAN_POINT('',(-9.1108795991,-12.01962835839,
    20.259910151065));
#4422 = CARTESIAN_POINT('',(-9.13327128409,-11.91464793749,
    20.270563085574));
#4423 = CARTESIAN_POINT('',(-9.14972369724,-11.80907368354,
    20.281712499121));
#4424 = CARTESIAN_POINT('',(-9.16028804383,-11.70283794636,
    20.293363248162));
#4425 = CARTESIAN_POINT('',(-9.16472869371,-11.59646241193,
    20.30547129144));
#4426 = CARTESIAN_POINT('',(-7.145442109099,-12.7418223759,
    20.327188475193));
#4427 = CARTESIAN_POINT('',(-7.200539724718,-12.74293396194,
    20.3230656404));
#4428 = CARTESIAN_POINT('',(-7.233176974187,-12.74179421875,
    20.320821579822));
#4429 = CARTESIAN_POINT('',(-7.302467796787,-12.74025520223,
    20.315992813345));
#4430 = CARTESIAN_POINT('',(-7.345699296808,-12.72903890392,
    20.314161562508));
#4431 = CARTESIAN_POINT('',(-7.37839013847,-12.72941962143,
    20.311751742379));
#4432 = CARTESIAN_POINT('',(-7.464901665222,-12.70852533454,
    20.307934488695));
#4433 = CARTESIAN_POINT('',(-7.470400726966,-12.70440085873,
    20.308012737634));
#4434 = CARTESIAN_POINT('',(-7.552221394861,-12.68294708492,
    20.304605793211));
#4435 = CARTESIAN_POINT('',(-7.580582792426,-12.66817457872,
    20.304279788831));
#4436 = CARTESIAN_POINT('',(-7.634154105205,-12.64706548553,
    20.302875842067));
#4437 = CARTESIAN_POINT('',(-7.677578828104,-12.6250625271,
    20.302310639828));
#4438 = CARTESIAN_POINT('',(-7.721867445465,-12.60063098437,
    20.301968600766));
#4439 = CARTESIAN_POINT('',(-7.788730020962,-12.55924738925,
    20.301980727663));
#4440 = CARTESIAN_POINT('',(-7.812404288049,-12.54368458253,
    20.302091928259));
#4441 = CARTESIAN_POINT('',(-7.835649255228,-12.52747756193,
    20.302309951761));
#4442 = CARTESIAN_POINT('',(-7.858444972143,-12.51063981494,
    20.302634660025));
#4443 = CARTESIAN_POINT('',(-7.880772032695,-12.4931855826,
    20.303065786498));
#4444 = CARTESIAN_POINT('',(-7.902611575045,-12.47512985947,
    20.303602936213));
#4445 = CARTESIAN_POINT('',(-7.923945281615,-12.45648839366,
    20.304245585797));
#4446 = CARTESIAN_POINT('',(-7.944755379081,-12.43727768683,
    20.304993083462));
#4447 = CARTESIAN_POINT('',(-7.965024638387,-12.41751499416,
    20.305844649013));
#4448 = CARTESIAN_POINT('',(-7.984736374727,-12.3972183244,
    20.30679937384));
#4449 = CARTESIAN_POINT('',(-8.003874447562,-12.37640643981,
    20.307856220927));
#4450 = CARTESIAN_POINT('',(-8.022423260607,-12.35509885621,
    20.309014024844));
#4451 = CARTESIAN_POINT('',(-8.081227748472,-12.28371548803,
    20.313134768939));
#4452 = CARTESIAN_POINT('',(-8.118938165489,-12.23181246265,
    20.316496695689));
#4453 = CARTESIAN_POINT('',(-8.153415716373,-12.1768750226,
    20.320450426512));
#4454 = CARTESIAN_POINT('',(-8.184144816008,-12.12172432445,
    20.324699049627));
#4455 = CARTESIAN_POINT('',(-8.211770088219,-12.06345419841,
    20.32954023823));
#4456 = CARTESIAN_POINT('',(-8.235689106312,-12.00276544192,
    20.334934589963));
#4457 = CARTESIAN_POINT('',(-8.255268240465,-11.94277847766,
    20.340559563427));
#4458 = CARTESIAN_POINT('',(-8.271245809164,-11.88298875527,
    20.346422306018));
#4459 = CARTESIAN_POINT('',(-8.28431539596,-11.81966605792,
    20.352911833156));
#4460 = CARTESIAN_POINT('',(-8.292996010761,-11.75373099322,
    20.36002365218));
#4461 = CARTESIAN_POINT('',(-8.295892569559,-11.69422849163,
    20.366797715169));
#4462 = CARTESIAN_POINT('',(-8.297527761042,-11.64321819507,
    20.372683220665));
#4463 = CARTESIAN_POINT('',(-8.295282585853,-11.56947428294,
    20.38149095481));
#4464 = DEFINITIONAL_REPRESENTATION('',(#4465),#4469);
#4465 = LINE('',#4466,#4467);
#4466 = CARTESIAN_POINT('',(0.,0.));
#4467 = VECTOR('',#4468,1.);
#4468 = DIRECTION('',(0.,1.));
#4469 = ( GEOMETRIC_REPRESENTATION_CONTEXT(2) 
PARAMETRIC_REPRESENTATION_CONTEXT() REPRESENTATION_CONTEXT('2D SPACE',''
  ) );
#4470 = ADVANCED_FACE('',(#4471),#1438,.T.);
#4471 = FACE_BOUND('',#4472,.T.);
#4472 = EDGE_LOOP('',(#4473,#4474,#4475,#4494));
#4473 = ORIENTED_EDGE('',*,*,#1723,.T.);
#4474 = ORIENTED_EDGE('',*,*,#2472,.T.);
#4475 = ORIENTED_EDGE('',*,*,#4476,.F.);
#4476 = EDGE_CURVE('',#1341,#2115,#4477,.T.);
#4477 = SURFACE_CURVE('',#4478,(#4482,#4488),.PCURVE_S1.);
#4478 = ( BOUNDED_CURVE() B_SPLINE_CURVE(2,(#4479,#4480,#4481),
.UNSPECIFIED.,.F.,.F.) B_SPLINE_CURVE_WITH_KNOTS((3,3),(0.,
20.793311028108),.PIECEWISE_BEZIER_KNOTS.) CURVE() 
GEOMETRIC_REPRESENTATION_ITEM() RATIONAL_B_SPLINE_CURVE((1.,
0.753205121835,1.)) REPRESENTATION_ITEM('') );
#4479 = CARTESIAN_POINT('',(-9.49558337547,9.,19.716728891278));
#4480 = CARTESIAN_POINT('',(-9.43640755732,9.102303507521,
    20.845870766099));
#4481 = CARTESIAN_POINT('',(-8.305018401184,9.103752467318,
    20.940134420091));
#4482 = PCURVE('',#1438,#4483);
#4483 = DEFINITIONAL_REPRESENTATION('',(#4484),#4487);
#4484 = B_SPLINE_CURVE_WITH_KNOTS('',1,(#4485,#4486),.UNSPECIFIED.,.F.,
  .F.,(2,2),(0.,20.793311028108),.PIECEWISE_BEZIER_KNOTS.);
#4485 = CARTESIAN_POINT('',(0.,38.56636306572));
#4486 = CARTESIAN_POINT('',(20.793311028108,38.56636306572));
#4487 = ( GEOMETRIC_REPRESENTATION_CONTEXT(2) 
PARAMETRIC_REPRESENTATION_CONTEXT() REPRESENTATION_CONTEXT('2D SPACE',''
  ) );
#4488 = PCURVE('',#2278,#4489);
#4489 = DEFINITIONAL_REPRESENTATION('',(#4490),#4493);
#4490 = B_SPLINE_CURVE_WITH_KNOTS('',1,(#4491,#4492),.UNSPECIFIED.,.F.,
  .F.,(2,2),(0.,20.793311028108),.PIECEWISE_BEZIER_KNOTS.);
#4491 = CARTESIAN_POINT('',(0.,38.56636306572));
#4492 = CARTESIAN_POINT('',(29.569439817248,38.56636306572));
#4493 = ( GEOMETRIC_REPRESENTATION_CONTEXT(2) 
PARAMETRIC_REPRESENTATION_CONTEXT() REPRESENTATION_CONTEXT('2D SPACE',''
  ) );
#4494 = ORIENTED_EDGE('',*,*,#1362,.F.);
#4495 = ADVANCED_FACE('',(#4496),#1761,.T.);
#4496 = FACE_BOUND('',#4497,.T.);
#4497 = EDGE_LOOP('',(#4498,#4517,#4518,#4519));
#4498 = ORIENTED_EDGE('',*,*,#4499,.T.);
#4499 = EDGE_CURVE('',#2837,#1925,#4500,.T.);
#4500 = SURFACE_CURVE('',#4501,(#4505,#4511),.PCURVE_S1.);
#4501 = ( BOUNDED_CURVE() B_SPLINE_CURVE(2,(#4502,#4503,#4504),
.UNSPECIFIED.,.F.,.F.) B_SPLINE_CURVE_WITH_KNOTS((3,3),(0.,9.12277058829
),.PIECEWISE_BEZIER_KNOTS.) CURVE() GEOMETRIC_REPRESENTATION_ITEM() 
RATIONAL_B_SPLINE_CURVE((1.,0.753202154138,1.)) REPRESENTATION_ITEM('') 
  );
#4502 = CARTESIAN_POINT('',(9.473931468071,0.,20.129871896076));
#4503 = CARTESIAN_POINT('',(9.414513384165,4.036998291213E-09,
    21.263636476811));
#4504 = CARTESIAN_POINT('',(8.283070921322,0.,21.357394604463));
#4505 = PCURVE('',#1761,#4506);
#4506 = DEFINITIONAL_REPRESENTATION('',(#4507),#4510);
#4507 = B_SPLINE_CURVE_WITH_KNOTS('',1,(#4508,#4509),.UNSPECIFIED.,.F.,
  .F.,(2,2),(0.,9.12277058829),.PIECEWISE_BEZIER_KNOTS.);
#4508 = CARTESIAN_POINT('',(0.,77.258573471257));
#4509 = CARTESIAN_POINT('',(11.666549008074,77.258573471257));
#4510 = ( GEOMETRIC_REPRESENTATION_CONTEXT(2) 
PARAMETRIC_REPRESENTATION_CONTEXT() REPRESENTATION_CONTEXT('2D SPACE',''
  ) );
#4511 = PCURVE('',#2046,#4512);
#4512 = DEFINITIONAL_REPRESENTATION('',(#4513),#4516);
#4513 = B_SPLINE_CURVE_WITH_KNOTS('',1,(#4514,#4515),.UNSPECIFIED.,.F.,
  .F.,(2,2),(0.,9.12277058829),.PIECEWISE_BEZIER_KNOTS.);
#4514 = CARTESIAN_POINT('',(0.,77.258573471257));
#4515 = CARTESIAN_POINT('',(9.12277058829,77.258573471257));
#4516 = ( GEOMETRIC_REPRESENTATION_CONTEXT(2) 
PARAMETRIC_REPRESENTATION_CONTEXT() REPRESENTATION_CONTEXT('2D SPACE',''
  ) );
#4517 = ORIENTED_EDGE('',*,*,#2686,.T.);
#4518 = ORIENTED_EDGE('',*,*,#1746,.F.);
#4519 = ORIENTED_EDGE('',*,*,#2893,.F.);
#4520 = ADVANCED_FACE('',(#4521),#2046,.T.);
#4521 = FACE_BOUND('',#4522,.T.);
#4522 = EDGE_LOOP('',(#4523,#4542,#4543,#4544));
#4523 = ORIENTED_EDGE('',*,*,#4524,.T.);
#4524 = EDGE_CURVE('',#2817,#1952,#4525,.T.);
#4525 = SURFACE_CURVE('',#4526,(#4530,#4536),.PCURVE_S1.);
#4526 = ( BOUNDED_CURVE() B_SPLINE_CURVE(2,(#4527,#4528,#4529),
.UNSPECIFIED.,.F.,.F.) B_SPLINE_CURVE_WITH_KNOTS((3,3),(0.,
29.569439817248),.PIECEWISE_BEZIER_KNOTS.) CURVE() 
GEOMETRIC_REPRESENTATION_ITEM() RATIONAL_B_SPLINE_CURVE((1.,
0.753233919363,1.)) REPRESENTATION_ITEM('') );
#4527 = CARTESIAN_POINT('',(9.495577392917,9.,19.716843045362));
#4528 = CARTESIAN_POINT('',(9.436387258931,9.098079482466,20.84625808251
    ));
#4529 = CARTESIAN_POINT('',(8.305637862073,9.070988856788,
    20.943073796544));
#4530 = PCURVE('',#2046,#4531);
#4531 = DEFINITIONAL_REPRESENTATION('',(#4532),#4535);
#4532 = B_SPLINE_CURVE_WITH_KNOTS('',1,(#4533,#4534),.UNSPECIFIED.,.F.,
  .F.,(2,2),(0.,29.569439817248),.PIECEWISE_BEZIER_KNOTS.);
#4533 = CARTESIAN_POINT('',(0.,68.135802882968));
#4534 = CARTESIAN_POINT('',(9.12277058829,68.135802882968));
#4535 = ( GEOMETRIC_REPRESENTATION_CONTEXT(2) 
PARAMETRIC_REPRESENTATION_CONTEXT() REPRESENTATION_CONTEXT('2D SPACE',''
  ) );
#4536 = PCURVE('',#2278,#4537);
#4537 = DEFINITIONAL_REPRESENTATION('',(#4538),#4541);
#4538 = B_SPLINE_CURVE_WITH_KNOTS('',1,(#4539,#4540),.UNSPECIFIED.,.F.,
  .F.,(2,2),(0.,29.569439817248),.PIECEWISE_BEZIER_KNOTS.);
#4539 = CARTESIAN_POINT('',(0.,68.135802882968));
#4540 = CARTESIAN_POINT('',(29.569439817248,68.135802882968));
#4541 = ( GEOMETRIC_REPRESENTATION_CONTEXT(2) 
PARAMETRIC_REPRESENTATION_CONTEXT() REPRESENTATION_CONTEXT('2D SPACE',''
  ) );
#4542 = ORIENTED_EDGE('',*,*,#1951,.T.);
#4543 = ORIENTED_EDGE('',*,*,#4499,.F.);
#4544 = ORIENTED_EDGE('',*,*,#2836,.F.);
#4545 = ADVANCED_FACE('',(#4546),#2278,.T.);
#4546 = FACE_BOUND('',#4547,.T.);
#4547 = EDGE_LOOP('',(#4548,#4549,#4550,#4551));
#4548 = ORIENTED_EDGE('',*,*,#4476,.T.);
#4549 = ORIENTED_EDGE('',*,*,#2114,.T.);
#4550 = ORIENTED_EDGE('',*,*,#4524,.F.);
#4551 = ORIENTED_EDGE('',*,*,#2954,.F.);
#4552 = ADVANCED_FACE('',(#4553),#3199,.F.);
#4553 = FACE_BOUND('',#4554,.F.);
#4554 = EDGE_LOOP('',(#4555,#4576,#4860,#4879));
#4555 = ORIENTED_EDGE('',*,*,#4556,.T.);
#4556 = EDGE_CURVE('',#3118,#4557,#4559,.T.);
#4557 = VERTEX_POINT('',#4558);
#4558 = CARTESIAN_POINT('',(7.144425070438,-12.74184581392,
    20.327258911116));
#4559 = SURFACE_CURVE('',#4560,(#4564,#4570),.PCURVE_S1.);
#4560 = ( BOUNDED_CURVE() B_SPLINE_CURVE(2,(#4561,#4562,#4563),
.UNSPECIFIED.,.F.,.F.) B_SPLINE_CURVE_WITH_KNOTS((3,3),(0.,
14.310174107913),.PIECEWISE_BEZIER_KNOTS.) CURVE() 
GEOMETRIC_REPRESENTATION_ITEM() RATIONAL_B_SPLINE_CURVE((1.,
0.767816397889,1.)) REPRESENTATION_ITEM('') );
#4561 = CARTESIAN_POINT('',(7.1,-13.61278658032,19.388472188224));
#4562 = CARTESIAN_POINT('',(7.156489312136,-13.56921737963,
    20.219822061972));
#4563 = CARTESIAN_POINT('',(7.144425070438,-12.74184581392,
    20.327258911116));
#4564 = PCURVE('',#3199,#4565);
#4565 = DEFINITIONAL_REPRESENTATION('',(#4566),#4569);
#4566 = B_SPLINE_CURVE_WITH_KNOTS('',1,(#4567,#4568),.UNSPECIFIED.,.F.,
  .F.,(2,2),(0.,14.310174107913),.PIECEWISE_BEZIER_KNOTS.);
#4567 = CARTESIAN_POINT('',(0.,-5.631716348308E-02));
#4568 = CARTESIAN_POINT('',(14.310174107913,-5.631716348308E-02));
#4569 = ( GEOMETRIC_REPRESENTATION_CONTEXT(2) 
PARAMETRIC_REPRESENTATION_CONTEXT() REPRESENTATION_CONTEXT('2D SPACE',''
  ) );
#4570 = PCURVE('',#3362,#4571);
#4571 = DEFINITIONAL_REPRESENTATION('',(#4572),#4575);
#4572 = B_SPLINE_CURVE_WITH_KNOTS('',1,(#4573,#4574),.UNSPECIFIED.,.F.,
  .F.,(2,2),(0.,14.310174107913),.PIECEWISE_BEZIER_KNOTS.);
#4573 = CARTESIAN_POINT('',(0.,90.644601735916));
#4574 = CARTESIAN_POINT('',(3.099818150869,90.644601735916));
#4575 = ( GEOMETRIC_REPRESENTATION_CONTEXT(2) 
PARAMETRIC_REPRESENTATION_CONTEXT() REPRESENTATION_CONTEXT('2D SPACE',''
  ) );
#4576 = ORIENTED_EDGE('',*,*,#4577,.T.);
#4577 = EDGE_CURVE('',#4557,#4578,#4580,.T.);
#4578 = VERTEX_POINT('',#4579);
#4579 = CARTESIAN_POINT('',(-7.145442109099,-12.7418223759,
    20.327188475193));
#4580 = SURFACE_CURVE('',#4581,(#4609,#4616),.PCURVE_S1.);
#4581 = B_SPLINE_CURVE_WITH_KNOTS('',9,(#4582,#4583,#4584,#4585,#4586,
    #4587,#4588,#4589,#4590,#4591,#4592,#4593,#4594,#4595,#4596,#4597,
    #4598,#4599,#4600,#4601,#4602,#4603,#4604,#4605,#4606,#4607,#4608),
  .UNSPECIFIED.,.F.,.F.,(10,9,8,10),(-5.631716348308E-02,0.,
    14.197381006121,14.25385694443),.UNSPECIFIED.);
#4582 = CARTESIAN_POINT('',(7.144425070438,-12.74184581392,
    20.327258911116));
#4583 = CARTESIAN_POINT('',(7.14071322469,-12.74174867342,
    20.327539488516));
#4584 = CARTESIAN_POINT('',(7.137002653595,-12.74166191922,
    20.327818478548));
#4585 = CARTESIAN_POINT('',(7.133293224199,-12.74158555119,
    20.32809589096));
#4586 = CARTESIAN_POINT('',(7.129584803555,-12.74151956925,
    20.328371735503));
#4587 = CARTESIAN_POINT('',(7.125877258705,-12.74146397327,
    20.328646021925));
#4588 = CARTESIAN_POINT('',(7.122170456704,-12.74141876314,
    20.328918759976));
#4589 = CARTESIAN_POINT('',(7.118464264593,-12.74138393876,
    20.329189959406));
#4590 = CARTESIAN_POINT('',(7.114758549427,-12.74135950001,
    20.329459629963));
#4591 = CARTESIAN_POINT('',(7.111053178251,-12.74134544679,
    20.329727781398));
#4592 = CARTESIAN_POINT('',(5.533576684174,-12.73536261132,
    20.443887082789));
#4593 = CARTESIAN_POINT('',(3.954080642873,-12.73086039173,
    20.529562910378));
#4594 = CARTESIAN_POINT('',(2.372773206502,-12.72794159408,20.5866606336
    ));
#4595 = CARTESIAN_POINT('',(0.791685972032,-12.72622150609,
    20.615346966853));
#4596 = CARTESIAN_POINT('',(-0.792002797088,-12.72663915072,
    20.615148287715));
#4597 = CARTESIAN_POINT('',(-2.372921235674,-12.72757714473,
    20.586881304038));
#4598 = CARTESIAN_POINT('',(-3.958499780894,-12.73113356829,
    20.529440820615));
#4599 = CARTESIAN_POINT('',(-5.538947973022,-12.73523309371,
    20.443353716005));
#4600 = CARTESIAN_POINT('',(-7.10696727354,-12.74140598003,
    20.330013790684));
#4601 = CARTESIAN_POINT('',(-7.112744481166,-12.74143455144,
    20.329595020125));
#4602 = CARTESIAN_POINT('',(-7.11814853854,-12.74146792551,
    20.329202069991));
#4603 = CARTESIAN_POINT('',(-7.123235567994,-12.74150690854,
    20.32883087957));
#4604 = CARTESIAN_POINT('',(-7.1280554423,-12.74155242391,
    20.328477806392));
#4605 = CARTESIAN_POINT('',(-7.132651784679,-12.74160551215,
    20.32813962623));
#4606 = CARTESIAN_POINT('',(-7.137061968793,-12.74166733088,
    20.327813533098));
#4607 = CARTESIAN_POINT('',(-7.141317118749,-12.74173915485,
    20.327497139253));
#4608 = CARTESIAN_POINT('',(-7.145442109099,-12.7418223759,
    20.327188475193));
#4609 = PCURVE('',#3199,#4610);
#4610 = DEFINITIONAL_REPRESENTATION('',(#4611),#4615);
#4611 = LINE('',#4612,#4613);
#4612 = CARTESIAN_POINT('',(14.310174107913,0.));
#4613 = VECTOR('',#4614,1.);
#4614 = DIRECTION('',(0.,1.));
#4615 = ( GEOMETRIC_REPRESENTATION_CONTEXT(2) 
PARAMETRIC_REPRESENTATION_CONTEXT() REPRESENTATION_CONTEXT('2D SPACE',''
  ) );
#4616 = PCURVE('',#4617,#4622);
#4617 = SPHERICAL_SURFACE('',#4618,100.);
#4618 = AXIS2_PLACEMENT_3D('',#4619,#4620,#4621);
#4619 = CARTESIAN_POINT('',(0.,0.,-78.6));
#4620 = DIRECTION('',(0.,0.,1.));
#4621 = DIRECTION('',(1.,0.,0.));
#4622 = DEFINITIONAL_REPRESENTATION('',(#4623),#4859);
#4623 = B_SPLINE_CURVE_WITH_KNOTS('',9,(#4624,#4625,#4626,#4627,#4628,
    #4629,#4630,#4631,#4632,#4633,#4634,#4635,#4636,#4637,#4638,#4639,
    #4640,#4641,#4642,#4643,#4644,#4645,#4646,#4647,#4648,#4649,#4650,
    #4651,#4652,#4653,#4654,#4655,#4656,#4657,#4658,#4659,#4660,#4661,
    #4662,#4663,#4664,#4665,#4666,#4667,#4668,#4669,#4670,#4671,#4672,
    #4673,#4674,#4675,#4676,#4677,#4678,#4679,#4680,#4681,#4682,#4683,
    #4684,#4685,#4686,#4687,#4688,#4689,#4690,#4691,#4692,#4693,#4694,
    #4695,#4696,#4697,#4698,#4699,#4700,#4701,#4702,#4703,#4704,#4705,
    #4706,#4707,#4708,#4709,#4710,#4711,#4712,#4713,#4714,#4715,#4716,
    #4717,#4718,#4719,#4720,#4721,#4722,#4723,#4724,#4725,#4726,#4727,
    #4728,#4729,#4730,#4731,#4732,#4733,#4734,#4735,#4736,#4737,#4738,
    #4739,#4740,#4741,#4742,#4743,#4744,#4745,#4746,#4747,#4748,#4749,
    #4750,#4751,#4752,#4753,#4754,#4755,#4756,#4757,#4758,#4759,#4760,
    #4761,#4762,#4763,#4764,#4765,#4766,#4767,#4768,#4769,#4770,#4771,
    #4772,#4773,#4774,#4775,#4776,#4777,#4778,#4779,#4780,#4781,#4782,
    #4783,#4784,#4785,#4786,#4787,#4788,#4789,#4790,#4791,#4792,#4793,
    #4794,#4795,#4796,#4797,#4798,#4799,#4800,#4801,#4802,#4803,#4804,
    #4805,#4806,#4807,#4808,#4809,#4810,#4811,#4812,#4813,#4814,#4815,
    #4816,#4817,#4818,#4819,#4820,#4821,#4822,#4823,#4824,#4825,#4826,
    #4827,#4828,#4829,#4830,#4831,#4832,#4833,#4834,#4835,#4836,#4837,
    #4838,#4839,#4840,#4841,#4842,#4843,#4844,#4845,#4846,#4847,#4848,
    #4849,#4850,#4851,#4852,#4853,#4854,#4855,#4856,#4857,#4858),
  .UNSPECIFIED.,.F.,.F.,(10,9,9,9,9,9,9,9,9,9,9,9,9,9,9,9,9,9,9,9,9,9,9,
    9,9,9,10),(-5.631716348308E-02,-4.180458740461E-04,
    -1.996899458858E-04,-9.05119818056E-05,1.866598227455E-05,
    4.553778385951E-04,1.328801551236E-03,3.075648976519E-03,
    6.569343827084E-03,1.355673352821E-02,2.753151293047E-02,
    5.548107173499E-02,0.167279306953,0.390875777389,0.838068718262,
    1.732454600006,3.521226363495,7.098769890474,10.676313417452,
    12.465085180941,13.359471062686,13.806664003558,14.030260473994,
    14.142058709212,14.170008268017,14.197957826821,14.25385694443),
  .UNSPECIFIED.);
#4624 = CARTESIAN_POINT('',(5.22341433641,1.42419042308));
#4625 = CARTESIAN_POINT('',(5.223197611778,1.424209484627));
#4626 = CARTESIAN_POINT('',(5.2229805308,1.424228443995));
#4627 = CARTESIAN_POINT('',(5.222763093476,1.424247301184));
#4628 = CARTESIAN_POINT('',(5.222545299806,1.424266056194));
#4629 = CARTESIAN_POINT('',(5.22232714979,1.424284709025));
#4630 = CARTESIAN_POINT('',(5.222108643428,1.424303259677));
#4631 = CARTESIAN_POINT('',(5.22188978072,1.42432170815));
#4632 = CARTESIAN_POINT('',(5.221670561666,1.424340054444));
#4633 = CARTESIAN_POINT('',(5.221450986266,1.42435829856));
#4634 = CARTESIAN_POINT('',(5.221450128392,1.424358369831));
#4635 = CARTESIAN_POINT('',(5.221449270518,1.424358441102));
#4636 = CARTESIAN_POINT('',(5.221448412643,1.424358512373));
#4637 = CARTESIAN_POINT('',(5.22144755477,1.424358583644));
#4638 = CARTESIAN_POINT('',(5.221446696895,1.424358654914));
#4639 = CARTESIAN_POINT('',(5.221445839022,1.424358726186));
#4640 = CARTESIAN_POINT('',(5.221444981147,1.424358797456));
#4641 = CARTESIAN_POINT('',(5.221444123273,1.424358868727));
#4642 = CARTESIAN_POINT('',(5.221443265399,1.424358939998));
#4643 = CARTESIAN_POINT('',(5.221442836444,1.424358975629));
#4644 = CARTESIAN_POINT('',(5.22144240749,1.42435901126));
#4645 = CARTESIAN_POINT('',(5.221441978534,1.424359046891));
#4646 = CARTESIAN_POINT('',(5.221441549582,1.424359082522));
#4647 = CARTESIAN_POINT('',(5.221441120624,1.424359118153));
#4648 = CARTESIAN_POINT('',(5.221440691672,1.424359153784));
#4649 = CARTESIAN_POINT('',(5.221440262716,1.424359189415));
#4650 = CARTESIAN_POINT('',(5.221439833762,1.424359225046));
#4651 = CARTESIAN_POINT('',(5.221439404807,1.424359260677));
#4652 = CARTESIAN_POINT('',(5.221438960953,1.424359297543));
#4653 = CARTESIAN_POINT('',(5.221438611492,1.424359326569));
#4654 = CARTESIAN_POINT('',(5.221438024457,1.424359375326));
#4655 = CARTESIAN_POINT('',(5.221437603904,1.424359410256));
#4656 = CARTESIAN_POINT('',(5.221437823788,1.424359391994));
#4657 = CARTESIAN_POINT('',(5.221435802966,1.42435955983));
#4658 = CARTESIAN_POINT('',(5.221437371992,1.424359429518));
#4659 = CARTESIAN_POINT('',(5.221435657617,1.424359571901));
#4660 = CARTESIAN_POINT('',(5.221435089498,1.424359619084));
#4661 = CARTESIAN_POINT('',(5.221432191769,1.424359859736));
#4662 = CARTESIAN_POINT('',(5.22142929404,1.424360100389));
#4663 = CARTESIAN_POINT('',(5.221426396311,1.424360341041));
#4664 = CARTESIAN_POINT('',(5.221423498582,1.424360581693));
#4665 = CARTESIAN_POINT('',(5.221420600854,1.424360822346));
#4666 = CARTESIAN_POINT('',(5.221417703124,1.424361062998));
#4667 = CARTESIAN_POINT('',(5.221414805396,1.42436130365));
#4668 = CARTESIAN_POINT('',(5.221411907667,1.424361544303));
#4669 = CARTESIAN_POINT('',(5.221409009938,1.424361784955));
#4670 = CARTESIAN_POINT('',(5.221403214221,1.424362266226));
#4671 = CARTESIAN_POINT('',(5.221397418504,1.424362747497));
#4672 = CARTESIAN_POINT('',(5.221391622789,1.424363228768));
#4673 = CARTESIAN_POINT('',(5.22138582707,1.424363710038));
#4674 = CARTESIAN_POINT('',(5.221380031355,1.42436419131));
#4675 = CARTESIAN_POINT('',(5.221374235637,1.42436467258));
#4676 = CARTESIAN_POINT('',(5.221368439921,1.424365153852));
#4677 = CARTESIAN_POINT('',(5.221362644204,1.424365635122));
#4678 = CARTESIAN_POINT('',(5.221356848487,1.424366116393));
#4679 = CARTESIAN_POINT('',(5.221345256017,1.4243670788));
#4680 = CARTESIAN_POINT('',(5.221333663547,1.424368041207));
#4681 = CARTESIAN_POINT('',(5.221322071078,1.424369003614));
#4682 = CARTESIAN_POINT('',(5.221310478607,1.424369966021));
#4683 = CARTESIAN_POINT('',(5.221298886138,1.424370928428));
#4684 = CARTESIAN_POINT('',(5.221287293668,1.424371890835));
#4685 = CARTESIAN_POINT('',(5.221275701198,1.424372853242));
#4686 = CARTESIAN_POINT('',(5.221264108728,1.424373815649));
#4687 = CARTESIAN_POINT('',(5.221252516258,1.424374778056));
#4688 = CARTESIAN_POINT('',(5.221229327174,1.424376702331));
#4689 = CARTESIAN_POINT('',(5.221206138089,1.424378626605));
#4690 = CARTESIAN_POINT('',(5.221182949004,1.424380550879));
#4691 = CARTESIAN_POINT('',(5.221159759919,1.424382475154));
#4692 = CARTESIAN_POINT('',(5.221136570835,1.424384399428));
#4693 = CARTESIAN_POINT('',(5.221113381749,1.424386323703));
#4694 = CARTESIAN_POINT('',(5.221090192665,1.424388247977));
#4695 = CARTESIAN_POINT('',(5.22106700358,1.424390172251));
#4696 = CARTESIAN_POINT('',(5.221043814495,1.424392096526));
#4697 = CARTESIAN_POINT('',(5.220997419745,1.424395942915));
#4698 = CARTESIAN_POINT('',(5.220951024995,1.424399789305));
#4699 = CARTESIAN_POINT('',(5.220904630246,1.424403635695));
#4700 = CARTESIAN_POINT('',(5.220858235495,1.424407482084));
#4701 = CARTESIAN_POINT('',(5.220811840746,1.424411328474));
#4702 = CARTESIAN_POINT('',(5.220765445995,1.424415174863));
#4703 = CARTESIAN_POINT('',(5.220719051246,1.424419021253));
#4704 = CARTESIAN_POINT('',(5.220672656496,1.424422867642));
#4705 = CARTESIAN_POINT('',(5.220626261746,1.424426714032));
#4706 = CARTESIAN_POINT('',(5.220533450139,1.424434403933));
#4707 = CARTESIAN_POINT('',(5.220440627479,1.424442092392));
#4708 = CARTESIAN_POINT('',(5.220347793766,1.424449779409));
#4709 = CARTESIAN_POINT('',(5.220254948999,1.424457464985));
#4710 = CARTESIAN_POINT('',(5.220162093181,1.424465149121));
#4711 = CARTESIAN_POINT('',(5.220069226307,1.424472831814));
#4712 = CARTESIAN_POINT('',(5.219976348382,1.424480513066));
#4713 = CARTESIAN_POINT('',(5.219883459402,1.424488192876));
#4714 = CARTESIAN_POINT('',(5.219790559371,1.424495871246));
#4715 = CARTESIAN_POINT('',(5.219604759304,1.424511227992));
#4716 = CARTESIAN_POINT('',(5.219418915029,1.424526578961));
#4717 = CARTESIAN_POINT('',(5.219233026542,1.424541924151));
#4718 = CARTESIAN_POINT('',(5.21904709385,1.424557263563));
#4719 = CARTESIAN_POINT('',(5.218861116943,1.424572597196));
#4720 = CARTESIAN_POINT('',(5.218675095832,1.424587925052));
#4721 = CARTESIAN_POINT('',(5.218489030508,1.424603247128));
#4722 = CARTESIAN_POINT('',(5.218302920977,1.424618563427));
#4723 = CARTESIAN_POINT('',(5.218116767235,1.424633873947));
#4724 = CARTESIAN_POINT('',(5.217372151968,1.424695116701));
#4725 = CARTESIAN_POINT('',(5.21662682961,1.424756266328));
#4726 = CARTESIAN_POINT('',(5.215880800162,1.42481732283));
#4727 = CARTESIAN_POINT('',(5.215134063622,1.424878286206));
#4728 = CARTESIAN_POINT('',(5.214386619995,1.424939156457));
#4729 = CARTESIAN_POINT('',(5.213638469274,1.424999933581));
#4730 = CARTESIAN_POINT('',(5.212889611464,1.42506061758));
#4731 = CARTESIAN_POINT('',(5.212140046563,1.425121208453));
#4732 = CARTESIAN_POINT('',(5.211389774572,1.4251817062));
#4733 = CARTESIAN_POINT('',(5.20988922637,1.425302705974));
#4734 = CARTESIAN_POINT('',(5.208385854416,1.425423326808));
#4735 = CARTESIAN_POINT('',(5.206879658713,1.425543568702));
#4736 = CARTESIAN_POINT('',(5.205370639254,1.425663431656));
#4737 = CARTESIAN_POINT('',(5.203858796048,1.42578291567));
#4738 = CARTESIAN_POINT('',(5.202344129087,1.425902020744));
#4739 = CARTESIAN_POINT('',(5.200826638377,1.426020746878));
#4740 = CARTESIAN_POINT('',(5.199306323913,1.426139094071));
#4741 = CARTESIAN_POINT('',(5.197783185699,1.426257062325));
#4742 = CARTESIAN_POINT('',(5.194736926512,1.426492987464));
#4743 = CARTESIAN_POINT('',(5.191679381829,1.426727379687));
#4744 = CARTESIAN_POINT('',(5.188610569549,1.426960229279));
#4745 = CARTESIAN_POINT('',(5.185530507571,1.427191526527));
#4746 = CARTESIAN_POINT('',(5.182439213793,1.427421261715));
#4747 = CARTESIAN_POINT('',(5.179336706116,1.427649425129));
#4748 = CARTESIAN_POINT('',(5.176223002438,1.427876007054));
#4749 = CARTESIAN_POINT('',(5.17309812066,1.428100997776));
#4750 = CARTESIAN_POINT('',(5.169962078679,1.428324387579));
#4751 = CARTESIAN_POINT('',(5.163690005801,1.428771167204));
#4752 = CARTESIAN_POINT('',(5.157373327645,1.429211543494));
#4753 = CARTESIAN_POINT('',(5.15101223307,1.429645438879));
#4754 = CARTESIAN_POINT('',(5.144606944702,1.430072776067));
#4755 = CARTESIAN_POINT('',(5.138157718941,1.430493478042));
#4756 = CARTESIAN_POINT('',(5.131664845953,1.430907468067));
#4757 = CARTESIAN_POINT('',(5.125128649681,1.431314669681));
#4758 = CARTESIAN_POINT('',(5.118549487833,1.431715006701));
#4759 = CARTESIAN_POINT('',(5.111927751894,1.432108403224));
#4760 = CARTESIAN_POINT('',(5.098684268071,1.432895191923));
#4761 = CARTESIAN_POINT('',(5.085270528202,1.433654229296));
#4762 = CARTESIAN_POINT('',(5.071689637273,1.434384897699));
#4763 = CARTESIAN_POINT('',(5.05794530997,1.4350865958));
#4764 = CARTESIAN_POINT('',(5.044041870674,1.43575873858));
#4765 = CARTESIAN_POINT('',(5.029984253467,1.436400757332));
#4766 = CARTESIAN_POINT('',(5.015778002126,1.437012099661));
#4767 = CARTESIAN_POINT('',(5.001429270129,1.437592229482));
#4768 = CARTESIAN_POINT('',(4.986944820648,1.438140627026));
#4769 = CARTESIAN_POINT('',(4.957975926301,1.439237431857));
#4770 = CARTESIAN_POINT('',(4.928464277699,1.440207347072));
#4771 = CARTESIAN_POINT('',(4.898463960281,1.441046324603));
#4772 = CARTESIAN_POINT('',(4.868039040697,1.44175072593));
#4773 = CARTESIAN_POINT('',(4.837262887167,1.442317470356));
#4774 = CARTESIAN_POINT('',(4.806216818976,1.44274415046));
#4775 = CARTESIAN_POINT('',(4.774988085108,1.443029114715));
#4776 = CARTESIAN_POINT('',(4.743667172006,1.443171517276));
#4777 = CARTESIAN_POINT('',(4.71234444049,1.443171334938));
#4778 = CARTESIAN_POINT('',(4.681021712176,1.443171151704));
#4779 = CARTESIAN_POINT('',(4.649697289233,1.443028383983));
#4780 = CARTESIAN_POINT('',(4.618461568489,1.442742998561));
#4781 = CARTESIAN_POINT('',(4.587405505798,1.442315788232));
#4782 = CARTESIAN_POINT('',(4.556617344159,1.44174836386));
#4783 = CARTESIAN_POINT('',(4.526180012784,1.44104312421));
#4784 = CARTESIAN_POINT('',(4.496169197036,1.440203203511));
#4785 = CARTESIAN_POINT('',(4.466652079324,1.439232396788));
#4786 = CARTESIAN_POINT('',(4.437686750877,1.438135062928));
#4787 = CARTESIAN_POINT('',(4.423204085574,1.437586399466));
#4788 = CARTESIAN_POINT('',(4.408859387039,1.43700609743));
#4789 = CARTESIAN_POINT('',(4.394659921268,1.436394711297));
#4790 = CARTESIAN_POINT('',(4.380612392109,1.435752824533));
#4791 = CARTESIAN_POINT('',(4.366722941235,1.435081049587));
#4792 = CARTESIAN_POINT('',(4.352997148188,1.434380027903));
#4793 = CARTESIAN_POINT('',(4.33944003033,1.433650429905));
#4794 = CARTESIAN_POINT('',(4.326056042883,1.432892955009));
#4795 = CARTESIAN_POINT('',(4.312849078906,1.432108331617));
#4796 = CARTESIAN_POINT('',(4.306245601286,1.431716018369));
#4797 = CARTESIAN_POINT('',(4.299686387141,1.431316916013));
#4798 = CARTESIAN_POINT('',(4.293171925587,1.43091111469));
#4799 = CARTESIAN_POINT('',(4.286702673943,1.430498705752));
#4800 = CARTESIAN_POINT('',(4.280279057741,1.430079781774));
#4801 = CARTESIAN_POINT('',(4.273901470716,1.42965443654));
#4802 = CARTESIAN_POINT('',(4.267570274814,1.429222765055));
#4803 = CARTESIAN_POINT('',(4.261285800187,1.428784863539));
#4804 = CARTESIAN_POINT('',(4.255048345197,1.428340829427));
#4805 = CARTESIAN_POINT('',(4.251929612481,1.428118812554));
#4806 = CARTESIAN_POINT('',(4.248822642817,1.42789526219));
#4807 = CARTESIAN_POINT('',(4.245727467995,1.427670190696));
#4808 = CARTESIAN_POINT('',(4.2426441198,1.427443610435));
#4809 = CARTESIAN_POINT('',(4.239572630023,1.427215533769));
#4810 = CARTESIAN_POINT('',(4.236513030449,1.426985973059));
#4811 = CARTESIAN_POINT('',(4.233465352868,1.426754940666));
#4812 = CARTESIAN_POINT('',(4.230429629067,1.426522448954));
#4813 = CARTESIAN_POINT('',(4.227405890834,1.426288510283));
#4814 = CARTESIAN_POINT('',(4.225894005221,1.426171533693));
#4815 = CARTESIAN_POINT('',(4.224385124668,1.42605420096));
#4816 = CARTESIAN_POINT('',(4.222879249176,1.425936512082));
#4817 = CARTESIAN_POINT('',(4.221376378742,1.425818467059));
#4818 = CARTESIAN_POINT('',(4.219876513371,1.425700065894));
#4819 = CARTESIAN_POINT('',(4.218379653057,1.425581308583));
#4820 = CARTESIAN_POINT('',(4.216885797805,1.425462195128));
#4821 = CARTESIAN_POINT('',(4.215394947611,1.425342725529));
#4822 = CARTESIAN_POINT('',(4.213907102478,1.425222899786));
#4823 = CARTESIAN_POINT('',(4.213163185062,1.425162989678));
#4824 = CARTESIAN_POINT('',(4.212420022314,1.425102992616));
#4825 = CARTESIAN_POINT('',(4.211677614235,1.425042908602));
#4826 = CARTESIAN_POINT('',(4.210935960821,1.424982737635));
#4827 = CARTESIAN_POINT('',(4.210195062078,1.424922479716));
#4828 = CARTESIAN_POINT('',(4.209454917999,1.424862134843));
#4829 = CARTESIAN_POINT('',(4.208715528591,1.424801703018));
#4830 = CARTESIAN_POINT('',(4.207976893849,1.42474118424));
#4831 = CARTESIAN_POINT('',(4.207239013776,1.424680578509));
#4832 = CARTESIAN_POINT('',(4.207054544065,1.424665427295));
#4833 = CARTESIAN_POINT('',(4.206870121594,1.4246502707));
#4834 = CARTESIAN_POINT('',(4.206685746364,1.424635108726));
#4835 = CARTESIAN_POINT('',(4.206501418374,1.424619941371));
#4836 = CARTESIAN_POINT('',(4.206317137626,1.424604768637));
#4837 = CARTESIAN_POINT('',(4.206132904117,1.424589590522));
#4838 = CARTESIAN_POINT('',(4.205948717849,1.424574407028));
#4839 = CARTESIAN_POINT('',(4.205764578822,1.424559218154));
#4840 = CARTESIAN_POINT('',(4.205580487036,1.4245440239));
#4841 = CARTESIAN_POINT('',(4.205396442921,1.424528833491));
#4842 = CARTESIAN_POINT('',(4.205212063831,1.424513606985));
#4843 = CARTESIAN_POINT('',(4.205029218077,1.424498494583));
#4844 = CARTESIAN_POINT('',(4.204842780373,1.424483084252));
#4845 = CARTESIAN_POINT('',(4.204662545366,1.424468163413));
#4846 = CARTESIAN_POINT('',(4.204474873625,1.424452635559));
#4847 = CARTESIAN_POINT('',(4.204293887876,1.424437636055));
#4848 = CARTESIAN_POINT('',(4.204108664572,1.424422286732));
#4849 = CARTESIAN_POINT('',(4.203925460633,1.424407090604));
#4850 = CARTESIAN_POINT('',(4.203560141046,1.42437678583));
#4851 = CARTESIAN_POINT('',(4.203220412516,1.424348501461));
#4852 = CARTESIAN_POINT('',(4.202902665385,1.42432194013));
#4853 = CARTESIAN_POINT('',(4.202603658755,1.424296832235));
#4854 = CARTESIAN_POINT('',(4.202320520485,1.424272935931));
#4855 = CARTESIAN_POINT('',(4.202050747199,1.42425003714));
#4856 = CARTESIAN_POINT('',(4.201792204277,1.424227949543));
#4857 = CARTESIAN_POINT('',(4.20154312586,1.424206514583));
#4858 = CARTESIAN_POINT('',(4.201302114849,1.424185601465));
#4859 = ( GEOMETRIC_REPRESENTATION_CONTEXT(2) 
PARAMETRIC_REPRESENTATION_CONTEXT() REPRESENTATION_CONTEXT('2D SPACE',''
  ) );
#4860 = ORIENTED_EDGE('',*,*,#4861,.F.);
#4861 = EDGE_CURVE('',#3097,#4578,#4862,.T.);
#4862 = SURFACE_CURVE('',#4863,(#4867,#4873),.PCURVE_S1.);
#4863 = ( BOUNDED_CURVE() B_SPLINE_CURVE(2,(#4864,#4865,#4866),
.UNSPECIFIED.,.F.,.F.) B_SPLINE_CURVE_WITH_KNOTS((3,3),(0.,
14.310174107913),.PIECEWISE_BEZIER_KNOTS.) CURVE() 
GEOMETRIC_REPRESENTATION_ITEM() RATIONAL_B_SPLINE_CURVE((1.,
0.767814746454,1.)) REPRESENTATION_ITEM('') );
#4864 = CARTESIAN_POINT('',(-7.1,-13.61278685084,19.388467026293));
#4865 = CARTESIAN_POINT('',(-7.156651096586,-13.56921799616,
    20.219810297739));
#4866 = CARTESIAN_POINT('',(-7.145442109099,-12.7418223759,
    20.327188475193));
#4867 = PCURVE('',#3199,#4868);
#4868 = DEFINITIONAL_REPRESENTATION('',(#4869),#4872);
#4869 = B_SPLINE_CURVE_WITH_KNOTS('',1,(#4870,#4871),.UNSPECIFIED.,.F.,
  .F.,(2,2),(0.,14.310174107913),.PIECEWISE_BEZIER_KNOTS.);
#4870 = CARTESIAN_POINT('',(0.,14.25385694443));
#4871 = CARTESIAN_POINT('',(14.310174107913,14.25385694443));
#4872 = ( GEOMETRIC_REPRESENTATION_CONTEXT(2) 
PARAMETRIC_REPRESENTATION_CONTEXT() REPRESENTATION_CONTEXT('2D SPACE',''
  ) );
#4873 = PCURVE('',#4349,#4874);
#4874 = DEFINITIONAL_REPRESENTATION('',(#4875),#4878);
#4875 = B_SPLINE_CURVE_WITH_KNOTS('',1,(#4876,#4877),.UNSPECIFIED.,.F.,
  .F.,(2,2),(0.,14.310174107913),.PIECEWISE_BEZIER_KNOTS.);
#4876 = CARTESIAN_POINT('',(0.,14.25385694443));
#4877 = CARTESIAN_POINT('',(3.099772069313,14.25385694443));
#4878 = ( GEOMETRIC_REPRESENTATION_CONTEXT(2) 
PARAMETRIC_REPRESENTATION_CONTEXT() REPRESENTATION_CONTEXT('2D SPACE',''
  ) );
#4879 = ORIENTED_EDGE('',*,*,#3137,.F.);
#4880 = ADVANCED_FACE('',(#4881),#3362,.F.);
#4881 = FACE_BOUND('',#4882,.F.);
#4882 = EDGE_LOOP('',(#4883,#4904,#5009,#5010));
#4883 = ORIENTED_EDGE('',*,*,#4884,.T.);
#4884 = EDGE_CURVE('',#3294,#4885,#4887,.T.);
#4885 = VERTEX_POINT('',#4886);
#4886 = CARTESIAN_POINT('',(8.295246479488,-11.57036634446,
    20.38138970786));
#4887 = SURFACE_CURVE('',#4888,(#4892,#4898),.PCURVE_S1.);
#4888 = ( BOUNDED_CURVE() B_SPLINE_CURVE(2,(#4889,#4890,#4891),
.UNSPECIFIED.,.F.,.F.) B_SPLINE_CURVE_WITH_KNOTS((3,3),(0.,
11.637802148682),.PIECEWISE_BEZIER_KNOTS.) CURVE() 
GEOMETRIC_REPRESENTATION_ITEM() RATIONAL_B_SPLINE_CURVE((1.,
0.753253605955,1.)) REPRESENTATION_ITEM('') );
#4889 = CARTESIAN_POINT('',(9.21014802201,-11.5,19.438818880008));
#4890 = CARTESIAN_POINT('',(9.164729389229,-11.59657544662,
    20.30545802028));
#4891 = CARTESIAN_POINT('',(8.295246479488,-11.57036634446,
    20.38138970786));
#4892 = PCURVE('',#3362,#4893);
#4893 = DEFINITIONAL_REPRESENTATION('',(#4894),#4897);
#4894 = B_SPLINE_CURVE_WITH_KNOTS('',1,(#4895,#4896),.UNSPECIFIED.,.F.,
  .F.,(2,2),(0.,11.637802148682),.PIECEWISE_BEZIER_KNOTS.);
#4895 = CARTESIAN_POINT('',(0.,87.544783585047));
#4896 = CARTESIAN_POINT('',(3.099818150869,87.544783585047));
#4897 = ( GEOMETRIC_REPRESENTATION_CONTEXT(2) 
PARAMETRIC_REPRESENTATION_CONTEXT() REPRESENTATION_CONTEXT('2D SPACE',''
  ) );
#4898 = PCURVE('',#3615,#4899);
#4899 = DEFINITIONAL_REPRESENTATION('',(#4900),#4903);
#4900 = B_SPLINE_CURVE_WITH_KNOTS('',1,(#4901,#4902),.UNSPECIFIED.,.F.,
  .F.,(2,2),(0.,11.637802148682),.PIECEWISE_BEZIER_KNOTS.);
#4901 = CARTESIAN_POINT('',(0.,87.544783585047));
#4902 = CARTESIAN_POINT('',(11.637802148682,87.544783585047));
#4903 = ( GEOMETRIC_REPRESENTATION_CONTEXT(2) 
PARAMETRIC_REPRESENTATION_CONTEXT() REPRESENTATION_CONTEXT('2D SPACE',''
  ) );
#4904 = ORIENTED_EDGE('',*,*,#4905,.T.);
#4905 = EDGE_CURVE('',#4885,#4557,#4906,.T.);
#4906 = SURFACE_CURVE('',#4907,(#4926,#4933),.PCURVE_S1.);
#4907 = B_SPLINE_CURVE_WITH_KNOTS('',9,(#4908,#4909,#4910,#4911,#4912,
    #4913,#4914,#4915,#4916,#4917,#4918,#4919,#4920,#4921,#4922,#4923,
    #4924,#4925),.UNSPECIFIED.,.F.,.F.,(10,8,10),(87.544783585047,
    88.944714241568,90.644601735916),.UNSPECIFIED.);
#4908 = CARTESIAN_POINT('',(8.295246479488,-11.57036634446,
    20.38138970786));
#4909 = CARTESIAN_POINT('',(8.298321206625,-11.67986638515,
    20.368332089568));
#4910 = CARTESIAN_POINT('',(8.292556970707,-11.74097715571,
    20.361536042142));
#4911 = CARTESIAN_POINT('',(8.28631858913,-11.84184961608,
    20.350178211637));
#4912 = CARTESIAN_POINT('',(8.25979758125,-11.93364455123,
    20.341288655158));
#4913 = CARTESIAN_POINT('',(8.234297682107,-12.01666209858,
    20.333413728219));
#4914 = CARTESIAN_POINT('',(8.195555428019,-12.10553466113,
    20.325769161622));
#4915 = CARTESIAN_POINT('',(8.150935906461,-12.18579510001,
    20.319582920118));
#4916 = CARTESIAN_POINT('',(8.098403066106,-12.26311682415,
    20.314308902614));
#4917 = CARTESIAN_POINT('',(7.967147878382,-12.42188700853,
    20.305177136467));
#4918 = CARTESIAN_POINT('',(7.885193032692,-12.50101790971,
    20.301825045438));
#4919 = CARTESIAN_POINT('',(7.793978293953,-12.57086126477,
    20.300235539951));
#4920 = CARTESIAN_POINT('',(7.695348143392,-12.62999480662,
    20.300442291688));
#4921 = CARTESIAN_POINT('',(7.590742411746,-12.67744577104,
    20.302455158863));
#4922 = CARTESIAN_POINT('',(7.481415246258,-12.71264197298,
    20.306250117658));
#4923 = CARTESIAN_POINT('',(7.369181173396,-12.73517764609,
    20.311742939123));
#4924 = CARTESIAN_POINT('',(7.256464096862,-12.74477792045,
    20.318789911897));
#4925 = CARTESIAN_POINT('',(7.144425070438,-12.74184581392,
    20.327258911116));
#4926 = PCURVE('',#3362,#4927);
#4927 = DEFINITIONAL_REPRESENTATION('',(#4928),#4932);
#4928 = LINE('',#4929,#4930);
#4929 = CARTESIAN_POINT('',(3.099818150869,0.));
#4930 = VECTOR('',#4931,1.);
#4931 = DIRECTION('',(0.,1.));
#4932 = ( GEOMETRIC_REPRESENTATION_CONTEXT(2) 
PARAMETRIC_REPRESENTATION_CONTEXT() REPRESENTATION_CONTEXT('2D SPACE',''
  ) );
#4933 = PCURVE('',#4617,#4934);
#4934 = DEFINITIONAL_REPRESENTATION('',(#4935),#5008);
#4935 = B_SPLINE_CURVE_WITH_KNOTS('',11,(#4936,#4937,#4938,#4939,#4940,
    #4941,#4942,#4943,#4944,#4945,#4946,#4947,#4948,#4949,#4950,#4951,
    #4952,#4953,#4954,#4955,#4956,#4957,#4958,#4959,#4960,#4961,#4962,
    #4963,#4964,#4965,#4966,#4967,#4968,#4969,#4970,#4971,#4972,#4973,
    #4974,#4975,#4976,#4977,#4978,#4979,#4980,#4981,#4982,#4983,#4984,
    #4985,#4986,#4987,#4988,#4989,#4990,#4991,#4992,#4993,#4994,#4995,
    #4996,#4997,#4998,#4999,#5000,#5001,#5002,#5003,#5004,#5005,#5006,
    #5007),.UNSPECIFIED.,.F.,.F.,(12,10,10,10,10,10,10,12),(
    87.544783585047,87.932260853906,88.319738122765,88.707215391623,
    88.900954026053,88.997823343267,89.094692660482,90.644601735916),
  .UNSPECIFIED.);
#4936 = CARTESIAN_POINT('',(5.334393145266,1.427943655625));
#4937 = CARTESIAN_POINT('',(5.333418018872,1.427735952401));
#4938 = CARTESIAN_POINT('',(5.332519962643,1.427550626175));
#4939 = CARTESIAN_POINT('',(5.331664298794,1.427379369684));
#4940 = CARTESIAN_POINT('',(5.330825887201,1.427216738433));
#4941 = CARTESIAN_POINT('',(5.329987192292,1.427059312966));
#4942 = CARTESIAN_POINT('',(5.329136573175,1.42690506252));
#4943 = CARTESIAN_POINT('',(5.328266803414,1.426752878102));
#4944 = CARTESIAN_POINT('',(5.327373825115,1.426602242413));
#4945 = CARTESIAN_POINT('',(5.326455743969,1.426453004719));
#4946 = CARTESIAN_POINT('',(5.325512070022,1.426305228135));
#4947 = CARTESIAN_POINT('',(5.323574350809,1.426012926446));
#4948 = CARTESIAN_POINT('',(5.322580306954,1.425868402195));
#4949 = CARTESIAN_POINT('',(5.32156147063,1.425725673464));
#4950 = CARTESIAN_POINT('',(5.320519100331,1.425585012191));
#4951 = CARTESIAN_POINT('',(5.319454774995,1.42544670112));
#4952 = CARTESIAN_POINT('',(5.31837004855,1.425310984407));
#4953 = CARTESIAN_POINT('',(5.317266266833,1.425178050441));
#4954 = CARTESIAN_POINT('',(5.316144508961,1.425048036235));
#4955 = CARTESIAN_POINT('',(5.31500561462,1.42492104283));
#4956 = CARTESIAN_POINT('',(5.313850259351,1.42479715104));
#4957 = CARTESIAN_POINT('',(5.311507819435,1.42455570293));
#4958 = CARTESIAN_POINT('',(5.310320734796,1.424438147851));
#4959 = CARTESIAN_POINT('',(5.309118353728,1.424323824079));
#4960 = CARTESIAN_POINT('',(5.307901146689,1.424212785907));
#4961 = CARTESIAN_POINT('',(5.30666956381,1.424105086621));
#4962 = CARTESIAN_POINT('',(5.30542408588,1.424000782615));
#4963 = CARTESIAN_POINT('',(5.304165248961,1.423899934548));
#4964 = CARTESIAN_POINT('',(5.302893642422,1.423802605594));
#4965 = CARTESIAN_POINT('',(5.301609880685,1.423708856745));
#4966 = CARTESIAN_POINT('',(5.300314548368,1.423618739178));
#4967 = CARTESIAN_POINT('',(5.298354904451,1.423489055959));
#4968 = CARTESIAN_POINT('',(5.297698912253,1.423446743633));
#4969 = CARTESIAN_POINT('',(5.297040213542,1.42340535213));
#4970 = CARTESIAN_POINT('',(5.296378865619,1.423364885135));
#4971 = CARTESIAN_POINT('',(5.295714917195,1.423325345245));
#4972 = CARTESIAN_POINT('',(5.295048413395,1.423286734582));
#4973 = CARTESIAN_POINT('',(5.294379400973,1.423249055448));
#4974 = CARTESIAN_POINT('',(5.293707933288,1.423212310924));
#4975 = CARTESIAN_POINT('',(5.293034075505,1.423176505526));
#4976 = CARTESIAN_POINT('',(5.292357909621,1.423141645819));
#4977 = CARTESIAN_POINT('',(5.291340354591,1.423090788669));
#4978 = CARTESIAN_POINT('',(5.291000620404,1.42307407487));
#4979 = CARTESIAN_POINT('',(5.290660329522,1.423057600411));
#4980 = CARTESIAN_POINT('',(5.290319684359,1.423041385316));
#4981 = CARTESIAN_POINT('',(5.289977938463,1.42302533319));
#4982 = CARTESIAN_POINT('',(5.28963699232,1.423009716058));
#4983 = CARTESIAN_POINT('',(5.28929403952,1.422994100489));
#4984 = CARTESIAN_POINT('',(5.288951675228,1.422978903649));
#4985 = CARTESIAN_POINT('',(5.288608340715,1.422963867255));
#4986 = CARTESIAN_POINT('',(5.288264667146,1.422949096787));
#4987 = CARTESIAN_POINT('',(5.287576354104,1.422920037078));
#4988 = CARTESIAN_POINT('',(5.287231731911,1.422905750818));
#4989 = CARTESIAN_POINT('',(5.286886651759,1.422891708663));
#4990 = CARTESIAN_POINT('',(5.286541121541,1.422877911116));
#4991 = CARTESIAN_POINT('',(5.28619514921,1.42286435865));
#4992 = CARTESIAN_POINT('',(5.285848742974,1.422851051744));
#4993 = CARTESIAN_POINT('',(5.285501911043,1.422837990836));
#4994 = CARTESIAN_POINT('',(5.285154661893,1.422825176376));
#4995 = CARTESIAN_POINT('',(5.284807004045,1.422812608776));
#4996 = CARTESIAN_POINT('',(5.284458946211,1.422800288447));
#4997 = CARTESIAN_POINT('',(5.278535313371,1.422595053083));
#4998 = CARTESIAN_POINT('',(5.272859979989,1.422465292647));
#4999 = CARTESIAN_POINT('',(5.267120446858,1.422400544066));
#5000 = CARTESIAN_POINT('',(5.261359112322,1.422401537121));
#5001 = CARTESIAN_POINT('',(5.255614145074,1.422468488286));
#5002 = CARTESIAN_POINT('',(5.249918146224,1.422601125777));
#5003 = CARTESIAN_POINT('',(5.2443028783,1.422798530384));
#5004 = CARTESIAN_POINT('',(5.238805069419,1.42305895729));
#5005 = CARTESIAN_POINT('',(5.233467696513,1.423379809578));
#5006 = CARTESIAN_POINT('',(5.22833165463,1.423757935787));
#5007 = CARTESIAN_POINT('',(5.22341433641,1.42419042308));
#5008 = ( GEOMETRIC_REPRESENTATION_CONTEXT(2) 
PARAMETRIC_REPRESENTATION_CONTEXT() REPRESENTATION_CONTEXT('2D SPACE',''
  ) );
#5009 = ORIENTED_EDGE('',*,*,#4556,.F.);
#5010 = ORIENTED_EDGE('',*,*,#3313,.F.);
#5011 = ADVANCED_FACE('',(#5012),#3615,.F.);
#5012 = FACE_BOUND('',#5013,.F.);
#5013 = EDGE_LOOP('',(#5014,#5035,#5172,#5173));
#5014 = ORIENTED_EDGE('',*,*,#5015,.T.);
#5015 = EDGE_CURVE('',#3450,#5016,#5018,.T.);
#5016 = VERTEX_POINT('',#5017);
#5017 = CARTESIAN_POINT('',(8.258713709587,0.,21.058384734367));
#5018 = SURFACE_CURVE('',#5019,(#5023,#5029),.PCURVE_S1.);
#5019 = ( BOUNDED_CURVE() B_SPLINE_CURVE(2,(#5020,#5021,#5022),
.UNSPECIFIED.,.F.,.F.) B_SPLINE_CURVE_WITH_KNOTS((3,3),(0.,
9.099769613274),.PIECEWISE_BEZIER_KNOTS.) CURVE() 
GEOMETRIC_REPRESENTATION_ITEM() RATIONAL_B_SPLINE_CURVE((1.,
0.75320353256,1.)) REPRESENTATION_ITEM('') );
#5020 = CARTESIAN_POINT('',(9.174756107246,0.,20.114136843266));
#5021 = CARTESIAN_POINT('',(9.129050082174,2.413997890471E-09,
    20.986259755105));
#5022 = CARTESIAN_POINT('',(8.258713709587,0.,21.058384734367));
#5023 = PCURVE('',#3615,#5024);
#5024 = DEFINITIONAL_REPRESENTATION('',(#5025),#5028);
#5025 = B_SPLINE_CURVE_WITH_KNOTS('',1,(#5026,#5027),.UNSPECIFIED.,.F.,
  .F.,(2,2),(0.,9.099769613274),.PIECEWISE_BEZIER_KNOTS.);
#5026 = CARTESIAN_POINT('',(0.,75.906981436365));
#5027 = CARTESIAN_POINT('',(11.637802148682,75.906981436365));
#5028 = ( GEOMETRIC_REPRESENTATION_CONTEXT(2) 
PARAMETRIC_REPRESENTATION_CONTEXT() REPRESENTATION_CONTEXT('2D SPACE',''
  ) );
#5029 = PCURVE('',#3499,#5030);
#5030 = DEFINITIONAL_REPRESENTATION('',(#5031),#5034);
#5031 = B_SPLINE_CURVE_WITH_KNOTS('',1,(#5032,#5033),.UNSPECIFIED.,.F.,
  .F.,(2,2),(0.,9.099769613274),.PIECEWISE_BEZIER_KNOTS.);
#5032 = CARTESIAN_POINT('',(0.,75.906981436365));
#5033 = CARTESIAN_POINT('',(9.099769613274,75.906981436365));
#5034 = ( GEOMETRIC_REPRESENTATION_CONTEXT(2) 
PARAMETRIC_REPRESENTATION_CONTEXT() REPRESENTATION_CONTEXT('2D SPACE',''
  ) );
#5035 = ORIENTED_EDGE('',*,*,#5036,.T.);
#5036 = EDGE_CURVE('',#5016,#4885,#5037,.T.);
#5037 = SURFACE_CURVE('',#5038,(#5059,#5066),.PCURVE_S1.);
#5038 = ( BOUNDED_CURVE() B_SPLINE_CURVE(10,(#5039,#5040,#5041,#5042,
    #5043,#5044,#5045,#5046,#5047,#5048,#5049,#5050,#5051,#5052,#5053,
    #5054,#5055,#5056,#5057,#5058),.UNSPECIFIED.,.F.,.F.) 
B_SPLINE_CURVE_WITH_KNOTS((11,9,11),(75.906981436365,87.448038433403,
87.544783585047),.UNSPECIFIED.) CURVE() GEOMETRIC_REPRESENTATION_ITEM() 
RATIONAL_B_SPLINE_CURVE((1.,1.,1.,1.,1.,1.,1.,1.,1.,1.,1.,1.,
    0.999999999999,1.000000000001,0.999999999999,1.000000000001,
0.999999999999,1.,1.,1.)) REPRESENTATION_ITEM('') );
#5039 = CARTESIAN_POINT('',(8.258713709587,0.,21.058384734367));
#5040 = CARTESIAN_POINT('',(8.258713709541,-1.154025700438,
    21.058384735252));
#5041 = CARTESIAN_POINT('',(8.259510689918,-2.308124435623,
    21.043460412866));
#5042 = CARTESIAN_POINT('',(8.260969216346,-3.461530027856,
    21.013709248256));
#5043 = CARTESIAN_POINT('',(8.263665705062,-4.616267425319,
    20.968727005369));
#5044 = CARTESIAN_POINT('',(8.266018373642,-5.766005390151,
    20.909606858972));
#5045 = CARTESIAN_POINT('',(8.271165670662,-6.923048057025,
    20.834313053748));
#5046 = CARTESIAN_POINT('',(8.274280133742,-8.071632952986,
    20.74561929361));
#5047 = CARTESIAN_POINT('',(8.281464237323,-9.230784068725,
    20.640009969769));
#5048 = CARTESIAN_POINT('',(8.286275645291,-10.37558433384,
    20.520868046188));
#5049 = CARTESIAN_POINT('',(8.294116336117,-11.5005506016,
    20.389620964597));
#5050 = CARTESIAN_POINT('',(8.294190852166,-11.50950049083,
    20.388574800038));
#5051 = CARTESIAN_POINT('',(8.294275315055,-11.51808330275,
    20.387569557644));
#5052 = CARTESIAN_POINT('',(8.294370574012,-11.52633178689,
    20.386601478499));
#5053 = CARTESIAN_POINT('',(8.294477716978,-11.5342765544,
    20.385667016189));
#5054 = CARTESIAN_POINT('',(8.294598070601,-11.54194607801,
    20.384762836802));
#5055 = CARTESIAN_POINT('',(8.294733200241,-11.54936669209,
    20.383885818931));
#5056 = CARTESIAN_POINT('',(8.294884909965,-11.55656259255,
    20.383033053668));
#5057 = CARTESIAN_POINT('',(8.295055242552,-11.56355583696,
    20.382201844612));
#5058 = CARTESIAN_POINT('',(8.295246479488,-11.57036634446,
    20.38138970786));
#5059 = PCURVE('',#3615,#5060);
#5060 = DEFINITIONAL_REPRESENTATION('',(#5061),#5065);
#5061 = LINE('',#5062,#5063);
#5062 = CARTESIAN_POINT('',(11.637802148682,0.));
#5063 = VECTOR('',#5064,1.);
#5064 = DIRECTION('',(0.,1.));
#5065 = ( GEOMETRIC_REPRESENTATION_CONTEXT(2) 
PARAMETRIC_REPRESENTATION_CONTEXT() REPRESENTATION_CONTEXT('2D SPACE',''
  ) );
#5066 = PCURVE('',#4617,#5067);
#5067 = DEFINITIONAL_REPRESENTATION('',(#5068),#5171);
#5068 = B_SPLINE_CURVE_WITH_KNOTS('',11,(#5069,#5070,#5071,#5072,#5073,
    #5074,#5075,#5076,#5077,#5078,#5079,#5080,#5081,#5082,#5083,#5084,
    #5085,#5086,#5087,#5088,#5089,#5090,#5091,#5092,#5093,#5094,#5095,
    #5096,#5097,#5098,#5099,#5100,#5101,#5102,#5103,#5104,#5105,#5106,
    #5107,#5108,#5109,#5110,#5111,#5112,#5113,#5114,#5115,#5116,#5117,
    #5118,#5119,#5120,#5121,#5122,#5123,#5124,#5125,#5126,#5127,#5128,
    #5129,#5130,#5131,#5132,#5133,#5134,#5135,#5136,#5137,#5138,#5139,
    #5140,#5141,#5142,#5143,#5144,#5145,#5146,#5147,#5148,#5149,#5150,
    #5151,#5152,#5153,#5154,#5155,#5156,#5157,#5158,#5159,#5160,#5161,
    #5162,#5163,#5164,#5165,#5166,#5167,#5168,#5169,#5170),
  .UNSPECIFIED.,.F.,.F.,(12,10,10,10,10,10,10,10,10,10,12),(
    75.906981436365,81.725882510706,84.635333047877,86.090058316462,
    86.817420950755,87.181102267901,87.362942926474,87.408403091117,
    87.431133173439,87.453863255761,87.544783585047),.UNSPECIFIED.);
#5069 = CARTESIAN_POINT('',(6.283185316392,1.488115017581));
#5070 = CARTESIAN_POINT('',(6.219137286974,1.48811501763));
#5071 = CARTESIAN_POINT('',(6.155087431991,1.487739239698));
#5072 = CARTESIAN_POINT('',(6.091755871836,1.486988473857));
#5073 = CARTESIAN_POINT('',(6.029846292668,1.485869550125));
#5074 = CARTESIAN_POINT('',(5.970002336219,1.484398294018));
#5075 = CARTESIAN_POINT('',(5.912707203542,1.48259715594));
#5076 = CARTESIAN_POINT('',(5.858252575261,1.480491740643));
#5077 = CARTESIAN_POINT('',(5.80677547599,1.478108239849));
#5078 = CARTESIAN_POINT('',(5.758306437004,1.475472178846));
#5079 = CARTESIAN_POINT('',(5.712789229215,1.472607925671));
#5080 = CARTESIAN_POINT('',(5.64878772197,1.468003157437));
#5081 = CARTESIAN_POINT('',(5.628166238677,1.466416837364));
#5082 = CARTESIAN_POINT('',(5.608244175109,1.46478195341));
#5083 = CARTESIAN_POINT('',(5.589005491433,1.463101234063));
#5084 = CARTESIAN_POINT('',(5.57043193005,1.461377299697));
#5085 = CARTESIAN_POINT('',(5.552503787626,1.459612667802));
#5086 = CARTESIAN_POINT('',(5.53520057038,1.457809766757));
#5087 = CARTESIAN_POINT('',(5.518501531898,1.455970957925));
#5088 = CARTESIAN_POINT('',(5.502386094256,1.454098566324));
#5089 = CARTESIAN_POINT('',(5.486834151762,1.452194919638));
#5090 = CARTESIAN_POINT('',(5.464322310839,1.449296133799));
#5091 = CARTESIAN_POINT('',(5.456954400783,1.44832265441));
#5092 = CARTESIAN_POINT('',(5.449720069515,1.447342250672));
#5093 = CARTESIAN_POINT('',(5.442616925337,1.446355220755));
#5094 = CARTESIAN_POINT('',(5.435642643052,1.445361867919));
#5095 = CARTESIAN_POINT('',(5.428794963845,1.444362500489));
#5096 = CARTESIAN_POINT('',(5.422071695455,1.443357431891));
#5097 = CARTESIAN_POINT('',(5.415470711975,1.442346980612));
#5098 = CARTESIAN_POINT('',(5.408989954036,1.441331470236));
#5099 = CARTESIAN_POINT('',(5.402627428672,1.440311229416));
#5100 = CARTESIAN_POINT('',(5.393258099763,1.438774273132));
#5101 = CARTESIAN_POINT('',(5.390164070421,1.43826085519));
#5102 = CARTESIAN_POINT('',(5.387098883919,1.437746380202));
#5103 = CARTESIAN_POINT('',(5.384062307224,1.43723089041));
#5104 = CARTESIAN_POINT('',(5.381054111774,1.436714428177));
#5105 = CARTESIAN_POINT('',(5.378074073384,1.436197035957));
#5106 = CARTESIAN_POINT('',(5.375121972383,1.435678756343));
#5107 = CARTESIAN_POINT('',(5.372197593455,1.43515963201));
#5108 = CARTESIAN_POINT('',(5.369300725788,1.434639705767));
#5109 = CARTESIAN_POINT('',(5.366431162961,1.434119020519));
#5110 = CARTESIAN_POINT('',(5.36216747304,1.433336918677));
#5111 = CARTESIAN_POINT('',(5.360753017316,1.43307603909));
#5112 = CARTESIAN_POINT('',(5.359345311219,1.432814985779));
#5113 = CARTESIAN_POINT('',(5.357944330104,1.432553763988));
#5114 = CARTESIAN_POINT('',(5.356550049378,1.43229237897));
#5115 = CARTESIAN_POINT('',(5.355162444363,1.432030835965));
#5116 = CARTESIAN_POINT('',(5.353781490487,1.43176914023));
#5117 = CARTESIAN_POINT('',(5.352407163073,1.431507297003));
#5118 = CARTESIAN_POINT('',(5.351039437527,1.431245311539));
#5119 = CARTESIAN_POINT('',(5.349678289203,1.430983189081));
#5120 = CARTESIAN_POINT('',(5.34764639562,1.430589807778));
#5121 = CARTESIAN_POINT('',(5.346970736235,1.430458647739));
#5122 = CARTESIAN_POINT('',(5.346296712298,1.430327455386));
#5123 = CARTESIAN_POINT('',(5.345624320778,1.430196231336));
#5124 = CARTESIAN_POINT('',(5.344953558652,1.430064976216));
#5125 = CARTESIAN_POINT('',(5.34428442288,1.429933690637));
#5126 = CARTESIAN_POINT('',(5.343616910446,1.429802375232));
#5127 = CARTESIAN_POINT('',(5.34295101831,1.429671030611));
#5128 = CARTESIAN_POINT('',(5.342286743451,1.429539657403));
#5129 = CARTESIAN_POINT('',(5.341624082834,1.429408256224));
#5130 = CARTESIAN_POINT('',(5.340797771084,1.429243970565));
#5131 = CARTESIAN_POINT('',(5.340632609429,1.429211111722));
#5132 = CARTESIAN_POINT('',(5.34046754843,1.429178251177));
#5133 = CARTESIAN_POINT('',(5.340302588014,1.429145388937));
#5134 = CARTESIAN_POINT('',(5.340137728182,1.429112525017));
#5135 = CARTESIAN_POINT('',(5.339972968813,1.429079659418));
#5136 = CARTESIAN_POINT('',(5.339808309943,1.429046792158));
#5137 = CARTESIAN_POINT('',(5.339643751449,1.429013923239));
#5138 = CARTESIAN_POINT('',(5.339479293335,1.428981052675));
#5139 = CARTESIAN_POINT('',(5.339314935525,1.428948180473));
#5140 = CARTESIAN_POINT('',(5.33906854921,1.428898869727));
#5141 = CARTESIAN_POINT('',(5.338986445505,1.428882432405));
#5142 = CARTESIAN_POINT('',(5.338904366856,1.428865994677));
#5143 = CARTESIAN_POINT('',(5.338822313272,1.428849556545));
#5144 = CARTESIAN_POINT('',(5.338740284719,1.428833118006));
#5145 = CARTESIAN_POINT('',(5.338658281228,1.428816679069));
#5146 = CARTESIAN_POINT('',(5.338576302754,1.428800239727));
#5147 = CARTESIAN_POINT('',(5.338494349324,1.428783799988));
#5148 = CARTESIAN_POINT('',(5.33841242091,1.428767359847));
#5149 = CARTESIAN_POINT('',(5.338330517518,1.42875091931));
#5150 = CARTESIAN_POINT('',(5.338166760755,1.428718037441));
#5151 = CARTESIAN_POINT('',(5.338084882955,1.4287015915));
#5152 = CARTESIAN_POINT('',(5.338003342995,1.428685204248));
#5153 = CARTESIAN_POINT('',(5.337920063821,1.428668483229));
#5154 = CARTESIAN_POINT('',(5.33784273005,1.428652880893));
#5155 = CARTESIAN_POINT('',(5.337752226815,1.428634783648));
#5156 = CARTESIAN_POINT('',(5.337682033978,1.428620521702));
#5157 = CARTESIAN_POINT('',(5.337590716818,1.428602259832));
#5158 = CARTESIAN_POINT('',(5.337512741046,1.428586516165));
#5159 = CARTESIAN_POINT('',(5.337431789615,1.428570204447));
#5160 = CARTESIAN_POINT('',(5.33703330202,1.428489805155));
#5161 = CARTESIAN_POINT('',(5.336726718214,1.428427709413));
#5162 = CARTESIAN_POINT('',(5.336431483161,1.428367668669));
#5163 = CARTESIAN_POINT('',(5.33614679355,1.428309522034));
#5164 = CARTESIAN_POINT('',(5.33587190029,1.428253116429));
#5165 = CARTESIAN_POINT('',(5.335606108489,1.42819830658));
#5166 = CARTESIAN_POINT('',(5.335348777481,1.428144955022));
#5167 = CARTESIAN_POINT('',(5.335099320798,1.428092932095));
#5168 = CARTESIAN_POINT('',(5.334857206193,1.428042115948));
#5169 = CARTESIAN_POINT('',(5.334621955625,1.427992392537));
#5170 = CARTESIAN_POINT('',(5.334393145266,1.427943655625));
#5171 = ( GEOMETRIC_REPRESENTATION_CONTEXT(2) 
PARAMETRIC_REPRESENTATION_CONTEXT() REPRESENTATION_CONTEXT('2D SPACE',''
  ) );
#5172 = ORIENTED_EDGE('',*,*,#4884,.F.);
#5173 = ORIENTED_EDGE('',*,*,#3567,.F.);
#5174 = ADVANCED_FACE('',(#5175),#3499,.F.);
#5175 = FACE_BOUND('',#5176,.F.);
#5176 = EDGE_LOOP('',(#5177,#5198,#5305,#5306));
#5177 = ORIENTED_EDGE('',*,*,#5178,.T.);
#5178 = EDGE_CURVE('',#3430,#5179,#5181,.T.);
#5179 = VERTEX_POINT('',#5180);
#5180 = CARTESIAN_POINT('',(8.281046266612,9.055416058921,
    20.644262870607));
#5181 = SURFACE_CURVE('',#5182,(#5186,#5192),.PCURVE_S1.);
#5182 = ( BOUNDED_CURVE() B_SPLINE_CURVE(2,(#5183,#5184,#5185),
.UNSPECIFIED.,.F.,.F.) B_SPLINE_CURVE_WITH_KNOTS((3,3),(0.,
28.712942368999),.PIECEWISE_BEZIER_KNOTS.) CURVE() 
GEOMETRIC_REPRESENTATION_ITEM() RATIONAL_B_SPLINE_CURVE((1.,
0.753233451505,1.)) REPRESENTATION_ITEM('') );
#5183 = CARTESIAN_POINT('',(9.196403862373,9.,19.701073068696));
#5184 = CARTESIAN_POINT('',(9.150873763087,9.075630355536,20.56983911658
    ));
#5185 = CARTESIAN_POINT('',(8.281046266612,9.055416058921,
    20.644262870607));
#5186 = PCURVE('',#3499,#5187);
#5187 = DEFINITIONAL_REPRESENTATION('',(#5188),#5191);
#5188 = B_SPLINE_CURVE_WITH_KNOTS('',1,(#5189,#5190),.UNSPECIFIED.,.F.,
  .F.,(2,2),(0.,28.712942368999),.PIECEWISE_BEZIER_KNOTS.);
#5189 = CARTESIAN_POINT('',(0.,66.807211823091));
#5190 = CARTESIAN_POINT('',(9.099769613274,66.807211823091));
#5191 = ( GEOMETRIC_REPRESENTATION_CONTEXT(2) 
PARAMETRIC_REPRESENTATION_CONTEXT() REPRESENTATION_CONTEXT('2D SPACE',''
  ) );
#5192 = PCURVE('',#3840,#5193);
#5193 = DEFINITIONAL_REPRESENTATION('',(#5194),#5197);
#5194 = B_SPLINE_CURVE_WITH_KNOTS('',1,(#5195,#5196),.UNSPECIFIED.,.F.,
  .F.,(2,2),(0.,28.712942368999),.PIECEWISE_BEZIER_KNOTS.);
#5195 = CARTESIAN_POINT('',(0.,66.807211823091));
#5196 = CARTESIAN_POINT('',(28.712942368999,66.807211823091));
#5197 = ( GEOMETRIC_REPRESENTATION_CONTEXT(2) 
PARAMETRIC_REPRESENTATION_CONTEXT() REPRESENTATION_CONTEXT('2D SPACE',''
  ) );
#5198 = ORIENTED_EDGE('',*,*,#5199,.T.);
#5199 = EDGE_CURVE('',#5179,#5016,#5200,.T.);
#5200 = SURFACE_CURVE('',#5201,(#5222,#5229),.PCURVE_S1.);
#5201 = ( BOUNDED_CURVE() B_SPLINE_CURVE(10,(#5202,#5203,#5204,#5205,
    #5206,#5207,#5208,#5209,#5210,#5211,#5212,#5213,#5214,#5215,#5216,
    #5217,#5218,#5219,#5220,#5221),.UNSPECIFIED.,.F.,.F.) 
B_SPLINE_CURVE_WITH_KNOTS((11,9,11),(66.807211823091,66.882819478001,
75.906981436365),.UNSPECIFIED.) CURVE() GEOMETRIC_REPRESENTATION_ITEM() 
RATIONAL_B_SPLINE_CURVE((1.,1.,1.,1.,1.,1.,1.,1.,1.,1.,1.,1.,1.,
    0.999999999999,1.000000000001,0.999999999999,1.,1.,1.,1.)) 
REPRESENTATION_ITEM('') );
#5202 = CARTESIAN_POINT('',(8.281046266612,9.055416058921,
    20.644262870607));
#5203 = CARTESIAN_POINT('',(8.280997151555,9.04823430305,20.644922258964
    ));
#5204 = CARTESIAN_POINT('',(8.280948392059,9.041049060821,
    20.645581353494));
#5205 = CARTESIAN_POINT('',(8.280899982725,9.033860294976,
    20.646240157051));
#5206 = CARTESIAN_POINT('',(8.280851918156,9.026667968255,
    20.646898672491));
#5207 = CARTESIAN_POINT('',(8.280804192952,9.019472043405,
    20.647556902668));
#5208 = CARTESIAN_POINT('',(8.280756801716,9.01227248316,20.648214850439
    ));
#5209 = CARTESIAN_POINT('',(8.280709739048,9.005069250269,
    20.648872518658));
#5210 = CARTESIAN_POINT('',(8.280662999551,8.997862307469,
    20.649529910182));
#5211 = CARTESIAN_POINT('',(8.280616577825,8.990651617504,
    20.650187027864));
#5212 = CARTESIAN_POINT('',(8.275067080378,8.122352568913,
    20.729241901584));
#5213 = CARTESIAN_POINT('',(8.273378857754,7.226327250532,
    20.802120783698));
#5214 = CARTESIAN_POINT('',(8.26749089218,6.314294154399,20.867255331313
    ));
#5215 = CARTESIAN_POINT('',(8.266968843824,5.416054401395,
    20.921194956963));
#5216 = CARTESIAN_POINT('',(8.262734290977,4.50838555011,20.967552887447
    ));
#5217 = CARTESIAN_POINT('',(8.261970465981,3.610254441456,
    21.003495955452));
#5218 = CARTESIAN_POINT('',(8.260015031983,2.706497555612,
    21.031096519913));
#5219 = CARTESIAN_POINT('',(8.259214393931,1.804779837817,
    21.049255506685));
#5220 = CARTESIAN_POINT('',(8.258713709623,0.902353778535,
    21.058384733675));
#5221 = CARTESIAN_POINT('',(8.258713709587,0.,21.058384734367));
#5222 = PCURVE('',#3499,#5223);
#5223 = DEFINITIONAL_REPRESENTATION('',(#5224),#5228);
#5224 = LINE('',#5225,#5226);
#5225 = CARTESIAN_POINT('',(9.099769613274,0.));
#5226 = VECTOR('',#5227,1.);
#5227 = DIRECTION('',(0.,1.));
#5228 = ( GEOMETRIC_REPRESENTATION_CONTEXT(2) 
PARAMETRIC_REPRESENTATION_CONTEXT() REPRESENTATION_CONTEXT('2D SPACE',''
  ) );
#5229 = PCURVE('',#4617,#5230);
#5230 = DEFINITIONAL_REPRESENTATION('',(#5231),#5304);
#5231 = B_SPLINE_CURVE_WITH_KNOTS('',11,(#5232,#5233,#5234,#5235,#5236,
    #5237,#5238,#5239,#5240,#5241,#5242,#5243,#5244,#5245,#5246,#5247,
    #5248,#5249,#5250,#5251,#5252,#5253,#5254,#5255,#5256,#5257,#5258,
    #5259,#5260,#5261,#5262,#5263,#5264,#5265,#5266,#5267,#5268,#5269,
    #5270,#5271,#5272,#5273,#5274,#5275,#5276,#5277,#5278,#5279,#5280,
    #5281,#5282,#5283,#5284,#5285,#5286,#5287,#5288,#5289,#5290,#5291,
    #5292,#5293,#5294,#5295,#5296,#5297,#5298,#5299,#5300,#5301,#5302,
    #5303),.UNSPECIFIED.,.F.,.F.,(12,10,10,10,10,10,10,12),(
    66.807211823091,66.949395723298,67.091579623505,67.37594742392,
    67.94468302475,69.082154226409,71.357096629728,75.906981436365),
  .UNSPECIFIED.);
#5232 = CARTESIAN_POINT('',(0.830035610093,1.447776738915));
#5233 = CARTESIAN_POINT('',(0.82936543048,1.447868604946));
#5234 = CARTESIAN_POINT('',(0.828693415631,1.447960492107));
#5235 = CARTESIAN_POINT('',(0.828020636791,1.44805226655));
#5236 = CARTESIAN_POINT('',(0.827342590174,1.448144488094));
#5237 = CARTESIAN_POINT('',(0.826670576128,1.448235750168));
#5238 = CARTESIAN_POINT('',(0.825985898459,1.448328378371));
#5239 = CARTESIAN_POINT('',(0.825308677888,1.448419868852));
#5240 = CARTESIAN_POINT('',(0.824625490212,1.448511891099));
#5241 = CARTESIAN_POINT('',(0.823942059041,1.448603732533));
#5242 = CARTESIAN_POINT('',(0.823256858217,1.448695582398));
#5243 = CARTESIAN_POINT('',(0.821883370403,1.448879241456));
#5244 = CARTESIAN_POINT('',(0.821195070307,1.44897105231));
#5245 = CARTESIAN_POINT('',(0.820505213912,1.449062843891));
#5246 = CARTESIAN_POINT('',(0.81981380111,1.449154615604));
#5247 = CARTESIAN_POINT('',(0.819120831789,1.449246366846));
#5248 = CARTESIAN_POINT('',(0.818426305842,1.449338097027));
#5249 = CARTESIAN_POINT('',(0.817730223157,1.449429805543));
#5250 = CARTESIAN_POINT('',(0.817032583628,1.449521491802));
#5251 = CARTESIAN_POINT('',(0.816333387142,1.449613155203));
#5252 = CARTESIAN_POINT('',(0.815632633591,1.449704795151));
#5253 = CARTESIAN_POINT('',(0.813525701416,1.449979642838));
#5254 = CARTESIAN_POINT('',(0.812114852027,1.45016277851));
#5255 = CARTESIAN_POINT('',(0.810697773373,1.450345812978));
#5256 = CARTESIAN_POINT('',(0.809274464132,1.450528741162));
#5257 = CARTESIAN_POINT('',(0.807844922973,1.450711557971));
#5258 = CARTESIAN_POINT('',(0.806409148578,1.45089425833));
#5259 = CARTESIAN_POINT('',(0.804967139616,1.451076837146));
#5260 = CARTESIAN_POINT('',(0.803518894766,1.451259289343));
#5261 = CARTESIAN_POINT('',(0.802064412702,1.451441609832));
#5262 = CARTESIAN_POINT('',(0.800603692098,1.451623793531));
#5263 = CARTESIAN_POINT('',(0.796202810694,1.452169919009));
#5264 = CARTESIAN_POINT('',(0.793243926469,1.452533435049));
#5265 = CARTESIAN_POINT('',(0.790260064681,1.452896341477));
#5266 = CARTESIAN_POINT('',(0.787251208056,1.453258596601));
#5267 = CARTESIAN_POINT('',(0.784217336314,1.453620159058));
#5268 = CARTESIAN_POINT('',(0.781158426171,1.453980987779));
#5269 = CARTESIAN_POINT('',(0.778074451343,1.454341042034));
#5270 = CARTESIAN_POINT('',(0.774965382536,1.454700281385));
#5271 = CARTESIAN_POINT('',(0.771831187459,1.455058665729));
#5272 = CARTESIAN_POINT('',(0.768671830811,1.455416155263));
#5273 = CARTESIAN_POINT('',(0.759118161257,1.456485820996));
#5274 = CARTESIAN_POINT('',(0.75264824511,1.457195196743));
#5275 = CARTESIAN_POINT('',(0.74607722182,1.457900523873));
#5276 = CARTESIAN_POINT('',(0.739404730817,1.458601500218));
#5277 = CARTESIAN_POINT('',(0.732630360231,1.459297835086));
#5278 = CARTESIAN_POINT('',(0.725753652033,1.459989248868));
#5279 = CARTESIAN_POINT('',(0.718774107319,1.460675472877));
#5280 = CARTESIAN_POINT('',(0.711691191424,1.461356248919));
#5281 = CARTESIAN_POINT('',(0.704504339199,1.462031329114));
#5282 = CARTESIAN_POINT('',(0.697212960162,1.462700475528));
#5283 = CARTESIAN_POINT('',(0.67502341085,1.464689428698));
#5284 = CARTESIAN_POINT('',(0.659809798091,1.46599073302));
#5285 = CARTESIAN_POINT('',(0.644170842509,1.46726556397));
#5286 = CARTESIAN_POINT('',(0.628101425444,1.46851221818));
#5287 = CARTESIAN_POINT('',(0.611596411902,1.46972907811));
#5288 = CARTESIAN_POINT('',(0.594650989951,1.470914592305));
#5289 = CARTESIAN_POINT('',(0.577261010113,1.472067255686));
#5290 = CARTESIAN_POINT('',(0.55942332476,1.473185589797));
#5291 = CARTESIAN_POINT('',(0.541136127502,1.474268123104));
#5292 = CARTESIAN_POINT('',(0.522399292588,1.475313371244));
#5293 = CARTESIAN_POINT('',(0.464845557692,1.478332709435));
#5294 = CARTESIAN_POINT('',(0.424685484602,1.480190451524));
#5295 = CARTESIAN_POINT('',(0.38275042785,1.481881163729));
#5296 = CARTESIAN_POINT('',(0.339087930292,1.483392984348));
#5297 = CARTESIAN_POINT('',(0.293792834386,1.484714136535));
#5298 = CARTESIAN_POINT('',(0.247011749254,1.485833380795));
#5299 = CARTESIAN_POINT('',(0.198954291607,1.48674036549));
#5300 = CARTESIAN_POINT('',(0.149896914488,1.487426297476));
#5301 = CARTESIAN_POINT('',(0.100161931866,1.48788522107));
#5302 = CARTESIAN_POINT('',(5.008011815562E-02,1.488115017543));
#5303 = CARTESIAN_POINT('',(9.212614671128E-09,1.488115017581));
#5304 = ( GEOMETRIC_REPRESENTATION_CONTEXT(2) 
PARAMETRIC_REPRESENTATION_CONTEXT() REPRESENTATION_CONTEXT('2D SPACE',''
  ) );
#5305 = ORIENTED_EDGE('',*,*,#5015,.F.);
#5306 = ORIENTED_EDGE('',*,*,#3449,.F.);
#5307 = ADVANCED_FACE('',(#5308),#3840,.F.);
#5308 = FACE_BOUND('',#5309,.F.);
#5309 = EDGE_LOOP('',(#5310,#5331,#5490,#5491));
#5310 = ORIENTED_EDGE('',*,*,#5311,.T.);
#5311 = EDGE_CURVE('',#3689,#5312,#5314,.T.);
#5312 = VERTEX_POINT('',#5313);
#5313 = CARTESIAN_POINT('',(-8.280584949397,9.081310109001,
    20.641935287458));
#5314 = SURFACE_CURVE('',#5315,(#5319,#5325),.PCURVE_S1.);
#5315 = ( BOUNDED_CURVE() B_SPLINE_CURVE(2,(#5316,#5317,#5318),
.UNSPECIFIED.,.F.,.F.) B_SPLINE_CURVE_WITH_KNOTS((3,3),(0.,
20.740640440348),.PIECEWISE_BEZIER_KNOTS.) CURVE() 
GEOMETRIC_REPRESENTATION_ITEM() RATIONAL_B_SPLINE_CURVE((1.,
0.753205719752,1.)) REPRESENTATION_ITEM('') );
#5316 = CARTESIAN_POINT('',(-9.19640829403,9.,19.7009885076));
#5317 = CARTESIAN_POINT('',(-9.15088953487,9.078909431921,
    20.569538172891));
#5318 = CARTESIAN_POINT('',(-8.280584949397,9.081310109001,
    20.641935287458));
#5319 = PCURVE('',#3840,#5320);
#5320 = DEFINITIONAL_REPRESENTATION('',(#5321),#5324);
#5321 = B_SPLINE_CURVE_WITH_KNOTS('',1,(#5322,#5323),.UNSPECIFIED.,.F.,
  .F.,(2,2),(0.,20.740640440348),.PIECEWISE_BEZIER_KNOTS.);
#5322 = CARTESIAN_POINT('',(0.,38.094269454092));
#5323 = CARTESIAN_POINT('',(28.712942368999,38.094269454092));
#5324 = ( GEOMETRIC_REPRESENTATION_CONTEXT(2) 
PARAMETRIC_REPRESENTATION_CONTEXT() REPRESENTATION_CONTEXT('2D SPACE',''
  ) );
#5325 = PCURVE('',#4135,#5326);
#5326 = DEFINITIONAL_REPRESENTATION('',(#5327),#5330);
#5327 = B_SPLINE_CURVE_WITH_KNOTS('',1,(#5328,#5329),.UNSPECIFIED.,.F.,
  .F.,(2,2),(0.,20.740640440348),.PIECEWISE_BEZIER_KNOTS.);
#5328 = CARTESIAN_POINT('',(0.,38.094269454092));
#5329 = CARTESIAN_POINT('',(20.740640440348,38.094269454092));
#5330 = ( GEOMETRIC_REPRESENTATION_CONTEXT(2) 
PARAMETRIC_REPRESENTATION_CONTEXT() REPRESENTATION_CONTEXT('2D SPACE',''
  ) );
#5331 = ORIENTED_EDGE('',*,*,#5332,.T.);
#5332 = EDGE_CURVE('',#5312,#5179,#5333,.T.);
#5333 = SURFACE_CURVE('',#5334,(#5397,#5404),.PCURVE_S1.);
#5334 = ( BOUNDED_CURVE() B_SPLINE_CURVE(13,(#5335,#5336,#5337,#5338,
    #5339,#5340,#5341,#5342,#5343,#5344,#5345,#5346,#5347,#5348,#5349,
    #5350,#5351,#5352,#5353,#5354,#5355,#5356,#5357,#5358,#5359,#5360,
    #5361,#5362,#5363,#5364,#5365,#5366,#5367,#5368,#5369,#5370,#5371,
    #5372,#5373,#5374,#5375,#5376,#5377,#5378,#5379,#5380,#5381,#5382,
    #5383,#5384,#5385,#5386,#5387,#5388,#5389,#5390,#5391,#5392,#5393,
#5394,#5395,#5396),.UNSPECIFIED.,.F.,.F.) B_SPLINE_CURVE_WITH_KNOTS((14,
    12,12,12,12,14),(38.094269454092,38.886958663179,41.730255978571,
    45.366242503049,52.434920197994,66.807211823091),.UNSPECIFIED.) 
CURVE() GEOMETRIC_REPRESENTATION_ITEM() RATIONAL_B_SPLINE_CURVE((1.,1.,
    1.000000000001,0.999999999998,1.000000000003,0.999999999996,
    1.000000000005,0.999999999996,1.000000000003,0.999999999999,
    1.000000000001,1.,1.,1.,1.000000000001,0.999999999997,1.000000000006
    ,0.999999999991,1.000000000011,0.99999999999,1.000000000008,
    0.999999999995,1.000000000002,0.999999999999,1.,1.,1.,1.,1.,1.,1.,
    1.000000000001,0.999999999999,1.000000000001,1.,1.,1.,1.,1.,1.,
    1.000000000001,0.999999999999,1.000000000001,0.999999999999,1.,1.,1.
    ,1.,1.,1.,1.,1.,1.,1.000000000001,0.999999999998,1.000000000003,
    0.999999999998,1.000000000002,0.999999999999,1.,1.,1.)) 
REPRESENTATION_ITEM('') );
#5335 = CARTESIAN_POINT('',(-8.280584949397,9.081310109001,
    20.641935287458));
#5336 = CARTESIAN_POINT('',(-8.280899722076,9.138440787349,
    20.636681178827));
#5337 = CARTESIAN_POINT('',(-8.280808509258,9.193636807834,
    20.631602594387));
#5338 = CARTESIAN_POINT('',(-8.280330687467,9.248112104283,
    20.626589394194));
#5339 = CARTESIAN_POINT('',(-8.279470693977,9.302504808384,
    20.621583591178));
#5340 = CARTESIAN_POINT('',(-8.278224790439,9.357068889954,
    20.616562024922));
#5341 = CARTESIAN_POINT('',(-8.276586314434,9.411831172836,
    20.611522160315));
#5342 = CARTESIAN_POINT('',(-8.27454941843,9.466713725549,
    20.606471011021));
#5343 = CARTESIAN_POINT('',(-8.27211129687,9.521621628005,20.60141718783
    ));
#5344 = CARTESIAN_POINT('',(-8.269272900558,9.576496112616,
    20.596366071825));
#5345 = CARTESIAN_POINT('',(-8.26603813913,9.631333081614,
    20.591318112423));
#5346 = CARTESIAN_POINT('',(-8.262411571006,9.686166998898,
    20.586270250247));
#5347 = CARTESIAN_POINT('',(-8.258394581186,9.741020157726,
    20.581220464854));
#5348 = CARTESIAN_POINT('',(-8.238145550916,9.992369303964,
    20.558079471376));
#5349 = CARTESIAN_POINT('',(-8.217235820942,10.188575750979,
    20.540011707138));
#5350 = CARTESIAN_POINT('',(-8.19125702835,10.384293014454,
    20.521985400441));
#5351 = CARTESIAN_POINT('',(-8.16021974212,10.579378041881,
    20.504013753791));
#5352 = CARTESIAN_POINT('',(-8.124138928517,10.773688378172,
    20.486109926332));
#5353 = CARTESIAN_POINT('',(-8.083033951402,10.967082165736,
    20.468287033878));
#5354 = CARTESIAN_POINT('',(-8.036928571719,11.159418144391,
    20.450558148866));
#5355 = CARTESIAN_POINT('',(-7.985850948193,11.35055565144,
    20.432936300418));
#5356 = CARTESIAN_POINT('',(-7.929833636536,11.540354621625,
    20.415434474272));
#5357 = CARTESIAN_POINT('',(-7.868913590208,11.72867558714,
    20.398065612843));
#5358 = CARTESIAN_POINT('',(-7.803132159804,11.915379677643,
    20.38084261518));
#5359 = CARTESIAN_POINT('',(-7.732535093464,12.100328620233,
    20.363778336992));
#5360 = CARTESIAN_POINT('',(-7.560799484299,12.517475483044,
    20.32528327779));
#5361 = CARTESIAN_POINT('',(-7.456631627545,12.748479225626,
    20.303960678576));
#5362 = CARTESIAN_POINT('',(-7.344773084804,12.976109821769,
    20.282944437825));
#5363 = CARTESIAN_POINT('',(-7.225338743358,13.200086539381,
    20.262260717521));
#5364 = CARTESIAN_POINT('',(-7.098454259069,13.420134059749,
    20.24193519679));
#5365 = CARTESIAN_POINT('',(-6.96425605691,13.635982477502,
    20.221993071923));
#5366 = CARTESIAN_POINT('',(-6.822891330144,13.847367300664,
    20.202459056338));
#5367 = CARTESIAN_POINT('',(-6.674518041388,14.054029450589,
    20.183357380628));
#5368 = CARTESIAN_POINT('',(-6.519304921455,14.255715262024,
    20.164711792512));
#5369 = CARTESIAN_POINT('',(-6.357431470411,14.452176483061,
    20.146545556875));
#5370 = CARTESIAN_POINT('',(-6.18908795677,14.643170275167,
    20.128881455741));
#5371 = CARTESIAN_POINT('',(-6.014475417999,14.828459213167,
    20.111741788292));
#5372 = CARTESIAN_POINT('',(-5.482567756041,15.356487492651,
    20.062889307473));
#5373 = CARTESIAN_POINT('',(-5.10842932172,15.682751628204,
    20.032692296902));
#5374 = CARTESIAN_POINT('',(-4.712928447114,15.984919189867,
    20.004715571678));
#5375 = CARTESIAN_POINT('',(-4.297770908296,16.261420162844,
    19.97910688422));
#5376 = CARTESIAN_POINT('',(-3.864804745788,16.510817293111,
    19.956001708991));
#5377 = CARTESIAN_POINT('',(-3.415997607159,16.731821851284,
    19.935521687754));
#5378 = CARTESIAN_POINT('',(-2.953416853673,16.923306886682,
    19.917773317945));
#5379 = CARTESIAN_POINT('',(-2.479212431548,17.084317971792,
    19.902846884146));
#5380 = CARTESIAN_POINT('',(-1.995602507079,17.214081436885,
    19.890815632673));
#5381 = CARTESIAN_POINT('',(-1.504861866469,17.312010095046,
    19.881735189262));
#5382 = CARTESIAN_POINT('',(-1.009313079558,17.377706457385,
    19.875643219867));
#5383 = CARTESIAN_POINT('',(-0.511320428103,17.410963438603,
    19.872559334564));
#5384 = CARTESIAN_POINT('',(0.999333831231,17.413387340746,
    19.872334571755));
#5385 = CARTESIAN_POINT('',(2.012273606479,17.281095753307,
    19.884608093799));
#5386 = CARTESIAN_POINT('',(3.005013362824,17.012315434096,
    19.90947950347));
#5387 = CARTESIAN_POINT('',(3.960529386217,16.623782255546,
    19.945724081889));
#5388 = CARTESIAN_POINT('',(4.851060447684,16.075683565697,
    19.995902897083));
#5389 = CARTESIAN_POINT('',(5.671312084171,15.497294205079,
    20.050713249034));
#5390 = CARTESIAN_POINT('',(6.412260058281,14.668826958458,
    20.125526957134));
#5391 = CARTESIAN_POINT('',(6.998183912512,13.946084721519,
    20.194556408423));
#5392 = CARTESIAN_POINT('',(7.549659693904,12.978652328726,
    20.281907287585));
#5393 = CARTESIAN_POINT('',(7.899827481081,12.050215452343,
    20.369090780248));
#5394 = CARTESIAN_POINT('',(8.158490166538,11.080107999261,
    20.457632694634));
#5395 = CARTESIAN_POINT('',(8.288228037643,10.105556875079,
    20.547844857997));
#5396 = CARTESIAN_POINT('',(8.281046266612,9.055416058921,
    20.644262870607));
#5397 = PCURVE('',#3840,#5398);
#5398 = DEFINITIONAL_REPRESENTATION('',(#5399),#5403);
#5399 = LINE('',#5400,#5401);
#5400 = CARTESIAN_POINT('',(28.712942368999,0.));
#5401 = VECTOR('',#5402,1.);
#5402 = DIRECTION('',(0.,1.));
#5403 = ( GEOMETRIC_REPRESENTATION_CONTEXT(2) 
PARAMETRIC_REPRESENTATION_CONTEXT() REPRESENTATION_CONTEXT('2D SPACE',''
  ) );
#5404 = PCURVE('',#4617,#5405);
#5405 = DEFINITIONAL_REPRESENTATION('',(#5406),#5489);
#5406 = B_SPLINE_CURVE_WITH_KNOTS('',11,(#5407,#5408,#5409,#5410,#5411,
    #5412,#5413,#5414,#5415,#5416,#5417,#5418,#5419,#5420,#5421,#5422,
    #5423,#5424,#5425,#5426,#5427,#5428,#5429,#5430,#5431,#5432,#5433,
    #5434,#5435,#5436,#5437,#5438,#5439,#5440,#5441,#5442,#5443,#5444,
    #5445,#5446,#5447,#5448,#5449,#5450,#5451,#5452,#5453,#5454,#5455,
    #5456,#5457,#5458,#5459,#5460,#5461,#5462,#5463,#5464,#5465,#5466,
    #5467,#5468,#5469,#5470,#5471,#5472,#5473,#5474,#5475,#5476,#5477,
    #5478,#5479,#5480,#5481,#5482,#5483,#5484,#5485,#5486,#5487,#5488),
  .UNSPECIFIED.,.F.,.F.,(12,10,10,10,10,10,10,10,12),(38.094269454092,
    38.542909178608,38.991548903123,39.888828352154,41.683387250217,
    45.272505046342,52.450740638591,59.628976230841,66.807211823091),
  .UNSPECIFIED.);
#5407 = CARTESIAN_POINT('',(2.310107461132,1.447587201841));
#5408 = CARTESIAN_POINT('',(2.308025097187,1.44730124468));
#5409 = CARTESIAN_POINT('',(2.305990241006,1.447022490505));
#5410 = CARTESIAN_POINT('',(2.303981783259,1.446748082497));
#5411 = CARTESIAN_POINT('',(2.301985689371,1.44647612468));
#5412 = CARTESIAN_POINT('',(2.299993284474,1.446205448333));
#5413 = CARTESIAN_POINT('',(2.297999772478,1.445935410385));
#5414 = CARTESIAN_POINT('',(2.296002989118,1.445665723716));
#5415 = CARTESIAN_POINT('',(2.294002389139,1.445396319459));
#5416 = CARTESIAN_POINT('',(2.291998267452,1.445127241206));
#5417 = CARTESIAN_POINT('',(2.289991214421,1.444858571198));
#5418 = CARTESIAN_POINT('',(2.285972395865,1.444322205696));
#5419 = CARTESIAN_POINT('',(2.283960894167,1.444054546533));
#5420 = CARTESIAN_POINT('',(2.281945503777,1.443787163428));
#5421 = CARTESIAN_POINT('',(2.279936981777,1.443521536291));
#5422 = CARTESIAN_POINT('',(2.27790807105,1.443253910575));
#5423 = CARTESIAN_POINT('',(2.275909620054,1.442991286046));
#5424 = CARTESIAN_POINT('',(2.273874178044,1.442724376491));
#5425 = CARTESIAN_POINT('',(2.271862552008,1.442461552372));
#5426 = CARTESIAN_POINT('',(2.269840443994,1.442198095416));
#5427 = CARTESIAN_POINT('',(2.26781926871,1.441935576382));
#5428 = CARTESIAN_POINT('',(2.261752226411,1.441149967375));
#5429 = CARTESIAN_POINT('',(2.257703522768,1.440628918973));
#5430 = CARTESIAN_POINT('',(2.253650882976,1.440110577878));
#5431 = CARTESIAN_POINT('',(2.249594377353,1.439594960251));
#5432 = CARTESIAN_POINT('',(2.245534073892,1.439082082039));
#5433 = CARTESIAN_POINT('',(2.241470038279,1.438571958977));
#5434 = CARTESIAN_POINT('',(2.237402333868,1.438064606588));
#5435 = CARTESIAN_POINT('',(2.233331021712,1.437560040182));
#5436 = CARTESIAN_POINT('',(2.229256160532,1.437058274857));
#5437 = CARTESIAN_POINT('',(2.225177806742,1.436559325497));
#5438 = CARTESIAN_POINT('',(2.212932429817,1.435070969333));
#5439 = CARTESIAN_POINT('',(2.20475510558,1.434090056093));
#5440 = CARTESIAN_POINT('',(2.196564475029,1.433120584984));
#5441 = CARTESIAN_POINT('',(2.188360956199,1.432162673348));
#5442 = CARTESIAN_POINT('',(2.180144951872,1.43121643796));
#5443 = CARTESIAN_POINT('',(2.171916849536,1.430281994998));
#5444 = CARTESIAN_POINT('',(2.163677021446,1.42935946008));
#5445 = CARTESIAN_POINT('',(2.155425824556,1.428448948225));
#5446 = CARTESIAN_POINT('',(2.14716360058,1.427550573888));
#5447 = CARTESIAN_POINT('',(2.138890675948,1.426664450935));
#5448 = CARTESIAN_POINT('',(2.114040733595,1.424043176101));
#5449 = CARTESIAN_POINT('',(2.097432441453,1.422345083313));
#5450 = CARTESIAN_POINT('',(2.080784521759,1.42069726348));
#5451 = CARTESIAN_POINT('',(2.064099241129,1.419100592852));
#5452 = CARTESIAN_POINT('',(2.047378598437,1.417555908334));
#5453 = CARTESIAN_POINT('',(2.030624209764,1.41606399235));
#5454 = CARTESIAN_POINT('',(2.013837436583,1.41462558937));
#5455 = CARTESIAN_POINT('',(1.997019617692,1.413241434374));
#5456 = CARTESIAN_POINT('',(1.980172265119,1.411912273601));
#5457 = CARTESIAN_POINT('',(1.96329708451,1.410638857911));
#5458 = CARTESIAN_POINT('',(1.91259287185,1.40698795139));
#5459 = CARTESIAN_POINT('',(1.878685222094,1.40477978411));
#5460 = CARTESIAN_POINT('',(1.844678046736,1.402802332287));
#5461 = CARTESIAN_POINT('',(1.810601743517,1.401062523733));
#5462 = CARTESIAN_POINT('',(1.776436008514,1.399561609324));
#5463 = CARTESIAN_POINT('',(1.742245494761,1.398307980906));
#5464 = CARTESIAN_POINT('',(1.707978724254,1.397299882613));
#5465 = CARTESIAN_POINT('',(1.673701461958,1.396543670331));
#5466 = CARTESIAN_POINT('',(1.639382665667,1.396038403532));
#5467 = CARTESIAN_POINT('',(1.60505526732,1.395786130412));
#5468 = CARTESIAN_POINT('',(1.536399103823,1.395787037173));
#5469 = CARTESIAN_POINT('',(1.502070800853,1.396040146393));
#5470 = CARTESIAN_POINT('',(1.46775469509,1.396546519515));
#5471 = CARTESIAN_POINT('',(1.433460458693,1.397304054767));
#5472 = CARTESIAN_POINT('',(1.399209395095,1.398312065177));
#5473 = CARTESIAN_POINT('',(1.36501082807,1.399568163575));
#5474 = CARTESIAN_POINT('',(1.330864500326,1.401068362281));
#5475 = CARTESIAN_POINT('',(1.296779675735,1.402809264734));
#5476 = CARTESIAN_POINT('',(1.26277735665,1.404787601482));
#5477 = CARTESIAN_POINT('',(1.228866767461,1.406996691043));
#5478 = CARTESIAN_POINT('',(1.161255265596,1.411866682115));
#5479 = CARTESIAN_POINT('',(1.127554331076,1.414527463335));
#5480 = CARTESIAN_POINT('',(1.093968920263,1.41740862367));
#5481 = CARTESIAN_POINT('',(1.060517873966,1.420503736013));
#5482 = CARTESIAN_POINT('',(1.027195310021,1.423807948256));
#5483 = CARTESIAN_POINT('',(0.99409405647,1.42730827721));
#5484 = CARTESIAN_POINT('',(0.96118052738,1.431000167897));
#5485 = CARTESIAN_POINT('',(0.928819881535,1.434843558919));
#5486 = CARTESIAN_POINT('',(0.896359827362,1.438871072205));
#5487 = CARTESIAN_POINT('',(0.863870011507,1.443138829762));
#5488 = CARTESIAN_POINT('',(0.830035610093,1.447776738915));
#5489 = ( GEOMETRIC_REPRESENTATION_CONTEXT(2) 
PARAMETRIC_REPRESENTATION_CONTEXT() REPRESENTATION_CONTEXT('2D SPACE',''
  ) );
#5490 = ORIENTED_EDGE('',*,*,#5178,.F.);
#5491 = ORIENTED_EDGE('',*,*,#3708,.F.);
#5492 = ADVANCED_FACE('',(#5493),#4135,.F.);
#5493 = FACE_BOUND('',#5494,.F.);
#5494 = EDGE_LOOP('',(#5495,#5516,#5729,#5730));
#5495 = ORIENTED_EDGE('',*,*,#5496,.T.);
#5496 = EDGE_CURVE('',#4040,#5497,#5499,.T.);
#5497 = VERTEX_POINT('',#5498);
#5498 = CARTESIAN_POINT('',(-8.295282585853,-11.56947428294,
    20.38149095481));
#5499 = SURFACE_CURVE('',#5500,(#5504,#5510),.PCURVE_S1.);
#5500 = ( BOUNDED_CURVE() B_SPLINE_CURVE(2,(#5501,#5502,#5503),
.UNSPECIFIED.,.F.,.F.) B_SPLINE_CURVE_WITH_KNOTS((3,3),(0.,
3.099772069313),.PIECEWISE_BEZIER_KNOTS.) CURVE() 
GEOMETRIC_REPRESENTATION_ITEM() RATIONAL_B_SPLINE_CURVE((1.,
0.753255568907,1.)) REPRESENTATION_ITEM('') );
#5501 = CARTESIAN_POINT('',(-9.21014770746,-11.5,19.438824881953));
#5502 = CARTESIAN_POINT('',(-9.16472869371,-11.59646241193,
    20.30547129144));
#5503 = CARTESIAN_POINT('',(-8.295282585853,-11.56947428294,
    20.38149095481));
#5504 = PCURVE('',#4135,#5505);
#5505 = DEFINITIONAL_REPRESENTATION('',(#5506),#5509);
#5506 = B_SPLINE_CURVE_WITH_KNOTS('',1,(#5507,#5508),.UNSPECIFIED.,.F.,
  .F.,(2,2),(0.,3.099772069313),.PIECEWISE_BEZIER_KNOTS.);
#5507 = CARTESIAN_POINT('',(0.,17.353629013744));
#5508 = CARTESIAN_POINT('',(20.740640440348,17.353629013744));
#5509 = ( GEOMETRIC_REPRESENTATION_CONTEXT(2) 
PARAMETRIC_REPRESENTATION_CONTEXT() REPRESENTATION_CONTEXT('2D SPACE',''
  ) );
#5510 = PCURVE('',#4349,#5511);
#5511 = DEFINITIONAL_REPRESENTATION('',(#5512),#5515);
#5512 = B_SPLINE_CURVE_WITH_KNOTS('',1,(#5513,#5514),.UNSPECIFIED.,.F.,
  .F.,(2,2),(0.,3.099772069313),.PIECEWISE_BEZIER_KNOTS.);
#5513 = CARTESIAN_POINT('',(0.,17.353629013744));
#5514 = CARTESIAN_POINT('',(3.099772069313,17.353629013744));
#5515 = ( GEOMETRIC_REPRESENTATION_CONTEXT(2) 
PARAMETRIC_REPRESENTATION_CONTEXT() REPRESENTATION_CONTEXT('2D SPACE',''
  ) );
#5516 = ORIENTED_EDGE('',*,*,#5517,.T.);
#5517 = EDGE_CURVE('',#5497,#5312,#5518,.T.);
#5518 = SURFACE_CURVE('',#5519,(#5554,#5561),.PCURVE_S1.);
#5519 = B_SPLINE_CURVE_WITH_KNOTS('',9,(#5520,#5521,#5522,#5523,#5524,
    #5525,#5526,#5527,#5528,#5529,#5530,#5531,#5532,#5533,#5534,#5535,
    #5536,#5537,#5538,#5539,#5540,#5541,#5542,#5543,#5544,#5545,#5546,
    #5547,#5548,#5549,#5550,#5551,#5552,#5553),.UNSPECIFIED.,.F.,.F.,(10
    ,8,8,8,10),(17.353629013744,17.450315368518,27.732798486852,
    38.015281605185,38.094269454092),.UNSPECIFIED.);
#5520 = CARTESIAN_POINT('',(-8.295282585853,-11.56947428294,
    20.38149095481));
#5521 = CARTESIAN_POINT('',(-8.29505809476,-11.56210075969,
    20.382371624557));
#5522 = CARTESIAN_POINT('',(-8.294862229996,-11.55449299142,
    20.383276632851));
#5523 = CARTESIAN_POINT('',(-8.294691444722,-11.54661659263,
    20.384210252543));
#5524 = CARTESIAN_POINT('',(-8.29454264678,-11.53843181515,
    20.385177308074));
#5525 = CARTESIAN_POINT('',(-8.294413198697,-11.5298935481,
    20.386183175473));
#5526 = CARTESIAN_POINT('',(-8.29430091768,-11.52095131786,
    20.387233782358));
#5527 = CARTESIAN_POINT('',(-8.294204075618,-11.51154928816,
    20.388335607933));
#5528 = CARTESIAN_POINT('',(-8.294121399086,-11.50162625997,
    20.389495682992));
#5529 = CARTESIAN_POINT('',(-8.286678929948,-10.37332663336,
    20.521095387884));
#5530 = CARTESIAN_POINT('',(-8.280785118386,-9.246094510001,
    20.638048759511));
#5531 = CARTESIAN_POINT('',(-8.275339414761,-8.110317669176,
    20.741214334877));
#5532 = CARTESIAN_POINT('',(-8.2707303985,-6.971446112538,
    20.829662598741));
#5533 = CARTESIAN_POINT('',(-8.266837448245,-5.830103018168,
    20.90347436989));
#5534 = CARTESIAN_POINT('',(-8.263751021985,-4.687956352478,
    20.962418722218));
#5535 = CARTESIAN_POINT('',(-8.261431701106,-3.545162366826,
    21.006568757358));
#5536 = CARTESIAN_POINT('',(-8.259893769652,-2.402145205871,
    21.035890332676));
#5537 = CARTESIAN_POINT('',(-8.258371862143,-0.116032288294,
    21.064901644238));
#5538 = CARTESIAN_POINT('',(-8.258388294237,1.02705915749,
    21.064590412091));
#5539 = CARTESIAN_POINT('',(-8.259181545255,2.169969831041,
    21.049465947074));
#5540 = CARTESIAN_POINT('',(-8.260749852321,3.312544526888,
    21.019538629761));
#5541 = CARTESIAN_POINT('',(-8.263095665849,4.454573540274,
    20.974807740672));
#5542 = CARTESIAN_POINT('',(-8.266212784599,5.595620474403,
    20.915296824387));
#5543 = CARTESIAN_POINT('',(-8.270106886692,6.735125083618,
    20.841039735975));
#5544 = CARTESIAN_POINT('',(-8.274749760745,7.87203353675,
    20.752175333391));
#5545 = CARTESIAN_POINT('',(-8.280237442834,9.014071425701,
    20.648094493792));
#5546 = CARTESIAN_POINT('',(-8.280279478306,9.022697420656,
    20.64730745027));
#5547 = CARTESIAN_POINT('',(-8.280321781797,9.031249006454,
    20.646526298309));
#5548 = CARTESIAN_POINT('',(-8.280364419706,9.039731793447,
    20.645750541091));
#5549 = CARTESIAN_POINT('',(-8.280407458429,9.048151392005,
    20.644979681796));
#5550 = CARTESIAN_POINT('',(-8.280450964362,9.056513412476,
    20.644213223605));
#5551 = CARTESIAN_POINT('',(-8.280495003904,9.064823465228,
    20.643450669697));
#5552 = CARTESIAN_POINT('',(-8.280539643449,9.073087160616,
    20.642691523255));
#5553 = CARTESIAN_POINT('',(-8.280584949397,9.081310109001,
    20.641935287458));
#5554 = PCURVE('',#4135,#5555);
#5555 = DEFINITIONAL_REPRESENTATION('',(#5556),#5560);
#5556 = LINE('',#5557,#5558);
#5557 = CARTESIAN_POINT('',(20.740640440348,0.));
#5558 = VECTOR('',#5559,1.);
#5559 = DIRECTION('',(0.,1.));
#5560 = ( GEOMETRIC_REPRESENTATION_CONTEXT(2) 
PARAMETRIC_REPRESENTATION_CONTEXT() REPRESENTATION_CONTEXT('2D SPACE',''
  ) );
#5561 = PCURVE('',#4617,#5562);
#5562 = DEFINITIONAL_REPRESENTATION('',(#5563),#5728);
#5563 = B_SPLINE_CURVE_WITH_KNOTS('',10,(#5564,#5565,#5566,#5567,#5568,
    #5569,#5570,#5571,#5572,#5573,#5574,#5575,#5576,#5577,#5578,#5579,
    #5580,#5581,#5582,#5583,#5584,#5585,#5586,#5587,#5588,#5589,#5590,
    #5591,#5592,#5593,#5594,#5595,#5596,#5597,#5598,#5599,#5600,#5601,
    #5602,#5603,#5604,#5605,#5606,#5607,#5608,#5609,#5610,#5611,#5612,
    #5613,#5614,#5615,#5616,#5617,#5618,#5619,#5620,#5621,#5622,#5623,
    #5624,#5625,#5626,#5627,#5628,#5629,#5630,#5631,#5632,#5633,#5634,
    #5635,#5636,#5637,#5638,#5639,#5640,#5641,#5642,#5643,#5644,#5645,
    #5646,#5647,#5648,#5649,#5650,#5651,#5652,#5653,#5654,#5655,#5656,
    #5657,#5658,#5659,#5660,#5661,#5662,#5663,#5664,#5665,#5666,#5667,
    #5668,#5669,#5670,#5671,#5672,#5673,#5674,#5675,#5676,#5677,#5678,
    #5679,#5680,#5681,#5682,#5683,#5684,#5685,#5686,#5687,#5688,#5689,
    #5690,#5691,#5692,#5693,#5694,#5695,#5696,#5697,#5698,#5699,#5700,
    #5701,#5702,#5703,#5704,#5705,#5706,#5707,#5708,#5709,#5710,#5711,
    #5712,#5713,#5714,#5715,#5716,#5717,#5718,#5719,#5720,#5721,#5722,
    #5723,#5724,#5725,#5726,#5727),.UNSPECIFIED.,.F.,.F.,(11,9,9,9,9,9,9
    ,9,9,9,9,9,9,9,9,9,9,9,11),(17.353629013744,17.434647140464,
    17.454901672144,17.475156203824,17.515665267184,17.677701520624,
    18.001774027505,18.649919041265,19.946209068787,22.538789123831,
    27.723949233918,32.909109344005,35.501689399049,36.79797942657,
    37.446124440331,37.770196947212,37.932233200652,38.013251327372,
    38.094269454092),.UNSPECIFIED.);
#5564 = CARTESIAN_POINT('',(4.090346243136,1.427950767473));
#5565 = CARTESIAN_POINT('',(4.090128299628,1.427997420928));
#5566 = CARTESIAN_POINT('',(4.089903891308,1.428045051909));
#5567 = CARTESIAN_POINT('',(4.089672513268,1.428093784785));
#5568 = CARTESIAN_POINT('',(4.089433582915,1.428143755886));
#5569 = CARTESIAN_POINT('',(4.089186439987,1.42819511351));
#5570 = CARTESIAN_POINT('',(4.088930346529,1.428248017916));
#5571 = CARTESIAN_POINT('',(4.088664486922,1.42830264133));
#5572 = CARTESIAN_POINT('',(4.088387967857,1.428359167941));
#5573 = CARTESIAN_POINT('',(4.088099818351,1.428417793902));
#5574 = CARTESIAN_POINT('',(4.08772378259,1.428493960689));
#5575 = CARTESIAN_POINT('',(4.08764803476,1.428509290604));
#5576 = CARTESIAN_POINT('',(4.087569679682,1.428525108422));
#5577 = CARTESIAN_POINT('',(4.08749652462,1.428539936415));
#5578 = CARTESIAN_POINT('',(4.087410281356,1.428557236488));
#5579 = CARTESIAN_POINT('',(4.087339328695,1.428571637104));
#5580 = CARTESIAN_POINT('',(4.087254119405,1.42858873089));
#5581 = CARTESIAN_POINT('',(4.087173460783,1.42860495863));
#5582 = CARTESIAN_POINT('',(4.087092410681,1.428621255295));
#5583 = CARTESIAN_POINT('',(4.086930142937,1.428653870291));
#5584 = CARTESIAN_POINT('',(4.086848987049,1.428670176913));
#5585 = CARTESIAN_POINT('',(4.08676780914,1.428686482661));
#5586 = CARTESIAN_POINT('',(4.086686609192,1.428702787528));
#5587 = CARTESIAN_POINT('',(4.086605387214,1.428719091522));
#5588 = CARTESIAN_POINT('',(4.086524143179,1.428735394635));
#5589 = CARTESIAN_POINT('',(4.086442877097,1.428751696872));
#5590 = CARTESIAN_POINT('',(4.086361588946,1.428767998228));
#5591 = CARTESIAN_POINT('',(4.086280278726,1.428784298706));
#5592 = CARTESIAN_POINT('',(4.086036281829,1.4288331975));
#5593 = CARTESIAN_POINT('',(4.085873528914,1.428865793176));
#5594 = CARTESIAN_POINT('',(4.085710687622,1.428898385329));
#5595 = CARTESIAN_POINT('',(4.085547757885,1.428930973953));
#5596 = CARTESIAN_POINT('',(4.085384739646,1.428963559046));
#5597 = CARTESIAN_POINT('',(4.085221632835,1.428996140603));
#5598 = CARTESIAN_POINT('',(4.085058437395,1.42902871862));
#5599 = CARTESIAN_POINT('',(4.084895153258,1.429061293092));
#5600 = CARTESIAN_POINT('',(4.084731780365,1.429093864015));
#5601 = CARTESIAN_POINT('',(4.083914471786,1.429256700867));
#5602 = CARTESIAN_POINT('',(4.083259203824,1.429386913515));
#5603 = CARTESIAN_POINT('',(4.082602510673,1.429517069049));
#5604 = CARTESIAN_POINT('',(4.081944388258,1.429647167195));
#5605 = CARTESIAN_POINT('',(4.081284832477,1.429777207673));
#5606 = CARTESIAN_POINT('',(4.080623839267,1.429907190207));
#5607 = CARTESIAN_POINT('',(4.079961404522,1.430037114519));
#5608 = CARTESIAN_POINT('',(4.079297524172,1.430166980331));
#5609 = CARTESIAN_POINT('',(4.078632194123,1.430296787367));
#5610 = CARTESIAN_POINT('',(4.076631842637,1.430686031311));
#5611 = CARTESIAN_POINT('',(4.07529246041,1.430945291182));
#5612 = CARTESIAN_POINT('',(4.073947230118,1.43120431255));
#5613 = CARTESIAN_POINT('',(4.072596118253,1.431463093001));
#5614 = CARTESIAN_POINT('',(4.071239091331,1.431721630129));
#5615 = CARTESIAN_POINT('',(4.069876115832,1.431979921516));
#5616 = CARTESIAN_POINT('',(4.068507158278,1.432237964758));
#5617 = CARTESIAN_POINT('',(4.067132185154,1.432495757438));
#5618 = CARTESIAN_POINT('',(4.065751162968,1.432753297148));
#5619 = CARTESIAN_POINT('',(4.061589848722,1.433525150129));
#5620 = CARTESIAN_POINT('',(4.058791318385,1.434038698953));
#5621 = CARTESIAN_POINT('',(4.055968185304,1.434551205905));
#5622 = CARTESIAN_POINT('',(4.053120167565,1.435062648938));
#5623 = CARTESIAN_POINT('',(4.050246983272,1.43557300601));
#5624 = CARTESIAN_POINT('',(4.047348350504,1.436082255074));
#5625 = CARTESIAN_POINT('',(4.044423987368,1.436590374089));
#5626 = CARTESIAN_POINT('',(4.041473611945,1.437097341008));
#5627 = CARTESIAN_POINT('',(4.038496942335,1.437603133788));
#5628 = CARTESIAN_POINT('',(4.029487205215,1.439116923577));
#5629 = CARTESIAN_POINT('',(4.023374366295,1.440121323412));
#5630 = CARTESIAN_POINT('',(4.017152839826,1.441120739548));
#5631 = CARTESIAN_POINT('',(4.010820247728,1.442114975243));
#5632 = CARTESIAN_POINT('',(4.004374173894,1.443103827366));
#5633 = CARTESIAN_POINT('',(3.997812164177,1.444087086386));
#5634 = CARTESIAN_POINT('',(3.991131726402,1.44506453638));
#5635 = CARTESIAN_POINT('',(3.984330330359,1.44603595503));
#5636 = CARTESIAN_POINT('',(3.977405407805,1.447001113621));
#5637 = CARTESIAN_POINT('',(3.956252241784,1.449877103893));
#5638 = CARTESIAN_POINT('',(3.941645515796,1.451768450324));
#5639 = CARTESIAN_POINT('',(3.926513710382,1.453631939592));
#5640 = CARTESIAN_POINT('',(3.910835592445,1.455465594203));
#5641 = CARTESIAN_POINT('',(3.894589565674,1.457267332175));
#5642 = CARTESIAN_POINT('',(3.877754076296,1.459034963272));
#5643 = CARTESIAN_POINT('',(3.860308018847,1.46076618526));
#5644 = CARTESIAN_POINT('',(3.842231141919,1.462458580146));
#5645 = CARTESIAN_POINT('',(3.82350445393,1.46410961043));
#5646 = CARTESIAN_POINT('',(3.765322978777,1.468930625179));
#5647 = CARTESIAN_POINT('',(3.723867266415,1.471968543765));
#5648 = CARTESIAN_POINT('',(3.67960747882,1.474809121343));
#5649 = CARTESIAN_POINT('',(3.632440580313,1.477429284921));
#5650 = CARTESIAN_POINT('',(3.582319951497,1.479804284656));
#5651 = CARTESIAN_POINT('',(3.529287886757,1.481908129148));
#5652 = CARTESIAN_POINT('',(3.473517055472,1.483714848409));
#5653 = CARTESIAN_POINT('',(3.415346404091,1.485200630472));
#5654 = CARTESIAN_POINT('',(3.355282548246,1.486346384749));
#5655 = CARTESIAN_POINT('',(3.232564003936,1.487933200084));
#5656 = CARTESIAN_POINT('',(3.169912086884,1.488374077866));
#5657 = CARTESIAN_POINT('',(3.106566632765,1.488450445744));
#5658 = CARTESIAN_POINT('',(3.043235429422,1.488155844873));
#5659 = CARTESIAN_POINT('',(2.980671695738,1.487492343055));
#5660 = CARTESIAN_POINT('',(2.919584175797,1.486471153788));
#5661 = CARTESIAN_POINT('',(2.860539396418,1.485110502576));
#5662 = CARTESIAN_POINT('',(2.803923154397,1.483432658302));
#5663 = CARTESIAN_POINT('',(2.749983581597,1.481461960914));
#5664 = CARTESIAN_POINT('',(2.673268888829,1.478103848125));
#5665 = CARTESIAN_POINT('',(2.648396529306,1.476917455342));
#5666 = CARTESIAN_POINT('',(2.624238476811,1.475667166477));
#5667 = CARTESIAN_POINT('',(2.600802208028,1.474356104968));
#5668 = CARTESIAN_POINT('',(2.578088571799,1.472987365509));
#5669 = CARTESIAN_POINT('',(2.556092786873,1.471563987617));
#5670 = CARTESIAN_POINT('',(2.534805439691,1.470088929226));
#5671 = CARTESIAN_POINT('',(2.51421348213,1.468565040258));
#5672 = CARTESIAN_POINT('',(2.494301229276,1.466995036205));
#5673 = CARTESIAN_POINT('',(2.465426421144,1.464574689464));
#5674 = CARTESIAN_POINT('',(2.455967102972,1.463757020065));
#5675 = CARTESIAN_POINT('',(2.446671137313,1.462928785785));
#5676 = CARTESIAN_POINT('',(2.437536188187,1.462090301139));
#5677 = CARTESIAN_POINT('',(2.428559848995,1.461241872891));
#5678 = CARTESIAN_POINT('',(2.419739642516,1.460383800042));
#5679 = CARTESIAN_POINT('',(2.411073020913,1.459516373842));
#5680 = CARTESIAN_POINT('',(2.402557365724,1.458639877782));
#5681 = CARTESIAN_POINT('',(2.394189987873,1.457754587599));
#5682 = CARTESIAN_POINT('',(2.381857197551,1.456413863109));
#5683 = CARTESIAN_POINT('',(2.377782661227,1.455964826078));
#5684 = CARTESIAN_POINT('',(2.373744178824,1.455513691913));
#5685 = CARTESIAN_POINT('',(2.369741410477,1.455060492349));
#5686 = CARTESIAN_POINT('',(2.365774016326,1.454605259121));
#5687 = CARTESIAN_POINT('',(2.361841656505,1.454148023963));
#5688 = CARTESIAN_POINT('',(2.357943991153,1.45368881861));
#5689 = CARTESIAN_POINT('',(2.354080680406,1.453227674795));
#5690 = CARTESIAN_POINT('',(2.350251384402,1.452764624255));
#5691 = CARTESIAN_POINT('',(2.344557952716,1.452067235957));
#5692 = CARTESIAN_POINT('',(2.342668560197,1.451834303988));
#5693 = CARTESIAN_POINT('',(2.340787544192,1.451600906399));
#5694 = CARTESIAN_POINT('',(2.33891486318,1.451367046777));
#5695 = CARTESIAN_POINT('',(2.337050475626,1.451132728703));
#5696 = CARTESIAN_POINT('',(2.335194340013,1.450897955764));
#5697 = CARTESIAN_POINT('',(2.333346414805,1.450662731541));
#5698 = CARTESIAN_POINT('',(2.331506658483,1.450427059621));
#5699 = CARTESIAN_POINT('',(2.329675029516,1.450190943586));
#5700 = CARTESIAN_POINT('',(2.32693971481,1.44983610874));
#5701 = CARTESIAN_POINT('',(2.326029964805,1.449717720282));
#5702 = CARTESIAN_POINT('',(2.325122231388,1.449599222069));
#5703 = CARTESIAN_POINT('',(2.324216509576,1.449480614521));
#5704 = CARTESIAN_POINT('',(2.323312794397,1.449361898062));
#5705 = CARTESIAN_POINT('',(2.322411080865,1.44924307311));
#5706 = CARTESIAN_POINT('',(2.321511364009,1.449124140088));
#5707 = CARTESIAN_POINT('',(2.320613638847,1.449005099416));
#5708 = CARTESIAN_POINT('',(2.3197179004,1.448885951515));
#5709 = CARTESIAN_POINT('',(2.318377265338,1.448707069453));
#5710 = CARTESIAN_POINT('',(2.317930882443,1.448647415395));
#5711 = CARTESIAN_POINT('',(2.317484994409,1.448587734685));
#5712 = CARTESIAN_POINT('',(2.31703960063,1.448528027372));
#5713 = CARTESIAN_POINT('',(2.316594700515,1.448468293511));
#5714 = CARTESIAN_POINT('',(2.316150293453,1.448408533147));
#5715 = CARTESIAN_POINT('',(2.315706378853,1.448348746337));
#5716 = CARTESIAN_POINT('',(2.315262956107,1.448288933129));
#5717 = CARTESIAN_POINT('',(2.31482002462,1.448229093575));
#5718 = CARTESIAN_POINT('',(2.313935142957,1.448109361877));
#5719 = CARTESIAN_POINT('',(2.313492933428,1.448049434932));
#5720 = CARTESIAN_POINT('',(2.313065326635,1.447991371762));
#5721 = CARTESIAN_POINT('',(2.312622408476,1.447931168902));
#5722 = CARTESIAN_POINT('',(2.312207597763,1.447874639629));
#5723 = CARTESIAN_POINT('',(2.311773199623,1.447815400292));
#5724 = CARTESIAN_POINT('',(2.311357097067,1.44775852309));
#5725 = CARTESIAN_POINT('',(2.310936818475,1.447701000887));
#5726 = CARTESIAN_POINT('',(2.31052111186,1.447644005739));
#5727 = CARTESIAN_POINT('',(2.310107461132,1.447587201841));
#5728 = ( GEOMETRIC_REPRESENTATION_CONTEXT(2) 
PARAMETRIC_REPRESENTATION_CONTEXT() REPRESENTATION_CONTEXT('2D SPACE',''
  ) );
#5729 = ORIENTED_EDGE('',*,*,#5311,.F.);
#5730 = ORIENTED_EDGE('',*,*,#4059,.F.);
#5731 = ADVANCED_FACE('',(#5732),#4349,.F.);
#5732 = FACE_BOUND('',#5733,.F.);
#5733 = EDGE_LOOP('',(#5734,#5735,#5920,#5921));
#5734 = ORIENTED_EDGE('',*,*,#4861,.T.);
#5735 = ORIENTED_EDGE('',*,*,#5736,.T.);
#5736 = EDGE_CURVE('',#4578,#5497,#5737,.T.);
#5737 = SURFACE_CURVE('',#5738,(#5777,#5784),.PCURVE_S1.);
#5738 = ( BOUNDED_CURVE() B_SPLINE_CURVE(13,(#5739,#5740,#5741,#5742,
    #5743,#5744,#5745,#5746,#5747,#5748,#5749,#5750,#5751,#5752,#5753,
    #5754,#5755,#5756,#5757,#5758,#5759,#5760,#5761,#5762,#5763,#5764,
    #5765,#5766,#5767,#5768,#5769,#5770,#5771,#5772,#5773,#5774,#5775,
#5776),.UNSPECIFIED.,.F.,.F.) B_SPLINE_CURVE_WITH_KNOTS((14,12,12,14),(
    14.25385694443,15.343474686067,15.956883936288,17.353629013744),
.UNSPECIFIED.) CURVE() GEOMETRIC_REPRESENTATION_ITEM() 
RATIONAL_B_SPLINE_CURVE((1.,1.,1.,0.999999999999,1.000000000003,
    0.999999999995,1.000000000006,0.999999999994,1.000000000004,
    0.999999999997,1.000000000001,0.999999999999,1.,1.,1.000000000001,
    0.999999999998,1.000000000003,0.999999999995,1.000000000006,
    0.999999999994,1.000000000005,0.999999999997,1.000000000001,1.,1.,1.
    ,1.,1.000000000001,0.999999999999,1.,1.000000000001,0.999999999998,
    1.000000000002,0.999999999998,1.000000000001,1.,1.,1.)) 
REPRESENTATION_ITEM('') );
#5739 = CARTESIAN_POINT('',(-7.145442109099,-12.7418223759,
    20.327188475193));
#5740 = CARTESIAN_POINT('',(-7.200539724718,-12.74293396194,
    20.3230656404));
#5741 = CARTESIAN_POINT('',(-7.233176974187,-12.74179421875,
    20.320821579822));
#5742 = CARTESIAN_POINT('',(-7.302467796787,-12.74025520223,
    20.315992813345));
#5743 = CARTESIAN_POINT('',(-7.345699296808,-12.72903890392,
    20.314161562508));
#5744 = CARTESIAN_POINT('',(-7.37839013847,-12.72941962143,
    20.311751742379));
#5745 = CARTESIAN_POINT('',(-7.464901665222,-12.70852533454,
    20.307934488695));
#5746 = CARTESIAN_POINT('',(-7.470400726966,-12.70440085873,
    20.308012737634));
#5747 = CARTESIAN_POINT('',(-7.552221394861,-12.68294708492,
    20.304605793211));
#5748 = CARTESIAN_POINT('',(-7.580582792426,-12.66817457872,
    20.304279788831));
#5749 = CARTESIAN_POINT('',(-7.634154105205,-12.64706548553,
    20.302875842067));
#5750 = CARTESIAN_POINT('',(-7.677578828104,-12.6250625271,
    20.302310639828));
#5751 = CARTESIAN_POINT('',(-7.721867445465,-12.60063098437,
    20.301968600766));
#5752 = CARTESIAN_POINT('',(-7.788730020962,-12.55924738925,
    20.301980727663));
#5753 = CARTESIAN_POINT('',(-7.812404288049,-12.54368458253,
    20.302091928259));
#5754 = CARTESIAN_POINT('',(-7.835649255228,-12.52747756193,
    20.302309951761));
#5755 = CARTESIAN_POINT('',(-7.858444972143,-12.51063981494,
    20.302634660025));
#5756 = CARTESIAN_POINT('',(-7.880772032695,-12.4931855826,
    20.303065786498));
#5757 = CARTESIAN_POINT('',(-7.902611575045,-12.47512985947,
    20.303602936213));
#5758 = CARTESIAN_POINT('',(-7.923945281615,-12.45648839366,
    20.304245585797));
#5759 = CARTESIAN_POINT('',(-7.944755379081,-12.43727768683,
    20.304993083462));
#5760 = CARTESIAN_POINT('',(-7.965024638387,-12.41751499416,
    20.305844649013));
#5761 = CARTESIAN_POINT('',(-7.984736374727,-12.3972183244,
    20.30679937384));
#5762 = CARTESIAN_POINT('',(-8.003874447562,-12.37640643981,
    20.307856220927));
#5763 = CARTESIAN_POINT('',(-8.022423260607,-12.35509885621,
    20.309014024844));
#5764 = CARTESIAN_POINT('',(-8.081227748472,-12.28371548803,
    20.313134768939));
#5765 = CARTESIAN_POINT('',(-8.118938165489,-12.23181246265,
    20.316496695689));
#5766 = CARTESIAN_POINT('',(-8.153415716373,-12.1768750226,
    20.320450426512));
#5767 = CARTESIAN_POINT('',(-8.184144816008,-12.12172432445,
    20.324699049627));
#5768 = CARTESIAN_POINT('',(-8.211770088219,-12.06345419841,
    20.32954023823));
#5769 = CARTESIAN_POINT('',(-8.235689106312,-12.00276544192,
    20.334934589963));
#5770 = CARTESIAN_POINT('',(-8.255268240465,-11.94277847766,
    20.340559563427));
#5771 = CARTESIAN_POINT('',(-8.271245809164,-11.88298875527,
    20.346422306018));
#5772 = CARTESIAN_POINT('',(-8.28431539596,-11.81966605792,
    20.352911833156));
#5773 = CARTESIAN_POINT('',(-8.292996010761,-11.75373099322,
    20.36002365218));
#5774 = CARTESIAN_POINT('',(-8.295892569559,-11.69422849163,
    20.366797715169));
#5775 = CARTESIAN_POINT('',(-8.297527761042,-11.64321819507,
    20.372683220665));
#5776 = CARTESIAN_POINT('',(-8.295282585853,-11.56947428294,
    20.38149095481));
#5777 = PCURVE('',#4349,#5778);
#5778 = DEFINITIONAL_REPRESENTATION('',(#5779),#5783);
#5779 = LINE('',#5780,#5781);
#5780 = CARTESIAN_POINT('',(3.099772069313,0.));
#5781 = VECTOR('',#5782,1.);
#5782 = DIRECTION('',(0.,1.));
#5783 = ( GEOMETRIC_REPRESENTATION_CONTEXT(2) 
PARAMETRIC_REPRESENTATION_CONTEXT() REPRESENTATION_CONTEXT('2D SPACE',''
  ) );
#5784 = PCURVE('',#4617,#5785);
#5785 = DEFINITIONAL_REPRESENTATION('',(#5786),#5919);
#5786 = B_SPLINE_CURVE_WITH_KNOTS('',11,(#5787,#5788,#5789,#5790,#5791,
    #5792,#5793,#5794,#5795,#5796,#5797,#5798,#5799,#5800,#5801,#5802,
    #5803,#5804,#5805,#5806,#5807,#5808,#5809,#5810,#5811,#5812,#5813,
    #5814,#5815,#5816,#5817,#5818,#5819,#5820,#5821,#5822,#5823,#5824,
    #5825,#5826,#5827,#5828,#5829,#5830,#5831,#5832,#5833,#5834,#5835,
    #5836,#5837,#5838,#5839,#5840,#5841,#5842,#5843,#5844,#5845,#5846,
    #5847,#5848,#5849,#5850,#5851,#5852,#5853,#5854,#5855,#5856,#5857,
    #5858,#5859,#5860,#5861,#5862,#5863,#5864,#5865,#5866,#5867,#5868,
    #5869,#5870,#5871,#5872,#5873,#5874,#5875,#5876,#5877,#5878,#5879,
    #5880,#5881,#5882,#5883,#5884,#5885,#5886,#5887,#5888,#5889,#5890,
    #5891,#5892,#5893,#5894,#5895,#5896,#5897,#5898,#5899,#5900,#5901,
    #5902,#5903,#5904,#5905,#5906,#5907,#5908,#5909,#5910,#5911,#5912,
    #5913,#5914,#5915,#5916,#5917,#5918),.UNSPECIFIED.,.F.,.F.,(12,10,10
    ,10,10,10,10,10,10,10,10,10,10,12),(14.25385694443,14.641328453094,
    15.028799961759,15.222535716091,15.319403593257,15.36783753184,
    15.416271470423,15.803742979087,15.900610856253,15.949044794836,
    15.997478733419,16.191214487751,16.578685996415,17.353629013744),
  .UNSPECIFIED.);
#5787 = CARTESIAN_POINT('',(4.201302114849,1.424185601465));
#5788 = CARTESIAN_POINT('',(4.199935262727,1.42406699635));
#5789 = CARTESIAN_POINT('',(4.198797813291,1.42397155951));
#5790 = CARTESIAN_POINT('',(4.197617897914,1.423875407872));
#5791 = CARTESIAN_POINT('',(4.196366158662,1.423778610876));
#5792 = CARTESIAN_POINT('',(4.19508147102,1.4236841151));
#5793 = CARTESIAN_POINT('',(4.193783629803,1.42359318541));
#5794 = CARTESIAN_POINT('',(4.192475772593,1.423506052078));
#5795 = CARTESIAN_POINT('',(4.191159700245,1.423422730836));
#5796 = CARTESIAN_POINT('',(4.189833323205,1.423343136368));
#5797 = CARTESIAN_POINT('',(4.188497082588,1.423267282691));
#5798 = CARTESIAN_POINT('',(4.185805385593,1.423123111666));
#5799 = CARTESIAN_POINT('',(4.184449950215,1.423054795127));
#5800 = CARTESIAN_POINT('',(4.18308533243,1.42299027774));
#5801 = CARTESIAN_POINT('',(4.181712486599,1.422929627824));
#5802 = CARTESIAN_POINT('',(4.180332920859,1.422872929383));
#5803 = CARTESIAN_POINT('',(4.178946881417,1.422820183249));
#5804 = CARTESIAN_POINT('',(4.177553804338,1.422771346208));
#5805 = CARTESIAN_POINT('',(4.176153996585,1.422726432876));
#5806 = CARTESIAN_POINT('',(4.174748900879,1.422685522598));
#5807 = CARTESIAN_POINT('',(4.17333920996,1.422648638578));
#5808 = CARTESIAN_POINT('',(4.171218682772,1.422599378489));
#5809 = CARTESIAN_POINT('',(4.170510830426,1.422583968738));
#5810 = CARTESIAN_POINT('',(4.169802065937,1.422569572698));
#5811 = CARTESIAN_POINT('',(4.169092422291,1.422556189717));
#5812 = CARTESIAN_POINT('',(4.168381911348,1.422543817806));
#5813 = CARTESIAN_POINT('',(4.167670555574,1.422532455614));
#5814 = CARTESIAN_POINT('',(4.166958407906,1.422522103635));
#5815 = CARTESIAN_POINT('',(4.166245559569,1.422512764609));
#5816 = CARTESIAN_POINT('',(4.165532136097,1.422504443183));
#5817 = CARTESIAN_POINT('',(4.164818281287,1.422497144749));
#5818 = CARTESIAN_POINT('',(4.163747053336,1.422487737943));
#5819 = CARTESIAN_POINT('',(4.16338990214,1.422484859097));
#5820 = CARTESIAN_POINT('',(4.163032684844,1.422482237101));
#5821 = CARTESIAN_POINT('',(4.162675414253,1.422479872225));
#5822 = CARTESIAN_POINT('',(4.162318098261,1.422477764426));
#5823 = CARTESIAN_POINT('',(4.161960735256,1.422475913062));
#5824 = CARTESIAN_POINT('',(4.161603313994,1.422474316931));
#5825 = CARTESIAN_POINT('',(4.161245817351,1.422472974471));
#5826 = CARTESIAN_POINT('',(4.160888230576,1.42247188429));
#5827 = CARTESIAN_POINT('',(4.160530553505,1.422471045893));
#5828 = CARTESIAN_POINT('',(4.159993948931,1.42247016808));
#5829 = CARTESIAN_POINT('',(4.159815085626,1.422469939998));
#5830 = CARTESIAN_POINT('',(4.159636052287,1.422469765487));
#5831 = CARTESIAN_POINT('',(4.15945764709,1.422469694206));
#5832 = CARTESIAN_POINT('',(4.159277741131,1.422469593197));
#5833 = CARTESIAN_POINT('',(4.159100174379,1.422469702537));
#5834 = CARTESIAN_POINT('',(4.15892044506,1.422469739754));
#5835 = CARTESIAN_POINT('',(4.158742006519,1.422469922021));
#5836 = CARTESIAN_POINT('',(4.158563071587,1.422470136563));
#5837 = CARTESIAN_POINT('',(4.158384261499,1.42247042258));
#5838 = CARTESIAN_POINT('',(4.158026627013,1.422471120697));
#5839 = CARTESIAN_POINT('',(4.157847816167,1.422471533666));
#5840 = CARTESIAN_POINT('',(4.15766901283,1.422472010542));
#5841 = CARTESIAN_POINT('',(4.157490218098,1.422472551314));
#5842 = CARTESIAN_POINT('',(4.157311433102,1.422473155988));
#5843 = CARTESIAN_POINT('',(4.157132658917,1.422473824544));
#5844 = CARTESIAN_POINT('',(4.156953896687,1.422474556993));
#5845 = CARTESIAN_POINT('',(4.156775147489,1.422475353316));
#5846 = CARTESIAN_POINT('',(4.156596412451,1.422476213517));
#5847 = CARTESIAN_POINT('',(4.156417692672,1.422477137587));
#5848 = CARTESIAN_POINT('',(4.154809361981,1.422486028998));
#5849 = CARTESIAN_POINT('',(4.153380789714,1.422498019535));
#5850 = CARTESIAN_POINT('',(4.151953834192,1.422514093156));
#5851 = CARTESIAN_POINT('',(4.150529057561,1.422534243375));
#5852 = CARTESIAN_POINT('',(4.149107022475,1.422558461177));
#5853 = CARTESIAN_POINT('',(4.147688292373,1.422586735059));
#5854 = CARTESIAN_POINT('',(4.146273431503,1.42261905099));
#5855 = CARTESIAN_POINT('',(4.144863005225,1.422655392461));
#5856 = CARTESIAN_POINT('',(4.143457580064,1.422695740451));
#5857 = CARTESIAN_POINT('',(4.142057723945,1.422740073459));
#5858 = CARTESIAN_POINT('',(4.140315576914,1.422800441));
#5859 = CARTESIAN_POINT('',(4.139967531283,1.422812762126));
#5860 = CARTESIAN_POINT('',(4.139619878409,1.422825330454));
#5861 = CARTESIAN_POINT('',(4.139272627242,1.422838145563));
#5862 = CARTESIAN_POINT('',(4.138925786791,1.422851207041));
#5863 = CARTESIAN_POINT('',(4.138579365979,1.422864514464));
#5864 = CARTESIAN_POINT('',(4.138233373831,1.422878067422));
#5865 = CARTESIAN_POINT('',(4.137887819274,1.422891865491));
#5866 = CARTESIAN_POINT('',(4.137542711311,1.422905908259));
#5867 = CARTESIAN_POINT('',(4.137198058898,1.422920195306));
#5868 = CARTESIAN_POINT('',(4.136681777071,1.422941991669));
#5869 = CARTESIAN_POINT('',(4.136509799236,1.422949318078));
#5870 = CARTESIAN_POINT('',(4.136337938635,1.422956705386));
#5871 = CARTESIAN_POINT('',(4.136166196362,1.422964153525));
#5872 = CARTESIAN_POINT('',(4.135994573577,1.422971662451));
#5873 = CARTESIAN_POINT('',(4.135823071339,1.422979232084));
#5874 = CARTESIAN_POINT('',(4.135651690828,1.422986862389));
#5875 = CARTESIAN_POINT('',(4.135480433108,1.422994553283));
#5876 = CARTESIAN_POINT('',(4.135309299334,1.423002304725));
#5877 = CARTESIAN_POINT('',(4.135138290602,1.423010116646));
#5878 = CARTESIAN_POINT('',(4.134796525474,1.423025861333));
#5879 = CARTESIAN_POINT('',(4.134625765554,1.423033794681));
#5880 = CARTESIAN_POINT('',(4.134455139059,1.423041787369));
#5881 = CARTESIAN_POINT('',(4.134284651551,1.423049838601));
#5882 = CARTESIAN_POINT('',(4.134114304638,1.423057948251));
#5883 = CARTESIAN_POINT('',(4.133944097228,1.42306611663));
#5884 = CARTESIAN_POINT('',(4.133774026794,1.423074344309));
#5885 = CARTESIAN_POINT('',(4.133604090637,1.423082631869));
#5886 = CARTESIAN_POINT('',(4.133434287136,1.423090979724));
#5887 = CARTESIAN_POINT('',(4.133264617021,1.423099387886));
#5888 = CARTESIAN_POINT('',(4.132416955046,1.42314172731));
#5889 = CARTESIAN_POINT('',(4.131740993015,1.423176560377));
#5890 = CARTESIAN_POINT('',(4.131067228791,1.423212358737));
#5891 = CARTESIAN_POINT('',(4.130395739465,1.423249117546));
#5892 = CARTESIAN_POINT('',(4.129726623975,1.423286827447));
#5893 = CARTESIAN_POINT('',(4.129059984393,1.423325477648));
#5894 = CARTESIAN_POINT('',(4.128395913648,1.423365058092));
#5895 = CARTESIAN_POINT('',(4.12773448946,1.423405560599));
#5896 = CARTESIAN_POINT('',(4.12707577474,1.423446979095));
#5897 = CARTESIAN_POINT('',(4.126419824215,1.423489308837));
#5898 = CARTESIAN_POINT('',(4.124460443988,1.423619016387));
#5899 = CARTESIAN_POINT('',(4.123165473284,1.4237091144));
#5900 = CARTESIAN_POINT('',(4.121882232817,1.423802800174));
#5901 = CARTESIAN_POINT('',(4.120611035928,1.423900058804));
#5902 = CARTESIAN_POINT('',(4.119352267331,1.424000868205));
#5903 = CARTESIAN_POINT('',(4.118106452934,1.424105185765));
#5904 = CARTESIAN_POINT('',(4.116874235469,1.424212947846));
#5905 = CARTESIAN_POINT('',(4.115656297386,1.424324077589));
#5906 = CARTESIAN_POINT('',(4.114453272496,1.424438496378));
#5907 = CARTESIAN_POINT('',(4.113265687804,1.42455613441));
#5908 = CARTESIAN_POINT('',(4.109750555462,1.424918538401));
#5909 = CARTESIAN_POINT('',(4.107470631608,1.425172793266));
#5910 = CARTESIAN_POINT('',(4.105257861628,1.425439219511));
#5911 = CARTESIAN_POINT('',(4.103114319167,1.425717536068));
#5912 = CARTESIAN_POINT('',(4.101042503087,1.426007468793));
#5913 = CARTESIAN_POINT('',(4.09904928943,1.42630830543));
#5914 = CARTESIAN_POINT('',(4.097157834542,1.426616910685));
#5915 = CARTESIAN_POINT('',(4.095409555393,1.426926192186));
#5916 = CARTESIAN_POINT('',(4.093815202617,1.427230277844));
#5917 = CARTESIAN_POINT('',(4.09224137234,1.427545092048));
#5918 = CARTESIAN_POINT('',(4.090346243136,1.427950767473));
#5919 = ( GEOMETRIC_REPRESENTATION_CONTEXT(2) 
PARAMETRIC_REPRESENTATION_CONTEXT() REPRESENTATION_CONTEXT('2D SPACE',''
  ) );
#5920 = ORIENTED_EDGE('',*,*,#5496,.F.);
#5921 = ORIENTED_EDGE('',*,*,#4251,.F.);
#5922 = ADVANCED_FACE('',(#5923),#4617,.F.);
#5923 = FACE_BOUND('',#5924,.F.);
#5924 = EDGE_LOOP('',(#5925,#5949,#5950,#5951,#5952,#5953,#5954,#5955,
    #5956));
#5925 = ORIENTED_EDGE('',*,*,#5926,.T.);
#5926 = EDGE_CURVE('',#5016,#5927,#5929,.T.);
#5927 = VERTEX_POINT('',#5928);
#5928 = CARTESIAN_POINT('',(0.,0.,21.4));
#5929 = SEAM_CURVE('',#5930,(#5935,#5942),.PCURVE_S1.);
#5930 = CIRCLE('',#5931,100.);
#5931 = AXIS2_PLACEMENT_3D('',#5932,#5933,#5934);
#5932 = CARTESIAN_POINT('',(0.,0.,-78.6));
#5933 = DIRECTION('',(-2.449293598295E-16,-1.,0.));
#5934 = DIRECTION('',(1.,-2.449293598295E-16,0.));
#5935 = PCURVE('',#4617,#5936);
#5936 = DEFINITIONAL_REPRESENTATION('',(#5937),#5941);
#5937 = LINE('',#5938,#5939);
#5938 = CARTESIAN_POINT('',(6.28318530718,-4.138911435803E-13));
#5939 = VECTOR('',#5940,1.);
#5940 = DIRECTION('',(0.,1.));
#5941 = ( GEOMETRIC_REPRESENTATION_CONTEXT(2) 
PARAMETRIC_REPRESENTATION_CONTEXT() REPRESENTATION_CONTEXT('2D SPACE',''
  ) );
#5942 = PCURVE('',#4617,#5943);
#5943 = DEFINITIONAL_REPRESENTATION('',(#5944),#5948);
#5944 = LINE('',#5945,#5946);
#5945 = CARTESIAN_POINT('',(4.138911435803E-13,-4.138911435803E-13));
#5946 = VECTOR('',#5947,1.);
#5947 = DIRECTION('',(0.,1.));
#5948 = ( GEOMETRIC_REPRESENTATION_CONTEXT(2) 
PARAMETRIC_REPRESENTATION_CONTEXT() REPRESENTATION_CONTEXT('2D SPACE',''
  ) );
#5949 = ORIENTED_EDGE('',*,*,#5926,.F.);
#5950 = ORIENTED_EDGE('',*,*,#5199,.F.);
#5951 = ORIENTED_EDGE('',*,*,#5332,.F.);
#5952 = ORIENTED_EDGE('',*,*,#5517,.F.);
#5953 = ORIENTED_EDGE('',*,*,#5736,.F.);
#5954 = ORIENTED_EDGE('',*,*,#4577,.F.);
#5955 = ORIENTED_EDGE('',*,*,#4905,.F.);
#5956 = ORIENTED_EDGE('',*,*,#5036,.F.);
#5957 = ( GEOMETRIC_REPRESENTATION_CONTEXT(3) 
GLOBAL_UNCERTAINTY_ASSIGNED_CONTEXT((#5961)) 
GLOBAL_UNIT_ASSIGNED_CONTEXT((#5958,#5959,#5960)) REPRESENTATION_CONTEXT
('Context #1','3D Context with UNIT and UNCERTAINTY') );
#5958 = ( LENGTH_UNIT() NAMED_UNIT(*) SI_UNIT(.MILLI.,.METRE.) );
#5959 = ( NAMED_UNIT(*) PLANE_ANGLE_UNIT() SI_UNIT($,.RADIAN.) );
#5960 = ( NAMED_UNIT(*) SI_UNIT($,.STERADIAN.) SOLID_ANGLE_UNIT() );
#5961 = UNCERTAINTY_MEASURE_WITH_UNIT(LENGTH_MEASURE(1.E-06),#5958,
  'distance_accuracy_value','confusion accuracy');
#5962 = PRODUCT_RELATED_PRODUCT_CATEGORY('part',$,(#7));
ENDSEC;
END-ISO-10303-21;
